2026-03-16 15:48:53,838 INFO  Logger.cs: 70 - 
--------------------------------------------------------------------------------
2026-03-16 15:48:53,852 INFO  Logger.cs: 71 - Logging commencing for SW2URDF exporter
2026-03-16 15:48:53,853 INFO  Logger.cs: 73 - Commit version 1.6.0-4-g7f85cfe
2026-03-16 15:48:53,853 INFO  Logger.cs: 74 - Build version 1.6.7995.38578
2026-03-16 15:48:53,862 INFO  SwAddin.cs: 192 - Attempting to connect to SW
2026-03-16 15:48:53,863 INFO  SwAddin.cs: 197 - Setting up callbacks
2026-03-16 15:48:53,864 INFO  SwAddin.cs: 201 - Setting up command manager
2026-03-16 15:48:53,864 INFO  SwAddin.cs: 204 - Adding command manager
2026-03-16 15:48:53,866 INFO  SwAddin.cs: 263 - Adding Assembly export to file menu
2026-03-16 15:48:53,866 INFO  SwAddin.cs: 272 - Adding Part export to file menu
2026-03-16 15:48:53,866 INFO  SwAddin.cs: 210 - Adding event handlers
2026-03-16 15:48:53,889 INFO  SwAddin.cs: 217 - Connecting plugin to SolidWorks
2026-03-16 15:49:35,349 INFO  SwAddin.cs: 294 - Assembly export called for file KKCTPM3F20E_20平动三指手(空壳模型).SLDASM
2026-03-16 15:49:35,352 INFO  SwAddin.cs: 299 - Save is required
2026-03-16 15:49:35,353 INFO  SwAddin.cs: 313 - Saving assembly
2026-03-16 15:49:37,068 INFO  SwAddin.cs: 316 - Opening property manager
2026-03-16 15:49:37,077 INFO  ExportHelperExtension.cs: 1125 - Retrieving features of type [CoordSys] from KKCTPM3F20E_20平动三指手(空壳模型).SLDASM
2026-03-16 15:49:37,080 INFO  ExportHelperExtension.cs: 1136 - Found 72 in KKCTPM3F20E_20平动三指手(空壳模型).SLDASM
2026-03-16 15:49:37,081 INFO  ExportHelperExtension.cs: 1145 - Found 0 features of type [CoordSys] in KKCTPM3F20E_20平动三指手(空壳模型).SLDASM
2026-03-16 15:49:37,081 INFO  ExportHelperExtension.cs: 1148 - Proceeding through assembly components
2026-03-16 15:49:37,082 INFO  ExportHelperExtension.cs: 1160 - 18 components to check
2026-03-16 15:49:37,082 INFO  ExportHelperExtension.cs: 1125 - Retrieving features of type [CoordSys] from KKCTPM3F20.02_直线导轨组件-14
2026-03-16 15:49:37,083 INFO  ExportHelperExtension.cs: 1136 - Found 50 in KKCTPM3F20.02_直线导轨组件-14
2026-03-16 15:49:37,083 INFO  ExportHelperExtension.cs: 1145 - Found 0 features of type [CoordSys] in KKCTPM3F20.02_直线导轨组件-14
2026-03-16 15:49:37,083 INFO  ExportHelperExtension.cs: 1125 - Retrieving features of type [CoordSys] from KKCTPM3F20.02_直线导轨组件-15
2026-03-16 15:49:37,084 INFO  ExportHelperExtension.cs: 1136 - Found 50 in KKCTPM3F20.02_直线导轨组件-15
2026-03-16 15:49:37,084 INFO  ExportHelperExtension.cs: 1145 - Found 0 features of type [CoordSys] in KKCTPM3F20.02_直线导轨组件-15
2026-03-16 15:49:37,084 INFO  ExportHelperExtension.cs: 1125 - Retrieving features of type [CoordSys] from KKGBT70.1 M4X16_内六角圆柱头螺钉 M4X16-11
2026-03-16 15:49:37,084 INFO  ExportHelperExtension.cs: 1136 - Found 27 in KKGBT70.1 M4X16_内六角圆柱头螺钉 M4X16-11
2026-03-16 15:49:37,085 INFO  ExportHelperExtension.cs: 1145 - Found 0 features of type [CoordSys] in KKGBT70.1 M4X16_内六角圆柱头螺钉 M4X16-11
2026-03-16 15:49:37,085 INFO  ExportHelperExtension.cs: 1125 - Retrieving features of type [CoordSys] from KKGBT70.1 M4X16_内六角圆柱头螺钉 M4X16-7
2026-03-16 15:49:37,085 INFO  ExportHelperExtension.cs: 1136 - Found 27 in KKGBT70.1 M4X16_内六角圆柱头螺钉 M4X16-7
2026-03-16 15:49:37,085 INFO  ExportHelperExtension.cs: 1145 - Found 0 features of type [CoordSys] in KKGBT70.1 M4X16_内六角圆柱头螺钉 M4X16-7
2026-03-16 15:49:37,086 INFO  ExportHelperExtension.cs: 1125 - Retrieving features of type [CoordSys] from KKGBT70.1 M4X16_内六角圆柱头螺钉 M4X16-8
2026-03-16 15:49:37,086 INFO  ExportHelperExtension.cs: 1136 - Found 27 in KKGBT70.1 M4X16_内六角圆柱头螺钉 M4X16-8
2026-03-16 15:49:37,086 INFO  ExportHelperExtension.cs: 1145 - Found 0 features of type [CoordSys] in KKGBT70.1 M4X16_内六角圆柱头螺钉 M4X16-8
2026-03-16 15:49:37,087 INFO  ExportHelperExtension.cs: 1125 - Retrieving features of type [CoordSys] from KKGBT70.1 M4X16_内六角圆柱头螺钉 M4X16-10
2026-03-16 15:49:37,087 INFO  ExportHelperExtension.cs: 1136 - Found 27 in KKGBT70.1 M4X16_内六角圆柱头螺钉 M4X16-10
2026-03-16 15:49:37,087 INFO  ExportHelperExtension.cs: 1145 - Found 0 features of type [CoordSys] in KKGBT70.1 M4X16_内六角圆柱头螺钉 M4X16-10
2026-03-16 15:49:37,087 INFO  ExportHelperExtension.cs: 1125 - Retrieving features of type [CoordSys] from KKGBT70.1 M4X16_内六角圆柱头螺钉 M4X16-9
2026-03-16 15:49:37,088 INFO  ExportHelperExtension.cs: 1136 - Found 27 in KKGBT70.1 M4X16_内六角圆柱头螺钉 M4X16-9
2026-03-16 15:49:37,088 INFO  ExportHelperExtension.cs: 1145 - Found 0 features of type [CoordSys] in KKGBT70.1 M4X16_内六角圆柱头螺钉 M4X16-9
2026-03-16 15:49:37,088 INFO  ExportHelperExtension.cs: 1125 - Retrieving features of type [CoordSys] from KKCTPM3F20.01.15_连接法兰-1
2026-03-16 15:49:37,089 INFO  ExportHelperExtension.cs: 1136 - Found 109 in KKCTPM3F20.01.15_连接法兰-1
2026-03-16 15:49:37,089 INFO  ExportHelperExtension.cs: 1145 - Found 0 features of type [CoordSys] in KKCTPM3F20.01.15_连接法兰-1
2026-03-16 15:49:37,089 INFO  ExportHelperExtension.cs: 1125 - Retrieving features of type [CoordSys] from KKCTPM3F20.01.07_盖板-2
2026-03-16 15:49:37,090 INFO  ExportHelperExtension.cs: 1136 - Found 50 in KKCTPM3F20.01.07_盖板-2
2026-03-16 15:49:37,090 INFO  ExportHelperExtension.cs: 1145 - Found 0 features of type [CoordSys] in KKCTPM3F20.01.07_盖板-2
2026-03-16 15:49:37,090 INFO  ExportHelperExtension.cs: 1125 - Retrieving features of type [CoordSys] from KKGBT70.1 M4X16_内六角圆柱头螺钉 M4X16-1
2026-03-16 15:49:37,090 INFO  ExportHelperExtension.cs: 1136 - Found 27 in KKGBT70.1 M4X16_内六角圆柱头螺钉 M4X16-1
2026-03-16 15:49:37,092 INFO  ExportHelperExtension.cs: 1145 - Found 0 features of type [CoordSys] in KKGBT70.1 M4X16_内六角圆柱头螺钉 M4X16-1
2026-03-16 15:49:37,092 INFO  ExportHelperExtension.cs: 1125 - Retrieving features of type [CoordSys] from KKCTPM3F20.02_直线导轨组件-11
2026-03-16 15:49:37,092 INFO  ExportHelperExtension.cs: 1136 - Found 50 in KKCTPM3F20.02_直线导轨组件-11
2026-03-16 15:49:37,093 INFO  ExportHelperExtension.cs: 1145 - Found 0 features of type [CoordSys] in KKCTPM3F20.02_直线导轨组件-11
2026-03-16 15:49:37,093 INFO  ExportHelperExtension.cs: 1125 - Retrieving features of type [CoordSys] from KKCTPM3F20.01.05_电机安装板-3
2026-03-16 15:49:37,093 INFO  ExportHelperExtension.cs: 1136 - Found 44 in KKCTPM3F20.01.05_电机安装板-3
2026-03-16 15:49:37,093 INFO  ExportHelperExtension.cs: 1145 - Found 0 features of type [CoordSys] in KKCTPM3F20.01.05_电机安装板-3
2026-03-16 15:49:37,094 INFO  ExportHelperExtension.cs: 1125 - Retrieving features of type [CoordSys] from KKCTPM3F20.01.03_外壳-3
2026-03-16 15:49:37,094 INFO  ExportHelperExtension.cs: 1136 - Found 117 in KKCTPM3F20.01.03_外壳-3
2026-03-16 15:49:37,095 INFO  ExportHelperExtension.cs: 1145 - Found 0 features of type [CoordSys] in KKCTPM3F20.01.03_外壳-3
2026-03-16 15:49:37,095 INFO  ExportHelperExtension.cs: 1125 - Retrieving features of type [RefAxis] from KKCTPM3F20E_20平动三指手(空壳模型).SLDASM
2026-03-16 15:49:37,095 INFO  ExportHelperExtension.cs: 1136 - Found 72 in KKCTPM3F20E_20平动三指手(空壳模型).SLDASM
2026-03-16 15:49:37,095 INFO  ExportHelperExtension.cs: 1145 - Found 0 features of type [RefAxis] in KKCTPM3F20E_20平动三指手(空壳模型).SLDASM
2026-03-16 15:49:37,096 INFO  ExportHelperExtension.cs: 1148 - Proceeding through assembly components
2026-03-16 15:49:37,096 INFO  ExportHelperExtension.cs: 1160 - 18 components to check
2026-03-16 15:49:37,096 INFO  ExportHelperExtension.cs: 1125 - Retrieving features of type [RefAxis] from KKCTPM3F20.02_直线导轨组件-14
2026-03-16 15:49:37,096 INFO  ExportHelperExtension.cs: 1136 - Found 50 in KKCTPM3F20.02_直线导轨组件-14
2026-03-16 15:49:37,096 INFO  ExportHelperExtension.cs: 1145 - Found 0 features of type [RefAxis] in KKCTPM3F20.02_直线导轨组件-14
2026-03-16 15:49:37,097 INFO  ExportHelperExtension.cs: 1125 - Retrieving features of type [RefAxis] from KKCTPM3F20.02_直线导轨组件-15
2026-03-16 15:49:37,097 INFO  ExportHelperExtension.cs: 1136 - Found 50 in KKCTPM3F20.02_直线导轨组件-15
2026-03-16 15:49:37,097 INFO  ExportHelperExtension.cs: 1145 - Found 0 features of type [RefAxis] in KKCTPM3F20.02_直线导轨组件-15
2026-03-16 15:49:37,097 INFO  ExportHelperExtension.cs: 1125 - Retrieving features of type [RefAxis] from KKGBT70.1 M4X16_内六角圆柱头螺钉 M4X16-11
2026-03-16 15:49:37,098 INFO  ExportHelperExtension.cs: 1136 - Found 27 in KKGBT70.1 M4X16_内六角圆柱头螺钉 M4X16-11
2026-03-16 15:49:37,098 INFO  ExportHelperExtension.cs: 1145 - Found 0 features of type [RefAxis] in KKGBT70.1 M4X16_内六角圆柱头螺钉 M4X16-11
2026-03-16 15:49:37,099 INFO  ExportHelperExtension.cs: 1125 - Retrieving features of type [RefAxis] from KKGBT70.1 M4X16_内六角圆柱头螺钉 M4X16-7
2026-03-16 15:49:37,099 INFO  ExportHelperExtension.cs: 1136 - Found 27 in KKGBT70.1 M4X16_内六角圆柱头螺钉 M4X16-7
2026-03-16 15:49:37,099 INFO  ExportHelperExtension.cs: 1145 - Found 0 features of type [RefAxis] in KKGBT70.1 M4X16_内六角圆柱头螺钉 M4X16-7
2026-03-16 15:49:37,099 INFO  ExportHelperExtension.cs: 1125 - Retrieving features of type [RefAxis] from KKGBT70.1 M4X16_内六角圆柱头螺钉 M4X16-8
2026-03-16 15:49:37,099 INFO  ExportHelperExtension.cs: 1136 - Found 27 in KKGBT70.1 M4X16_内六角圆柱头螺钉 M4X16-8
2026-03-16 15:49:37,099 INFO  ExportHelperExtension.cs: 1145 - Found 0 features of type [RefAxis] in KKGBT70.1 M4X16_内六角圆柱头螺钉 M4X16-8
2026-03-16 15:49:37,100 INFO  ExportHelperExtension.cs: 1125 - Retrieving features of type [RefAxis] from KKGBT70.1 M4X16_内六角圆柱头螺钉 M4X16-10
2026-03-16 15:49:37,100 INFO  ExportHelperExtension.cs: 1136 - Found 27 in KKGBT70.1 M4X16_内六角圆柱头螺钉 M4X16-10
2026-03-16 15:49:37,100 INFO  ExportHelperExtension.cs: 1145 - Found 0 features of type [RefAxis] in KKGBT70.1 M4X16_内六角圆柱头螺钉 M4X16-10
2026-03-16 15:49:37,100 INFO  ExportHelperExtension.cs: 1125 - Retrieving features of type [RefAxis] from KKGBT70.1 M4X16_内六角圆柱头螺钉 M4X16-9
2026-03-16 15:49:37,118 INFO  ExportHelperExtension.cs: 1136 - Found 27 in KKGBT70.1 M4X16_内六角圆柱头螺钉 M4X16-9
2026-03-16 15:49:37,118 INFO  ExportHelperExtension.cs: 1145 - Found 0 features of type [RefAxis] in KKGBT70.1 M4X16_内六角圆柱头螺钉 M4X16-9
2026-03-16 15:49:37,118 INFO  ExportHelperExtension.cs: 1125 - Retrieving features of type [RefAxis] from KKCTPM3F20.01.15_连接法兰-1
2026-03-16 15:49:37,119 INFO  ExportHelperExtension.cs: 1136 - Found 109 in KKCTPM3F20.01.15_连接法兰-1
2026-03-16 15:49:37,119 INFO  ExportHelperExtension.cs: 1145 - Found 1 features of type [RefAxis] in KKCTPM3F20.01.15_连接法兰-1
2026-03-16 15:49:37,119 INFO  ExportHelperExtension.cs: 1125 - Retrieving features of type [RefAxis] from KKCTPM3F20.01.07_盖板-2
2026-03-16 15:49:37,120 INFO  ExportHelperExtension.cs: 1136 - Found 50 in KKCTPM3F20.01.07_盖板-2
2026-03-16 15:49:37,120 INFO  ExportHelperExtension.cs: 1145 - Found 0 features of type [RefAxis] in KKCTPM3F20.01.07_盖板-2
2026-03-16 15:49:37,120 INFO  ExportHelperExtension.cs: 1125 - Retrieving features of type [RefAxis] from KKGBT70.1 M4X16_内六角圆柱头螺钉 M4X16-1
2026-03-16 15:49:37,121 INFO  ExportHelperExtension.cs: 1136 - Found 27 in KKGBT70.1 M4X16_内六角圆柱头螺钉 M4X16-1
2026-03-16 15:49:37,121 INFO  ExportHelperExtension.cs: 1145 - Found 0 features of type [RefAxis] in KKGBT70.1 M4X16_内六角圆柱头螺钉 M4X16-1
2026-03-16 15:49:37,121 INFO  ExportHelperExtension.cs: 1125 - Retrieving features of type [RefAxis] from KKCTPM3F20.02_直线导轨组件-11
2026-03-16 15:49:37,121 INFO  ExportHelperExtension.cs: 1136 - Found 50 in KKCTPM3F20.02_直线导轨组件-11
2026-03-16 15:49:37,122 INFO  ExportHelperExtension.cs: 1145 - Found 0 features of type [RefAxis] in KKCTPM3F20.02_直线导轨组件-11
2026-03-16 15:49:37,122 INFO  ExportHelperExtension.cs: 1125 - Retrieving features of type [RefAxis] from KKCTPM3F20.01.05_电机安装板-3
2026-03-16 15:49:37,122 INFO  ExportHelperExtension.cs: 1136 - Found 44 in KKCTPM3F20.01.05_电机安装板-3
2026-03-16 15:49:37,122 INFO  ExportHelperExtension.cs: 1145 - Found 0 features of type [RefAxis] in KKCTPM3F20.01.05_电机安装板-3
2026-03-16 15:49:37,123 INFO  ExportHelperExtension.cs: 1125 - Retrieving features of type [RefAxis] from KKCTPM3F20.01.03_外壳-3
2026-03-16 15:49:37,123 INFO  ExportHelperExtension.cs: 1136 - Found 117 in KKCTPM3F20.01.03_外壳-3
2026-03-16 15:49:37,124 INFO  ExportHelperExtension.cs: 1145 - Found 1 features of type [RefAxis] in KKCTPM3F20.01.03_外壳-3
2026-03-16 15:49:37,465 INFO  SwAddin.cs: 339 - Loading config tree
2026-03-16 15:49:37,467 INFO  ExportPropertyManagerExtension.cs: 520 - Starting new configuration
2026-03-16 15:49:37,470 INFO  SwAddin.cs: 344 - Showing property manager
2026-03-16 15:50:07,692 INFO  ExportPropertyManager.cs: 416 - Configuration canceled
2026-03-16 15:50:07,758 INFO  ExportPropertyManager.cs: 1142 - AfterClose called. This method no longer throws an Exception. It just silently does nothing. Ok, except for this logging message
2026-03-16 15:58:58,104 INFO  SwAddin.cs: 294 - Assembly export called for file KKCTPM3F20E_20平动三指手(空壳模型).SLDASM
2026-03-16 15:58:59,813 INFO  SwAddin.cs: 313 - Saving assembly
2026-03-16 15:58:59,991 INFO  SwAddin.cs: 316 - Opening property manager
2026-03-16 15:58:59,993 INFO  ExportHelperExtension.cs: 1125 - Retrieving features of type [CoordSys] from KKCTPM3F20E_20平动三指手(空壳模型).SLDASM
2026-03-16 15:58:59,994 INFO  ExportHelperExtension.cs: 1136 - Found 86 in KKCTPM3F20E_20平动三指手(空壳模型).SLDASM
2026-03-16 15:58:59,994 INFO  ExportHelperExtension.cs: 1145 - Found 4 features of type [CoordSys] in KKCTPM3F20E_20平动三指手(空壳模型).SLDASM
2026-03-16 15:58:59,995 INFO  ExportHelperExtension.cs: 1148 - Proceeding through assembly components
2026-03-16 15:58:59,995 INFO  ExportHelperExtension.cs: 1160 - 18 components to check
2026-03-16 15:58:59,995 INFO  ExportHelperExtension.cs: 1125 - Retrieving features of type [CoordSys] from KKCTPM3F20.02_直线导轨组件-14
2026-03-16 15:58:59,996 INFO  ExportHelperExtension.cs: 1136 - Found 50 in KKCTPM3F20.02_直线导轨组件-14
2026-03-16 15:58:59,996 INFO  ExportHelperExtension.cs: 1145 - Found 0 features of type [CoordSys] in KKCTPM3F20.02_直线导轨组件-14
2026-03-16 15:58:59,996 INFO  ExportHelperExtension.cs: 1125 - Retrieving features of type [CoordSys] from KKCTPM3F20.02_直线导轨组件-15
2026-03-16 15:58:59,997 INFO  ExportHelperExtension.cs: 1136 - Found 50 in KKCTPM3F20.02_直线导轨组件-15
2026-03-16 15:58:59,997 INFO  ExportHelperExtension.cs: 1145 - Found 0 features of type [CoordSys] in KKCTPM3F20.02_直线导轨组件-15
2026-03-16 15:58:59,997 INFO  ExportHelperExtension.cs: 1125 - Retrieving features of type [CoordSys] from KKGBT70.1 M4X16_内六角圆柱头螺钉 M4X16-11
2026-03-16 15:58:59,997 INFO  ExportHelperExtension.cs: 1136 - Found 27 in KKGBT70.1 M4X16_内六角圆柱头螺钉 M4X16-11
2026-03-16 15:58:59,998 INFO  ExportHelperExtension.cs: 1145 - Found 0 features of type [CoordSys] in KKGBT70.1 M4X16_内六角圆柱头螺钉 M4X16-11
2026-03-16 15:58:59,998 INFO  ExportHelperExtension.cs: 1125 - Retrieving features of type [CoordSys] from KKGBT70.1 M4X16_内六角圆柱头螺钉 M4X16-7
2026-03-16 15:58:59,998 INFO  ExportHelperExtension.cs: 1136 - Found 27 in KKGBT70.1 M4X16_内六角圆柱头螺钉 M4X16-7
2026-03-16 15:58:59,998 INFO  ExportHelperExtension.cs: 1145 - Found 0 features of type [CoordSys] in KKGBT70.1 M4X16_内六角圆柱头螺钉 M4X16-7
2026-03-16 15:58:59,999 INFO  ExportHelperExtension.cs: 1125 - Retrieving features of type [CoordSys] from KKGBT70.1 M4X16_内六角圆柱头螺钉 M4X16-8
2026-03-16 15:58:59,999 INFO  ExportHelperExtension.cs: 1136 - Found 27 in KKGBT70.1 M4X16_内六角圆柱头螺钉 M4X16-8
2026-03-16 15:58:59,999 INFO  ExportHelperExtension.cs: 1145 - Found 0 features of type [CoordSys] in KKGBT70.1 M4X16_内六角圆柱头螺钉 M4X16-8
2026-03-16 15:58:59,999 INFO  ExportHelperExtension.cs: 1125 - Retrieving features of type [CoordSys] from KKGBT70.1 M4X16_内六角圆柱头螺钉 M4X16-10
2026-03-16 15:58:59,999 INFO  ExportHelperExtension.cs: 1136 - Found 27 in KKGBT70.1 M4X16_内六角圆柱头螺钉 M4X16-10
2026-03-16 15:59:00,000 INFO  ExportHelperExtension.cs: 1145 - Found 0 features of type [CoordSys] in KKGBT70.1 M4X16_内六角圆柱头螺钉 M4X16-10
2026-03-16 15:59:00,000 INFO  ExportHelperExtension.cs: 1125 - Retrieving features of type [CoordSys] from KKGBT70.1 M4X16_内六角圆柱头螺钉 M4X16-9
2026-03-16 15:59:00,000 INFO  ExportHelperExtension.cs: 1136 - Found 27 in KKGBT70.1 M4X16_内六角圆柱头螺钉 M4X16-9
2026-03-16 15:59:00,000 INFO  ExportHelperExtension.cs: 1145 - Found 0 features of type [CoordSys] in KKGBT70.1 M4X16_内六角圆柱头螺钉 M4X16-9
2026-03-16 15:59:00,001 INFO  ExportHelperExtension.cs: 1125 - Retrieving features of type [CoordSys] from KKCTPM3F20.01.15_连接法兰-1
2026-03-16 15:59:00,001 INFO  ExportHelperExtension.cs: 1136 - Found 109 in KKCTPM3F20.01.15_连接法兰-1
2026-03-16 15:59:00,001 INFO  ExportHelperExtension.cs: 1145 - Found 0 features of type [CoordSys] in KKCTPM3F20.01.15_连接法兰-1
2026-03-16 15:59:00,002 INFO  ExportHelperExtension.cs: 1125 - Retrieving features of type [CoordSys] from KKCTPM3F20.01.07_盖板-2
2026-03-16 15:59:00,002 INFO  ExportHelperExtension.cs: 1136 - Found 50 in KKCTPM3F20.01.07_盖板-2
2026-03-16 15:59:00,002 INFO  ExportHelperExtension.cs: 1145 - Found 0 features of type [CoordSys] in KKCTPM3F20.01.07_盖板-2
2026-03-16 15:59:00,003 INFO  ExportHelperExtension.cs: 1125 - Retrieving features of type [CoordSys] from KKGBT70.1 M4X16_内六角圆柱头螺钉 M4X16-1
2026-03-16 15:59:00,003 INFO  ExportHelperExtension.cs: 1136 - Found 27 in KKGBT70.1 M4X16_内六角圆柱头螺钉 M4X16-1
2026-03-16 15:59:00,003 INFO  ExportHelperExtension.cs: 1145 - Found 0 features of type [CoordSys] in KKGBT70.1 M4X16_内六角圆柱头螺钉 M4X16-1
2026-03-16 15:59:00,003 INFO  ExportHelperExtension.cs: 1125 - Retrieving features of type [CoordSys] from KKCTPM3F20.02_直线导轨组件-11
2026-03-16 15:59:00,004 INFO  ExportHelperExtension.cs: 1136 - Found 50 in KKCTPM3F20.02_直线导轨组件-11
2026-03-16 15:59:00,004 INFO  ExportHelperExtension.cs: 1145 - Found 0 features of type [CoordSys] in KKCTPM3F20.02_直线导轨组件-11
2026-03-16 15:59:00,004 INFO  ExportHelperExtension.cs: 1125 - Retrieving features of type [CoordSys] from KKCTPM3F20.01.05_电机安装板-3
2026-03-16 15:59:00,004 INFO  ExportHelperExtension.cs: 1136 - Found 44 in KKCTPM3F20.01.05_电机安装板-3
2026-03-16 15:59:00,005 INFO  ExportHelperExtension.cs: 1145 - Found 0 features of type [CoordSys] in KKCTPM3F20.01.05_电机安装板-3
2026-03-16 15:59:00,005 INFO  ExportHelperExtension.cs: 1125 - Retrieving features of type [CoordSys] from KKCTPM3F20.01.03_外壳-3
2026-03-16 15:59:00,005 INFO  ExportHelperExtension.cs: 1136 - Found 117 in KKCTPM3F20.01.03_外壳-3
2026-03-16 15:59:00,006 INFO  ExportHelperExtension.cs: 1145 - Found 0 features of type [CoordSys] in KKCTPM3F20.01.03_外壳-3
2026-03-16 15:59:00,006 INFO  ExportHelperExtension.cs: 1125 - Retrieving features of type [RefAxis] from KKCTPM3F20E_20平动三指手(空壳模型).SLDASM
2026-03-16 15:59:00,007 INFO  ExportHelperExtension.cs: 1136 - Found 86 in KKCTPM3F20E_20平动三指手(空壳模型).SLDASM
2026-03-16 15:59:00,007 INFO  ExportHelperExtension.cs: 1145 - Found 3 features of type [RefAxis] in KKCTPM3F20E_20平动三指手(空壳模型).SLDASM
2026-03-16 15:59:00,007 INFO  ExportHelperExtension.cs: 1148 - Proceeding through assembly components
2026-03-16 15:59:00,008 INFO  ExportHelperExtension.cs: 1160 - 18 components to check
2026-03-16 15:59:00,008 INFO  ExportHelperExtension.cs: 1125 - Retrieving features of type [RefAxis] from KKCTPM3F20.02_直线导轨组件-14
2026-03-16 15:59:00,008 INFO  ExportHelperExtension.cs: 1136 - Found 50 in KKCTPM3F20.02_直线导轨组件-14
2026-03-16 15:59:00,010 INFO  ExportHelperExtension.cs: 1145 - Found 0 features of type [RefAxis] in KKCTPM3F20.02_直线导轨组件-14
2026-03-16 15:59:00,010 INFO  ExportHelperExtension.cs: 1125 - Retrieving features of type [RefAxis] from KKCTPM3F20.02_直线导轨组件-15
2026-03-16 15:59:00,010 INFO  ExportHelperExtension.cs: 1136 - Found 50 in KKCTPM3F20.02_直线导轨组件-15
2026-03-16 15:59:00,011 INFO  ExportHelperExtension.cs: 1145 - Found 0 features of type [RefAxis] in KKCTPM3F20.02_直线导轨组件-15
2026-03-16 15:59:00,011 INFO  ExportHelperExtension.cs: 1125 - Retrieving features of type [RefAxis] from KKGBT70.1 M4X16_内六角圆柱头螺钉 M4X16-11
2026-03-16 15:59:00,026 INFO  ExportHelperExtension.cs: 1136 - Found 27 in KKGBT70.1 M4X16_内六角圆柱头螺钉 M4X16-11
2026-03-16 15:59:00,026 INFO  ExportHelperExtension.cs: 1145 - Found 0 features of type [RefAxis] in KKGBT70.1 M4X16_内六角圆柱头螺钉 M4X16-11
2026-03-16 15:59:00,027 INFO  ExportHelperExtension.cs: 1125 - Retrieving features of type [RefAxis] from KKGBT70.1 M4X16_内六角圆柱头螺钉 M4X16-7
2026-03-16 15:59:00,027 INFO  ExportHelperExtension.cs: 1136 - Found 27 in KKGBT70.1 M4X16_内六角圆柱头螺钉 M4X16-7
2026-03-16 15:59:00,027 INFO  ExportHelperExtension.cs: 1145 - Found 0 features of type [RefAxis] in KKGBT70.1 M4X16_内六角圆柱头螺钉 M4X16-7
2026-03-16 15:59:00,027 INFO  ExportHelperExtension.cs: 1125 - Retrieving features of type [RefAxis] from KKGBT70.1 M4X16_内六角圆柱头螺钉 M4X16-8
2026-03-16 15:59:00,028 INFO  ExportHelperExtension.cs: 1136 - Found 27 in KKGBT70.1 M4X16_内六角圆柱头螺钉 M4X16-8
2026-03-16 15:59:00,029 INFO  ExportHelperExtension.cs: 1145 - Found 0 features of type [RefAxis] in KKGBT70.1 M4X16_内六角圆柱头螺钉 M4X16-8
2026-03-16 15:59:00,029 INFO  ExportHelperExtension.cs: 1125 - Retrieving features of type [RefAxis] from KKGBT70.1 M4X16_内六角圆柱头螺钉 M4X16-10
2026-03-16 15:59:00,029 INFO  ExportHelperExtension.cs: 1136 - Found 27 in KKGBT70.1 M4X16_内六角圆柱头螺钉 M4X16-10
2026-03-16 15:59:00,029 INFO  ExportHelperExtension.cs: 1145 - Found 0 features of type [RefAxis] in KKGBT70.1 M4X16_内六角圆柱头螺钉 M4X16-10
2026-03-16 15:59:00,030 INFO  ExportHelperExtension.cs: 1125 - Retrieving features of type [RefAxis] from KKGBT70.1 M4X16_内六角圆柱头螺钉 M4X16-9
2026-03-16 15:59:00,030 INFO  ExportHelperExtension.cs: 1136 - Found 27 in KKGBT70.1 M4X16_内六角圆柱头螺钉 M4X16-9
2026-03-16 15:59:00,030 INFO  ExportHelperExtension.cs: 1145 - Found 0 features of type [RefAxis] in KKGBT70.1 M4X16_内六角圆柱头螺钉 M4X16-9
2026-03-16 15:59:00,030 INFO  ExportHelperExtension.cs: 1125 - Retrieving features of type [RefAxis] from KKCTPM3F20.01.15_连接法兰-1
2026-03-16 15:59:00,030 INFO  ExportHelperExtension.cs: 1136 - Found 109 in KKCTPM3F20.01.15_连接法兰-1
2026-03-16 15:59:00,031 INFO  ExportHelperExtension.cs: 1145 - Found 1 features of type [RefAxis] in KKCTPM3F20.01.15_连接法兰-1
2026-03-16 15:59:00,031 INFO  ExportHelperExtension.cs: 1125 - Retrieving features of type [RefAxis] from KKCTPM3F20.01.07_盖板-2
2026-03-16 15:59:00,031 INFO  ExportHelperExtension.cs: 1136 - Found 50 in KKCTPM3F20.01.07_盖板-2
2026-03-16 15:59:00,032 INFO  ExportHelperExtension.cs: 1145 - Found 0 features of type [RefAxis] in KKCTPM3F20.01.07_盖板-2
2026-03-16 15:59:00,032 INFO  ExportHelperExtension.cs: 1125 - Retrieving features of type [RefAxis] from KKGBT70.1 M4X16_内六角圆柱头螺钉 M4X16-1
2026-03-16 15:59:00,032 INFO  ExportHelperExtension.cs: 1136 - Found 27 in KKGBT70.1 M4X16_内六角圆柱头螺钉 M4X16-1
2026-03-16 15:59:00,032 INFO  ExportHelperExtension.cs: 1145 - Found 0 features of type [RefAxis] in KKGBT70.1 M4X16_内六角圆柱头螺钉 M4X16-1
2026-03-16 15:59:00,033 INFO  ExportHelperExtension.cs: 1125 - Retrieving features of type [RefAxis] from KKCTPM3F20.02_直线导轨组件-11
2026-03-16 15:59:00,033 INFO  ExportHelperExtension.cs: 1136 - Found 50 in KKCTPM3F20.02_直线导轨组件-11
2026-03-16 15:59:00,034 INFO  ExportHelperExtension.cs: 1145 - Found 0 features of type [RefAxis] in KKCTPM3F20.02_直线导轨组件-11
2026-03-16 15:59:00,034 INFO  ExportHelperExtension.cs: 1125 - Retrieving features of type [RefAxis] from KKCTPM3F20.01.05_电机安装板-3
2026-03-16 15:59:00,034 INFO  ExportHelperExtension.cs: 1136 - Found 44 in KKCTPM3F20.01.05_电机安装板-3
2026-03-16 15:59:00,035 INFO  ExportHelperExtension.cs: 1145 - Found 0 features of type [RefAxis] in KKCTPM3F20.01.05_电机安装板-3
2026-03-16 15:59:00,035 INFO  ExportHelperExtension.cs: 1125 - Retrieving features of type [RefAxis] from KKCTPM3F20.01.03_外壳-3
2026-03-16 15:59:00,035 INFO  ExportHelperExtension.cs: 1136 - Found 117 in KKCTPM3F20.01.03_外壳-3
2026-03-16 15:59:00,036 INFO  ExportHelperExtension.cs: 1145 - Found 1 features of type [RefAxis] in KKCTPM3F20.01.03_外壳-3
2026-03-16 15:59:00,173 INFO  SwAddin.cs: 339 - Loading config tree
2026-03-16 15:59:00,174 INFO  ExportPropertyManagerExtension.cs: 520 - Starting new configuration
2026-03-16 15:59:00,176 INFO  SwAddin.cs: 344 - Showing property manager
2026-03-16 15:59:05,543 INFO  ExportPropertyManager.cs: 1018 - OnComboboxSelectionChanged called. This method no longer throws an Exception. It just silently does nothing. Ok, except for this logging message
2026-03-16 15:59:22,209 INFO  ExportPropertyManager.cs: 1142 - AfterClose called. This method no longer throws an Exception. It just silently does nothing. Ok, except for this logging message
2026-03-16 15:59:29,923 INFO  SwAddin.cs: 294 - Assembly export called for file KKCTPM3F20E_20平动三指手(空壳模型).SLDASM
2026-03-16 15:59:29,923 INFO  SwAddin.cs: 299 - Save is required
2026-03-16 15:59:29,923 INFO  SwAddin.cs: 313 - Saving assembly
2026-03-16 15:59:30,884 INFO  SwAddin.cs: 316 - Opening property manager
2026-03-16 15:59:30,900 INFO  ExportHelperExtension.cs: 1125 - Retrieving features of type [CoordSys] from KKCTPM3F20E_20平动三指手(空壳模型).SLDASM
2026-03-16 15:59:30,901 INFO  ExportHelperExtension.cs: 1136 - Found 86 in KKCTPM3F20E_20平动三指手(空壳模型).SLDASM
2026-03-16 15:59:30,901 INFO  ExportHelperExtension.cs: 1145 - Found 4 features of type [CoordSys] in KKCTPM3F20E_20平动三指手(空壳模型).SLDASM
2026-03-16 15:59:30,901 INFO  ExportHelperExtension.cs: 1148 - Proceeding through assembly components
2026-03-16 15:59:30,902 INFO  ExportHelperExtension.cs: 1160 - 18 components to check
2026-03-16 15:59:30,902 INFO  ExportHelperExtension.cs: 1125 - Retrieving features of type [CoordSys] from KKCTPM3F20.02_直线导轨组件-14
2026-03-16 15:59:30,902 INFO  ExportHelperExtension.cs: 1136 - Found 50 in KKCTPM3F20.02_直线导轨组件-14
2026-03-16 15:59:30,902 INFO  ExportHelperExtension.cs: 1145 - Found 0 features of type [CoordSys] in KKCTPM3F20.02_直线导轨组件-14
2026-03-16 15:59:30,903 INFO  ExportHelperExtension.cs: 1125 - Retrieving features of type [CoordSys] from KKCTPM3F20.02_直线导轨组件-15
2026-03-16 15:59:30,903 INFO  ExportHelperExtension.cs: 1136 - Found 50 in KKCTPM3F20.02_直线导轨组件-15
2026-03-16 15:59:30,903 INFO  ExportHelperExtension.cs: 1145 - Found 0 features of type [CoordSys] in KKCTPM3F20.02_直线导轨组件-15
2026-03-16 15:59:30,903 INFO  ExportHelperExtension.cs: 1125 - Retrieving features of type [CoordSys] from KKGBT70.1 M4X16_内六角圆柱头螺钉 M4X16-11
2026-03-16 15:59:30,904 INFO  ExportHelperExtension.cs: 1136 - Found 27 in KKGBT70.1 M4X16_内六角圆柱头螺钉 M4X16-11
2026-03-16 15:59:30,904 INFO  ExportHelperExtension.cs: 1145 - Found 0 features of type [CoordSys] in KKGBT70.1 M4X16_内六角圆柱头螺钉 M4X16-11
2026-03-16 15:59:30,905 INFO  ExportHelperExtension.cs: 1125 - Retrieving features of type [CoordSys] from KKGBT70.1 M4X16_内六角圆柱头螺钉 M4X16-7
2026-03-16 15:59:30,905 INFO  ExportHelperExtension.cs: 1136 - Found 27 in KKGBT70.1 M4X16_内六角圆柱头螺钉 M4X16-7
2026-03-16 15:59:30,905 INFO  ExportHelperExtension.cs: 1145 - Found 0 features of type [CoordSys] in KKGBT70.1 M4X16_内六角圆柱头螺钉 M4X16-7
2026-03-16 15:59:30,905 INFO  ExportHelperExtension.cs: 1125 - Retrieving features of type [CoordSys] from KKGBT70.1 M4X16_内六角圆柱头螺钉 M4X16-8
2026-03-16 15:59:30,905 INFO  ExportHelperExtension.cs: 1136 - Found 27 in KKGBT70.1 M4X16_内六角圆柱头螺钉 M4X16-8
2026-03-16 15:59:30,905 INFO  ExportHelperExtension.cs: 1145 - Found 0 features of type [CoordSys] in KKGBT70.1 M4X16_内六角圆柱头螺钉 M4X16-8
2026-03-16 15:59:30,905 INFO  ExportHelperExtension.cs: 1125 - Retrieving features of type [CoordSys] from KKGBT70.1 M4X16_内六角圆柱头螺钉 M4X16-10
2026-03-16 15:59:30,906 INFO  ExportHelperExtension.cs: 1136 - Found 27 in KKGBT70.1 M4X16_内六角圆柱头螺钉 M4X16-10
2026-03-16 15:59:30,906 INFO  ExportHelperExtension.cs: 1145 - Found 0 features of type [CoordSys] in KKGBT70.1 M4X16_内六角圆柱头螺钉 M4X16-10
2026-03-16 15:59:30,907 INFO  ExportHelperExtension.cs: 1125 - Retrieving features of type [CoordSys] from KKGBT70.1 M4X16_内六角圆柱头螺钉 M4X16-9
2026-03-16 15:59:30,907 INFO  ExportHelperExtension.cs: 1136 - Found 27 in KKGBT70.1 M4X16_内六角圆柱头螺钉 M4X16-9
2026-03-16 15:59:30,907 INFO  ExportHelperExtension.cs: 1145 - Found 0 features of type [CoordSys] in KKGBT70.1 M4X16_内六角圆柱头螺钉 M4X16-9
2026-03-16 15:59:30,908 INFO  ExportHelperExtension.cs: 1125 - Retrieving features of type [CoordSys] from KKCTPM3F20.01.15_连接法兰-1
2026-03-16 15:59:30,908 INFO  ExportHelperExtension.cs: 1136 - Found 109 in KKCTPM3F20.01.15_连接法兰-1
2026-03-16 15:59:30,908 INFO  ExportHelperExtension.cs: 1145 - Found 0 features of type [CoordSys] in KKCTPM3F20.01.15_连接法兰-1
2026-03-16 15:59:30,909 INFO  ExportHelperExtension.cs: 1125 - Retrieving features of type [CoordSys] from KKCTPM3F20.01.07_盖板-2
2026-03-16 15:59:30,909 INFO  ExportHelperExtension.cs: 1136 - Found 50 in KKCTPM3F20.01.07_盖板-2
2026-03-16 15:59:30,909 INFO  ExportHelperExtension.cs: 1145 - Found 0 features of type [CoordSys] in KKCTPM3F20.01.07_盖板-2
2026-03-16 15:59:30,909 INFO  ExportHelperExtension.cs: 1125 - Retrieving features of type [CoordSys] from KKGBT70.1 M4X16_内六角圆柱头螺钉 M4X16-1
2026-03-16 15:59:30,909 INFO  ExportHelperExtension.cs: 1136 - Found 27 in KKGBT70.1 M4X16_内六角圆柱头螺钉 M4X16-1
2026-03-16 15:59:30,910 INFO  ExportHelperExtension.cs: 1145 - Found 0 features of type [CoordSys] in KKGBT70.1 M4X16_内六角圆柱头螺钉 M4X16-1
2026-03-16 15:59:30,910 INFO  ExportHelperExtension.cs: 1125 - Retrieving features of type [CoordSys] from KKCTPM3F20.02_直线导轨组件-11
2026-03-16 15:59:30,911 INFO  ExportHelperExtension.cs: 1136 - Found 50 in KKCTPM3F20.02_直线导轨组件-11
2026-03-16 15:59:30,911 INFO  ExportHelperExtension.cs: 1145 - Found 0 features of type [CoordSys] in KKCTPM3F20.02_直线导轨组件-11
2026-03-16 15:59:30,911 INFO  ExportHelperExtension.cs: 1125 - Retrieving features of type [CoordSys] from KKCTPM3F20.01.05_电机安装板-3
2026-03-16 15:59:30,911 INFO  ExportHelperExtension.cs: 1136 - Found 44 in KKCTPM3F20.01.05_电机安装板-3
2026-03-16 15:59:30,912 INFO  ExportHelperExtension.cs: 1145 - Found 0 features of type [CoordSys] in KKCTPM3F20.01.05_电机安装板-3
2026-03-16 15:59:30,912 INFO  ExportHelperExtension.cs: 1125 - Retrieving features of type [CoordSys] from KKCTPM3F20.01.03_外壳-3
2026-03-16 15:59:30,912 INFO  ExportHelperExtension.cs: 1136 - Found 117 in KKCTPM3F20.01.03_外壳-3
2026-03-16 15:59:30,913 INFO  ExportHelperExtension.cs: 1145 - Found 0 features of type [CoordSys] in KKCTPM3F20.01.03_外壳-3
2026-03-16 15:59:30,913 INFO  ExportHelperExtension.cs: 1125 - Retrieving features of type [RefAxis] from KKCTPM3F20E_20平动三指手(空壳模型).SLDASM
2026-03-16 15:59:30,913 INFO  ExportHelperExtension.cs: 1136 - Found 86 in KKCTPM3F20E_20平动三指手(空壳模型).SLDASM
2026-03-16 15:59:30,913 INFO  ExportHelperExtension.cs: 1145 - Found 3 features of type [RefAxis] in KKCTPM3F20E_20平动三指手(空壳模型).SLDASM
2026-03-16 15:59:30,914 INFO  ExportHelperExtension.cs: 1148 - Proceeding through assembly components
2026-03-16 15:59:30,914 INFO  ExportHelperExtension.cs: 1160 - 18 components to check
2026-03-16 15:59:30,914 INFO  ExportHelperExtension.cs: 1125 - Retrieving features of type [RefAxis] from KKCTPM3F20.02_直线导轨组件-14
2026-03-16 15:59:30,915 INFO  ExportHelperExtension.cs: 1136 - Found 50 in KKCTPM3F20.02_直线导轨组件-14
2026-03-16 15:59:30,915 INFO  ExportHelperExtension.cs: 1145 - Found 0 features of type [RefAxis] in KKCTPM3F20.02_直线导轨组件-14
2026-03-16 15:59:30,915 INFO  ExportHelperExtension.cs: 1125 - Retrieving features of type [RefAxis] from KKCTPM3F20.02_直线导轨组件-15
2026-03-16 15:59:30,915 INFO  ExportHelperExtension.cs: 1136 - Found 50 in KKCTPM3F20.02_直线导轨组件-15
2026-03-16 15:59:30,916 INFO  ExportHelperExtension.cs: 1145 - Found 0 features of type [RefAxis] in KKCTPM3F20.02_直线导轨组件-15
2026-03-16 15:59:30,916 INFO  ExportHelperExtension.cs: 1125 - Retrieving features of type [RefAxis] from KKGBT70.1 M4X16_内六角圆柱头螺钉 M4X16-11
2026-03-16 15:59:30,916 INFO  ExportHelperExtension.cs: 1136 - Found 27 in KKGBT70.1 M4X16_内六角圆柱头螺钉 M4X16-11
2026-03-16 15:59:30,917 INFO  ExportHelperExtension.cs: 1145 - Found 0 features of type [RefAxis] in KKGBT70.1 M4X16_内六角圆柱头螺钉 M4X16-11
2026-03-16 15:59:30,917 INFO  ExportHelperExtension.cs: 1125 - Retrieving features of type [RefAxis] from KKGBT70.1 M4X16_内六角圆柱头螺钉 M4X16-7
2026-03-16 15:59:30,917 INFO  ExportHelperExtension.cs: 1136 - Found 27 in KKGBT70.1 M4X16_内六角圆柱头螺钉 M4X16-7
2026-03-16 15:59:30,917 INFO  ExportHelperExtension.cs: 1145 - Found 0 features of type [RefAxis] in KKGBT70.1 M4X16_内六角圆柱头螺钉 M4X16-7
2026-03-16 15:59:30,917 INFO  ExportHelperExtension.cs: 1125 - Retrieving features of type [RefAxis] from KKGBT70.1 M4X16_内六角圆柱头螺钉 M4X16-8
2026-03-16 15:59:30,918 INFO  ExportHelperExtension.cs: 1136 - Found 27 in KKGBT70.1 M4X16_内六角圆柱头螺钉 M4X16-8
2026-03-16 15:59:30,918 INFO  ExportHelperExtension.cs: 1145 - Found 0 features of type [RefAxis] in KKGBT70.1 M4X16_内六角圆柱头螺钉 M4X16-8
2026-03-16 15:59:30,918 INFO  ExportHelperExtension.cs: 1125 - Retrieving features of type [RefAxis] from KKGBT70.1 M4X16_内六角圆柱头螺钉 M4X16-10
2026-03-16 15:59:30,918 INFO  ExportHelperExtension.cs: 1136 - Found 27 in KKGBT70.1 M4X16_内六角圆柱头螺钉 M4X16-10
2026-03-16 15:59:30,919 INFO  ExportHelperExtension.cs: 1145 - Found 0 features of type [RefAxis] in KKGBT70.1 M4X16_内六角圆柱头螺钉 M4X16-10
2026-03-16 15:59:30,919 INFO  ExportHelperExtension.cs: 1125 - Retrieving features of type [RefAxis] from KKGBT70.1 M4X16_内六角圆柱头螺钉 M4X16-9
2026-03-16 15:59:30,919 INFO  ExportHelperExtension.cs: 1136 - Found 27 in KKGBT70.1 M4X16_内六角圆柱头螺钉 M4X16-9
2026-03-16 15:59:30,919 INFO  ExportHelperExtension.cs: 1145 - Found 0 features of type [RefAxis] in KKGBT70.1 M4X16_内六角圆柱头螺钉 M4X16-9
2026-03-16 15:59:30,920 INFO  ExportHelperExtension.cs: 1125 - Retrieving features of type [RefAxis] from KKCTPM3F20.01.15_连接法兰-1
2026-03-16 15:59:30,920 INFO  ExportHelperExtension.cs: 1136 - Found 109 in KKCTPM3F20.01.15_连接法兰-1
2026-03-16 15:59:30,920 INFO  ExportHelperExtension.cs: 1145 - Found 1 features of type [RefAxis] in KKCTPM3F20.01.15_连接法兰-1
2026-03-16 15:59:30,920 INFO  ExportHelperExtension.cs: 1125 - Retrieving features of type [RefAxis] from KKCTPM3F20.01.07_盖板-2
2026-03-16 15:59:30,921 INFO  ExportHelperExtension.cs: 1136 - Found 50 in KKCTPM3F20.01.07_盖板-2
2026-03-16 15:59:30,921 INFO  ExportHelperExtension.cs: 1145 - Found 0 features of type [RefAxis] in KKCTPM3F20.01.07_盖板-2
2026-03-16 15:59:30,921 INFO  ExportHelperExtension.cs: 1125 - Retrieving features of type [RefAxis] from KKGBT70.1 M4X16_内六角圆柱头螺钉 M4X16-1
2026-03-16 15:59:30,922 INFO  ExportHelperExtension.cs: 1136 - Found 27 in KKGBT70.1 M4X16_内六角圆柱头螺钉 M4X16-1
2026-03-16 15:59:30,922 INFO  ExportHelperExtension.cs: 1145 - Found 0 features of type [RefAxis] in KKGBT70.1 M4X16_内六角圆柱头螺钉 M4X16-1
2026-03-16 15:59:30,922 INFO  ExportHelperExtension.cs: 1125 - Retrieving features of type [RefAxis] from KKCTPM3F20.02_直线导轨组件-11
2026-03-16 15:59:30,922 INFO  ExportHelperExtension.cs: 1136 - Found 50 in KKCTPM3F20.02_直线导轨组件-11
2026-03-16 15:59:30,923 INFO  ExportHelperExtension.cs: 1145 - Found 0 features of type [RefAxis] in KKCTPM3F20.02_直线导轨组件-11
2026-03-16 15:59:30,923 INFO  ExportHelperExtension.cs: 1125 - Retrieving features of type [RefAxis] from KKCTPM3F20.01.05_电机安装板-3
2026-03-16 15:59:30,923 INFO  ExportHelperExtension.cs: 1136 - Found 44 in KKCTPM3F20.01.05_电机安装板-3
2026-03-16 15:59:30,923 INFO  ExportHelperExtension.cs: 1145 - Found 0 features of type [RefAxis] in KKCTPM3F20.01.05_电机安装板-3
2026-03-16 15:59:30,924 INFO  ExportHelperExtension.cs: 1125 - Retrieving features of type [RefAxis] from KKCTPM3F20.01.03_外壳-3
2026-03-16 15:59:30,924 INFO  ExportHelperExtension.cs: 1136 - Found 117 in KKCTPM3F20.01.03_外壳-3
2026-03-16 15:59:30,924 INFO  ExportHelperExtension.cs: 1145 - Found 1 features of type [RefAxis] in KKCTPM3F20.01.03_外壳-3
2026-03-16 15:59:31,166 INFO  SwAddin.cs: 339 - Loading config tree
2026-03-16 15:59:31,167 INFO  ExportPropertyManagerExtension.cs: 520 - Starting new configuration
2026-03-16 15:59:31,169 INFO  SwAddin.cs: 344 - Showing property manager
2026-03-16 15:59:35,345 INFO  ExportPropertyManager.cs: 1018 - OnComboboxSelectionChanged called. This method no longer throws an Exception. It just silently does nothing. Ok, except for this logging message
2026-03-16 15:59:43,577 INFO  ExportPropertyManager.cs: 1142 - AfterClose called. This method no longer throws an Exception. It just silently does nothing. Ok, except for this logging message
2026-03-16 15:59:59,725 INFO  SwAddin.cs: 294 - Assembly export called for file KKCTPM3F20E_20平动三指手(空壳模型).SLDASM
2026-03-16 15:59:59,726 INFO  SwAddin.cs: 299 - Save is required
2026-03-16 15:59:59,726 INFO  SwAddin.cs: 313 - Saving assembly
2026-03-16 16:00:00,680 INFO  SwAddin.cs: 316 - Opening property manager
2026-03-16 16:00:00,681 INFO  ExportHelperExtension.cs: 1125 - Retrieving features of type [CoordSys] from KKCTPM3F20E_20平动三指手(空壳模型).SLDASM
2026-03-16 16:00:00,682 INFO  ExportHelperExtension.cs: 1136 - Found 86 in KKCTPM3F20E_20平动三指手(空壳模型).SLDASM
2026-03-16 16:00:00,682 INFO  ExportHelperExtension.cs: 1145 - Found 4 features of type [CoordSys] in KKCTPM3F20E_20平动三指手(空壳模型).SLDASM
2026-03-16 16:00:00,683 INFO  ExportHelperExtension.cs: 1148 - Proceeding through assembly components
2026-03-16 16:00:00,683 INFO  ExportHelperExtension.cs: 1160 - 18 components to check
2026-03-16 16:00:00,683 INFO  ExportHelperExtension.cs: 1125 - Retrieving features of type [CoordSys] from KKCTPM3F20.02_直线导轨组件-14
2026-03-16 16:00:00,684 INFO  ExportHelperExtension.cs: 1136 - Found 50 in KKCTPM3F20.02_直线导轨组件-14
2026-03-16 16:00:00,684 INFO  ExportHelperExtension.cs: 1145 - Found 0 features of type [CoordSys] in KKCTPM3F20.02_直线导轨组件-14
2026-03-16 16:00:00,684 INFO  ExportHelperExtension.cs: 1125 - Retrieving features of type [CoordSys] from KKCTPM3F20.02_直线导轨组件-15
2026-03-16 16:00:00,685 INFO  ExportHelperExtension.cs: 1136 - Found 50 in KKCTPM3F20.02_直线导轨组件-15
2026-03-16 16:00:00,685 INFO  ExportHelperExtension.cs: 1145 - Found 0 features of type [CoordSys] in KKCTPM3F20.02_直线导轨组件-15
2026-03-16 16:00:00,685 INFO  ExportHelperExtension.cs: 1125 - Retrieving features of type [CoordSys] from KKGBT70.1 M4X16_内六角圆柱头螺钉 M4X16-11
2026-03-16 16:00:00,686 INFO  ExportHelperExtension.cs: 1136 - Found 27 in KKGBT70.1 M4X16_内六角圆柱头螺钉 M4X16-11
2026-03-16 16:00:00,686 INFO  ExportHelperExtension.cs: 1145 - Found 0 features of type [CoordSys] in KKGBT70.1 M4X16_内六角圆柱头螺钉 M4X16-11
2026-03-16 16:00:00,686 INFO  ExportHelperExtension.cs: 1125 - Retrieving features of type [CoordSys] from KKGBT70.1 M4X16_内六角圆柱头螺钉 M4X16-7
2026-03-16 16:00:00,687 INFO  ExportHelperExtension.cs: 1136 - Found 27 in KKGBT70.1 M4X16_内六角圆柱头螺钉 M4X16-7
2026-03-16 16:00:00,687 INFO  ExportHelperExtension.cs: 1145 - Found 0 features of type [CoordSys] in KKGBT70.1 M4X16_内六角圆柱头螺钉 M4X16-7
2026-03-16 16:00:00,687 INFO  ExportHelperExtension.cs: 1125 - Retrieving features of type [CoordSys] from KKGBT70.1 M4X16_内六角圆柱头螺钉 M4X16-8
2026-03-16 16:00:00,687 INFO  ExportHelperExtension.cs: 1136 - Found 27 in KKGBT70.1 M4X16_内六角圆柱头螺钉 M4X16-8
2026-03-16 16:00:00,688 INFO  ExportHelperExtension.cs: 1145 - Found 0 features of type [CoordSys] in KKGBT70.1 M4X16_内六角圆柱头螺钉 M4X16-8
2026-03-16 16:00:00,688 INFO  ExportHelperExtension.cs: 1125 - Retrieving features of type [CoordSys] from KKGBT70.1 M4X16_内六角圆柱头螺钉 M4X16-10
2026-03-16 16:00:00,688 INFO  ExportHelperExtension.cs: 1136 - Found 27 in KKGBT70.1 M4X16_内六角圆柱头螺钉 M4X16-10
2026-03-16 16:00:00,688 INFO  ExportHelperExtension.cs: 1145 - Found 0 features of type [CoordSys] in KKGBT70.1 M4X16_内六角圆柱头螺钉 M4X16-10
2026-03-16 16:00:00,689 INFO  ExportHelperExtension.cs: 1125 - Retrieving features of type [CoordSys] from KKGBT70.1 M4X16_内六角圆柱头螺钉 M4X16-9
2026-03-16 16:00:00,689 INFO  ExportHelperExtension.cs: 1136 - Found 27 in KKGBT70.1 M4X16_内六角圆柱头螺钉 M4X16-9
2026-03-16 16:00:00,689 INFO  ExportHelperExtension.cs: 1145 - Found 0 features of type [CoordSys] in KKGBT70.1 M4X16_内六角圆柱头螺钉 M4X16-9
2026-03-16 16:00:00,690 INFO  ExportHelperExtension.cs: 1125 - Retrieving features of type [CoordSys] from KKCTPM3F20.01.15_连接法兰-1
2026-03-16 16:00:00,840 INFO  ExportHelperExtension.cs: 1136 - Found 109 in KKCTPM3F20.01.15_连接法兰-1
2026-03-16 16:00:00,841 INFO  ExportHelperExtension.cs: 1145 - Found 0 features of type [CoordSys] in KKCTPM3F20.01.15_连接法兰-1
2026-03-16 16:00:00,841 INFO  ExportHelperExtension.cs: 1125 - Retrieving features of type [CoordSys] from KKCTPM3F20.01.07_盖板-2
2026-03-16 16:00:00,841 INFO  ExportHelperExtension.cs: 1136 - Found 50 in KKCTPM3F20.01.07_盖板-2
2026-03-16 16:00:00,842 INFO  ExportHelperExtension.cs: 1145 - Found 0 features of type [CoordSys] in KKCTPM3F20.01.07_盖板-2
2026-03-16 16:00:00,842 INFO  ExportHelperExtension.cs: 1125 - Retrieving features of type [CoordSys] from KKGBT70.1 M4X16_内六角圆柱头螺钉 M4X16-1
2026-03-16 16:00:00,842 INFO  ExportHelperExtension.cs: 1136 - Found 27 in KKGBT70.1 M4X16_内六角圆柱头螺钉 M4X16-1
2026-03-16 16:00:00,842 INFO  ExportHelperExtension.cs: 1145 - Found 0 features of type [CoordSys] in KKGBT70.1 M4X16_内六角圆柱头螺钉 M4X16-1
2026-03-16 16:00:00,843 INFO  ExportHelperExtension.cs: 1125 - Retrieving features of type [CoordSys] from KKCTPM3F20.02_直线导轨组件-11
2026-03-16 16:00:00,843 INFO  ExportHelperExtension.cs: 1136 - Found 50 in KKCTPM3F20.02_直线导轨组件-11
2026-03-16 16:00:00,843 INFO  ExportHelperExtension.cs: 1145 - Found 0 features of type [CoordSys] in KKCTPM3F20.02_直线导轨组件-11
2026-03-16 16:00:00,844 INFO  ExportHelperExtension.cs: 1125 - Retrieving features of type [CoordSys] from KKCTPM3F20.01.05_电机安装板-3
2026-03-16 16:00:00,844 INFO  ExportHelperExtension.cs: 1136 - Found 44 in KKCTPM3F20.01.05_电机安装板-3
2026-03-16 16:00:00,844 INFO  ExportHelperExtension.cs: 1145 - Found 0 features of type [CoordSys] in KKCTPM3F20.01.05_电机安装板-3
2026-03-16 16:00:00,844 INFO  ExportHelperExtension.cs: 1125 - Retrieving features of type [CoordSys] from KKCTPM3F20.01.03_外壳-3
2026-03-16 16:00:00,845 INFO  ExportHelperExtension.cs: 1136 - Found 117 in KKCTPM3F20.01.03_外壳-3
2026-03-16 16:00:00,846 INFO  ExportHelperExtension.cs: 1145 - Found 0 features of type [CoordSys] in KKCTPM3F20.01.03_外壳-3
2026-03-16 16:00:00,846 INFO  ExportHelperExtension.cs: 1125 - Retrieving features of type [RefAxis] from KKCTPM3F20E_20平动三指手(空壳模型).SLDASM
2026-03-16 16:00:00,846 INFO  ExportHelperExtension.cs: 1136 - Found 86 in KKCTPM3F20E_20平动三指手(空壳模型).SLDASM
2026-03-16 16:00:00,847 INFO  ExportHelperExtension.cs: 1145 - Found 3 features of type [RefAxis] in KKCTPM3F20E_20平动三指手(空壳模型).SLDASM
2026-03-16 16:00:00,847 INFO  ExportHelperExtension.cs: 1148 - Proceeding through assembly components
2026-03-16 16:00:00,847 INFO  ExportHelperExtension.cs: 1160 - 18 components to check
2026-03-16 16:00:00,847 INFO  ExportHelperExtension.cs: 1125 - Retrieving features of type [RefAxis] from KKCTPM3F20.02_直线导轨组件-14
2026-03-16 16:00:00,848 INFO  ExportHelperExtension.cs: 1136 - Found 50 in KKCTPM3F20.02_直线导轨组件-14
2026-03-16 16:00:00,848 INFO  ExportHelperExtension.cs: 1145 - Found 0 features of type [RefAxis] in KKCTPM3F20.02_直线导轨组件-14
2026-03-16 16:00:00,848 INFO  ExportHelperExtension.cs: 1125 - Retrieving features of type [RefAxis] from KKCTPM3F20.02_直线导轨组件-15
2026-03-16 16:00:00,848 INFO  ExportHelperExtension.cs: 1136 - Found 50 in KKCTPM3F20.02_直线导轨组件-15
2026-03-16 16:00:00,848 INFO  ExportHelperExtension.cs: 1145 - Found 0 features of type [RefAxis] in KKCTPM3F20.02_直线导轨组件-15
2026-03-16 16:00:00,849 INFO  ExportHelperExtension.cs: 1125 - Retrieving features of type [RefAxis] from KKGBT70.1 M4X16_内六角圆柱头螺钉 M4X16-11
2026-03-16 16:00:00,849 INFO  ExportHelperExtension.cs: 1136 - Found 27 in KKGBT70.1 M4X16_内六角圆柱头螺钉 M4X16-11
2026-03-16 16:00:00,849 INFO  ExportHelperExtension.cs: 1145 - Found 0 features of type [RefAxis] in KKGBT70.1 M4X16_内六角圆柱头螺钉 M4X16-11
2026-03-16 16:00:00,849 INFO  ExportHelperExtension.cs: 1125 - Retrieving features of type [RefAxis] from KKGBT70.1 M4X16_内六角圆柱头螺钉 M4X16-7
2026-03-16 16:00:00,850 INFO  ExportHelperExtension.cs: 1136 - Found 27 in KKGBT70.1 M4X16_内六角圆柱头螺钉 M4X16-7
2026-03-16 16:00:00,850 INFO  ExportHelperExtension.cs: 1145 - Found 0 features of type [RefAxis] in KKGBT70.1 M4X16_内六角圆柱头螺钉 M4X16-7
2026-03-16 16:00:00,850 INFO  ExportHelperExtension.cs: 1125 - Retrieving features of type [RefAxis] from KKGBT70.1 M4X16_内六角圆柱头螺钉 M4X16-8
2026-03-16 16:00:00,850 INFO  ExportHelperExtension.cs: 1136 - Found 27 in KKGBT70.1 M4X16_内六角圆柱头螺钉 M4X16-8
2026-03-16 16:00:00,851 INFO  ExportHelperExtension.cs: 1145 - Found 0 features of type [RefAxis] in KKGBT70.1 M4X16_内六角圆柱头螺钉 M4X16-8
2026-03-16 16:00:00,851 INFO  ExportHelperExtension.cs: 1125 - Retrieving features of type [RefAxis] from KKGBT70.1 M4X16_内六角圆柱头螺钉 M4X16-10
2026-03-16 16:00:00,851 INFO  ExportHelperExtension.cs: 1136 - Found 27 in KKGBT70.1 M4X16_内六角圆柱头螺钉 M4X16-10
2026-03-16 16:00:00,851 INFO  ExportHelperExtension.cs: 1145 - Found 0 features of type [RefAxis] in KKGBT70.1 M4X16_内六角圆柱头螺钉 M4X16-10
2026-03-16 16:00:00,851 INFO  ExportHelperExtension.cs: 1125 - Retrieving features of type [RefAxis] from KKGBT70.1 M4X16_内六角圆柱头螺钉 M4X16-9
2026-03-16 16:00:00,852 INFO  ExportHelperExtension.cs: 1136 - Found 27 in KKGBT70.1 M4X16_内六角圆柱头螺钉 M4X16-9
2026-03-16 16:00:00,852 INFO  ExportHelperExtension.cs: 1145 - Found 0 features of type [RefAxis] in KKGBT70.1 M4X16_内六角圆柱头螺钉 M4X16-9
2026-03-16 16:00:00,853 INFO  ExportHelperExtension.cs: 1125 - Retrieving features of type [RefAxis] from KKCTPM3F20.01.15_连接法兰-1
2026-03-16 16:00:00,853 INFO  ExportHelperExtension.cs: 1136 - Found 109 in KKCTPM3F20.01.15_连接法兰-1
2026-03-16 16:00:00,853 INFO  ExportHelperExtension.cs: 1145 - Found 1 features of type [RefAxis] in KKCTPM3F20.01.15_连接法兰-1
2026-03-16 16:00:00,854 INFO  ExportHelperExtension.cs: 1125 - Retrieving features of type [RefAxis] from KKCTPM3F20.01.07_盖板-2
2026-03-16 16:00:00,854 INFO  ExportHelperExtension.cs: 1136 - Found 50 in KKCTPM3F20.01.07_盖板-2
2026-03-16 16:00:00,854 INFO  ExportHelperExtension.cs: 1145 - Found 0 features of type [RefAxis] in KKCTPM3F20.01.07_盖板-2
2026-03-16 16:00:00,854 INFO  ExportHelperExtension.cs: 1125 - Retrieving features of type [RefAxis] from KKGBT70.1 M4X16_内六角圆柱头螺钉 M4X16-1
2026-03-16 16:00:00,854 INFO  ExportHelperExtension.cs: 1136 - Found 27 in KKGBT70.1 M4X16_内六角圆柱头螺钉 M4X16-1
2026-03-16 16:00:00,854 INFO  ExportHelperExtension.cs: 1145 - Found 0 features of type [RefAxis] in KKGBT70.1 M4X16_内六角圆柱头螺钉 M4X16-1
2026-03-16 16:00:00,855 INFO  ExportHelperExtension.cs: 1125 - Retrieving features of type [RefAxis] from KKCTPM3F20.02_直线导轨组件-11
2026-03-16 16:00:00,855 INFO  ExportHelperExtension.cs: 1136 - Found 50 in KKCTPM3F20.02_直线导轨组件-11
2026-03-16 16:00:00,856 INFO  ExportHelperExtension.cs: 1145 - Found 0 features of type [RefAxis] in KKCTPM3F20.02_直线导轨组件-11
2026-03-16 16:00:00,856 INFO  ExportHelperExtension.cs: 1125 - Retrieving features of type [RefAxis] from KKCTPM3F20.01.05_电机安装板-3
2026-03-16 16:00:00,856 INFO  ExportHelperExtension.cs: 1136 - Found 44 in KKCTPM3F20.01.05_电机安装板-3
2026-03-16 16:00:00,856 INFO  ExportHelperExtension.cs: 1145 - Found 0 features of type [RefAxis] in KKCTPM3F20.01.05_电机安装板-3
2026-03-16 16:00:00,857 INFO  ExportHelperExtension.cs: 1125 - Retrieving features of type [RefAxis] from KKCTPM3F20.01.03_外壳-3
2026-03-16 16:00:00,857 INFO  ExportHelperExtension.cs: 1136 - Found 117 in KKCTPM3F20.01.03_外壳-3
2026-03-16 16:00:00,857 INFO  ExportHelperExtension.cs: 1145 - Found 1 features of type [RefAxis] in KKCTPM3F20.01.03_外壳-3
2026-03-16 16:00:01,086 INFO  SwAddin.cs: 339 - Loading config tree
2026-03-16 16:00:01,087 INFO  ExportPropertyManagerExtension.cs: 520 - Starting new configuration
2026-03-16 16:00:01,089 INFO  SwAddin.cs: 344 - Showing property manager
2026-03-16 16:00:04,151 INFO  ExportPropertyManager.cs: 1018 - OnComboboxSelectionChanged called. This method no longer throws an Exception. It just silently does nothing. Ok, except for this logging message
2026-03-16 16:00:43,777 INFO  ExportPropertyManager.cs: 422 - Configuration saved
2026-03-16 16:00:43,909 INFO  ExportPropertyManager.cs: 1142 - AfterClose called. This method no longer throws an Exception. It just silently does nothing. Ok, except for this logging message
2026-03-16 16:00:49,054 INFO  SwAddin.cs: 294 - Assembly export called for file KKCTPM3F20E_20平动三指手(空壳模型).SLDASM
2026-03-16 16:00:49,055 INFO  SwAddin.cs: 299 - Save is required
2026-03-16 16:00:49,055 INFO  SwAddin.cs: 313 - Saving assembly
2026-03-16 16:00:49,412 INFO  SwAddin.cs: 316 - Opening property manager
2026-03-16 16:00:49,412 INFO  ExportHelperExtension.cs: 1125 - Retrieving features of type [CoordSys] from KKCTPM3F20E_20平动三指手(空壳模型).SLDASM
2026-03-16 16:00:49,413 INFO  ExportHelperExtension.cs: 1136 - Found 87 in KKCTPM3F20E_20平动三指手(空壳模型).SLDASM
2026-03-16 16:00:49,413 INFO  ExportHelperExtension.cs: 1145 - Found 4 features of type [CoordSys] in KKCTPM3F20E_20平动三指手(空壳模型).SLDASM
2026-03-16 16:00:49,413 INFO  ExportHelperExtension.cs: 1148 - Proceeding through assembly components
2026-03-16 16:00:49,414 INFO  ExportHelperExtension.cs: 1160 - 18 components to check
2026-03-16 16:00:49,414 INFO  ExportHelperExtension.cs: 1125 - Retrieving features of type [CoordSys] from KKCTPM3F20.02_直线导轨组件-14
2026-03-16 16:00:49,414 INFO  ExportHelperExtension.cs: 1136 - Found 50 in KKCTPM3F20.02_直线导轨组件-14
2026-03-16 16:00:49,415 INFO  ExportHelperExtension.cs: 1145 - Found 0 features of type [CoordSys] in KKCTPM3F20.02_直线导轨组件-14
2026-03-16 16:00:49,415 INFO  ExportHelperExtension.cs: 1125 - Retrieving features of type [CoordSys] from KKCTPM3F20.02_直线导轨组件-15
2026-03-16 16:00:49,416 INFO  ExportHelperExtension.cs: 1136 - Found 50 in KKCTPM3F20.02_直线导轨组件-15
2026-03-16 16:00:49,416 INFO  ExportHelperExtension.cs: 1145 - Found 0 features of type [CoordSys] in KKCTPM3F20.02_直线导轨组件-15
2026-03-16 16:00:49,416 INFO  ExportHelperExtension.cs: 1125 - Retrieving features of type [CoordSys] from KKGBT70.1 M4X16_内六角圆柱头螺钉 M4X16-11
2026-03-16 16:00:49,417 INFO  ExportHelperExtension.cs: 1136 - Found 27 in KKGBT70.1 M4X16_内六角圆柱头螺钉 M4X16-11
2026-03-16 16:00:49,417 INFO  ExportHelperExtension.cs: 1145 - Found 0 features of type [CoordSys] in KKGBT70.1 M4X16_内六角圆柱头螺钉 M4X16-11
2026-03-16 16:00:49,417 INFO  ExportHelperExtension.cs: 1125 - Retrieving features of type [CoordSys] from KKGBT70.1 M4X16_内六角圆柱头螺钉 M4X16-7
2026-03-16 16:00:49,417 INFO  ExportHelperExtension.cs: 1136 - Found 27 in KKGBT70.1 M4X16_内六角圆柱头螺钉 M4X16-7
2026-03-16 16:00:49,418 INFO  ExportHelperExtension.cs: 1145 - Found 0 features of type [CoordSys] in KKGBT70.1 M4X16_内六角圆柱头螺钉 M4X16-7
2026-03-16 16:00:49,418 INFO  ExportHelperExtension.cs: 1125 - Retrieving features of type [CoordSys] from KKGBT70.1 M4X16_内六角圆柱头螺钉 M4X16-8
2026-03-16 16:00:49,418 INFO  ExportHelperExtension.cs: 1136 - Found 27 in KKGBT70.1 M4X16_内六角圆柱头螺钉 M4X16-8
2026-03-16 16:00:49,418 INFO  ExportHelperExtension.cs: 1145 - Found 0 features of type [CoordSys] in KKGBT70.1 M4X16_内六角圆柱头螺钉 M4X16-8
2026-03-16 16:00:49,419 INFO  ExportHelperExtension.cs: 1125 - Retrieving features of type [CoordSys] from KKGBT70.1 M4X16_内六角圆柱头螺钉 M4X16-10
2026-03-16 16:00:49,419 INFO  ExportHelperExtension.cs: 1136 - Found 27 in KKGBT70.1 M4X16_内六角圆柱头螺钉 M4X16-10
2026-03-16 16:00:49,419 INFO  ExportHelperExtension.cs: 1145 - Found 0 features of type [CoordSys] in KKGBT70.1 M4X16_内六角圆柱头螺钉 M4X16-10
2026-03-16 16:00:49,419 INFO  ExportHelperExtension.cs: 1125 - Retrieving features of type [CoordSys] from KKGBT70.1 M4X16_内六角圆柱头螺钉 M4X16-9
2026-03-16 16:00:49,420 INFO  ExportHelperExtension.cs: 1136 - Found 27 in KKGBT70.1 M4X16_内六角圆柱头螺钉 M4X16-9
2026-03-16 16:00:49,420 INFO  ExportHelperExtension.cs: 1145 - Found 0 features of type [CoordSys] in KKGBT70.1 M4X16_内六角圆柱头螺钉 M4X16-9
2026-03-16 16:00:49,420 INFO  ExportHelperExtension.cs: 1125 - Retrieving features of type [CoordSys] from KKCTPM3F20.01.15_连接法兰-1
2026-03-16 16:00:49,420 INFO  ExportHelperExtension.cs: 1136 - Found 109 in KKCTPM3F20.01.15_连接法兰-1
2026-03-16 16:00:49,421 INFO  ExportHelperExtension.cs: 1145 - Found 0 features of type [CoordSys] in KKCTPM3F20.01.15_连接法兰-1
2026-03-16 16:00:49,421 INFO  ExportHelperExtension.cs: 1125 - Retrieving features of type [CoordSys] from KKCTPM3F20.01.07_盖板-2
2026-03-16 16:00:49,421 INFO  ExportHelperExtension.cs: 1136 - Found 50 in KKCTPM3F20.01.07_盖板-2
2026-03-16 16:00:49,422 INFO  ExportHelperExtension.cs: 1145 - Found 0 features of type [CoordSys] in KKCTPM3F20.01.07_盖板-2
2026-03-16 16:00:49,422 INFO  ExportHelperExtension.cs: 1125 - Retrieving features of type [CoordSys] from KKGBT70.1 M4X16_内六角圆柱头螺钉 M4X16-1
2026-03-16 16:00:49,422 INFO  ExportHelperExtension.cs: 1136 - Found 27 in KKGBT70.1 M4X16_内六角圆柱头螺钉 M4X16-1
2026-03-16 16:00:49,422 INFO  ExportHelperExtension.cs: 1145 - Found 0 features of type [CoordSys] in KKGBT70.1 M4X16_内六角圆柱头螺钉 M4X16-1
2026-03-16 16:00:49,423 INFO  ExportHelperExtension.cs: 1125 - Retrieving features of type [CoordSys] from KKCTPM3F20.02_直线导轨组件-11
2026-03-16 16:00:49,423 INFO  ExportHelperExtension.cs: 1136 - Found 50 in KKCTPM3F20.02_直线导轨组件-11
2026-03-16 16:00:49,423 INFO  ExportHelperExtension.cs: 1145 - Found 0 features of type [CoordSys] in KKCTPM3F20.02_直线导轨组件-11
2026-03-16 16:00:49,423 INFO  ExportHelperExtension.cs: 1125 - Retrieving features of type [CoordSys] from KKCTPM3F20.01.05_电机安装板-3
2026-03-16 16:00:49,424 INFO  ExportHelperExtension.cs: 1136 - Found 44 in KKCTPM3F20.01.05_电机安装板-3
2026-03-16 16:00:49,424 INFO  ExportHelperExtension.cs: 1145 - Found 0 features of type [CoordSys] in KKCTPM3F20.01.05_电机安装板-3
2026-03-16 16:00:49,426 INFO  ExportHelperExtension.cs: 1125 - Retrieving features of type [CoordSys] from KKCTPM3F20.01.03_外壳-3
2026-03-16 16:00:49,505 INFO  ExportHelperExtension.cs: 1136 - Found 117 in KKCTPM3F20.01.03_外壳-3
2026-03-16 16:00:49,505 INFO  ExportHelperExtension.cs: 1145 - Found 0 features of type [CoordSys] in KKCTPM3F20.01.03_外壳-3
2026-03-16 16:00:49,506 INFO  ExportHelperExtension.cs: 1125 - Retrieving features of type [RefAxis] from KKCTPM3F20E_20平动三指手(空壳模型).SLDASM
2026-03-16 16:00:49,506 INFO  ExportHelperExtension.cs: 1136 - Found 87 in KKCTPM3F20E_20平动三指手(空壳模型).SLDASM
2026-03-16 16:00:49,507 INFO  ExportHelperExtension.cs: 1145 - Found 3 features of type [RefAxis] in KKCTPM3F20E_20平动三指手(空壳模型).SLDASM
2026-03-16 16:00:49,507 INFO  ExportHelperExtension.cs: 1148 - Proceeding through assembly components
2026-03-16 16:00:49,508 INFO  ExportHelperExtension.cs: 1160 - 18 components to check
2026-03-16 16:00:49,508 INFO  ExportHelperExtension.cs: 1125 - Retrieving features of type [RefAxis] from KKCTPM3F20.02_直线导轨组件-14
2026-03-16 16:00:49,508 INFO  ExportHelperExtension.cs: 1136 - Found 50 in KKCTPM3F20.02_直线导轨组件-14
2026-03-16 16:00:49,509 INFO  ExportHelperExtension.cs: 1145 - Found 0 features of type [RefAxis] in KKCTPM3F20.02_直线导轨组件-14
2026-03-16 16:00:49,509 INFO  ExportHelperExtension.cs: 1125 - Retrieving features of type [RefAxis] from KKCTPM3F20.02_直线导轨组件-15
2026-03-16 16:00:49,509 INFO  ExportHelperExtension.cs: 1136 - Found 50 in KKCTPM3F20.02_直线导轨组件-15
2026-03-16 16:00:49,510 INFO  ExportHelperExtension.cs: 1145 - Found 0 features of type [RefAxis] in KKCTPM3F20.02_直线导轨组件-15
2026-03-16 16:00:49,510 INFO  ExportHelperExtension.cs: 1125 - Retrieving features of type [RefAxis] from KKGBT70.1 M4X16_内六角圆柱头螺钉 M4X16-11
2026-03-16 16:00:49,510 INFO  ExportHelperExtension.cs: 1136 - Found 27 in KKGBT70.1 M4X16_内六角圆柱头螺钉 M4X16-11
2026-03-16 16:00:49,510 INFO  ExportHelperExtension.cs: 1145 - Found 0 features of type [RefAxis] in KKGBT70.1 M4X16_内六角圆柱头螺钉 M4X16-11
2026-03-16 16:00:49,511 INFO  ExportHelperExtension.cs: 1125 - Retrieving features of type [RefAxis] from KKGBT70.1 M4X16_内六角圆柱头螺钉 M4X16-7
2026-03-16 16:00:49,511 INFO  ExportHelperExtension.cs: 1136 - Found 27 in KKGBT70.1 M4X16_内六角圆柱头螺钉 M4X16-7
2026-03-16 16:00:49,511 INFO  ExportHelperExtension.cs: 1145 - Found 0 features of type [RefAxis] in KKGBT70.1 M4X16_内六角圆柱头螺钉 M4X16-7
2026-03-16 16:00:49,512 INFO  ExportHelperExtension.cs: 1125 - Retrieving features of type [RefAxis] from KKGBT70.1 M4X16_内六角圆柱头螺钉 M4X16-8
2026-03-16 16:00:49,512 INFO  ExportHelperExtension.cs: 1136 - Found 27 in KKGBT70.1 M4X16_内六角圆柱头螺钉 M4X16-8
2026-03-16 16:00:49,512 INFO  ExportHelperExtension.cs: 1145 - Found 0 features of type [RefAxis] in KKGBT70.1 M4X16_内六角圆柱头螺钉 M4X16-8
2026-03-16 16:00:49,512 INFO  ExportHelperExtension.cs: 1125 - Retrieving features of type [RefAxis] from KKGBT70.1 M4X16_内六角圆柱头螺钉 M4X16-10
2026-03-16 16:00:49,513 INFO  ExportHelperExtension.cs: 1136 - Found 27 in KKGBT70.1 M4X16_内六角圆柱头螺钉 M4X16-10
2026-03-16 16:00:49,513 INFO  ExportHelperExtension.cs: 1145 - Found 0 features of type [RefAxis] in KKGBT70.1 M4X16_内六角圆柱头螺钉 M4X16-10
2026-03-16 16:00:49,513 INFO  ExportHelperExtension.cs: 1125 - Retrieving features of type [RefAxis] from KKGBT70.1 M4X16_内六角圆柱头螺钉 M4X16-9
2026-03-16 16:00:49,513 INFO  ExportHelperExtension.cs: 1136 - Found 27 in KKGBT70.1 M4X16_内六角圆柱头螺钉 M4X16-9
2026-03-16 16:00:49,514 INFO  ExportHelperExtension.cs: 1145 - Found 0 features of type [RefAxis] in KKGBT70.1 M4X16_内六角圆柱头螺钉 M4X16-9
2026-03-16 16:00:49,514 INFO  ExportHelperExtension.cs: 1125 - Retrieving features of type [RefAxis] from KKCTPM3F20.01.15_连接法兰-1
2026-03-16 16:00:49,515 INFO  ExportHelperExtension.cs: 1136 - Found 109 in KKCTPM3F20.01.15_连接法兰-1
2026-03-16 16:00:49,516 INFO  ExportHelperExtension.cs: 1145 - Found 1 features of type [RefAxis] in KKCTPM3F20.01.15_连接法兰-1
2026-03-16 16:00:49,516 INFO  ExportHelperExtension.cs: 1125 - Retrieving features of type [RefAxis] from KKCTPM3F20.01.07_盖板-2
2026-03-16 16:00:49,516 INFO  ExportHelperExtension.cs: 1136 - Found 50 in KKCTPM3F20.01.07_盖板-2
2026-03-16 16:00:49,517 INFO  ExportHelperExtension.cs: 1145 - Found 0 features of type [RefAxis] in KKCTPM3F20.01.07_盖板-2
2026-03-16 16:00:49,517 INFO  ExportHelperExtension.cs: 1125 - Retrieving features of type [RefAxis] from KKGBT70.1 M4X16_内六角圆柱头螺钉 M4X16-1
2026-03-16 16:00:49,517 INFO  ExportHelperExtension.cs: 1136 - Found 27 in KKGBT70.1 M4X16_内六角圆柱头螺钉 M4X16-1
2026-03-16 16:00:49,517 INFO  ExportHelperExtension.cs: 1145 - Found 0 features of type [RefAxis] in KKGBT70.1 M4X16_内六角圆柱头螺钉 M4X16-1
2026-03-16 16:00:49,518 INFO  ExportHelperExtension.cs: 1125 - Retrieving features of type [RefAxis] from KKCTPM3F20.02_直线导轨组件-11
2026-03-16 16:00:49,518 INFO  ExportHelperExtension.cs: 1136 - Found 50 in KKCTPM3F20.02_直线导轨组件-11
2026-03-16 16:00:49,518 INFO  ExportHelperExtension.cs: 1145 - Found 0 features of type [RefAxis] in KKCTPM3F20.02_直线导轨组件-11
2026-03-16 16:00:49,519 INFO  ExportHelperExtension.cs: 1125 - Retrieving features of type [RefAxis] from KKCTPM3F20.01.05_电机安装板-3
2026-03-16 16:00:49,519 INFO  ExportHelperExtension.cs: 1136 - Found 44 in KKCTPM3F20.01.05_电机安装板-3
2026-03-16 16:00:49,519 INFO  ExportHelperExtension.cs: 1145 - Found 0 features of type [RefAxis] in KKCTPM3F20.01.05_电机安装板-3
2026-03-16 16:00:49,519 INFO  ExportHelperExtension.cs: 1125 - Retrieving features of type [RefAxis] from KKCTPM3F20.01.03_外壳-3
2026-03-16 16:00:49,520 INFO  ExportHelperExtension.cs: 1136 - Found 117 in KKCTPM3F20.01.03_外壳-3
2026-03-16 16:00:49,520 INFO  ExportHelperExtension.cs: 1145 - Found 1 features of type [RefAxis] in KKCTPM3F20.01.03_外壳-3
2026-03-16 16:00:49,744 INFO  SwAddin.cs: 339 - Loading config tree
2026-03-16 16:00:49,746 INFO  ConfigurationSerialization.cs: 276 - URDF Configuration found
<Link z:Id="i1" xmlns="http://schemas.datacontract.org/2004/07/SW2URDF" xmlns:i="http://www.w3.org/2001/XMLSchema-instance" xmlns:z="http://schemas.microsoft.com/2003/10/Serialization/"><Attributes><Attribute z:Id="i2"><AttributeType>name</AttributeType><IsRequired>true</IsRequired><Value i:type="a:string" xmlns:a="http://www.w3.org/2001/XMLSchema">base_link</Value></Attribute></Attributes><ChildElements><URDFElement z:Id="i3" i:type="Inertial"><Attributes/><ChildElements><URDFElement z:Id="i4" i:type="Origin"><Attributes><Attribute z:Id="i5"><AttributeType>xyz</AttributeType><IsRequired>true</IsRequired><Value i:type="a:ArrayOfdouble" xmlns:a="http://schemas.microsoft.com/2003/10/Serialization/Arrays"><a:double>0</a:double><a:double>0</a:double><a:double>0</a:double></Value></Attribute><Attribute z:Id="i6"><AttributeType>rpy</AttributeType><IsRequired>true</IsRequired><Value i:type="a:ArrayOfdouble" xmlns:a="http://schemas.microsoft.com/2003/10/Serialization/Arrays"><a:double>0</a:double><a:double>0</a:double><a:double>0</a:double></Value></Attribute></Attributes><ChildElements/><ElementName>origin</ElementName><required>false</required><RPYAttribute z:Ref="i6"/><XYZAttribute z:Ref="i5"/><isCustomized>false</isCustomized></URDFElement><URDFElement z:Id="i7" i:type="Mass"><Attributes><Attribute z:Id="i8"><AttributeType>value</AttributeType><IsRequired>true</IsRequired><Value i:type="a:double" xmlns:a="http://www.w3.org/2001/XMLSchema">0</Value></Attribute></Attributes><ChildElements/><ElementName>mass</ElementName><required>false</required><ValueAttribute z:Ref="i8"/></URDFElement><URDFElement z:Id="i9" i:type="Inertia"><Attributes><Attribute z:Id="i10"><AttributeType>ixx</AttributeType><IsRequired>true</IsRequired><Value i:type="a:double" xmlns:a="http://www.w3.org/2001/XMLSchema">0</Value></Attribute><Attribute z:Id="i11"><AttributeType>ixy</AttributeType><IsRequired>true</IsRequired><Value i:type="a:double" xmlns:a="http://www.w3.org/2001/XMLSchema">0</Value></Attribute><Attribute z:Id="i12"><AttributeType>ixz</AttributeType><IsRequired>true</IsRequired><Value i:type="a:double" xmlns:a="http://www.w3.org/2001/XMLSchema">0</Value></Attribute><Attribute z:Id="i13"><AttributeType>iyy</AttributeType><IsRequired>true</IsRequired><Value i:type="a:double" xmlns:a="http://www.w3.org/2001/XMLSchema">0</Value></Attribute><Attribute z:Id="i14"><AttributeType>iyz</AttributeType><IsRequired>true</IsRequired><Value i:type="a:double" xmlns:a="http://www.w3.org/2001/XMLSchema">0</Value></Attribute><Attribute z:Id="i15"><AttributeType>izz</AttributeType><IsRequired>true</IsRequired><Value i:type="a:double" xmlns:a="http://www.w3.org/2001/XMLSchema">0</Value></Attribute></Attributes><ChildElements/><ElementName>inertia</ElementName><required>false</required><IxxAttribute z:Ref="i10"/><IxyAttribute z:Ref="i11"/><IxzAttribute z:Ref="i12"/><IyyAttribute z:Ref="i13"/><IyzAttribute z:Ref="i14"/><IzzAttribute z:Ref="i15"/></URDFElement></ChildElements><ElementName>inertial</ElementName><required>false</required><Inertia z:Ref="i9"/><Mass z:Ref="i7"/><Origin z:Ref="i4"/></URDFElement><URDFElement z:Id="i16" i:type="Visual"><Attributes/><ChildElements><URDFElement z:Id="i17" i:type="Origin"><Attributes><Attribute z:Id="i18"><AttributeType>xyz</AttributeType><IsRequired>true</IsRequired><Value i:type="a:ArrayOfdouble" xmlns:a="http://schemas.microsoft.com/2003/10/Serialization/Arrays"><a:double>0</a:double><a:double>0</a:double><a:double>0</a:double></Value></Attribute><Attribute z:Id="i19"><AttributeType>rpy</AttributeType><IsRequired>true</IsRequired><Value i:type="a:ArrayOfdouble" xmlns:a="http://schemas.microsoft.com/2003/10/Serialization/Arrays"><a:double>0</a:double><a:double>0</a:double><a:double>0</a:double></Value></Attribute></Attributes><ChildElements/><ElementName>origin</ElementName><required>false</required><RPYAttribute z:Ref="i19"/><XYZAttribute z:Ref="i18"/><isCustomized>false</isCustomized></URDFElement><URDFElement z:Id="i20" i:type="Geometry"><Attributes/><ChildElements><URDFElement z:Id="i21" i:type="Mesh"><Attributes><Attribute z:Id="i22"><AttributeType>filename</AttributeType><IsRequired>true</IsRequired><Value i:nil="true"/></Attribute></Attributes><ChildElements/><ElementName>mesh</ElementName><required>false</required><FilenameAttribute z:Ref="i22"/></URDFElement></ChildElements><ElementName>geometry</ElementName><required>true</required><Mesh z:Ref="i21"/></URDFElement><URDFElement z:Id="i23" i:type="Material"><Attributes><Attribute z:Id="i24"><AttributeType>name</AttributeType><IsRequired>true</IsRequired><Value i:type="a:string" xmlns:a="http://www.w3.org/2001/XMLSchema"/></Attribute></Attributes><ChildElements><URDFElement z:Id="i25" i:type="Color"><Attributes><Attribute z:Id="i26"><AttributeType>rgba</AttributeType><IsRequired>true</IsRequired><Value i:type="a:ArrayOfdouble" xmlns:a="http://schemas.microsoft.com/2003/10/Serialization/Arrays"><a:double>1</a:double><a:double>1</a:double><a:double>1</a:double><a:double>1</a:double></Value></Attribute></Attributes><ChildElements/><ElementName>color</ElementName><required>false</required><RGBAAttribute z:Ref="i26"/></URDFElement><URDFElement z:Id="i27" i:type="Texture"><Attributes><Attribute z:Id="i28"><AttributeType>filename</AttributeType><IsRequired>true</IsRequired><Value i:nil="true"/></Attribute></Attributes><ChildElements/><ElementName>texture</ElementName><required>false</required><FilenameAttribute z:Ref="i28"/><wFilename/></URDFElement></ChildElements><ElementName>material</ElementName><required>false</required><Color z:Ref="i25"/><NameAttribute z:Ref="i24"/><Texture z:Ref="i27"/></URDFElement></ChildElements><ElementName>visual</ElementName><required>false</required><Geometry z:Ref="i20"/><Material z:Ref="i23"/><Origin z:Ref="i17"/></URDFElement><URDFElement z:Id="i29" i:type="Collision"><Attributes/><ChildElements><URDFElement z:Id="i30" i:type="Origin"><Attributes><Attribute z:Id="i31"><AttributeType>xyz</AttributeType><IsRequired>true</IsRequired><Value i:type="a:ArrayOfdouble" xmlns:a="http://schemas.microsoft.com/2003/10/Serialization/Arrays"><a:double>0</a:double><a:double>0</a:double><a:double>0</a:double></Value></Attribute><Attribute z:Id="i32"><AttributeType>rpy</AttributeType><IsRequired>true</IsRequired><Value i:type="a:ArrayOfdouble" xmlns:a="http://schemas.microsoft.com/2003/10/Serialization/Arrays"><a:double>0</a:double><a:double>0</a:double><a:double>0</a:double></Value></Attribute></Attributes><ChildElements/><ElementName>origin</ElementName><required>false</required><RPYAttribute z:Ref="i32"/><XYZAttribute z:Ref="i31"/><isCustomized>false</isCustomized></URDFElement><URDFElement z:Id="i33" i:type="Geometry"><Attributes/><ChildElements><URDFElement z:Id="i34" i:type="Mesh"><Attributes><Attribute z:Id="i35"><AttributeType>filename</AttributeType><IsRequired>true</IsRequired><Value i:nil="true"/></Attribute></Attributes><ChildElements/><ElementName>mesh</ElementName><required>false</required><FilenameAttribute z:Ref="i35"/></URDFElement></ChildElements><ElementName>geometry</ElementName><required>true</required><Mesh z:Ref="i34"/></URDFElement></ChildElements><ElementName>collision</ElementName><required>false</required><Geometry z:Ref="i33"/><Origin z:Ref="i30"/></URDFElement><URDFElement z:Id="i36" i:type="Joint"><Attributes><Attribute z:Id="i37"><AttributeType>name</AttributeType><IsRequired>true</IsRequired><Value i:type="a:string" xmlns:a="http://www.w3.org/2001/XMLSchema"/></Attribute><Attribute z:Id="i38"><AttributeType>type</AttributeType><IsRequired>true</IsRequired><Value i:type="a:string" xmlns:a="http://www.w3.org/2001/XMLSchema"/></Attribute></Attributes><ChildElements><URDFElement z:Id="i39" i:type="Origin"><Attributes><Attribute z:Id="i40"><AttributeType>xyz</AttributeType><IsRequired>true</IsRequired><Value i:type="a:ArrayOfdouble" xmlns:a="http://schemas.microsoft.com/2003/10/Serialization/Arrays"><a:double>0</a:double><a:double>0</a:double><a:double>0</a:double></Value></Attribute><Attribute z:Id="i41"><AttributeType>rpy</AttributeType><IsRequired>true</IsRequired><Value i:type="a:ArrayOfdouble" xmlns:a="http://schemas.microsoft.com/2003/10/Serialization/Arrays"><a:double>0</a:double><a:double>0</a:double><a:double>0</a:double></Value></Attribute></Attributes><ChildElements/><ElementName>origin</ElementName><required>false</required><RPYAttribute z:Ref="i41"/><XYZAttribute z:Ref="i40"/><isCustomized>false</isCustomized></URDFElement><URDFElement z:Id="i42" i:type="ParentLink"><Attributes><Attribute z:Id="i43"><AttributeType>link</AttributeType><IsRequired>true</IsRequired><Value i:type="a:string" xmlns:a="http://www.w3.org/2001/XMLSchema"/></Attribute></Attributes><ChildElements/><ElementName>parent</ElementName><required>true</required><NameAttribute z:Ref="i43"/></URDFElement><URDFElement z:Id="i44" i:type="ChildLink"><Attributes><Attribute z:Id="i45"><AttributeType>link</AttributeType><IsRequired>true</IsRequired><Value i:type="a:string" xmlns:a="http://www.w3.org/2001/XMLSchema"/></Attribute></Attributes><ChildElements/><ElementName>child</ElementName><required>true</required><NameAttribute z:Ref="i45"/></URDFElement><URDFElement z:Id="i46" i:type="Axis"><Attributes><Attribute z:Id="i47"><AttributeType>xyz</AttributeType><IsRequired>true</IsRequired><Value i:type="a:ArrayOfdouble" xmlns:a="http://schemas.microsoft.com/2003/10/Serialization/Arrays"><a:double>0</a:double><a:double>0</a:double><a:double>0</a:double></Value></Attribute></Attributes><ChildElements/><ElementName>axis</ElementName><required>false</required><XYZAttribute z:Ref="i47"/></URDFElement><URDFElement z:Id="i48" i:type="Limit"><Attributes><Attribute z:Id="i49"><AttributeType>lower</AttributeType><IsRequired>false</IsRequired><Value i:nil="true"/></Attribute><Attribute z:Id="i50"><AttributeType>upper</AttributeType><IsRequired>false</IsRequired><Value i:nil="true"/></Attribute><Attribute z:Id="i51"><AttributeType>effort</AttributeType><IsRequired>true</IsRequired><Value i:nil="true"/></Attribute><Attribute z:Id="i52"><AttributeType>velocity</AttributeType><IsRequired>true</IsRequired><Value i:nil="true"/></Attribute></Attributes><ChildElements/><ElementName>limit</ElementName><required>false</required><EffortAttribute z:Ref="i51"/><LowerAttribute z:Ref="i49"/><UpperAttribute z:Ref="i50"/><VelocityAttribute z:Ref="i52"/></URDFElement><URDFElement z:Id="i53" i:type="Calibration"><Attributes><Attribute z:Id="i54"><AttributeType>rising</AttributeType><IsRequired>false</IsRequired><Value i:nil="true"/></Attribute><Attribute z:Id="i55"><AttributeType>falling</AttributeType><IsRequired>false</IsRequired><Value i:nil="true"/></Attribute></Attributes><ChildElements/><ElementName>calibration</ElementName><required>false</required><FallingAttribute z:Ref="i55"/><RisingAttribute z:Ref="i54"/></URDFElement><URDFElement z:Id="i56" i:type="Dynamics"><Attributes><Attribute z:Id="i57"><AttributeType>damping</AttributeType><IsRequired>false</IsRequired><Value i:nil="true"/></Attribute><Attribute z:Id="i58"><AttributeType>friction</AttributeType><IsRequired>false</IsRequired><Value i:nil="true"/></Attribute></Attributes><ChildElements/><ElementName>dynamics</ElementName><required>false</required><DampingAttribute z:Ref="i57"/><FrictionAttribute z:Ref="i58"/></URDFElement><URDFElement z:Id="i59" i:type="SafetyController"><Attributes><Attribute z:Id="i60"><AttributeType>soft_upper_limit</AttributeType><IsRequired>false</IsRequired><Value i:nil="true"/></Attribute><Attribute z:Id="i61"><AttributeType>soft_lower_limit</AttributeType><IsRequired>false</IsRequired><Value i:nil="true"/></Attribute><Attribute z:Id="i62"><AttributeType>k_position</AttributeType><IsRequired>false</IsRequired><Value i:nil="true"/></Attribute><Attribute z:Id="i63"><AttributeType>k_velocity</AttributeType><IsRequired>true</IsRequired><Value i:nil="true"/></Attribute></Attributes><ChildElements/><ElementName>safety_controller</ElementName><required>false</required><KPositionAttribute z:Ref="i62"/><KVelocityAttribute z:Ref="i63"/><SoftLowerAttribute z:Ref="i61"/><SoftUpperAttribute z:Ref="i60"/></URDFElement><URDFElement z:Id="i64" i:type="Mimic"><Attributes><Attribute z:Id="i65"><AttributeType>joint</AttributeType><IsRequired>true</IsRequired><Value i:nil="true"/></Attribute><Attribute z:Id="i66"><AttributeType>multiplier</AttributeType><IsRequired>false</IsRequired><Value i:nil="true"/></Attribute><Attribute z:Id="i67"><AttributeType>offset</AttributeType><IsRequired>false</IsRequired><Value i:nil="true"/></Attribute></Attributes><ChildElements/><ElementName>mimic</ElementName><required>false</required><JointNameAttribute z:Ref="i65"/><MultiplierAttribute z:Ref="i66"/><OffsetAttribute z:Ref="i67"/></URDFElement></ChildElements><ElementName>joint</ElementName><required>false</required><Axis z:Ref="i46"/><AxisName/><Calibration z:Ref="i53"/><Child z:Ref="i44"/><CoordinateSystemName>?????????0</CoordinateSystemName><Dynamics z:Ref="i56"/><Limit z:Ref="i48"/><Mimic z:Ref="i64"/><NameAttribute z:Ref="i37"/><Origin z:Ref="i39"/><Parent z:Ref="i42"/><Safety z:Ref="i59"/><TypeAttribute z:Ref="i38"/></URDFElement></ChildElements><ElementName>link</ElementName><required>true</required><Children/><Collision z:Ref="i29"/><Inertial z:Ref="i3"/><Joint z:Ref="i36"/><NameAttribute z:Ref="i2"/><Parent i:nil="true"/><STLQualityFine>false</STLQualityFine><SWComponentPIDs xmlns:a="http://schemas.microsoft.com/2003/10/Serialization/Arrays"><a:base64Binary>UEYAAAUAAAD//v8xSwBLAEMAVABQAE0AMwBGADIAMAAuADAAMQAuADEANQBfAN6PpWPVbHBRLQAxAEAASwBLAEMAVABQAE0AMwBGADIAMABFAF8AMgAwAHNeqFIJTgdjS2IoAHp681ghaotXKQAEAAAAEAAAAAEAAAABAAAAZAMAAA==</a:base64Binary><a:base64Binary>UEYAAAUAAAD//v86SwBLAEcAQgBUADcAMAAuADEAIABNADQAWAAxADYAXwCFUW1R0okGV/FnNFm6h4mUIABNADQAWAAxADYALQA5AEAASwBLAEMAVABQAE0AMwBGADIAMABFAF8AMgAwAHNeqFIJTgdjS2IoAHp681ghaotXKQAEAAAAEAAAAAEAAAABAAAAYQQAAA==</a:base64Binary><a:base64Binary>UEYAAAUAAAD//v86SwBLAEcAQgBUADcAMAAuADEAIABNADQAWAAxADYAXwCFUW1R0okGV/FnNFm6h4mUIABNADQAWAAxADYALQA4AEAASwBLAEMAVABQAE0AMwBGADIAMABFAF8AMgAwAHNeqFIJTgdjS2IoAHp681ghaotXKQAEAAAAEAAAAAEAAAABAAAAYAQAAA==</a:base64Binary><a:base64Binary>UEYAAAUAAAD//v86SwBLAEcAQgBUADcAMAAuADEAIABNADQAWAAxADYAXwCFUW1R0okGV/FnNFm6h4mUIABNADQAWAAxADYALQA3AEAASwBLAEMAVABQAE0AMwBGADIAMABFAF8AMgAwAHNeqFIJTgdjS2IoAHp681ghaotXKQAEAAAAEAAAAAEAAAABAAAAXwQAAA==</a:base64Binary><a:base64Binary>UEYAAAUAAAD//v86SwBLAEcAQgBUADcAMAAuADEAIABNADQAWAAxADYAXwCFUW1R0okGV/FnNFm6h4mUIABNADQAWAAxADYALQAxAEAASwBLAEMAVABQAE0AMwBGADIAMABFAF8AMgAwAHNeqFIJTgdjS2IoAHp681ghaotXKQAEAAAAEAAAAAEAAAABAAAAowMAAA==</a:base64Binary><a:base64Binary>UEYAAAUAAAD//v87SwBLAEcAQgBUADcAMAAuADEAIABNADQAWAAxADYAXwCFUW1R0okGV/FnNFm6h4mUIABNADQAWAAxADYALQAxADEAQABLAEsAQwBUAFAATQAzAEYAMgAwAEUAXwAyADAAc16oUglOB2NLYigAenrzWCFqi1cpAAQAAAAQAAAAAQAAAAEAAABjBAAA</a:base64Binary><a:base64Binary>UEYAAAUAAAD//v87SwBLAEcAQgBUADcAMAAuADEAIABNADQAWAAxADYAXwCFUW1R0okGV/FnNFm6h4mUIABNADQAWAAxADYALQAxADAAQABLAEsAQwBUAFAATQAzAEYAMgAwAEUAXwAyADAAc16oUglOB2NLYigAenrzWCFqi1cpAAQAAAAQAAAAAQAAAAEAAABiBAAA</a:base64Binary><a:base64Binary>UEYAAAUAAAD//v8vSwBLAEMAVABQAE0AMwBGADIAMAAuADAAMQAuADAAMwBfABZZ81gtADMAQABLAEsAQwBUAFAATQAzAEYAMgAwAEUAXwAyADAAc16oUglOB2NLYigAenrzWCFqi1cpAAQAAAAQAAAAAQAAAAEAAACYAwAA</a:base64Binary><a:base64Binary>UEYAAAUAAAD//v8vSwBLAEMAVABQAE0AMwBGADIAMAAuADAAMQAuADAANwBfANZ2f2ctADIAQABLAEsAQwBUAFAATQAzAEYAMgAwAEUAXwAyADAAc16oUglOB2NLYigAenrzWCFqi1cpAAQAAAAQAAAAAQAAAAEAAAAHAwAA</a:base64Binary><a:base64Binary>UEYAAAUAAAD//v9eSwBLAEMAVABQAE0AMwBGADIAMAAuADAAMgBfAPR2v378W2iPxH72Ti0AMQA1AEAASwBLAEMAVABQAE0AMwBGADIAMABFAF8AMgAwAHNeqFIJTgdjS2IoAHp681ghaotXKQAvAEsASwBDAFQAUABNADMARgAyADAALgAwADEALgAxADEAXwD8W2iPaI9TkC0AMgBAAEsASwBDAFQAUABNADMARgAyADAALgAwADIAXwD0dr9+/Ftoj8R+9k4EAAAAEAAAAAEAAAACAAAAKQMAABYAAAA=</a:base64Binary><a:base64Binary>UEYAAAUAAAD//v9eSwBLAEMAVABQAE0AMwBGADIAMAAuADAAMgBfAPR2v378W2iPxH72Ti0AMQA0AEAASwBLAEMAVABQAE0AMwBGADIAMABFAF8AMgAwAHNeqFIJTgdjS2IoAHp681ghaotXKQAvAEsASwBDAFQAUABNADMARgAyADAALgAwADEALgAxADEAXwD8W2iPaI9TkC0AMgBAAEsASwBDAFQAUABNADMARgAyADAALgAwADIAXwD0dr9+/Ftoj8R+9k4EAAAAEAAAAAEAAAACAAAAKAMAABYAAAA=</a:base64Binary><a:base64Binary>UEYAAAUAAAD//v8ySwBLAEMAVABQAE0AMwBGADIAMAAuADAAMQAuADAANQBfADV1OmeJW8WIf2ctADMAQABLAEsAQwBUAFAATQAzAEYAMgAwAEUAXwAyADAAc16oUglOB2NLYigAenrzWCFqi1cpAAQAAAAQAAAAAQAAAAEAAABEAwAA</a:base64Binary><a:base64Binary>UEYAAAUAAAD//v9eSwBLAEMAVABQAE0AMwBGADIAMAAuADAAMgBfAPR2v378W2iPxH72Ti0AMQAxAEAASwBLAEMAVABQAE0AMwBGADIAMABFAF8AMgAwAHNeqFIJTgdjS2IoAHp681ghaotXKQAvAEsASwBDAFQAUABNADMARgAyADAALgAwADEALgAxADEAXwD8W2iPaI9TkC0AMgBAAEsASwBDAFQAUABNADMARgAyADAALgAwADIAXwD0dr9+/Ftoj8R+9k4EAAAAEAAAAAEAAAACAAAADAMAABYAAAA=</a:base64Binary></SWComponentPIDs><SWMainComponentPID i:nil="true"/><Visual z:Ref="i16"/><isFixedFrame>false</isFixedFrame><isIncomplete>false</isIncomplete></Link>
2026-03-16 16:00:49,785 INFO  LinkNode.cs: 35 - Building node base_link
2026-03-16 16:00:49,786 INFO  CommonSwOperations.cs: 221 - Loading SolidWorks components for base_link from C:\Users\shawn\Desktop\CTPM3F20E_20平动三指手可动数模\KKCTPM3F20E_20平动三指手(空壳模型).SLDASM
2026-03-16 16:00:49,787 INFO  CommonSwOperations.cs: 245 - Loading component with PID PF     ???1K K C T P M 3 F 2 0 . 0 1 . 1 5 _ ???c?lpQ- 1 @ K K C T P M 3 F 2 0 E _ 2 0 s^?R	NcKb( zz?X!j?W)             d  
2026-03-16 16:00:49,788 INFO  CommonSwOperations.cs: 254 - Successfully loaded component C:\Users\shawn\Desktop\CTPM3F20E_20平动三指手可动数模\KKCTPM3F20.01.15_连接法兰.SLDPRT
2026-03-16 16:00:49,788 INFO  CommonSwOperations.cs: 245 - Loading component with PID PF     ???:K K G B T 7 0 . 1   M 4 X 1 6 _ ?QmQ??W?g4Y????  M 4 X 1 6 - 9 @ K K C T P M 3 F 2 0 E _ 2 0 s^?R	NcKb( zz?X!j?W)             a  
2026-03-16 16:00:49,789 INFO  CommonSwOperations.cs: 254 - Successfully loaded component C:\Users\shawn\Desktop\CTPM3F20E_20平动三指手可动数模\KKGBT70.1 M4X16_内六角圆柱头螺钉 M4X16.SLDPRT
2026-03-16 16:00:49,789 INFO  CommonSwOperations.cs: 245 - Loading component with PID PF     ???:K K G B T 7 0 . 1   M 4 X 1 6 _ ?QmQ??W?g4Y????  M 4 X 1 6 - 8 @ K K C T P M 3 F 2 0 E _ 2 0 s^?R	NcKb( zz?X!j?W)             `  
2026-03-16 16:00:49,789 INFO  CommonSwOperations.cs: 254 - Successfully loaded component C:\Users\shawn\Desktop\CTPM3F20E_20平动三指手可动数模\KKGBT70.1 M4X16_内六角圆柱头螺钉 M4X16.SLDPRT
2026-03-16 16:00:49,789 INFO  CommonSwOperations.cs: 245 - Loading component with PID PF     ???:K K G B T 7 0 . 1   M 4 X 1 6 _ ?QmQ??W?g4Y????  M 4 X 1 6 - 7 @ K K C T P M 3 F 2 0 E _ 2 0 s^?R	NcKb( zz?X!j?W)             _  
2026-03-16 16:00:49,790 INFO  CommonSwOperations.cs: 254 - Successfully loaded component C:\Users\shawn\Desktop\CTPM3F20E_20平动三指手可动数模\KKGBT70.1 M4X16_内六角圆柱头螺钉 M4X16.SLDPRT
2026-03-16 16:00:49,790 INFO  CommonSwOperations.cs: 245 - Loading component with PID PF     ???:K K G B T 7 0 . 1   M 4 X 1 6 _ ?QmQ??W?g4Y????  M 4 X 1 6 - 1 @ K K C T P M 3 F 2 0 E _ 2 0 s^?R	NcKb( zz?X!j?W)             ?  
2026-03-16 16:00:49,790 INFO  CommonSwOperations.cs: 254 - Successfully loaded component C:\Users\shawn\Desktop\CTPM3F20E_20平动三指手可动数模\KKGBT70.1 M4X16_内六角圆柱头螺钉 M4X16.SLDPRT
2026-03-16 16:00:49,790 INFO  CommonSwOperations.cs: 245 - Loading component with PID PF     ???;K K G B T 7 0 . 1   M 4 X 1 6 _ ?QmQ??W?g4Y????  M 4 X 1 6 - 1 1 @ K K C T P M 3 F 2 0 E _ 2 0 s^?R	NcKb( zz?X!j?W)             c  
2026-03-16 16:00:49,791 INFO  CommonSwOperations.cs: 254 - Successfully loaded component C:\Users\shawn\Desktop\CTPM3F20E_20平动三指手可动数模\KKGBT70.1 M4X16_内六角圆柱头螺钉 M4X16.SLDPRT
2026-03-16 16:00:49,791 INFO  CommonSwOperations.cs: 245 - Loading component with PID PF     ???;K K G B T 7 0 . 1   M 4 X 1 6 _ ?QmQ??W?g4Y????  M 4 X 1 6 - 1 0 @ K K C T P M 3 F 2 0 E _ 2 0 s^?R	NcKb( zz?X!j?W)             b  
2026-03-16 16:00:49,792 INFO  CommonSwOperations.cs: 254 - Successfully loaded component C:\Users\shawn\Desktop\CTPM3F20E_20平动三指手可动数模\KKGBT70.1 M4X16_内六角圆柱头螺钉 M4X16.SLDPRT
2026-03-16 16:00:49,792 INFO  CommonSwOperations.cs: 245 - Loading component with PID PF     ???/K K C T P M 3 F 2 0 . 0 1 . 0 3 _ Y?X- 3 @ K K C T P M 3 F 2 0 E _ 2 0 s^?R	NcKb( zz?X!j?W)             ?  
2026-03-16 16:00:49,792 INFO  CommonSwOperations.cs: 254 - Successfully loaded component C:\Users\shawn\Desktop\CTPM3F20E_20平动三指手可动数模\KKCTPM3F20.01.03_外壳.SLDPRT
2026-03-16 16:00:49,792 INFO  CommonSwOperations.cs: 245 - Loading component with PID PF     ???/K K C T P M 3 F 2 0 . 0 1 . 0 7 _ ?vg- 2 @ K K C T P M 3 F 2 0 E _ 2 0 s^?R	NcKb( zz?X!j?W)               
2026-03-16 16:00:49,793 INFO  CommonSwOperations.cs: 254 - Successfully loaded component C:\Users\shawn\Desktop\CTPM3F20E_20平动三指手可动数模\KKCTPM3F20.01.07_盖板.SLDPRT
2026-03-16 16:00:49,793 INFO  CommonSwOperations.cs: 245 - Loading component with PID PF     ???^K K C T P M 3 F 2 0 . 0 2 _ ?v?~?[h??~?N- 1 5 @ K K C T P M 3 F 2 0 E _ 2 0 s^?R	NcKb( zz?X!j?W) / K K C T P M 3 F 2 0 . 0 1 . 1 1 _ ?[h?h?S?- 2 @ K K C T P M 3 F 2 0 . 0 2 _ ?v?~?[h??~?N            )     
2026-03-16 16:00:49,793 INFO  CommonSwOperations.cs: 254 - Successfully loaded component C:\Users\shawn\Desktop\CTPM3F20E_20平动三指手可动数模\KKCTPM3F20.01.11_导轨轨道.SLDPRT
2026-03-16 16:00:49,793 INFO  CommonSwOperations.cs: 245 - Loading component with PID PF     ???^K K C T P M 3 F 2 0 . 0 2 _ ?v?~?[h??~?N- 1 4 @ K K C T P M 3 F 2 0 E _ 2 0 s^?R	NcKb( zz?X!j?W) / K K C T P M 3 F 2 0 . 0 1 . 1 1 _ ?[h?h?S?- 2 @ K K C T P M 3 F 2 0 . 0 2 _ ?v?~?[h??~?N            (     
2026-03-16 16:00:49,794 INFO  CommonSwOperations.cs: 254 - Successfully loaded component C:\Users\shawn\Desktop\CTPM3F20E_20平动三指手可动数模\KKCTPM3F20.01.11_导轨轨道.SLDPRT
2026-03-16 16:00:49,794 INFO  CommonSwOperations.cs: 245 - Loading component with PID PF     ???2K K C T P M 3 F 2 0 . 0 1 . 0 5 _ 5u:g?[??g- 3 @ K K C T P M 3 F 2 0 E _ 2 0 s^?R	NcKb( zz?X!j?W)             D  
2026-03-16 16:00:49,794 INFO  CommonSwOperations.cs: 254 - Successfully loaded component C:\Users\shawn\Desktop\CTPM3F20E_20平动三指手可动数模\KKCTPM3F20.01.05_电机安装板.SLDPRT
2026-03-16 16:00:49,794 INFO  CommonSwOperations.cs: 245 - Loading component with PID PF     ???^K K C T P M 3 F 2 0 . 0 2 _ ?v?~?[h??~?N- 1 1 @ K K C T P M 3 F 2 0 E _ 2 0 s^?R	NcKb( zz?X!j?W) / K K C T P M 3 F 2 0 . 0 1 . 1 1 _ ?[h?h?S?- 2 @ K K C T P M 3 F 2 0 . 0 2 _ ?v?~?[h??~?N                 
2026-03-16 16:00:49,795 INFO  CommonSwOperations.cs: 254 - Successfully loaded component C:\Users\shawn\Desktop\CTPM3F20E_20平动三指手可动数模\KKCTPM3F20.01.11_导轨轨道.SLDPRT
2026-03-16 16:00:49,795 INFO  CommonSwOperations.cs: 230 - Loaded 13 components for link base_link
2026-03-16 16:00:50,004 INFO  SwAddin.cs: 344 - Showing property manager
2026-03-16 16:01:05,302 INFO  ExportPropertyManager.cs: 1142 - AfterClose called. This method no longer throws an Exception. It just silently does nothing. Ok, except for this logging message
2026-03-16 16:01:24,225 INFO  SwAddin.cs: 294 - Assembly export called for file KKCTPM3F20E_20平动三指手(空壳模型).SLDASM
2026-03-16 16:01:25,748 INFO  SwAddin.cs: 313 - Saving assembly
2026-03-16 16:01:25,924 INFO  SwAddin.cs: 316 - Opening property manager
2026-03-16 16:01:25,925 INFO  ExportHelperExtension.cs: 1125 - Retrieving features of type [CoordSys] from KKCTPM3F20E_20平动三指手(空壳模型).SLDASM
2026-03-16 16:01:25,925 INFO  ExportHelperExtension.cs: 1136 - Found 87 in KKCTPM3F20E_20平动三指手(空壳模型).SLDASM
2026-03-16 16:01:25,926 INFO  ExportHelperExtension.cs: 1145 - Found 4 features of type [CoordSys] in KKCTPM3F20E_20平动三指手(空壳模型).SLDASM
2026-03-16 16:01:25,926 INFO  ExportHelperExtension.cs: 1148 - Proceeding through assembly components
2026-03-16 16:01:25,926 INFO  ExportHelperExtension.cs: 1160 - 18 components to check
2026-03-16 16:01:25,926 INFO  ExportHelperExtension.cs: 1125 - Retrieving features of type [CoordSys] from KKCTPM3F20.02_直线导轨组件-14
2026-03-16 16:01:25,927 INFO  ExportHelperExtension.cs: 1136 - Found 50 in KKCTPM3F20.02_直线导轨组件-14
2026-03-16 16:01:25,927 INFO  ExportHelperExtension.cs: 1145 - Found 0 features of type [CoordSys] in KKCTPM3F20.02_直线导轨组件-14
2026-03-16 16:01:25,927 INFO  ExportHelperExtension.cs: 1125 - Retrieving features of type [CoordSys] from KKCTPM3F20.02_直线导轨组件-15
2026-03-16 16:01:25,928 INFO  ExportHelperExtension.cs: 1136 - Found 50 in KKCTPM3F20.02_直线导轨组件-15
2026-03-16 16:01:25,928 INFO  ExportHelperExtension.cs: 1145 - Found 0 features of type [CoordSys] in KKCTPM3F20.02_直线导轨组件-15
2026-03-16 16:01:25,928 INFO  ExportHelperExtension.cs: 1125 - Retrieving features of type [CoordSys] from KKGBT70.1 M4X16_内六角圆柱头螺钉 M4X16-11
2026-03-16 16:01:25,928 INFO  ExportHelperExtension.cs: 1136 - Found 27 in KKGBT70.1 M4X16_内六角圆柱头螺钉 M4X16-11
2026-03-16 16:01:25,930 INFO  ExportHelperExtension.cs: 1145 - Found 0 features of type [CoordSys] in KKGBT70.1 M4X16_内六角圆柱头螺钉 M4X16-11
2026-03-16 16:01:25,930 INFO  ExportHelperExtension.cs: 1125 - Retrieving features of type [CoordSys] from KKGBT70.1 M4X16_内六角圆柱头螺钉 M4X16-7
2026-03-16 16:01:25,930 INFO  ExportHelperExtension.cs: 1136 - Found 27 in KKGBT70.1 M4X16_内六角圆柱头螺钉 M4X16-7
2026-03-16 16:01:25,930 INFO  ExportHelperExtension.cs: 1145 - Found 0 features of type [CoordSys] in KKGBT70.1 M4X16_内六角圆柱头螺钉 M4X16-7
2026-03-16 16:01:25,931 INFO  ExportHelperExtension.cs: 1125 - Retrieving features of type [CoordSys] from KKGBT70.1 M4X16_内六角圆柱头螺钉 M4X16-8
2026-03-16 16:01:25,931 INFO  ExportHelperExtension.cs: 1136 - Found 27 in KKGBT70.1 M4X16_内六角圆柱头螺钉 M4X16-8
2026-03-16 16:01:25,931 INFO  ExportHelperExtension.cs: 1145 - Found 0 features of type [CoordSys] in KKGBT70.1 M4X16_内六角圆柱头螺钉 M4X16-8
2026-03-16 16:01:25,931 INFO  ExportHelperExtension.cs: 1125 - Retrieving features of type [CoordSys] from KKGBT70.1 M4X16_内六角圆柱头螺钉 M4X16-10
2026-03-16 16:01:25,932 INFO  ExportHelperExtension.cs: 1136 - Found 27 in KKGBT70.1 M4X16_内六角圆柱头螺钉 M4X16-10
2026-03-16 16:01:25,932 INFO  ExportHelperExtension.cs: 1145 - Found 0 features of type [CoordSys] in KKGBT70.1 M4X16_内六角圆柱头螺钉 M4X16-10
2026-03-16 16:01:25,933 INFO  ExportHelperExtension.cs: 1125 - Retrieving features of type [CoordSys] from KKGBT70.1 M4X16_内六角圆柱头螺钉 M4X16-9
2026-03-16 16:01:25,933 INFO  ExportHelperExtension.cs: 1136 - Found 27 in KKGBT70.1 M4X16_内六角圆柱头螺钉 M4X16-9
2026-03-16 16:01:25,933 INFO  ExportHelperExtension.cs: 1145 - Found 0 features of type [CoordSys] in KKGBT70.1 M4X16_内六角圆柱头螺钉 M4X16-9
2026-03-16 16:01:25,933 INFO  ExportHelperExtension.cs: 1125 - Retrieving features of type [CoordSys] from KKCTPM3F20.01.15_连接法兰-1
2026-03-16 16:01:25,934 INFO  ExportHelperExtension.cs: 1136 - Found 109 in KKCTPM3F20.01.15_连接法兰-1
2026-03-16 16:01:25,934 INFO  ExportHelperExtension.cs: 1145 - Found 0 features of type [CoordSys] in KKCTPM3F20.01.15_连接法兰-1
2026-03-16 16:01:25,934 INFO  ExportHelperExtension.cs: 1125 - Retrieving features of type [CoordSys] from KKCTPM3F20.01.07_盖板-2
2026-03-16 16:01:25,935 INFO  ExportHelperExtension.cs: 1136 - Found 50 in KKCTPM3F20.01.07_盖板-2
2026-03-16 16:01:25,935 INFO  ExportHelperExtension.cs: 1145 - Found 0 features of type [CoordSys] in KKCTPM3F20.01.07_盖板-2
2026-03-16 16:01:25,935 INFO  ExportHelperExtension.cs: 1125 - Retrieving features of type [CoordSys] from KKGBT70.1 M4X16_内六角圆柱头螺钉 M4X16-1
2026-03-16 16:01:25,935 INFO  ExportHelperExtension.cs: 1136 - Found 27 in KKGBT70.1 M4X16_内六角圆柱头螺钉 M4X16-1
2026-03-16 16:01:25,936 INFO  ExportHelperExtension.cs: 1145 - Found 0 features of type [CoordSys] in KKGBT70.1 M4X16_内六角圆柱头螺钉 M4X16-1
2026-03-16 16:01:25,936 INFO  ExportHelperExtension.cs: 1125 - Retrieving features of type [CoordSys] from KKCTPM3F20.02_直线导轨组件-11
2026-03-16 16:01:25,936 INFO  ExportHelperExtension.cs: 1136 - Found 50 in KKCTPM3F20.02_直线导轨组件-11
2026-03-16 16:01:25,936 INFO  ExportHelperExtension.cs: 1145 - Found 0 features of type [CoordSys] in KKCTPM3F20.02_直线导轨组件-11
2026-03-16 16:01:25,937 INFO  ExportHelperExtension.cs: 1125 - Retrieving features of type [CoordSys] from KKCTPM3F20.01.05_电机安装板-3
2026-03-16 16:01:25,937 INFO  ExportHelperExtension.cs: 1136 - Found 44 in KKCTPM3F20.01.05_电机安装板-3
2026-03-16 16:01:25,937 INFO  ExportHelperExtension.cs: 1145 - Found 0 features of type [CoordSys] in KKCTPM3F20.01.05_电机安装板-3
2026-03-16 16:01:25,937 INFO  ExportHelperExtension.cs: 1125 - Retrieving features of type [CoordSys] from KKCTPM3F20.01.03_外壳-3
2026-03-16 16:01:25,938 INFO  ExportHelperExtension.cs: 1136 - Found 117 in KKCTPM3F20.01.03_外壳-3
2026-03-16 16:01:25,938 INFO  ExportHelperExtension.cs: 1145 - Found 0 features of type [CoordSys] in KKCTPM3F20.01.03_外壳-3
2026-03-16 16:01:25,938 INFO  ExportHelperExtension.cs: 1125 - Retrieving features of type [RefAxis] from KKCTPM3F20E_20平动三指手(空壳模型).SLDASM
2026-03-16 16:01:25,939 INFO  ExportHelperExtension.cs: 1136 - Found 87 in KKCTPM3F20E_20平动三指手(空壳模型).SLDASM
2026-03-16 16:01:25,939 INFO  ExportHelperExtension.cs: 1145 - Found 3 features of type [RefAxis] in KKCTPM3F20E_20平动三指手(空壳模型).SLDASM
2026-03-16 16:01:25,939 INFO  ExportHelperExtension.cs: 1148 - Proceeding through assembly components
2026-03-16 16:01:25,940 INFO  ExportHelperExtension.cs: 1160 - 18 components to check
2026-03-16 16:01:25,940 INFO  ExportHelperExtension.cs: 1125 - Retrieving features of type [RefAxis] from KKCTPM3F20.02_直线导轨组件-14
2026-03-16 16:01:25,940 INFO  ExportHelperExtension.cs: 1136 - Found 50 in KKCTPM3F20.02_直线导轨组件-14
2026-03-16 16:01:25,940 INFO  ExportHelperExtension.cs: 1145 - Found 0 features of type [RefAxis] in KKCTPM3F20.02_直线导轨组件-14
2026-03-16 16:01:25,941 INFO  ExportHelperExtension.cs: 1125 - Retrieving features of type [RefAxis] from KKCTPM3F20.02_直线导轨组件-15
2026-03-16 16:01:25,941 INFO  ExportHelperExtension.cs: 1136 - Found 50 in KKCTPM3F20.02_直线导轨组件-15
2026-03-16 16:01:25,941 INFO  ExportHelperExtension.cs: 1145 - Found 0 features of type [RefAxis] in KKCTPM3F20.02_直线导轨组件-15
2026-03-16 16:01:25,941 INFO  ExportHelperExtension.cs: 1125 - Retrieving features of type [RefAxis] from KKGBT70.1 M4X16_内六角圆柱头螺钉 M4X16-11
2026-03-16 16:01:25,942 INFO  ExportHelperExtension.cs: 1136 - Found 27 in KKGBT70.1 M4X16_内六角圆柱头螺钉 M4X16-11
2026-03-16 16:01:25,942 INFO  ExportHelperExtension.cs: 1145 - Found 0 features of type [RefAxis] in KKGBT70.1 M4X16_内六角圆柱头螺钉 M4X16-11
2026-03-16 16:01:25,942 INFO  ExportHelperExtension.cs: 1125 - Retrieving features of type [RefAxis] from KKGBT70.1 M4X16_内六角圆柱头螺钉 M4X16-7
2026-03-16 16:01:25,942 INFO  ExportHelperExtension.cs: 1136 - Found 27 in KKGBT70.1 M4X16_内六角圆柱头螺钉 M4X16-7
2026-03-16 16:01:25,943 INFO  ExportHelperExtension.cs: 1145 - Found 0 features of type [RefAxis] in KKGBT70.1 M4X16_内六角圆柱头螺钉 M4X16-7
2026-03-16 16:01:25,943 INFO  ExportHelperExtension.cs: 1125 - Retrieving features of type [RefAxis] from KKGBT70.1 M4X16_内六角圆柱头螺钉 M4X16-8
2026-03-16 16:01:25,943 INFO  ExportHelperExtension.cs: 1136 - Found 27 in KKGBT70.1 M4X16_内六角圆柱头螺钉 M4X16-8
2026-03-16 16:01:25,944 INFO  ExportHelperExtension.cs: 1145 - Found 0 features of type [RefAxis] in KKGBT70.1 M4X16_内六角圆柱头螺钉 M4X16-8
2026-03-16 16:01:25,944 INFO  ExportHelperExtension.cs: 1125 - Retrieving features of type [RefAxis] from KKGBT70.1 M4X16_内六角圆柱头螺钉 M4X16-10
2026-03-16 16:01:25,944 INFO  ExportHelperExtension.cs: 1136 - Found 27 in KKGBT70.1 M4X16_内六角圆柱头螺钉 M4X16-10
2026-03-16 16:01:25,944 INFO  ExportHelperExtension.cs: 1145 - Found 0 features of type [RefAxis] in KKGBT70.1 M4X16_内六角圆柱头螺钉 M4X16-10
2026-03-16 16:01:25,944 INFO  ExportHelperExtension.cs: 1125 - Retrieving features of type [RefAxis] from KKGBT70.1 M4X16_内六角圆柱头螺钉 M4X16-9
2026-03-16 16:01:25,944 INFO  ExportHelperExtension.cs: 1136 - Found 27 in KKGBT70.1 M4X16_内六角圆柱头螺钉 M4X16-9
2026-03-16 16:01:25,945 INFO  ExportHelperExtension.cs: 1145 - Found 0 features of type [RefAxis] in KKGBT70.1 M4X16_内六角圆柱头螺钉 M4X16-9
2026-03-16 16:01:25,945 INFO  ExportHelperExtension.cs: 1125 - Retrieving features of type [RefAxis] from KKCTPM3F20.01.15_连接法兰-1
2026-03-16 16:01:25,945 INFO  ExportHelperExtension.cs: 1136 - Found 109 in KKCTPM3F20.01.15_连接法兰-1
2026-03-16 16:01:25,946 INFO  ExportHelperExtension.cs: 1145 - Found 1 features of type [RefAxis] in KKCTPM3F20.01.15_连接法兰-1
2026-03-16 16:01:25,946 INFO  ExportHelperExtension.cs: 1125 - Retrieving features of type [RefAxis] from KKCTPM3F20.01.07_盖板-2
2026-03-16 16:01:25,946 INFO  ExportHelperExtension.cs: 1136 - Found 50 in KKCTPM3F20.01.07_盖板-2
2026-03-16 16:01:25,947 INFO  ExportHelperExtension.cs: 1145 - Found 0 features of type [RefAxis] in KKCTPM3F20.01.07_盖板-2
2026-03-16 16:01:25,947 INFO  ExportHelperExtension.cs: 1125 - Retrieving features of type [RefAxis] from KKGBT70.1 M4X16_内六角圆柱头螺钉 M4X16-1
2026-03-16 16:01:25,947 INFO  ExportHelperExtension.cs: 1136 - Found 27 in KKGBT70.1 M4X16_内六角圆柱头螺钉 M4X16-1
2026-03-16 16:01:25,947 INFO  ExportHelperExtension.cs: 1145 - Found 0 features of type [RefAxis] in KKGBT70.1 M4X16_内六角圆柱头螺钉 M4X16-1
2026-03-16 16:01:25,947 INFO  ExportHelperExtension.cs: 1125 - Retrieving features of type [RefAxis] from KKCTPM3F20.02_直线导轨组件-11
2026-03-16 16:01:25,948 INFO  ExportHelperExtension.cs: 1136 - Found 50 in KKCTPM3F20.02_直线导轨组件-11
2026-03-16 16:01:25,948 INFO  ExportHelperExtension.cs: 1145 - Found 0 features of type [RefAxis] in KKCTPM3F20.02_直线导轨组件-11
2026-03-16 16:01:25,948 INFO  ExportHelperExtension.cs: 1125 - Retrieving features of type [RefAxis] from KKCTPM3F20.01.05_电机安装板-3
2026-03-16 16:01:25,948 INFO  ExportHelperExtension.cs: 1136 - Found 44 in KKCTPM3F20.01.05_电机安装板-3
2026-03-16 16:01:25,949 INFO  ExportHelperExtension.cs: 1145 - Found 0 features of type [RefAxis] in KKCTPM3F20.01.05_电机安装板-3
2026-03-16 16:01:25,949 INFO  ExportHelperExtension.cs: 1125 - Retrieving features of type [RefAxis] from KKCTPM3F20.01.03_外壳-3
2026-03-16 16:01:25,949 INFO  ExportHelperExtension.cs: 1136 - Found 117 in KKCTPM3F20.01.03_外壳-3
2026-03-16 16:01:25,950 INFO  ExportHelperExtension.cs: 1145 - Found 1 features of type [RefAxis] in KKCTPM3F20.01.03_外壳-3
2026-03-16 16:01:25,979 INFO  SwAddin.cs: 339 - Loading config tree
2026-03-16 16:01:25,980 INFO  ConfigurationSerialization.cs: 276 - URDF Configuration found
<Link z:Id="i1" xmlns="http://schemas.datacontract.org/2004/07/SW2URDF" xmlns:i="http://www.w3.org/2001/XMLSchema-instance" xmlns:z="http://schemas.microsoft.com/2003/10/Serialization/"><Attributes><Attribute z:Id="i2"><AttributeType>name</AttributeType><IsRequired>true</IsRequired><Value i:type="a:string" xmlns:a="http://www.w3.org/2001/XMLSchema">base_link</Value></Attribute></Attributes><ChildElements><URDFElement z:Id="i3" i:type="Inertial"><Attributes/><ChildElements><URDFElement z:Id="i4" i:type="Origin"><Attributes><Attribute z:Id="i5"><AttributeType>xyz</AttributeType><IsRequired>true</IsRequired><Value i:type="a:ArrayOfdouble" xmlns:a="http://schemas.microsoft.com/2003/10/Serialization/Arrays"><a:double>0</a:double><a:double>0</a:double><a:double>0</a:double></Value></Attribute><Attribute z:Id="i6"><AttributeType>rpy</AttributeType><IsRequired>true</IsRequired><Value i:type="a:ArrayOfdouble" xmlns:a="http://schemas.microsoft.com/2003/10/Serialization/Arrays"><a:double>0</a:double><a:double>0</a:double><a:double>0</a:double></Value></Attribute></Attributes><ChildElements/><ElementName>origin</ElementName><required>false</required><RPYAttribute z:Ref="i6"/><XYZAttribute z:Ref="i5"/><isCustomized>false</isCustomized></URDFElement><URDFElement z:Id="i7" i:type="Mass"><Attributes><Attribute z:Id="i8"><AttributeType>value</AttributeType><IsRequired>true</IsRequired><Value i:type="a:double" xmlns:a="http://www.w3.org/2001/XMLSchema">0</Value></Attribute></Attributes><ChildElements/><ElementName>mass</ElementName><required>false</required><ValueAttribute z:Ref="i8"/></URDFElement><URDFElement z:Id="i9" i:type="Inertia"><Attributes><Attribute z:Id="i10"><AttributeType>ixx</AttributeType><IsRequired>true</IsRequired><Value i:type="a:double" xmlns:a="http://www.w3.org/2001/XMLSchema">0</Value></Attribute><Attribute z:Id="i11"><AttributeType>ixy</AttributeType><IsRequired>true</IsRequired><Value i:type="a:double" xmlns:a="http://www.w3.org/2001/XMLSchema">0</Value></Attribute><Attribute z:Id="i12"><AttributeType>ixz</AttributeType><IsRequired>true</IsRequired><Value i:type="a:double" xmlns:a="http://www.w3.org/2001/XMLSchema">0</Value></Attribute><Attribute z:Id="i13"><AttributeType>iyy</AttributeType><IsRequired>true</IsRequired><Value i:type="a:double" xmlns:a="http://www.w3.org/2001/XMLSchema">0</Value></Attribute><Attribute z:Id="i14"><AttributeType>iyz</AttributeType><IsRequired>true</IsRequired><Value i:type="a:double" xmlns:a="http://www.w3.org/2001/XMLSchema">0</Value></Attribute><Attribute z:Id="i15"><AttributeType>izz</AttributeType><IsRequired>true</IsRequired><Value i:type="a:double" xmlns:a="http://www.w3.org/2001/XMLSchema">0</Value></Attribute></Attributes><ChildElements/><ElementName>inertia</ElementName><required>false</required><IxxAttribute z:Ref="i10"/><IxyAttribute z:Ref="i11"/><IxzAttribute z:Ref="i12"/><IyyAttribute z:Ref="i13"/><IyzAttribute z:Ref="i14"/><IzzAttribute z:Ref="i15"/></URDFElement></ChildElements><ElementName>inertial</ElementName><required>false</required><Inertia z:Ref="i9"/><Mass z:Ref="i7"/><Origin z:Ref="i4"/></URDFElement><URDFElement z:Id="i16" i:type="Visual"><Attributes/><ChildElements><URDFElement z:Id="i17" i:type="Origin"><Attributes><Attribute z:Id="i18"><AttributeType>xyz</AttributeType><IsRequired>true</IsRequired><Value i:type="a:ArrayOfdouble" xmlns:a="http://schemas.microsoft.com/2003/10/Serialization/Arrays"><a:double>0</a:double><a:double>0</a:double><a:double>0</a:double></Value></Attribute><Attribute z:Id="i19"><AttributeType>rpy</AttributeType><IsRequired>true</IsRequired><Value i:type="a:ArrayOfdouble" xmlns:a="http://schemas.microsoft.com/2003/10/Serialization/Arrays"><a:double>0</a:double><a:double>0</a:double><a:double>0</a:double></Value></Attribute></Attributes><ChildElements/><ElementName>origin</ElementName><required>false</required><RPYAttribute z:Ref="i19"/><XYZAttribute z:Ref="i18"/><isCustomized>false</isCustomized></URDFElement><URDFElement z:Id="i20" i:type="Geometry"><Attributes/><ChildElements><URDFElement z:Id="i21" i:type="Mesh"><Attributes><Attribute z:Id="i22"><AttributeType>filename</AttributeType><IsRequired>true</IsRequired><Value i:nil="true"/></Attribute></Attributes><ChildElements/><ElementName>mesh</ElementName><required>false</required><FilenameAttribute z:Ref="i22"/></URDFElement></ChildElements><ElementName>geometry</ElementName><required>true</required><Mesh z:Ref="i21"/></URDFElement><URDFElement z:Id="i23" i:type="Material"><Attributes><Attribute z:Id="i24"><AttributeType>name</AttributeType><IsRequired>true</IsRequired><Value i:type="a:string" xmlns:a="http://www.w3.org/2001/XMLSchema"/></Attribute></Attributes><ChildElements><URDFElement z:Id="i25" i:type="Color"><Attributes><Attribute z:Id="i26"><AttributeType>rgba</AttributeType><IsRequired>true</IsRequired><Value i:type="a:ArrayOfdouble" xmlns:a="http://schemas.microsoft.com/2003/10/Serialization/Arrays"><a:double>1</a:double><a:double>1</a:double><a:double>1</a:double><a:double>1</a:double></Value></Attribute></Attributes><ChildElements/><ElementName>color</ElementName><required>false</required><RGBAAttribute z:Ref="i26"/></URDFElement><URDFElement z:Id="i27" i:type="Texture"><Attributes><Attribute z:Id="i28"><AttributeType>filename</AttributeType><IsRequired>true</IsRequired><Value i:nil="true"/></Attribute></Attributes><ChildElements/><ElementName>texture</ElementName><required>false</required><FilenameAttribute z:Ref="i28"/><wFilename/></URDFElement></ChildElements><ElementName>material</ElementName><required>false</required><Color z:Ref="i25"/><NameAttribute z:Ref="i24"/><Texture z:Ref="i27"/></URDFElement></ChildElements><ElementName>visual</ElementName><required>false</required><Geometry z:Ref="i20"/><Material z:Ref="i23"/><Origin z:Ref="i17"/></URDFElement><URDFElement z:Id="i29" i:type="Collision"><Attributes/><ChildElements><URDFElement z:Id="i30" i:type="Origin"><Attributes><Attribute z:Id="i31"><AttributeType>xyz</AttributeType><IsRequired>true</IsRequired><Value i:type="a:ArrayOfdouble" xmlns:a="http://schemas.microsoft.com/2003/10/Serialization/Arrays"><a:double>0</a:double><a:double>0</a:double><a:double>0</a:double></Value></Attribute><Attribute z:Id="i32"><AttributeType>rpy</AttributeType><IsRequired>true</IsRequired><Value i:type="a:ArrayOfdouble" xmlns:a="http://schemas.microsoft.com/2003/10/Serialization/Arrays"><a:double>0</a:double><a:double>0</a:double><a:double>0</a:double></Value></Attribute></Attributes><ChildElements/><ElementName>origin</ElementName><required>false</required><RPYAttribute z:Ref="i32"/><XYZAttribute z:Ref="i31"/><isCustomized>false</isCustomized></URDFElement><URDFElement z:Id="i33" i:type="Geometry"><Attributes/><ChildElements><URDFElement z:Id="i34" i:type="Mesh"><Attributes><Attribute z:Id="i35"><AttributeType>filename</AttributeType><IsRequired>true</IsRequired><Value i:nil="true"/></Attribute></Attributes><ChildElements/><ElementName>mesh</ElementName><required>false</required><FilenameAttribute z:Ref="i35"/></URDFElement></ChildElements><ElementName>geometry</ElementName><required>true</required><Mesh z:Ref="i34"/></URDFElement></ChildElements><ElementName>collision</ElementName><required>false</required><Geometry z:Ref="i33"/><Origin z:Ref="i30"/></URDFElement><URDFElement z:Id="i36" i:type="Joint"><Attributes><Attribute z:Id="i37"><AttributeType>name</AttributeType><IsRequired>true</IsRequired><Value i:type="a:string" xmlns:a="http://www.w3.org/2001/XMLSchema"/></Attribute><Attribute z:Id="i38"><AttributeType>type</AttributeType><IsRequired>true</IsRequired><Value i:type="a:string" xmlns:a="http://www.w3.org/2001/XMLSchema"/></Attribute></Attributes><ChildElements><URDFElement z:Id="i39" i:type="Origin"><Attributes><Attribute z:Id="i40"><AttributeType>xyz</AttributeType><IsRequired>true</IsRequired><Value i:type="a:ArrayOfdouble" xmlns:a="http://schemas.microsoft.com/2003/10/Serialization/Arrays"><a:double>0</a:double><a:double>0</a:double><a:double>0</a:double></Value></Attribute><Attribute z:Id="i41"><AttributeType>rpy</AttributeType><IsRequired>true</IsRequired><Value i:type="a:ArrayOfdouble" xmlns:a="http://schemas.microsoft.com/2003/10/Serialization/Arrays"><a:double>0</a:double><a:double>0</a:double><a:double>0</a:double></Value></Attribute></Attributes><ChildElements/><ElementName>origin</ElementName><required>false</required><RPYAttribute z:Ref="i41"/><XYZAttribute z:Ref="i40"/><isCustomized>false</isCustomized></URDFElement><URDFElement z:Id="i42" i:type="ParentLink"><Attributes><Attribute z:Id="i43"><AttributeType>link</AttributeType><IsRequired>true</IsRequired><Value i:type="a:string" xmlns:a="http://www.w3.org/2001/XMLSchema"/></Attribute></Attributes><ChildElements/><ElementName>parent</ElementName><required>true</required><NameAttribute z:Ref="i43"/></URDFElement><URDFElement z:Id="i44" i:type="ChildLink"><Attributes><Attribute z:Id="i45"><AttributeType>link</AttributeType><IsRequired>true</IsRequired><Value i:type="a:string" xmlns:a="http://www.w3.org/2001/XMLSchema"/></Attribute></Attributes><ChildElements/><ElementName>child</ElementName><required>true</required><NameAttribute z:Ref="i45"/></URDFElement><URDFElement z:Id="i46" i:type="Axis"><Attributes><Attribute z:Id="i47"><AttributeType>xyz</AttributeType><IsRequired>true</IsRequired><Value i:type="a:ArrayOfdouble" xmlns:a="http://schemas.microsoft.com/2003/10/Serialization/Arrays"><a:double>0</a:double><a:double>0</a:double><a:double>0</a:double></Value></Attribute></Attributes><ChildElements/><ElementName>axis</ElementName><required>false</required><XYZAttribute z:Ref="i47"/></URDFElement><URDFElement z:Id="i48" i:type="Limit"><Attributes><Attribute z:Id="i49"><AttributeType>lower</AttributeType><IsRequired>false</IsRequired><Value i:nil="true"/></Attribute><Attribute z:Id="i50"><AttributeType>upper</AttributeType><IsRequired>false</IsRequired><Value i:nil="true"/></Attribute><Attribute z:Id="i51"><AttributeType>effort</AttributeType><IsRequired>true</IsRequired><Value i:nil="true"/></Attribute><Attribute z:Id="i52"><AttributeType>velocity</AttributeType><IsRequired>true</IsRequired><Value i:nil="true"/></Attribute></Attributes><ChildElements/><ElementName>limit</ElementName><required>false</required><EffortAttribute z:Ref="i51"/><LowerAttribute z:Ref="i49"/><UpperAttribute z:Ref="i50"/><VelocityAttribute z:Ref="i52"/></URDFElement><URDFElement z:Id="i53" i:type="Calibration"><Attributes><Attribute z:Id="i54"><AttributeType>rising</AttributeType><IsRequired>false</IsRequired><Value i:nil="true"/></Attribute><Attribute z:Id="i55"><AttributeType>falling</AttributeType><IsRequired>false</IsRequired><Value i:nil="true"/></Attribute></Attributes><ChildElements/><ElementName>calibration</ElementName><required>false</required><FallingAttribute z:Ref="i55"/><RisingAttribute z:Ref="i54"/></URDFElement><URDFElement z:Id="i56" i:type="Dynamics"><Attributes><Attribute z:Id="i57"><AttributeType>damping</AttributeType><IsRequired>false</IsRequired><Value i:nil="true"/></Attribute><Attribute z:Id="i58"><AttributeType>friction</AttributeType><IsRequired>false</IsRequired><Value i:nil="true"/></Attribute></Attributes><ChildElements/><ElementName>dynamics</ElementName><required>false</required><DampingAttribute z:Ref="i57"/><FrictionAttribute z:Ref="i58"/></URDFElement><URDFElement z:Id="i59" i:type="SafetyController"><Attributes><Attribute z:Id="i60"><AttributeType>soft_upper_limit</AttributeType><IsRequired>false</IsRequired><Value i:nil="true"/></Attribute><Attribute z:Id="i61"><AttributeType>soft_lower_limit</AttributeType><IsRequired>false</IsRequired><Value i:nil="true"/></Attribute><Attribute z:Id="i62"><AttributeType>k_position</AttributeType><IsRequired>false</IsRequired><Value i:nil="true"/></Attribute><Attribute z:Id="i63"><AttributeType>k_velocity</AttributeType><IsRequired>true</IsRequired><Value i:nil="true"/></Attribute></Attributes><ChildElements/><ElementName>safety_controller</ElementName><required>false</required><KPositionAttribute z:Ref="i62"/><KVelocityAttribute z:Ref="i63"/><SoftLowerAttribute z:Ref="i61"/><SoftUpperAttribute z:Ref="i60"/></URDFElement><URDFElement z:Id="i64" i:type="Mimic"><Attributes><Attribute z:Id="i65"><AttributeType>joint</AttributeType><IsRequired>true</IsRequired><Value i:nil="true"/></Attribute><Attribute z:Id="i66"><AttributeType>multiplier</AttributeType><IsRequired>false</IsRequired><Value i:nil="true"/></Attribute><Attribute z:Id="i67"><AttributeType>offset</AttributeType><IsRequired>false</IsRequired><Value i:nil="true"/></Attribute></Attributes><ChildElements/><ElementName>mimic</ElementName><required>false</required><JointNameAttribute z:Ref="i65"/><MultiplierAttribute z:Ref="i66"/><OffsetAttribute z:Ref="i67"/></URDFElement></ChildElements><ElementName>joint</ElementName><required>false</required><Axis z:Ref="i46"/><AxisName/><Calibration z:Ref="i53"/><Child z:Ref="i44"/><CoordinateSystemName>?????????0</CoordinateSystemName><Dynamics z:Ref="i56"/><Limit z:Ref="i48"/><Mimic z:Ref="i64"/><NameAttribute z:Ref="i37"/><Origin z:Ref="i39"/><Parent z:Ref="i42"/><Safety z:Ref="i59"/><TypeAttribute z:Ref="i38"/></URDFElement></ChildElements><ElementName>link</ElementName><required>true</required><Children/><Collision z:Ref="i29"/><Inertial z:Ref="i3"/><Joint z:Ref="i36"/><NameAttribute z:Ref="i2"/><Parent i:nil="true"/><STLQualityFine>false</STLQualityFine><SWComponentPIDs xmlns:a="http://schemas.microsoft.com/2003/10/Serialization/Arrays"><a:base64Binary>UEYAAAUAAAD//v8xSwBLAEMAVABQAE0AMwBGADIAMAAuADAAMQAuADEANQBfAN6PpWPVbHBRLQAxAEAASwBLAEMAVABQAE0AMwBGADIAMABFAF8AMgAwAHNeqFIJTgdjS2IoAHp681ghaotXKQAEAAAAEAAAAAEAAAABAAAAZAMAAA==</a:base64Binary><a:base64Binary>UEYAAAUAAAD//v86SwBLAEcAQgBUADcAMAAuADEAIABNADQAWAAxADYAXwCFUW1R0okGV/FnNFm6h4mUIABNADQAWAAxADYALQA5AEAASwBLAEMAVABQAE0AMwBGADIAMABFAF8AMgAwAHNeqFIJTgdjS2IoAHp681ghaotXKQAEAAAAEAAAAAEAAAABAAAAYQQAAA==</a:base64Binary><a:base64Binary>UEYAAAUAAAD//v86SwBLAEcAQgBUADcAMAAuADEAIABNADQAWAAxADYAXwCFUW1R0okGV/FnNFm6h4mUIABNADQAWAAxADYALQA4AEAASwBLAEMAVABQAE0AMwBGADIAMABFAF8AMgAwAHNeqFIJTgdjS2IoAHp681ghaotXKQAEAAAAEAAAAAEAAAABAAAAYAQAAA==</a:base64Binary><a:base64Binary>UEYAAAUAAAD//v86SwBLAEcAQgBUADcAMAAuADEAIABNADQAWAAxADYAXwCFUW1R0okGV/FnNFm6h4mUIABNADQAWAAxADYALQA3AEAASwBLAEMAVABQAE0AMwBGADIAMABFAF8AMgAwAHNeqFIJTgdjS2IoAHp681ghaotXKQAEAAAAEAAAAAEAAAABAAAAXwQAAA==</a:base64Binary><a:base64Binary>UEYAAAUAAAD//v86SwBLAEcAQgBUADcAMAAuADEAIABNADQAWAAxADYAXwCFUW1R0okGV/FnNFm6h4mUIABNADQAWAAxADYALQAxAEAASwBLAEMAVABQAE0AMwBGADIAMABFAF8AMgAwAHNeqFIJTgdjS2IoAHp681ghaotXKQAEAAAAEAAAAAEAAAABAAAAowMAAA==</a:base64Binary><a:base64Binary>UEYAAAUAAAD//v87SwBLAEcAQgBUADcAMAAuADEAIABNADQAWAAxADYAXwCFUW1R0okGV/FnNFm6h4mUIABNADQAWAAxADYALQAxADEAQABLAEsAQwBUAFAATQAzAEYAMgAwAEUAXwAyADAAc16oUglOB2NLYigAenrzWCFqi1cpAAQAAAAQAAAAAQAAAAEAAABjBAAA</a:base64Binary><a:base64Binary>UEYAAAUAAAD//v87SwBLAEcAQgBUADcAMAAuADEAIABNADQAWAAxADYAXwCFUW1R0okGV/FnNFm6h4mUIABNADQAWAAxADYALQAxADAAQABLAEsAQwBUAFAATQAzAEYAMgAwAEUAXwAyADAAc16oUglOB2NLYigAenrzWCFqi1cpAAQAAAAQAAAAAQAAAAEAAABiBAAA</a:base64Binary><a:base64Binary>UEYAAAUAAAD//v8vSwBLAEMAVABQAE0AMwBGADIAMAAuADAAMQAuADAAMwBfABZZ81gtADMAQABLAEsAQwBUAFAATQAzAEYAMgAwAEUAXwAyADAAc16oUglOB2NLYigAenrzWCFqi1cpAAQAAAAQAAAAAQAAAAEAAACYAwAA</a:base64Binary><a:base64Binary>UEYAAAUAAAD//v8vSwBLAEMAVABQAE0AMwBGADIAMAAuADAAMQAuADAANwBfANZ2f2ctADIAQABLAEsAQwBUAFAATQAzAEYAMgAwAEUAXwAyADAAc16oUglOB2NLYigAenrzWCFqi1cpAAQAAAAQAAAAAQAAAAEAAAAHAwAA</a:base64Binary><a:base64Binary>UEYAAAUAAAD//v9eSwBLAEMAVABQAE0AMwBGADIAMAAuADAAMgBfAPR2v378W2iPxH72Ti0AMQA1AEAASwBLAEMAVABQAE0AMwBGADIAMABFAF8AMgAwAHNeqFIJTgdjS2IoAHp681ghaotXKQAvAEsASwBDAFQAUABNADMARgAyADAALgAwADEALgAxADEAXwD8W2iPaI9TkC0AMgBAAEsASwBDAFQAUABNADMARgAyADAALgAwADIAXwD0dr9+/Ftoj8R+9k4EAAAAEAAAAAEAAAACAAAAKQMAABYAAAA=</a:base64Binary><a:base64Binary>UEYAAAUAAAD//v9eSwBLAEMAVABQAE0AMwBGADIAMAAuADAAMgBfAPR2v378W2iPxH72Ti0AMQA0AEAASwBLAEMAVABQAE0AMwBGADIAMABFAF8AMgAwAHNeqFIJTgdjS2IoAHp681ghaotXKQAvAEsASwBDAFQAUABNADMARgAyADAALgAwADEALgAxADEAXwD8W2iPaI9TkC0AMgBAAEsASwBDAFQAUABNADMARgAyADAALgAwADIAXwD0dr9+/Ftoj8R+9k4EAAAAEAAAAAEAAAACAAAAKAMAABYAAAA=</a:base64Binary><a:base64Binary>UEYAAAUAAAD//v8ySwBLAEMAVABQAE0AMwBGADIAMAAuADAAMQAuADAANQBfADV1OmeJW8WIf2ctADMAQABLAEsAQwBUAFAATQAzAEYAMgAwAEUAXwAyADAAc16oUglOB2NLYigAenrzWCFqi1cpAAQAAAAQAAAAAQAAAAEAAABEAwAA</a:base64Binary><a:base64Binary>UEYAAAUAAAD//v9eSwBLAEMAVABQAE0AMwBGADIAMAAuADAAMgBfAPR2v378W2iPxH72Ti0AMQAxAEAASwBLAEMAVABQAE0AMwBGADIAMABFAF8AMgAwAHNeqFIJTgdjS2IoAHp681ghaotXKQAvAEsASwBDAFQAUABNADMARgAyADAALgAwADEALgAxADEAXwD8W2iPaI9TkC0AMgBAAEsASwBDAFQAUABNADMARgAyADAALgAwADIAXwD0dr9+/Ftoj8R+9k4EAAAAEAAAAAEAAAACAAAADAMAABYAAAA=</a:base64Binary></SWComponentPIDs><SWMainComponentPID i:nil="true"/><Visual z:Ref="i16"/><isFixedFrame>false</isFixedFrame><isIncomplete>false</isIncomplete></Link>
2026-03-16 16:01:25,981 INFO  LinkNode.cs: 35 - Building node base_link
2026-03-16 16:01:25,981 INFO  CommonSwOperations.cs: 221 - Loading SolidWorks components for base_link from C:\Users\shawn\Desktop\CTPM3F20E_20平动三指手可动数模\KKCTPM3F20E_20平动三指手(空壳模型).SLDASM
2026-03-16 16:01:25,981 INFO  CommonSwOperations.cs: 245 - Loading component with PID PF     ???1K K C T P M 3 F 2 0 . 0 1 . 1 5 _ ???c?lpQ- 1 @ K K C T P M 3 F 2 0 E _ 2 0 s^?R	NcKb( zz?X!j?W)             d  
2026-03-16 16:01:25,982 INFO  CommonSwOperations.cs: 254 - Successfully loaded component C:\Users\shawn\Desktop\CTPM3F20E_20平动三指手可动数模\KKCTPM3F20.01.15_连接法兰.SLDPRT
2026-03-16 16:01:25,982 INFO  CommonSwOperations.cs: 245 - Loading component with PID PF     ???:K K G B T 7 0 . 1   M 4 X 1 6 _ ?QmQ??W?g4Y????  M 4 X 1 6 - 9 @ K K C T P M 3 F 2 0 E _ 2 0 s^?R	NcKb( zz?X!j?W)             a  
2026-03-16 16:01:25,982 INFO  CommonSwOperations.cs: 254 - Successfully loaded component C:\Users\shawn\Desktop\CTPM3F20E_20平动三指手可动数模\KKGBT70.1 M4X16_内六角圆柱头螺钉 M4X16.SLDPRT
2026-03-16 16:01:25,983 INFO  CommonSwOperations.cs: 245 - Loading component with PID PF     ???:K K G B T 7 0 . 1   M 4 X 1 6 _ ?QmQ??W?g4Y????  M 4 X 1 6 - 8 @ K K C T P M 3 F 2 0 E _ 2 0 s^?R	NcKb( zz?X!j?W)             `  
2026-03-16 16:01:25,983 INFO  CommonSwOperations.cs: 254 - Successfully loaded component C:\Users\shawn\Desktop\CTPM3F20E_20平动三指手可动数模\KKGBT70.1 M4X16_内六角圆柱头螺钉 M4X16.SLDPRT
2026-03-16 16:01:25,983 INFO  CommonSwOperations.cs: 245 - Loading component with PID PF     ???:K K G B T 7 0 . 1   M 4 X 1 6 _ ?QmQ??W?g4Y????  M 4 X 1 6 - 7 @ K K C T P M 3 F 2 0 E _ 2 0 s^?R	NcKb( zz?X!j?W)             _  
2026-03-16 16:01:25,983 INFO  CommonSwOperations.cs: 254 - Successfully loaded component C:\Users\shawn\Desktop\CTPM3F20E_20平动三指手可动数模\KKGBT70.1 M4X16_内六角圆柱头螺钉 M4X16.SLDPRT
2026-03-16 16:01:25,984 INFO  CommonSwOperations.cs: 245 - Loading component with PID PF     ???:K K G B T 7 0 . 1   M 4 X 1 6 _ ?QmQ??W?g4Y????  M 4 X 1 6 - 1 @ K K C T P M 3 F 2 0 E _ 2 0 s^?R	NcKb( zz?X!j?W)             ?  
2026-03-16 16:01:25,984 INFO  CommonSwOperations.cs: 254 - Successfully loaded component C:\Users\shawn\Desktop\CTPM3F20E_20平动三指手可动数模\KKGBT70.1 M4X16_内六角圆柱头螺钉 M4X16.SLDPRT
2026-03-16 16:01:25,984 INFO  CommonSwOperations.cs: 245 - Loading component with PID PF     ???;K K G B T 7 0 . 1   M 4 X 1 6 _ ?QmQ??W?g4Y????  M 4 X 1 6 - 1 1 @ K K C T P M 3 F 2 0 E _ 2 0 s^?R	NcKb( zz?X!j?W)             c  
2026-03-16 16:01:25,984 INFO  CommonSwOperations.cs: 254 - Successfully loaded component C:\Users\shawn\Desktop\CTPM3F20E_20平动三指手可动数模\KKGBT70.1 M4X16_内六角圆柱头螺钉 M4X16.SLDPRT
2026-03-16 16:01:25,984 INFO  CommonSwOperations.cs: 245 - Loading component with PID PF     ???;K K G B T 7 0 . 1   M 4 X 1 6 _ ?QmQ??W?g4Y????  M 4 X 1 6 - 1 0 @ K K C T P M 3 F 2 0 E _ 2 0 s^?R	NcKb( zz?X!j?W)             b  
2026-03-16 16:01:25,985 INFO  CommonSwOperations.cs: 254 - Successfully loaded component C:\Users\shawn\Desktop\CTPM3F20E_20平动三指手可动数模\KKGBT70.1 M4X16_内六角圆柱头螺钉 M4X16.SLDPRT
2026-03-16 16:01:25,985 INFO  CommonSwOperations.cs: 245 - Loading component with PID PF     ???/K K C T P M 3 F 2 0 . 0 1 . 0 3 _ Y?X- 3 @ K K C T P M 3 F 2 0 E _ 2 0 s^?R	NcKb( zz?X!j?W)             ?  
2026-03-16 16:01:25,985 INFO  CommonSwOperations.cs: 254 - Successfully loaded component C:\Users\shawn\Desktop\CTPM3F20E_20平动三指手可动数模\KKCTPM3F20.01.03_外壳.SLDPRT
2026-03-16 16:01:25,985 INFO  CommonSwOperations.cs: 245 - Loading component with PID PF     ???/K K C T P M 3 F 2 0 . 0 1 . 0 7 _ ?vg- 2 @ K K C T P M 3 F 2 0 E _ 2 0 s^?R	NcKb( zz?X!j?W)               
2026-03-16 16:01:25,986 INFO  CommonSwOperations.cs: 254 - Successfully loaded component C:\Users\shawn\Desktop\CTPM3F20E_20平动三指手可动数模\KKCTPM3F20.01.07_盖板.SLDPRT
2026-03-16 16:01:25,986 INFO  CommonSwOperations.cs: 245 - Loading component with PID PF     ???^K K C T P M 3 F 2 0 . 0 2 _ ?v?~?[h??~?N- 1 5 @ K K C T P M 3 F 2 0 E _ 2 0 s^?R	NcKb( zz?X!j?W) / K K C T P M 3 F 2 0 . 0 1 . 1 1 _ ?[h?h?S?- 2 @ K K C T P M 3 F 2 0 . 0 2 _ ?v?~?[h??~?N            )     
2026-03-16 16:01:25,986 INFO  CommonSwOperations.cs: 254 - Successfully loaded component C:\Users\shawn\Desktop\CTPM3F20E_20平动三指手可动数模\KKCTPM3F20.01.11_导轨轨道.SLDPRT
2026-03-16 16:01:25,986 INFO  CommonSwOperations.cs: 245 - Loading component with PID PF     ???^K K C T P M 3 F 2 0 . 0 2 _ ?v?~?[h??~?N- 1 4 @ K K C T P M 3 F 2 0 E _ 2 0 s^?R	NcKb( zz?X!j?W) / K K C T P M 3 F 2 0 . 0 1 . 1 1 _ ?[h?h?S?- 2 @ K K C T P M 3 F 2 0 . 0 2 _ ?v?~?[h??~?N            (     
2026-03-16 16:01:25,987 INFO  CommonSwOperations.cs: 254 - Successfully loaded component C:\Users\shawn\Desktop\CTPM3F20E_20平动三指手可动数模\KKCTPM3F20.01.11_导轨轨道.SLDPRT
2026-03-16 16:01:25,987 INFO  CommonSwOperations.cs: 245 - Loading component with PID PF     ???2K K C T P M 3 F 2 0 . 0 1 . 0 5 _ 5u:g?[??g- 3 @ K K C T P M 3 F 2 0 E _ 2 0 s^?R	NcKb( zz?X!j?W)             D  
2026-03-16 16:01:25,988 INFO  CommonSwOperations.cs: 254 - Successfully loaded component C:\Users\shawn\Desktop\CTPM3F20E_20平动三指手可动数模\KKCTPM3F20.01.05_电机安装板.SLDPRT
2026-03-16 16:01:25,988 INFO  CommonSwOperations.cs: 245 - Loading component with PID PF     ???^K K C T P M 3 F 2 0 . 0 2 _ ?v?~?[h??~?N- 1 1 @ K K C T P M 3 F 2 0 E _ 2 0 s^?R	NcKb( zz?X!j?W) / K K C T P M 3 F 2 0 . 0 1 . 1 1 _ ?[h?h?S?- 2 @ K K C T P M 3 F 2 0 . 0 2 _ ?v?~?[h??~?N                 
2026-03-16 16:01:25,988 INFO  CommonSwOperations.cs: 254 - Successfully loaded component C:\Users\shawn\Desktop\CTPM3F20E_20平动三指手可动数模\KKCTPM3F20.01.11_导轨轨道.SLDPRT
2026-03-16 16:01:25,988 INFO  CommonSwOperations.cs: 230 - Loaded 13 components for link base_link
2026-03-16 16:01:26,115 INFO  SwAddin.cs: 344 - Showing property manager
2026-03-16 16:01:42,839 INFO  ExportPropertyManager.cs: 1142 - AfterClose called. This method no longer throws an Exception. It just silently does nothing. Ok, except for this logging message
2026-03-16 16:01:49,544 INFO  SwAddin.cs: 294 - Assembly export called for file KKCTPM3F20E_20平动三指手(空壳模型).SLDASM
2026-03-16 16:01:50,958 INFO  SwAddin.cs: 313 - Saving assembly
2026-03-16 16:01:51,112 INFO  SwAddin.cs: 316 - Opening property manager
2026-03-16 16:01:51,113 INFO  ExportHelperExtension.cs: 1125 - Retrieving features of type [CoordSys] from KKCTPM3F20E_20平动三指手(空壳模型).SLDASM
2026-03-16 16:01:51,113 INFO  ExportHelperExtension.cs: 1136 - Found 87 in KKCTPM3F20E_20平动三指手(空壳模型).SLDASM
2026-03-16 16:01:51,113 INFO  ExportHelperExtension.cs: 1145 - Found 4 features of type [CoordSys] in KKCTPM3F20E_20平动三指手(空壳模型).SLDASM
2026-03-16 16:01:51,114 INFO  ExportHelperExtension.cs: 1148 - Proceeding through assembly components
2026-03-16 16:01:51,114 INFO  ExportHelperExtension.cs: 1160 - 18 components to check
2026-03-16 16:01:51,114 INFO  ExportHelperExtension.cs: 1125 - Retrieving features of type [CoordSys] from KKCTPM3F20.02_直线导轨组件-14
2026-03-16 16:01:51,114 INFO  ExportHelperExtension.cs: 1136 - Found 50 in KKCTPM3F20.02_直线导轨组件-14
2026-03-16 16:01:51,115 INFO  ExportHelperExtension.cs: 1145 - Found 0 features of type [CoordSys] in KKCTPM3F20.02_直线导轨组件-14
2026-03-16 16:01:51,115 INFO  ExportHelperExtension.cs: 1125 - Retrieving features of type [CoordSys] from KKCTPM3F20.02_直线导轨组件-15
2026-03-16 16:01:51,115 INFO  ExportHelperExtension.cs: 1136 - Found 50 in KKCTPM3F20.02_直线导轨组件-15
2026-03-16 16:01:51,116 INFO  ExportHelperExtension.cs: 1145 - Found 0 features of type [CoordSys] in KKCTPM3F20.02_直线导轨组件-15
2026-03-16 16:01:51,116 INFO  ExportHelperExtension.cs: 1125 - Retrieving features of type [CoordSys] from KKGBT70.1 M4X16_内六角圆柱头螺钉 M4X16-11
2026-03-16 16:01:51,116 INFO  ExportHelperExtension.cs: 1136 - Found 27 in KKGBT70.1 M4X16_内六角圆柱头螺钉 M4X16-11
2026-03-16 16:01:51,116 INFO  ExportHelperExtension.cs: 1145 - Found 0 features of type [CoordSys] in KKGBT70.1 M4X16_内六角圆柱头螺钉 M4X16-11
2026-03-16 16:01:51,116 INFO  ExportHelperExtension.cs: 1125 - Retrieving features of type [CoordSys] from KKGBT70.1 M4X16_内六角圆柱头螺钉 M4X16-7
2026-03-16 16:01:51,116 INFO  ExportHelperExtension.cs: 1136 - Found 27 in KKGBT70.1 M4X16_内六角圆柱头螺钉 M4X16-7
2026-03-16 16:01:51,118 INFO  ExportHelperExtension.cs: 1145 - Found 0 features of type [CoordSys] in KKGBT70.1 M4X16_内六角圆柱头螺钉 M4X16-7
2026-03-16 16:01:51,118 INFO  ExportHelperExtension.cs: 1125 - Retrieving features of type [CoordSys] from KKGBT70.1 M4X16_内六角圆柱头螺钉 M4X16-8
2026-03-16 16:01:51,118 INFO  ExportHelperExtension.cs: 1136 - Found 27 in KKGBT70.1 M4X16_内六角圆柱头螺钉 M4X16-8
2026-03-16 16:01:51,118 INFO  ExportHelperExtension.cs: 1145 - Found 0 features of type [CoordSys] in KKGBT70.1 M4X16_内六角圆柱头螺钉 M4X16-8
2026-03-16 16:01:51,118 INFO  ExportHelperExtension.cs: 1125 - Retrieving features of type [CoordSys] from KKGBT70.1 M4X16_内六角圆柱头螺钉 M4X16-10
2026-03-16 16:01:51,119 INFO  ExportHelperExtension.cs: 1136 - Found 27 in KKGBT70.1 M4X16_内六角圆柱头螺钉 M4X16-10
2026-03-16 16:01:51,119 INFO  ExportHelperExtension.cs: 1145 - Found 0 features of type [CoordSys] in KKGBT70.1 M4X16_内六角圆柱头螺钉 M4X16-10
2026-03-16 16:01:51,119 INFO  ExportHelperExtension.cs: 1125 - Retrieving features of type [CoordSys] from KKGBT70.1 M4X16_内六角圆柱头螺钉 M4X16-9
2026-03-16 16:01:51,119 INFO  ExportHelperExtension.cs: 1136 - Found 27 in KKGBT70.1 M4X16_内六角圆柱头螺钉 M4X16-9
2026-03-16 16:01:51,119 INFO  ExportHelperExtension.cs: 1145 - Found 0 features of type [CoordSys] in KKGBT70.1 M4X16_内六角圆柱头螺钉 M4X16-9
2026-03-16 16:01:51,120 INFO  ExportHelperExtension.cs: 1125 - Retrieving features of type [CoordSys] from KKCTPM3F20.01.15_连接法兰-1
2026-03-16 16:01:51,120 INFO  ExportHelperExtension.cs: 1136 - Found 109 in KKCTPM3F20.01.15_连接法兰-1
2026-03-16 16:01:51,121 INFO  ExportHelperExtension.cs: 1145 - Found 0 features of type [CoordSys] in KKCTPM3F20.01.15_连接法兰-1
2026-03-16 16:01:51,121 INFO  ExportHelperExtension.cs: 1125 - Retrieving features of type [CoordSys] from KKCTPM3F20.01.07_盖板-2
2026-03-16 16:01:51,121 INFO  ExportHelperExtension.cs: 1136 - Found 50 in KKCTPM3F20.01.07_盖板-2
2026-03-16 16:01:51,121 INFO  ExportHelperExtension.cs: 1145 - Found 0 features of type [CoordSys] in KKCTPM3F20.01.07_盖板-2
2026-03-16 16:01:51,122 INFO  ExportHelperExtension.cs: 1125 - Retrieving features of type [CoordSys] from KKGBT70.1 M4X16_内六角圆柱头螺钉 M4X16-1
2026-03-16 16:01:51,122 INFO  ExportHelperExtension.cs: 1136 - Found 27 in KKGBT70.1 M4X16_内六角圆柱头螺钉 M4X16-1
2026-03-16 16:01:51,122 INFO  ExportHelperExtension.cs: 1145 - Found 0 features of type [CoordSys] in KKGBT70.1 M4X16_内六角圆柱头螺钉 M4X16-1
2026-03-16 16:01:51,122 INFO  ExportHelperExtension.cs: 1125 - Retrieving features of type [CoordSys] from KKCTPM3F20.02_直线导轨组件-11
2026-03-16 16:01:51,123 INFO  ExportHelperExtension.cs: 1136 - Found 50 in KKCTPM3F20.02_直线导轨组件-11
2026-03-16 16:01:51,123 INFO  ExportHelperExtension.cs: 1145 - Found 0 features of type [CoordSys] in KKCTPM3F20.02_直线导轨组件-11
2026-03-16 16:01:51,123 INFO  ExportHelperExtension.cs: 1125 - Retrieving features of type [CoordSys] from KKCTPM3F20.01.05_电机安装板-3
2026-03-16 16:01:51,123 INFO  ExportHelperExtension.cs: 1136 - Found 44 in KKCTPM3F20.01.05_电机安装板-3
2026-03-16 16:01:51,124 INFO  ExportHelperExtension.cs: 1145 - Found 0 features of type [CoordSys] in KKCTPM3F20.01.05_电机安装板-3
2026-03-16 16:01:51,124 INFO  ExportHelperExtension.cs: 1125 - Retrieving features of type [CoordSys] from KKCTPM3F20.01.03_外壳-3
2026-03-16 16:01:51,124 INFO  ExportHelperExtension.cs: 1136 - Found 117 in KKCTPM3F20.01.03_外壳-3
2026-03-16 16:01:51,125 INFO  ExportHelperExtension.cs: 1145 - Found 0 features of type [CoordSys] in KKCTPM3F20.01.03_外壳-3
2026-03-16 16:01:51,125 INFO  ExportHelperExtension.cs: 1125 - Retrieving features of type [RefAxis] from KKCTPM3F20E_20平动三指手(空壳模型).SLDASM
2026-03-16 16:01:51,125 INFO  ExportHelperExtension.cs: 1136 - Found 87 in KKCTPM3F20E_20平动三指手(空壳模型).SLDASM
2026-03-16 16:01:51,125 INFO  ExportHelperExtension.cs: 1145 - Found 3 features of type [RefAxis] in KKCTPM3F20E_20平动三指手(空壳模型).SLDASM
2026-03-16 16:01:51,127 INFO  ExportHelperExtension.cs: 1148 - Proceeding through assembly components
2026-03-16 16:01:51,127 INFO  ExportHelperExtension.cs: 1160 - 18 components to check
2026-03-16 16:01:51,127 INFO  ExportHelperExtension.cs: 1125 - Retrieving features of type [RefAxis] from KKCTPM3F20.02_直线导轨组件-14
2026-03-16 16:01:51,127 INFO  ExportHelperExtension.cs: 1136 - Found 50 in KKCTPM3F20.02_直线导轨组件-14
2026-03-16 16:01:51,127 INFO  ExportHelperExtension.cs: 1145 - Found 0 features of type [RefAxis] in KKCTPM3F20.02_直线导轨组件-14
2026-03-16 16:01:51,127 INFO  ExportHelperExtension.cs: 1125 - Retrieving features of type [RefAxis] from KKCTPM3F20.02_直线导轨组件-15
2026-03-16 16:01:51,128 INFO  ExportHelperExtension.cs: 1136 - Found 50 in KKCTPM3F20.02_直线导轨组件-15
2026-03-16 16:01:51,128 INFO  ExportHelperExtension.cs: 1145 - Found 0 features of type [RefAxis] in KKCTPM3F20.02_直线导轨组件-15
2026-03-16 16:01:51,128 INFO  ExportHelperExtension.cs: 1125 - Retrieving features of type [RefAxis] from KKGBT70.1 M4X16_内六角圆柱头螺钉 M4X16-11
2026-03-16 16:01:51,128 INFO  ExportHelperExtension.cs: 1136 - Found 27 in KKGBT70.1 M4X16_内六角圆柱头螺钉 M4X16-11
2026-03-16 16:01:51,128 INFO  ExportHelperExtension.cs: 1145 - Found 0 features of type [RefAxis] in KKGBT70.1 M4X16_内六角圆柱头螺钉 M4X16-11
2026-03-16 16:01:51,129 INFO  ExportHelperExtension.cs: 1125 - Retrieving features of type [RefAxis] from KKGBT70.1 M4X16_内六角圆柱头螺钉 M4X16-7
2026-03-16 16:01:51,129 INFO  ExportHelperExtension.cs: 1136 - Found 27 in KKGBT70.1 M4X16_内六角圆柱头螺钉 M4X16-7
2026-03-16 16:01:51,129 INFO  ExportHelperExtension.cs: 1145 - Found 0 features of type [RefAxis] in KKGBT70.1 M4X16_内六角圆柱头螺钉 M4X16-7
2026-03-16 16:01:51,129 INFO  ExportHelperExtension.cs: 1125 - Retrieving features of type [RefAxis] from KKGBT70.1 M4X16_内六角圆柱头螺钉 M4X16-8
2026-03-16 16:01:51,130 INFO  ExportHelperExtension.cs: 1136 - Found 27 in KKGBT70.1 M4X16_内六角圆柱头螺钉 M4X16-8
2026-03-16 16:01:51,130 INFO  ExportHelperExtension.cs: 1145 - Found 0 features of type [RefAxis] in KKGBT70.1 M4X16_内六角圆柱头螺钉 M4X16-8
2026-03-16 16:01:51,130 INFO  ExportHelperExtension.cs: 1125 - Retrieving features of type [RefAxis] from KKGBT70.1 M4X16_内六角圆柱头螺钉 M4X16-10
2026-03-16 16:01:51,130 INFO  ExportHelperExtension.cs: 1136 - Found 27 in KKGBT70.1 M4X16_内六角圆柱头螺钉 M4X16-10
2026-03-16 16:01:51,130 INFO  ExportHelperExtension.cs: 1145 - Found 0 features of type [RefAxis] in KKGBT70.1 M4X16_内六角圆柱头螺钉 M4X16-10
2026-03-16 16:01:51,132 INFO  ExportHelperExtension.cs: 1125 - Retrieving features of type [RefAxis] from KKGBT70.1 M4X16_内六角圆柱头螺钉 M4X16-9
2026-03-16 16:01:51,132 INFO  ExportHelperExtension.cs: 1136 - Found 27 in KKGBT70.1 M4X16_内六角圆柱头螺钉 M4X16-9
2026-03-16 16:01:51,132 INFO  ExportHelperExtension.cs: 1145 - Found 0 features of type [RefAxis] in KKGBT70.1 M4X16_内六角圆柱头螺钉 M4X16-9
2026-03-16 16:01:51,132 INFO  ExportHelperExtension.cs: 1125 - Retrieving features of type [RefAxis] from KKCTPM3F20.01.15_连接法兰-1
2026-03-16 16:01:51,132 INFO  ExportHelperExtension.cs: 1136 - Found 109 in KKCTPM3F20.01.15_连接法兰-1
2026-03-16 16:01:51,133 INFO  ExportHelperExtension.cs: 1145 - Found 1 features of type [RefAxis] in KKCTPM3F20.01.15_连接法兰-1
2026-03-16 16:01:51,133 INFO  ExportHelperExtension.cs: 1125 - Retrieving features of type [RefAxis] from KKCTPM3F20.01.07_盖板-2
2026-03-16 16:01:51,133 INFO  ExportHelperExtension.cs: 1136 - Found 50 in KKCTPM3F20.01.07_盖板-2
2026-03-16 16:01:51,134 INFO  ExportHelperExtension.cs: 1145 - Found 0 features of type [RefAxis] in KKCTPM3F20.01.07_盖板-2
2026-03-16 16:01:51,134 INFO  ExportHelperExtension.cs: 1125 - Retrieving features of type [RefAxis] from KKGBT70.1 M4X16_内六角圆柱头螺钉 M4X16-1
2026-03-16 16:01:51,134 INFO  ExportHelperExtension.cs: 1136 - Found 27 in KKGBT70.1 M4X16_内六角圆柱头螺钉 M4X16-1
2026-03-16 16:01:51,134 INFO  ExportHelperExtension.cs: 1145 - Found 0 features of type [RefAxis] in KKGBT70.1 M4X16_内六角圆柱头螺钉 M4X16-1
2026-03-16 16:01:51,135 INFO  ExportHelperExtension.cs: 1125 - Retrieving features of type [RefAxis] from KKCTPM3F20.02_直线导轨组件-11
2026-03-16 16:01:51,135 INFO  ExportHelperExtension.cs: 1136 - Found 50 in KKCTPM3F20.02_直线导轨组件-11
2026-03-16 16:01:51,135 INFO  ExportHelperExtension.cs: 1145 - Found 0 features of type [RefAxis] in KKCTPM3F20.02_直线导轨组件-11
2026-03-16 16:01:51,135 INFO  ExportHelperExtension.cs: 1125 - Retrieving features of type [RefAxis] from KKCTPM3F20.01.05_电机安装板-3
2026-03-16 16:01:51,136 INFO  ExportHelperExtension.cs: 1136 - Found 44 in KKCTPM3F20.01.05_电机安装板-3
2026-03-16 16:01:51,136 INFO  ExportHelperExtension.cs: 1145 - Found 0 features of type [RefAxis] in KKCTPM3F20.01.05_电机安装板-3
2026-03-16 16:01:51,136 INFO  ExportHelperExtension.cs: 1125 - Retrieving features of type [RefAxis] from KKCTPM3F20.01.03_外壳-3
2026-03-16 16:01:51,136 INFO  ExportHelperExtension.cs: 1136 - Found 117 in KKCTPM3F20.01.03_外壳-3
2026-03-16 16:01:51,137 INFO  ExportHelperExtension.cs: 1145 - Found 1 features of type [RefAxis] in KKCTPM3F20.01.03_外壳-3
2026-03-16 16:01:51,169 INFO  SwAddin.cs: 339 - Loading config tree
2026-03-16 16:01:51,169 INFO  ConfigurationSerialization.cs: 276 - URDF Configuration found
<Link z:Id="i1" xmlns="http://schemas.datacontract.org/2004/07/SW2URDF" xmlns:i="http://www.w3.org/2001/XMLSchema-instance" xmlns:z="http://schemas.microsoft.com/2003/10/Serialization/"><Attributes><Attribute z:Id="i2"><AttributeType>name</AttributeType><IsRequired>true</IsRequired><Value i:type="a:string" xmlns:a="http://www.w3.org/2001/XMLSchema">base_link</Value></Attribute></Attributes><ChildElements><URDFElement z:Id="i3" i:type="Inertial"><Attributes/><ChildElements><URDFElement z:Id="i4" i:type="Origin"><Attributes><Attribute z:Id="i5"><AttributeType>xyz</AttributeType><IsRequired>true</IsRequired><Value i:type="a:ArrayOfdouble" xmlns:a="http://schemas.microsoft.com/2003/10/Serialization/Arrays"><a:double>0</a:double><a:double>0</a:double><a:double>0</a:double></Value></Attribute><Attribute z:Id="i6"><AttributeType>rpy</AttributeType><IsRequired>true</IsRequired><Value i:type="a:ArrayOfdouble" xmlns:a="http://schemas.microsoft.com/2003/10/Serialization/Arrays"><a:double>0</a:double><a:double>0</a:double><a:double>0</a:double></Value></Attribute></Attributes><ChildElements/><ElementName>origin</ElementName><required>false</required><RPYAttribute z:Ref="i6"/><XYZAttribute z:Ref="i5"/><isCustomized>false</isCustomized></URDFElement><URDFElement z:Id="i7" i:type="Mass"><Attributes><Attribute z:Id="i8"><AttributeType>value</AttributeType><IsRequired>true</IsRequired><Value i:type="a:double" xmlns:a="http://www.w3.org/2001/XMLSchema">0</Value></Attribute></Attributes><ChildElements/><ElementName>mass</ElementName><required>false</required><ValueAttribute z:Ref="i8"/></URDFElement><URDFElement z:Id="i9" i:type="Inertia"><Attributes><Attribute z:Id="i10"><AttributeType>ixx</AttributeType><IsRequired>true</IsRequired><Value i:type="a:double" xmlns:a="http://www.w3.org/2001/XMLSchema">0</Value></Attribute><Attribute z:Id="i11"><AttributeType>ixy</AttributeType><IsRequired>true</IsRequired><Value i:type="a:double" xmlns:a="http://www.w3.org/2001/XMLSchema">0</Value></Attribute><Attribute z:Id="i12"><AttributeType>ixz</AttributeType><IsRequired>true</IsRequired><Value i:type="a:double" xmlns:a="http://www.w3.org/2001/XMLSchema">0</Value></Attribute><Attribute z:Id="i13"><AttributeType>iyy</AttributeType><IsRequired>true</IsRequired><Value i:type="a:double" xmlns:a="http://www.w3.org/2001/XMLSchema">0</Value></Attribute><Attribute z:Id="i14"><AttributeType>iyz</AttributeType><IsRequired>true</IsRequired><Value i:type="a:double" xmlns:a="http://www.w3.org/2001/XMLSchema">0</Value></Attribute><Attribute z:Id="i15"><AttributeType>izz</AttributeType><IsRequired>true</IsRequired><Value i:type="a:double" xmlns:a="http://www.w3.org/2001/XMLSchema">0</Value></Attribute></Attributes><ChildElements/><ElementName>inertia</ElementName><required>false</required><IxxAttribute z:Ref="i10"/><IxyAttribute z:Ref="i11"/><IxzAttribute z:Ref="i12"/><IyyAttribute z:Ref="i13"/><IyzAttribute z:Ref="i14"/><IzzAttribute z:Ref="i15"/></URDFElement></ChildElements><ElementName>inertial</ElementName><required>false</required><Inertia z:Ref="i9"/><Mass z:Ref="i7"/><Origin z:Ref="i4"/></URDFElement><URDFElement z:Id="i16" i:type="Visual"><Attributes/><ChildElements><URDFElement z:Id="i17" i:type="Origin"><Attributes><Attribute z:Id="i18"><AttributeType>xyz</AttributeType><IsRequired>true</IsRequired><Value i:type="a:ArrayOfdouble" xmlns:a="http://schemas.microsoft.com/2003/10/Serialization/Arrays"><a:double>0</a:double><a:double>0</a:double><a:double>0</a:double></Value></Attribute><Attribute z:Id="i19"><AttributeType>rpy</AttributeType><IsRequired>true</IsRequired><Value i:type="a:ArrayOfdouble" xmlns:a="http://schemas.microsoft.com/2003/10/Serialization/Arrays"><a:double>0</a:double><a:double>0</a:double><a:double>0</a:double></Value></Attribute></Attributes><ChildElements/><ElementName>origin</ElementName><required>false</required><RPYAttribute z:Ref="i19"/><XYZAttribute z:Ref="i18"/><isCustomized>false</isCustomized></URDFElement><URDFElement z:Id="i20" i:type="Geometry"><Attributes/><ChildElements><URDFElement z:Id="i21" i:type="Mesh"><Attributes><Attribute z:Id="i22"><AttributeType>filename</AttributeType><IsRequired>true</IsRequired><Value i:nil="true"/></Attribute></Attributes><ChildElements/><ElementName>mesh</ElementName><required>false</required><FilenameAttribute z:Ref="i22"/></URDFElement></ChildElements><ElementName>geometry</ElementName><required>true</required><Mesh z:Ref="i21"/></URDFElement><URDFElement z:Id="i23" i:type="Material"><Attributes><Attribute z:Id="i24"><AttributeType>name</AttributeType><IsRequired>true</IsRequired><Value i:type="a:string" xmlns:a="http://www.w3.org/2001/XMLSchema"/></Attribute></Attributes><ChildElements><URDFElement z:Id="i25" i:type="Color"><Attributes><Attribute z:Id="i26"><AttributeType>rgba</AttributeType><IsRequired>true</IsRequired><Value i:type="a:ArrayOfdouble" xmlns:a="http://schemas.microsoft.com/2003/10/Serialization/Arrays"><a:double>1</a:double><a:double>1</a:double><a:double>1</a:double><a:double>1</a:double></Value></Attribute></Attributes><ChildElements/><ElementName>color</ElementName><required>false</required><RGBAAttribute z:Ref="i26"/></URDFElement><URDFElement z:Id="i27" i:type="Texture"><Attributes><Attribute z:Id="i28"><AttributeType>filename</AttributeType><IsRequired>true</IsRequired><Value i:nil="true"/></Attribute></Attributes><ChildElements/><ElementName>texture</ElementName><required>false</required><FilenameAttribute z:Ref="i28"/><wFilename/></URDFElement></ChildElements><ElementName>material</ElementName><required>false</required><Color z:Ref="i25"/><NameAttribute z:Ref="i24"/><Texture z:Ref="i27"/></URDFElement></ChildElements><ElementName>visual</ElementName><required>false</required><Geometry z:Ref="i20"/><Material z:Ref="i23"/><Origin z:Ref="i17"/></URDFElement><URDFElement z:Id="i29" i:type="Collision"><Attributes/><ChildElements><URDFElement z:Id="i30" i:type="Origin"><Attributes><Attribute z:Id="i31"><AttributeType>xyz</AttributeType><IsRequired>true</IsRequired><Value i:type="a:ArrayOfdouble" xmlns:a="http://schemas.microsoft.com/2003/10/Serialization/Arrays"><a:double>0</a:double><a:double>0</a:double><a:double>0</a:double></Value></Attribute><Attribute z:Id="i32"><AttributeType>rpy</AttributeType><IsRequired>true</IsRequired><Value i:type="a:ArrayOfdouble" xmlns:a="http://schemas.microsoft.com/2003/10/Serialization/Arrays"><a:double>0</a:double><a:double>0</a:double><a:double>0</a:double></Value></Attribute></Attributes><ChildElements/><ElementName>origin</ElementName><required>false</required><RPYAttribute z:Ref="i32"/><XYZAttribute z:Ref="i31"/><isCustomized>false</isCustomized></URDFElement><URDFElement z:Id="i33" i:type="Geometry"><Attributes/><ChildElements><URDFElement z:Id="i34" i:type="Mesh"><Attributes><Attribute z:Id="i35"><AttributeType>filename</AttributeType><IsRequired>true</IsRequired><Value i:nil="true"/></Attribute></Attributes><ChildElements/><ElementName>mesh</ElementName><required>false</required><FilenameAttribute z:Ref="i35"/></URDFElement></ChildElements><ElementName>geometry</ElementName><required>true</required><Mesh z:Ref="i34"/></URDFElement></ChildElements><ElementName>collision</ElementName><required>false</required><Geometry z:Ref="i33"/><Origin z:Ref="i30"/></URDFElement><URDFElement z:Id="i36" i:type="Joint"><Attributes><Attribute z:Id="i37"><AttributeType>name</AttributeType><IsRequired>true</IsRequired><Value i:type="a:string" xmlns:a="http://www.w3.org/2001/XMLSchema"/></Attribute><Attribute z:Id="i38"><AttributeType>type</AttributeType><IsRequired>true</IsRequired><Value i:type="a:string" xmlns:a="http://www.w3.org/2001/XMLSchema"/></Attribute></Attributes><ChildElements><URDFElement z:Id="i39" i:type="Origin"><Attributes><Attribute z:Id="i40"><AttributeType>xyz</AttributeType><IsRequired>true</IsRequired><Value i:type="a:ArrayOfdouble" xmlns:a="http://schemas.microsoft.com/2003/10/Serialization/Arrays"><a:double>0</a:double><a:double>0</a:double><a:double>0</a:double></Value></Attribute><Attribute z:Id="i41"><AttributeType>rpy</AttributeType><IsRequired>true</IsRequired><Value i:type="a:ArrayOfdouble" xmlns:a="http://schemas.microsoft.com/2003/10/Serialization/Arrays"><a:double>0</a:double><a:double>0</a:double><a:double>0</a:double></Value></Attribute></Attributes><ChildElements/><ElementName>origin</ElementName><required>false</required><RPYAttribute z:Ref="i41"/><XYZAttribute z:Ref="i40"/><isCustomized>false</isCustomized></URDFElement><URDFElement z:Id="i42" i:type="ParentLink"><Attributes><Attribute z:Id="i43"><AttributeType>link</AttributeType><IsRequired>true</IsRequired><Value i:type="a:string" xmlns:a="http://www.w3.org/2001/XMLSchema"/></Attribute></Attributes><ChildElements/><ElementName>parent</ElementName><required>true</required><NameAttribute z:Ref="i43"/></URDFElement><URDFElement z:Id="i44" i:type="ChildLink"><Attributes><Attribute z:Id="i45"><AttributeType>link</AttributeType><IsRequired>true</IsRequired><Value i:type="a:string" xmlns:a="http://www.w3.org/2001/XMLSchema"/></Attribute></Attributes><ChildElements/><ElementName>child</ElementName><required>true</required><NameAttribute z:Ref="i45"/></URDFElement><URDFElement z:Id="i46" i:type="Axis"><Attributes><Attribute z:Id="i47"><AttributeType>xyz</AttributeType><IsRequired>true</IsRequired><Value i:type="a:ArrayOfdouble" xmlns:a="http://schemas.microsoft.com/2003/10/Serialization/Arrays"><a:double>0</a:double><a:double>0</a:double><a:double>0</a:double></Value></Attribute></Attributes><ChildElements/><ElementName>axis</ElementName><required>false</required><XYZAttribute z:Ref="i47"/></URDFElement><URDFElement z:Id="i48" i:type="Limit"><Attributes><Attribute z:Id="i49"><AttributeType>lower</AttributeType><IsRequired>false</IsRequired><Value i:nil="true"/></Attribute><Attribute z:Id="i50"><AttributeType>upper</AttributeType><IsRequired>false</IsRequired><Value i:nil="true"/></Attribute><Attribute z:Id="i51"><AttributeType>effort</AttributeType><IsRequired>true</IsRequired><Value i:nil="true"/></Attribute><Attribute z:Id="i52"><AttributeType>velocity</AttributeType><IsRequired>true</IsRequired><Value i:nil="true"/></Attribute></Attributes><ChildElements/><ElementName>limit</ElementName><required>false</required><EffortAttribute z:Ref="i51"/><LowerAttribute z:Ref="i49"/><UpperAttribute z:Ref="i50"/><VelocityAttribute z:Ref="i52"/></URDFElement><URDFElement z:Id="i53" i:type="Calibration"><Attributes><Attribute z:Id="i54"><AttributeType>rising</AttributeType><IsRequired>false</IsRequired><Value i:nil="true"/></Attribute><Attribute z:Id="i55"><AttributeType>falling</AttributeType><IsRequired>false</IsRequired><Value i:nil="true"/></Attribute></Attributes><ChildElements/><ElementName>calibration</ElementName><required>false</required><FallingAttribute z:Ref="i55"/><RisingAttribute z:Ref="i54"/></URDFElement><URDFElement z:Id="i56" i:type="Dynamics"><Attributes><Attribute z:Id="i57"><AttributeType>damping</AttributeType><IsRequired>false</IsRequired><Value i:nil="true"/></Attribute><Attribute z:Id="i58"><AttributeType>friction</AttributeType><IsRequired>false</IsRequired><Value i:nil="true"/></Attribute></Attributes><ChildElements/><ElementName>dynamics</ElementName><required>false</required><DampingAttribute z:Ref="i57"/><FrictionAttribute z:Ref="i58"/></URDFElement><URDFElement z:Id="i59" i:type="SafetyController"><Attributes><Attribute z:Id="i60"><AttributeType>soft_upper_limit</AttributeType><IsRequired>false</IsRequired><Value i:nil="true"/></Attribute><Attribute z:Id="i61"><AttributeType>soft_lower_limit</AttributeType><IsRequired>false</IsRequired><Value i:nil="true"/></Attribute><Attribute z:Id="i62"><AttributeType>k_position</AttributeType><IsRequired>false</IsRequired><Value i:nil="true"/></Attribute><Attribute z:Id="i63"><AttributeType>k_velocity</AttributeType><IsRequired>true</IsRequired><Value i:nil="true"/></Attribute></Attributes><ChildElements/><ElementName>safety_controller</ElementName><required>false</required><KPositionAttribute z:Ref="i62"/><KVelocityAttribute z:Ref="i63"/><SoftLowerAttribute z:Ref="i61"/><SoftUpperAttribute z:Ref="i60"/></URDFElement><URDFElement z:Id="i64" i:type="Mimic"><Attributes><Attribute z:Id="i65"><AttributeType>joint</AttributeType><IsRequired>true</IsRequired><Value i:nil="true"/></Attribute><Attribute z:Id="i66"><AttributeType>multiplier</AttributeType><IsRequired>false</IsRequired><Value i:nil="true"/></Attribute><Attribute z:Id="i67"><AttributeType>offset</AttributeType><IsRequired>false</IsRequired><Value i:nil="true"/></Attribute></Attributes><ChildElements/><ElementName>mimic</ElementName><required>false</required><JointNameAttribute z:Ref="i65"/><MultiplierAttribute z:Ref="i66"/><OffsetAttribute z:Ref="i67"/></URDFElement></ChildElements><ElementName>joint</ElementName><required>false</required><Axis z:Ref="i46"/><AxisName/><Calibration z:Ref="i53"/><Child z:Ref="i44"/><CoordinateSystemName>?????????0</CoordinateSystemName><Dynamics z:Ref="i56"/><Limit z:Ref="i48"/><Mimic z:Ref="i64"/><NameAttribute z:Ref="i37"/><Origin z:Ref="i39"/><Parent z:Ref="i42"/><Safety z:Ref="i59"/><TypeAttribute z:Ref="i38"/></URDFElement></ChildElements><ElementName>link</ElementName><required>true</required><Children/><Collision z:Ref="i29"/><Inertial z:Ref="i3"/><Joint z:Ref="i36"/><NameAttribute z:Ref="i2"/><Parent i:nil="true"/><STLQualityFine>false</STLQualityFine><SWComponentPIDs xmlns:a="http://schemas.microsoft.com/2003/10/Serialization/Arrays"><a:base64Binary>UEYAAAUAAAD//v8xSwBLAEMAVABQAE0AMwBGADIAMAAuADAAMQAuADEANQBfAN6PpWPVbHBRLQAxAEAASwBLAEMAVABQAE0AMwBGADIAMABFAF8AMgAwAHNeqFIJTgdjS2IoAHp681ghaotXKQAEAAAAEAAAAAEAAAABAAAAZAMAAA==</a:base64Binary><a:base64Binary>UEYAAAUAAAD//v86SwBLAEcAQgBUADcAMAAuADEAIABNADQAWAAxADYAXwCFUW1R0okGV/FnNFm6h4mUIABNADQAWAAxADYALQA5AEAASwBLAEMAVABQAE0AMwBGADIAMABFAF8AMgAwAHNeqFIJTgdjS2IoAHp681ghaotXKQAEAAAAEAAAAAEAAAABAAAAYQQAAA==</a:base64Binary><a:base64Binary>UEYAAAUAAAD//v86SwBLAEcAQgBUADcAMAAuADEAIABNADQAWAAxADYAXwCFUW1R0okGV/FnNFm6h4mUIABNADQAWAAxADYALQA4AEAASwBLAEMAVABQAE0AMwBGADIAMABFAF8AMgAwAHNeqFIJTgdjS2IoAHp681ghaotXKQAEAAAAEAAAAAEAAAABAAAAYAQAAA==</a:base64Binary><a:base64Binary>UEYAAAUAAAD//v86SwBLAEcAQgBUADcAMAAuADEAIABNADQAWAAxADYAXwCFUW1R0okGV/FnNFm6h4mUIABNADQAWAAxADYALQA3AEAASwBLAEMAVABQAE0AMwBGADIAMABFAF8AMgAwAHNeqFIJTgdjS2IoAHp681ghaotXKQAEAAAAEAAAAAEAAAABAAAAXwQAAA==</a:base64Binary><a:base64Binary>UEYAAAUAAAD//v86SwBLAEcAQgBUADcAMAAuADEAIABNADQAWAAxADYAXwCFUW1R0okGV/FnNFm6h4mUIABNADQAWAAxADYALQAxAEAASwBLAEMAVABQAE0AMwBGADIAMABFAF8AMgAwAHNeqFIJTgdjS2IoAHp681ghaotXKQAEAAAAEAAAAAEAAAABAAAAowMAAA==</a:base64Binary><a:base64Binary>UEYAAAUAAAD//v87SwBLAEcAQgBUADcAMAAuADEAIABNADQAWAAxADYAXwCFUW1R0okGV/FnNFm6h4mUIABNADQAWAAxADYALQAxADEAQABLAEsAQwBUAFAATQAzAEYAMgAwAEUAXwAyADAAc16oUglOB2NLYigAenrzWCFqi1cpAAQAAAAQAAAAAQAAAAEAAABjBAAA</a:base64Binary><a:base64Binary>UEYAAAUAAAD//v87SwBLAEcAQgBUADcAMAAuADEAIABNADQAWAAxADYAXwCFUW1R0okGV/FnNFm6h4mUIABNADQAWAAxADYALQAxADAAQABLAEsAQwBUAFAATQAzAEYAMgAwAEUAXwAyADAAc16oUglOB2NLYigAenrzWCFqi1cpAAQAAAAQAAAAAQAAAAEAAABiBAAA</a:base64Binary><a:base64Binary>UEYAAAUAAAD//v8vSwBLAEMAVABQAE0AMwBGADIAMAAuADAAMQAuADAAMwBfABZZ81gtADMAQABLAEsAQwBUAFAATQAzAEYAMgAwAEUAXwAyADAAc16oUglOB2NLYigAenrzWCFqi1cpAAQAAAAQAAAAAQAAAAEAAACYAwAA</a:base64Binary><a:base64Binary>UEYAAAUAAAD//v8vSwBLAEMAVABQAE0AMwBGADIAMAAuADAAMQAuADAANwBfANZ2f2ctADIAQABLAEsAQwBUAFAATQAzAEYAMgAwAEUAXwAyADAAc16oUglOB2NLYigAenrzWCFqi1cpAAQAAAAQAAAAAQAAAAEAAAAHAwAA</a:base64Binary><a:base64Binary>UEYAAAUAAAD//v9eSwBLAEMAVABQAE0AMwBGADIAMAAuADAAMgBfAPR2v378W2iPxH72Ti0AMQA1AEAASwBLAEMAVABQAE0AMwBGADIAMABFAF8AMgAwAHNeqFIJTgdjS2IoAHp681ghaotXKQAvAEsASwBDAFQAUABNADMARgAyADAALgAwADEALgAxADEAXwD8W2iPaI9TkC0AMgBAAEsASwBDAFQAUABNADMARgAyADAALgAwADIAXwD0dr9+/Ftoj8R+9k4EAAAAEAAAAAEAAAACAAAAKQMAABYAAAA=</a:base64Binary><a:base64Binary>UEYAAAUAAAD//v9eSwBLAEMAVABQAE0AMwBGADIAMAAuADAAMgBfAPR2v378W2iPxH72Ti0AMQA0AEAASwBLAEMAVABQAE0AMwBGADIAMABFAF8AMgAwAHNeqFIJTgdjS2IoAHp681ghaotXKQAvAEsASwBDAFQAUABNADMARgAyADAALgAwADEALgAxADEAXwD8W2iPaI9TkC0AMgBAAEsASwBDAFQAUABNADMARgAyADAALgAwADIAXwD0dr9+/Ftoj8R+9k4EAAAAEAAAAAEAAAACAAAAKAMAABYAAAA=</a:base64Binary><a:base64Binary>UEYAAAUAAAD//v8ySwBLAEMAVABQAE0AMwBGADIAMAAuADAAMQAuADAANQBfADV1OmeJW8WIf2ctADMAQABLAEsAQwBUAFAATQAzAEYAMgAwAEUAXwAyADAAc16oUglOB2NLYigAenrzWCFqi1cpAAQAAAAQAAAAAQAAAAEAAABEAwAA</a:base64Binary><a:base64Binary>UEYAAAUAAAD//v9eSwBLAEMAVABQAE0AMwBGADIAMAAuADAAMgBfAPR2v378W2iPxH72Ti0AMQAxAEAASwBLAEMAVABQAE0AMwBGADIAMABFAF8AMgAwAHNeqFIJTgdjS2IoAHp681ghaotXKQAvAEsASwBDAFQAUABNADMARgAyADAALgAwADEALgAxADEAXwD8W2iPaI9TkC0AMgBAAEsASwBDAFQAUABNADMARgAyADAALgAwADIAXwD0dr9+/Ftoj8R+9k4EAAAAEAAAAAEAAAACAAAADAMAABYAAAA=</a:base64Binary></SWComponentPIDs><SWMainComponentPID i:nil="true"/><Visual z:Ref="i16"/><isFixedFrame>false</isFixedFrame><isIncomplete>false</isIncomplete></Link>
2026-03-16 16:01:51,170 INFO  LinkNode.cs: 35 - Building node base_link
2026-03-16 16:01:51,170 INFO  CommonSwOperations.cs: 221 - Loading SolidWorks components for base_link from C:\Users\shawn\Desktop\CTPM3F20E_20平动三指手可动数模\KKCTPM3F20E_20平动三指手(空壳模型).SLDASM
2026-03-16 16:01:51,171 INFO  CommonSwOperations.cs: 245 - Loading component with PID PF     ???1K K C T P M 3 F 2 0 . 0 1 . 1 5 _ ???c?lpQ- 1 @ K K C T P M 3 F 2 0 E _ 2 0 s^?R	NcKb( zz?X!j?W)             d  
2026-03-16 16:01:51,171 INFO  CommonSwOperations.cs: 254 - Successfully loaded component C:\Users\shawn\Desktop\CTPM3F20E_20平动三指手可动数模\KKCTPM3F20.01.15_连接法兰.SLDPRT
2026-03-16 16:01:51,171 INFO  CommonSwOperations.cs: 245 - Loading component with PID PF     ???:K K G B T 7 0 . 1   M 4 X 1 6 _ ?QmQ??W?g4Y????  M 4 X 1 6 - 9 @ K K C T P M 3 F 2 0 E _ 2 0 s^?R	NcKb( zz?X!j?W)             a  
2026-03-16 16:01:51,172 INFO  CommonSwOperations.cs: 254 - Successfully loaded component C:\Users\shawn\Desktop\CTPM3F20E_20平动三指手可动数模\KKGBT70.1 M4X16_内六角圆柱头螺钉 M4X16.SLDPRT
2026-03-16 16:01:51,172 INFO  CommonSwOperations.cs: 245 - Loading component with PID PF     ???:K K G B T 7 0 . 1   M 4 X 1 6 _ ?QmQ??W?g4Y????  M 4 X 1 6 - 8 @ K K C T P M 3 F 2 0 E _ 2 0 s^?R	NcKb( zz?X!j?W)             `  
2026-03-16 16:01:51,172 INFO  CommonSwOperations.cs: 254 - Successfully loaded component C:\Users\shawn\Desktop\CTPM3F20E_20平动三指手可动数模\KKGBT70.1 M4X16_内六角圆柱头螺钉 M4X16.SLDPRT
2026-03-16 16:01:51,172 INFO  CommonSwOperations.cs: 245 - Loading component with PID PF     ???:K K G B T 7 0 . 1   M 4 X 1 6 _ ?QmQ??W?g4Y????  M 4 X 1 6 - 7 @ K K C T P M 3 F 2 0 E _ 2 0 s^?R	NcKb( zz?X!j?W)             _  
2026-03-16 16:01:51,173 INFO  CommonSwOperations.cs: 254 - Successfully loaded component C:\Users\shawn\Desktop\CTPM3F20E_20平动三指手可动数模\KKGBT70.1 M4X16_内六角圆柱头螺钉 M4X16.SLDPRT
2026-03-16 16:01:51,173 INFO  CommonSwOperations.cs: 245 - Loading component with PID PF     ???:K K G B T 7 0 . 1   M 4 X 1 6 _ ?QmQ??W?g4Y????  M 4 X 1 6 - 1 @ K K C T P M 3 F 2 0 E _ 2 0 s^?R	NcKb( zz?X!j?W)             ?  
2026-03-16 16:01:51,173 INFO  CommonSwOperations.cs: 254 - Successfully loaded component C:\Users\shawn\Desktop\CTPM3F20E_20平动三指手可动数模\KKGBT70.1 M4X16_内六角圆柱头螺钉 M4X16.SLDPRT
2026-03-16 16:01:51,173 INFO  CommonSwOperations.cs: 245 - Loading component with PID PF     ???;K K G B T 7 0 . 1   M 4 X 1 6 _ ?QmQ??W?g4Y????  M 4 X 1 6 - 1 1 @ K K C T P M 3 F 2 0 E _ 2 0 s^?R	NcKb( zz?X!j?W)             c  
2026-03-16 16:01:51,174 INFO  CommonSwOperations.cs: 254 - Successfully loaded component C:\Users\shawn\Desktop\CTPM3F20E_20平动三指手可动数模\KKGBT70.1 M4X16_内六角圆柱头螺钉 M4X16.SLDPRT
2026-03-16 16:01:51,174 INFO  CommonSwOperations.cs: 245 - Loading component with PID PF     ???;K K G B T 7 0 . 1   M 4 X 1 6 _ ?QmQ??W?g4Y????  M 4 X 1 6 - 1 0 @ K K C T P M 3 F 2 0 E _ 2 0 s^?R	NcKb( zz?X!j?W)             b  
2026-03-16 16:01:51,174 INFO  CommonSwOperations.cs: 254 - Successfully loaded component C:\Users\shawn\Desktop\CTPM3F20E_20平动三指手可动数模\KKGBT70.1 M4X16_内六角圆柱头螺钉 M4X16.SLDPRT
2026-03-16 16:01:51,174 INFO  CommonSwOperations.cs: 245 - Loading component with PID PF     ???/K K C T P M 3 F 2 0 . 0 1 . 0 3 _ Y?X- 3 @ K K C T P M 3 F 2 0 E _ 2 0 s^?R	NcKb( zz?X!j?W)             ?  
2026-03-16 16:01:51,175 INFO  CommonSwOperations.cs: 254 - Successfully loaded component C:\Users\shawn\Desktop\CTPM3F20E_20平动三指手可动数模\KKCTPM3F20.01.03_外壳.SLDPRT
2026-03-16 16:01:51,175 INFO  CommonSwOperations.cs: 245 - Loading component with PID PF     ???/K K C T P M 3 F 2 0 . 0 1 . 0 7 _ ?vg- 2 @ K K C T P M 3 F 2 0 E _ 2 0 s^?R	NcKb( zz?X!j?W)               
2026-03-16 16:01:51,175 INFO  CommonSwOperations.cs: 254 - Successfully loaded component C:\Users\shawn\Desktop\CTPM3F20E_20平动三指手可动数模\KKCTPM3F20.01.07_盖板.SLDPRT
2026-03-16 16:01:51,175 INFO  CommonSwOperations.cs: 245 - Loading component with PID PF     ???^K K C T P M 3 F 2 0 . 0 2 _ ?v?~?[h??~?N- 1 5 @ K K C T P M 3 F 2 0 E _ 2 0 s^?R	NcKb( zz?X!j?W) / K K C T P M 3 F 2 0 . 0 1 . 1 1 _ ?[h?h?S?- 2 @ K K C T P M 3 F 2 0 . 0 2 _ ?v?~?[h??~?N            )     
2026-03-16 16:01:51,175 INFO  CommonSwOperations.cs: 254 - Successfully loaded component C:\Users\shawn\Desktop\CTPM3F20E_20平动三指手可动数模\KKCTPM3F20.01.11_导轨轨道.SLDPRT
2026-03-16 16:01:51,176 INFO  CommonSwOperations.cs: 245 - Loading component with PID PF     ???^K K C T P M 3 F 2 0 . 0 2 _ ?v?~?[h??~?N- 1 4 @ K K C T P M 3 F 2 0 E _ 2 0 s^?R	NcKb( zz?X!j?W) / K K C T P M 3 F 2 0 . 0 1 . 1 1 _ ?[h?h?S?- 2 @ K K C T P M 3 F 2 0 . 0 2 _ ?v?~?[h??~?N            (     
2026-03-16 16:01:51,176 INFO  CommonSwOperations.cs: 254 - Successfully loaded component C:\Users\shawn\Desktop\CTPM3F20E_20平动三指手可动数模\KKCTPM3F20.01.11_导轨轨道.SLDPRT
2026-03-16 16:01:51,176 INFO  CommonSwOperations.cs: 245 - Loading component with PID PF     ???2K K C T P M 3 F 2 0 . 0 1 . 0 5 _ 5u:g?[??g- 3 @ K K C T P M 3 F 2 0 E _ 2 0 s^?R	NcKb( zz?X!j?W)             D  
2026-03-16 16:01:51,176 INFO  CommonSwOperations.cs: 254 - Successfully loaded component C:\Users\shawn\Desktop\CTPM3F20E_20平动三指手可动数模\KKCTPM3F20.01.05_电机安装板.SLDPRT
2026-03-16 16:01:51,177 INFO  CommonSwOperations.cs: 245 - Loading component with PID PF     ???^K K C T P M 3 F 2 0 . 0 2 _ ?v?~?[h??~?N- 1 1 @ K K C T P M 3 F 2 0 E _ 2 0 s^?R	NcKb( zz?X!j?W) / K K C T P M 3 F 2 0 . 0 1 . 1 1 _ ?[h?h?S?- 2 @ K K C T P M 3 F 2 0 . 0 2 _ ?v?~?[h??~?N                 
2026-03-16 16:01:51,177 INFO  CommonSwOperations.cs: 254 - Successfully loaded component C:\Users\shawn\Desktop\CTPM3F20E_20平动三指手可动数模\KKCTPM3F20.01.11_导轨轨道.SLDPRT
2026-03-16 16:01:51,177 INFO  CommonSwOperations.cs: 230 - Loaded 13 components for link base_link
2026-03-16 16:01:51,313 INFO  SwAddin.cs: 344 - Showing property manager
2026-03-16 16:02:21,604 INFO  ExportPropertyManager.cs: 422 - Configuration saved
2026-03-16 16:02:21,605 INFO  ConfigurationSerialization.cs: 276 - URDF Configuration found
<Link z:Id="i1" xmlns="http://schemas.datacontract.org/2004/07/SW2URDF" xmlns:i="http://www.w3.org/2001/XMLSchema-instance" xmlns:z="http://schemas.microsoft.com/2003/10/Serialization/"><Attributes><Attribute z:Id="i2"><AttributeType>name</AttributeType><IsRequired>true</IsRequired><Value i:type="a:string" xmlns:a="http://www.w3.org/2001/XMLSchema">base_link</Value></Attribute></Attributes><ChildElements><URDFElement z:Id="i3" i:type="Inertial"><Attributes/><ChildElements><URDFElement z:Id="i4" i:type="Origin"><Attributes><Attribute z:Id="i5"><AttributeType>xyz</AttributeType><IsRequired>true</IsRequired><Value i:type="a:ArrayOfdouble" xmlns:a="http://schemas.microsoft.com/2003/10/Serialization/Arrays"><a:double>0</a:double><a:double>0</a:double><a:double>0</a:double></Value></Attribute><Attribute z:Id="i6"><AttributeType>rpy</AttributeType><IsRequired>true</IsRequired><Value i:type="a:ArrayOfdouble" xmlns:a="http://schemas.microsoft.com/2003/10/Serialization/Arrays"><a:double>0</a:double><a:double>0</a:double><a:double>0</a:double></Value></Attribute></Attributes><ChildElements/><ElementName>origin</ElementName><required>false</required><RPYAttribute z:Ref="i6"/><XYZAttribute z:Ref="i5"/><isCustomized>false</isCustomized></URDFElement><URDFElement z:Id="i7" i:type="Mass"><Attributes><Attribute z:Id="i8"><AttributeType>value</AttributeType><IsRequired>true</IsRequired><Value i:type="a:double" xmlns:a="http://www.w3.org/2001/XMLSchema">0</Value></Attribute></Attributes><ChildElements/><ElementName>mass</ElementName><required>false</required><ValueAttribute z:Ref="i8"/></URDFElement><URDFElement z:Id="i9" i:type="Inertia"><Attributes><Attribute z:Id="i10"><AttributeType>ixx</AttributeType><IsRequired>true</IsRequired><Value i:type="a:double" xmlns:a="http://www.w3.org/2001/XMLSchema">0</Value></Attribute><Attribute z:Id="i11"><AttributeType>ixy</AttributeType><IsRequired>true</IsRequired><Value i:type="a:double" xmlns:a="http://www.w3.org/2001/XMLSchema">0</Value></Attribute><Attribute z:Id="i12"><AttributeType>ixz</AttributeType><IsRequired>true</IsRequired><Value i:type="a:double" xmlns:a="http://www.w3.org/2001/XMLSchema">0</Value></Attribute><Attribute z:Id="i13"><AttributeType>iyy</AttributeType><IsRequired>true</IsRequired><Value i:type="a:double" xmlns:a="http://www.w3.org/2001/XMLSchema">0</Value></Attribute><Attribute z:Id="i14"><AttributeType>iyz</AttributeType><IsRequired>true</IsRequired><Value i:type="a:double" xmlns:a="http://www.w3.org/2001/XMLSchema">0</Value></Attribute><Attribute z:Id="i15"><AttributeType>izz</AttributeType><IsRequired>true</IsRequired><Value i:type="a:double" xmlns:a="http://www.w3.org/2001/XMLSchema">0</Value></Attribute></Attributes><ChildElements/><ElementName>inertia</ElementName><required>false</required><IxxAttribute z:Ref="i10"/><IxyAttribute z:Ref="i11"/><IxzAttribute z:Ref="i12"/><IyyAttribute z:Ref="i13"/><IyzAttribute z:Ref="i14"/><IzzAttribute z:Ref="i15"/></URDFElement></ChildElements><ElementName>inertial</ElementName><required>false</required><Inertia z:Ref="i9"/><Mass z:Ref="i7"/><Origin z:Ref="i4"/></URDFElement><URDFElement z:Id="i16" i:type="Visual"><Attributes/><ChildElements><URDFElement z:Id="i17" i:type="Origin"><Attributes><Attribute z:Id="i18"><AttributeType>xyz</AttributeType><IsRequired>true</IsRequired><Value i:type="a:ArrayOfdouble" xmlns:a="http://schemas.microsoft.com/2003/10/Serialization/Arrays"><a:double>0</a:double><a:double>0</a:double><a:double>0</a:double></Value></Attribute><Attribute z:Id="i19"><AttributeType>rpy</AttributeType><IsRequired>true</IsRequired><Value i:type="a:ArrayOfdouble" xmlns:a="http://schemas.microsoft.com/2003/10/Serialization/Arrays"><a:double>0</a:double><a:double>0</a:double><a:double>0</a:double></Value></Attribute></Attributes><ChildElements/><ElementName>origin</ElementName><required>false</required><RPYAttribute z:Ref="i19"/><XYZAttribute z:Ref="i18"/><isCustomized>false</isCustomized></URDFElement><URDFElement z:Id="i20" i:type="Geometry"><Attributes/><ChildElements><URDFElement z:Id="i21" i:type="Mesh"><Attributes><Attribute z:Id="i22"><AttributeType>filename</AttributeType><IsRequired>true</IsRequired><Value i:nil="true"/></Attribute></Attributes><ChildElements/><ElementName>mesh</ElementName><required>false</required><FilenameAttribute z:Ref="i22"/></URDFElement></ChildElements><ElementName>geometry</ElementName><required>true</required><Mesh z:Ref="i21"/></URDFElement><URDFElement z:Id="i23" i:type="Material"><Attributes><Attribute z:Id="i24"><AttributeType>name</AttributeType><IsRequired>true</IsRequired><Value i:type="a:string" xmlns:a="http://www.w3.org/2001/XMLSchema"/></Attribute></Attributes><ChildElements><URDFElement z:Id="i25" i:type="Color"><Attributes><Attribute z:Id="i26"><AttributeType>rgba</AttributeType><IsRequired>true</IsRequired><Value i:type="a:ArrayOfdouble" xmlns:a="http://schemas.microsoft.com/2003/10/Serialization/Arrays"><a:double>1</a:double><a:double>1</a:double><a:double>1</a:double><a:double>1</a:double></Value></Attribute></Attributes><ChildElements/><ElementName>color</ElementName><required>false</required><RGBAAttribute z:Ref="i26"/></URDFElement><URDFElement z:Id="i27" i:type="Texture"><Attributes><Attribute z:Id="i28"><AttributeType>filename</AttributeType><IsRequired>true</IsRequired><Value i:nil="true"/></Attribute></Attributes><ChildElements/><ElementName>texture</ElementName><required>false</required><FilenameAttribute z:Ref="i28"/><wFilename/></URDFElement></ChildElements><ElementName>material</ElementName><required>false</required><Color z:Ref="i25"/><NameAttribute z:Ref="i24"/><Texture z:Ref="i27"/></URDFElement></ChildElements><ElementName>visual</ElementName><required>false</required><Geometry z:Ref="i20"/><Material z:Ref="i23"/><Origin z:Ref="i17"/></URDFElement><URDFElement z:Id="i29" i:type="Collision"><Attributes/><ChildElements><URDFElement z:Id="i30" i:type="Origin"><Attributes><Attribute z:Id="i31"><AttributeType>xyz</AttributeType><IsRequired>true</IsRequired><Value i:type="a:ArrayOfdouble" xmlns:a="http://schemas.microsoft.com/2003/10/Serialization/Arrays"><a:double>0</a:double><a:double>0</a:double><a:double>0</a:double></Value></Attribute><Attribute z:Id="i32"><AttributeType>rpy</AttributeType><IsRequired>true</IsRequired><Value i:type="a:ArrayOfdouble" xmlns:a="http://schemas.microsoft.com/2003/10/Serialization/Arrays"><a:double>0</a:double><a:double>0</a:double><a:double>0</a:double></Value></Attribute></Attributes><ChildElements/><ElementName>origin</ElementName><required>false</required><RPYAttribute z:Ref="i32"/><XYZAttribute z:Ref="i31"/><isCustomized>false</isCustomized></URDFElement><URDFElement z:Id="i33" i:type="Geometry"><Attributes/><ChildElements><URDFElement z:Id="i34" i:type="Mesh"><Attributes><Attribute z:Id="i35"><AttributeType>filename</AttributeType><IsRequired>true</IsRequired><Value i:nil="true"/></Attribute></Attributes><ChildElements/><ElementName>mesh</ElementName><required>false</required><FilenameAttribute z:Ref="i35"/></URDFElement></ChildElements><ElementName>geometry</ElementName><required>true</required><Mesh z:Ref="i34"/></URDFElement></ChildElements><ElementName>collision</ElementName><required>false</required><Geometry z:Ref="i33"/><Origin z:Ref="i30"/></URDFElement><URDFElement z:Id="i36" i:type="Joint"><Attributes><Attribute z:Id="i37"><AttributeType>name</AttributeType><IsRequired>true</IsRequired><Value i:type="a:string" xmlns:a="http://www.w3.org/2001/XMLSchema"/></Attribute><Attribute z:Id="i38"><AttributeType>type</AttributeType><IsRequired>true</IsRequired><Value i:type="a:string" xmlns:a="http://www.w3.org/2001/XMLSchema"/></Attribute></Attributes><ChildElements><URDFElement z:Id="i39" i:type="Origin"><Attributes><Attribute z:Id="i40"><AttributeType>xyz</AttributeType><IsRequired>true</IsRequired><Value i:type="a:ArrayOfdouble" xmlns:a="http://schemas.microsoft.com/2003/10/Serialization/Arrays"><a:double>0</a:double><a:double>0</a:double><a:double>0</a:double></Value></Attribute><Attribute z:Id="i41"><AttributeType>rpy</AttributeType><IsRequired>true</IsRequired><Value i:type="a:ArrayOfdouble" xmlns:a="http://schemas.microsoft.com/2003/10/Serialization/Arrays"><a:double>0</a:double><a:double>0</a:double><a:double>0</a:double></Value></Attribute></Attributes><ChildElements/><ElementName>origin</ElementName><required>false</required><RPYAttribute z:Ref="i41"/><XYZAttribute z:Ref="i40"/><isCustomized>false</isCustomized></URDFElement><URDFElement z:Id="i42" i:type="ParentLink"><Attributes><Attribute z:Id="i43"><AttributeType>link</AttributeType><IsRequired>true</IsRequired><Value i:type="a:string" xmlns:a="http://www.w3.org/2001/XMLSchema"/></Attribute></Attributes><ChildElements/><ElementName>parent</ElementName><required>true</required><NameAttribute z:Ref="i43"/></URDFElement><URDFElement z:Id="i44" i:type="ChildLink"><Attributes><Attribute z:Id="i45"><AttributeType>link</AttributeType><IsRequired>true</IsRequired><Value i:type="a:string" xmlns:a="http://www.w3.org/2001/XMLSchema"/></Attribute></Attributes><ChildElements/><ElementName>child</ElementName><required>true</required><NameAttribute z:Ref="i45"/></URDFElement><URDFElement z:Id="i46" i:type="Axis"><Attributes><Attribute z:Id="i47"><AttributeType>xyz</AttributeType><IsRequired>true</IsRequired><Value i:type="a:ArrayOfdouble" xmlns:a="http://schemas.microsoft.com/2003/10/Serialization/Arrays"><a:double>0</a:double><a:double>0</a:double><a:double>0</a:double></Value></Attribute></Attributes><ChildElements/><ElementName>axis</ElementName><required>false</required><XYZAttribute z:Ref="i47"/></URDFElement><URDFElement z:Id="i48" i:type="Limit"><Attributes><Attribute z:Id="i49"><AttributeType>lower</AttributeType><IsRequired>false</IsRequired><Value i:nil="true"/></Attribute><Attribute z:Id="i50"><AttributeType>upper</AttributeType><IsRequired>false</IsRequired><Value i:nil="true"/></Attribute><Attribute z:Id="i51"><AttributeType>effort</AttributeType><IsRequired>true</IsRequired><Value i:nil="true"/></Attribute><Attribute z:Id="i52"><AttributeType>velocity</AttributeType><IsRequired>true</IsRequired><Value i:nil="true"/></Attribute></Attributes><ChildElements/><ElementName>limit</ElementName><required>false</required><EffortAttribute z:Ref="i51"/><LowerAttribute z:Ref="i49"/><UpperAttribute z:Ref="i50"/><VelocityAttribute z:Ref="i52"/></URDFElement><URDFElement z:Id="i53" i:type="Calibration"><Attributes><Attribute z:Id="i54"><AttributeType>rising</AttributeType><IsRequired>false</IsRequired><Value i:nil="true"/></Attribute><Attribute z:Id="i55"><AttributeType>falling</AttributeType><IsRequired>false</IsRequired><Value i:nil="true"/></Attribute></Attributes><ChildElements/><ElementName>calibration</ElementName><required>false</required><FallingAttribute z:Ref="i55"/><RisingAttribute z:Ref="i54"/></URDFElement><URDFElement z:Id="i56" i:type="Dynamics"><Attributes><Attribute z:Id="i57"><AttributeType>damping</AttributeType><IsRequired>false</IsRequired><Value i:nil="true"/></Attribute><Attribute z:Id="i58"><AttributeType>friction</AttributeType><IsRequired>false</IsRequired><Value i:nil="true"/></Attribute></Attributes><ChildElements/><ElementName>dynamics</ElementName><required>false</required><DampingAttribute z:Ref="i57"/><FrictionAttribute z:Ref="i58"/></URDFElement><URDFElement z:Id="i59" i:type="SafetyController"><Attributes><Attribute z:Id="i60"><AttributeType>soft_upper_limit</AttributeType><IsRequired>false</IsRequired><Value i:nil="true"/></Attribute><Attribute z:Id="i61"><AttributeType>soft_lower_limit</AttributeType><IsRequired>false</IsRequired><Value i:nil="true"/></Attribute><Attribute z:Id="i62"><AttributeType>k_position</AttributeType><IsRequired>false</IsRequired><Value i:nil="true"/></Attribute><Attribute z:Id="i63"><AttributeType>k_velocity</AttributeType><IsRequired>true</IsRequired><Value i:nil="true"/></Attribute></Attributes><ChildElements/><ElementName>safety_controller</ElementName><required>false</required><KPositionAttribute z:Ref="i62"/><KVelocityAttribute z:Ref="i63"/><SoftLowerAttribute z:Ref="i61"/><SoftUpperAttribute z:Ref="i60"/></URDFElement><URDFElement z:Id="i64" i:type="Mimic"><Attributes><Attribute z:Id="i65"><AttributeType>joint</AttributeType><IsRequired>true</IsRequired><Value i:nil="true"/></Attribute><Attribute z:Id="i66"><AttributeType>multiplier</AttributeType><IsRequired>false</IsRequired><Value i:nil="true"/></Attribute><Attribute z:Id="i67"><AttributeType>offset</AttributeType><IsRequired>false</IsRequired><Value i:nil="true"/></Attribute></Attributes><ChildElements/><ElementName>mimic</ElementName><required>false</required><JointNameAttribute z:Ref="i65"/><MultiplierAttribute z:Ref="i66"/><OffsetAttribute z:Ref="i67"/></URDFElement></ChildElements><ElementName>joint</ElementName><required>false</required><Axis z:Ref="i46"/><AxisName/><Calibration z:Ref="i53"/><Child z:Ref="i44"/><CoordinateSystemName>?????????0</CoordinateSystemName><Dynamics z:Ref="i56"/><Limit z:Ref="i48"/><Mimic z:Ref="i64"/><NameAttribute z:Ref="i37"/><Origin z:Ref="i39"/><Parent z:Ref="i42"/><Safety z:Ref="i59"/><TypeAttribute z:Ref="i38"/></URDFElement></ChildElements><ElementName>link</ElementName><required>true</required><Children/><Collision z:Ref="i29"/><Inertial z:Ref="i3"/><Joint z:Ref="i36"/><NameAttribute z:Ref="i2"/><Parent i:nil="true"/><STLQualityFine>false</STLQualityFine><SWComponentPIDs xmlns:a="http://schemas.microsoft.com/2003/10/Serialization/Arrays"><a:base64Binary>UEYAAAUAAAD//v8xSwBLAEMAVABQAE0AMwBGADIAMAAuADAAMQAuADEANQBfAN6PpWPVbHBRLQAxAEAASwBLAEMAVABQAE0AMwBGADIAMABFAF8AMgAwAHNeqFIJTgdjS2IoAHp681ghaotXKQAEAAAAEAAAAAEAAAABAAAAZAMAAA==</a:base64Binary><a:base64Binary>UEYAAAUAAAD//v86SwBLAEcAQgBUADcAMAAuADEAIABNADQAWAAxADYAXwCFUW1R0okGV/FnNFm6h4mUIABNADQAWAAxADYALQA5AEAASwBLAEMAVABQAE0AMwBGADIAMABFAF8AMgAwAHNeqFIJTgdjS2IoAHp681ghaotXKQAEAAAAEAAAAAEAAAABAAAAYQQAAA==</a:base64Binary><a:base64Binary>UEYAAAUAAAD//v86SwBLAEcAQgBUADcAMAAuADEAIABNADQAWAAxADYAXwCFUW1R0okGV/FnNFm6h4mUIABNADQAWAAxADYALQA4AEAASwBLAEMAVABQAE0AMwBGADIAMABFAF8AMgAwAHNeqFIJTgdjS2IoAHp681ghaotXKQAEAAAAEAAAAAEAAAABAAAAYAQAAA==</a:base64Binary><a:base64Binary>UEYAAAUAAAD//v86SwBLAEcAQgBUADcAMAAuADEAIABNADQAWAAxADYAXwCFUW1R0okGV/FnNFm6h4mUIABNADQAWAAxADYALQA3AEAASwBLAEMAVABQAE0AMwBGADIAMABFAF8AMgAwAHNeqFIJTgdjS2IoAHp681ghaotXKQAEAAAAEAAAAAEAAAABAAAAXwQAAA==</a:base64Binary><a:base64Binary>UEYAAAUAAAD//v86SwBLAEcAQgBUADcAMAAuADEAIABNADQAWAAxADYAXwCFUW1R0okGV/FnNFm6h4mUIABNADQAWAAxADYALQAxAEAASwBLAEMAVABQAE0AMwBGADIAMABFAF8AMgAwAHNeqFIJTgdjS2IoAHp681ghaotXKQAEAAAAEAAAAAEAAAABAAAAowMAAA==</a:base64Binary><a:base64Binary>UEYAAAUAAAD//v87SwBLAEcAQgBUADcAMAAuADEAIABNADQAWAAxADYAXwCFUW1R0okGV/FnNFm6h4mUIABNADQAWAAxADYALQAxADEAQABLAEsAQwBUAFAATQAzAEYAMgAwAEUAXwAyADAAc16oUglOB2NLYigAenrzWCFqi1cpAAQAAAAQAAAAAQAAAAEAAABjBAAA</a:base64Binary><a:base64Binary>UEYAAAUAAAD//v87SwBLAEcAQgBUADcAMAAuADEAIABNADQAWAAxADYAXwCFUW1R0okGV/FnNFm6h4mUIABNADQAWAAxADYALQAxADAAQABLAEsAQwBUAFAATQAzAEYAMgAwAEUAXwAyADAAc16oUglOB2NLYigAenrzWCFqi1cpAAQAAAAQAAAAAQAAAAEAAABiBAAA</a:base64Binary><a:base64Binary>UEYAAAUAAAD//v8vSwBLAEMAVABQAE0AMwBGADIAMAAuADAAMQAuADAAMwBfABZZ81gtADMAQABLAEsAQwBUAFAATQAzAEYAMgAwAEUAXwAyADAAc16oUglOB2NLYigAenrzWCFqi1cpAAQAAAAQAAAAAQAAAAEAAACYAwAA</a:base64Binary><a:base64Binary>UEYAAAUAAAD//v8vSwBLAEMAVABQAE0AMwBGADIAMAAuADAAMQAuADAANwBfANZ2f2ctADIAQABLAEsAQwBUAFAATQAzAEYAMgAwAEUAXwAyADAAc16oUglOB2NLYigAenrzWCFqi1cpAAQAAAAQAAAAAQAAAAEAAAAHAwAA</a:base64Binary><a:base64Binary>UEYAAAUAAAD//v9eSwBLAEMAVABQAE0AMwBGADIAMAAuADAAMgBfAPR2v378W2iPxH72Ti0AMQA1AEAASwBLAEMAVABQAE0AMwBGADIAMABFAF8AMgAwAHNeqFIJTgdjS2IoAHp681ghaotXKQAvAEsASwBDAFQAUABNADMARgAyADAALgAwADEALgAxADEAXwD8W2iPaI9TkC0AMgBAAEsASwBDAFQAUABNADMARgAyADAALgAwADIAXwD0dr9+/Ftoj8R+9k4EAAAAEAAAAAEAAAACAAAAKQMAABYAAAA=</a:base64Binary><a:base64Binary>UEYAAAUAAAD//v9eSwBLAEMAVABQAE0AMwBGADIAMAAuADAAMgBfAPR2v378W2iPxH72Ti0AMQA0AEAASwBLAEMAVABQAE0AMwBGADIAMABFAF8AMgAwAHNeqFIJTgdjS2IoAHp681ghaotXKQAvAEsASwBDAFQAUABNADMARgAyADAALgAwADEALgAxADEAXwD8W2iPaI9TkC0AMgBAAEsASwBDAFQAUABNADMARgAyADAALgAwADIAXwD0dr9+/Ftoj8R+9k4EAAAAEAAAAAEAAAACAAAAKAMAABYAAAA=</a:base64Binary><a:base64Binary>UEYAAAUAAAD//v8ySwBLAEMAVABQAE0AMwBGADIAMAAuADAAMQAuADAANQBfADV1OmeJW8WIf2ctADMAQABLAEsAQwBUAFAATQAzAEYAMgAwAEUAXwAyADAAc16oUglOB2NLYigAenrzWCFqi1cpAAQAAAAQAAAAAQAAAAEAAABEAwAA</a:base64Binary><a:base64Binary>UEYAAAUAAAD//v9eSwBLAEMAVABQAE0AMwBGADIAMAAuADAAMgBfAPR2v378W2iPxH72Ti0AMQAxAEAASwBLAEMAVABQAE0AMwBGADIAMABFAF8AMgAwAHNeqFIJTgdjS2IoAHp681ghaotXKQAvAEsASwBDAFQAUABNADMARgAyADAALgAwADEALgAxADEAXwD8W2iPaI9TkC0AMgBAAEsASwBDAFQAUABNADMARgAyADAALgAwADIAXwD0dr9+/Ftoj8R+9k4EAAAAEAAAAAEAAAACAAAADAMAABYAAAA=</a:base64Binary></SWComponentPIDs><SWMainComponentPID i:nil="true"/><Visual z:Ref="i16"/><isFixedFrame>false</isFixedFrame><isIncomplete>false</isIncomplete></Link>
2026-03-16 16:02:21,655 INFO  ExportPropertyManager.cs: 1142 - AfterClose called. This method no longer throws an Exception. It just silently does nothing. Ok, except for this logging message
2026-03-16 16:02:46,135 INFO  SwAddin.cs: 294 - Assembly export called for file KKCTPM3F20E_20平动三指手(空壳模型).SLDASM
2026-03-16 16:02:46,136 INFO  SwAddin.cs: 299 - Save is required
2026-03-16 16:02:46,136 INFO  SwAddin.cs: 313 - Saving assembly
2026-03-16 16:02:46,441 INFO  SwAddin.cs: 316 - Opening property manager
2026-03-16 16:02:46,442 INFO  ExportHelperExtension.cs: 1125 - Retrieving features of type [CoordSys] from KKCTPM3F20E_20平动三指手(空壳模型).SLDASM
2026-03-16 16:02:46,442 INFO  ExportHelperExtension.cs: 1136 - Found 87 in KKCTPM3F20E_20平动三指手(空壳模型).SLDASM
2026-03-16 16:02:46,442 INFO  ExportHelperExtension.cs: 1145 - Found 4 features of type [CoordSys] in KKCTPM3F20E_20平动三指手(空壳模型).SLDASM
2026-03-16 16:02:46,443 INFO  ExportHelperExtension.cs: 1148 - Proceeding through assembly components
2026-03-16 16:02:46,443 INFO  ExportHelperExtension.cs: 1160 - 18 components to check
2026-03-16 16:02:46,443 INFO  ExportHelperExtension.cs: 1125 - Retrieving features of type [CoordSys] from KKCTPM3F20.02_直线导轨组件-14
2026-03-16 16:02:46,443 INFO  ExportHelperExtension.cs: 1136 - Found 50 in KKCTPM3F20.02_直线导轨组件-14
2026-03-16 16:02:46,444 INFO  ExportHelperExtension.cs: 1145 - Found 0 features of type [CoordSys] in KKCTPM3F20.02_直线导轨组件-14
2026-03-16 16:02:46,444 INFO  ExportHelperExtension.cs: 1125 - Retrieving features of type [CoordSys] from KKCTPM3F20.02_直线导轨组件-15
2026-03-16 16:02:46,445 INFO  ExportHelperExtension.cs: 1136 - Found 50 in KKCTPM3F20.02_直线导轨组件-15
2026-03-16 16:02:46,445 INFO  ExportHelperExtension.cs: 1145 - Found 0 features of type [CoordSys] in KKCTPM3F20.02_直线导轨组件-15
2026-03-16 16:02:46,445 INFO  ExportHelperExtension.cs: 1125 - Retrieving features of type [CoordSys] from KKGBT70.1 M4X16_内六角圆柱头螺钉 M4X16-11
2026-03-16 16:02:46,445 INFO  ExportHelperExtension.cs: 1136 - Found 27 in KKGBT70.1 M4X16_内六角圆柱头螺钉 M4X16-11
2026-03-16 16:02:46,446 INFO  ExportHelperExtension.cs: 1145 - Found 0 features of type [CoordSys] in KKGBT70.1 M4X16_内六角圆柱头螺钉 M4X16-11
2026-03-16 16:02:46,446 INFO  ExportHelperExtension.cs: 1125 - Retrieving features of type [CoordSys] from KKGBT70.1 M4X16_内六角圆柱头螺钉 M4X16-7
2026-03-16 16:02:46,446 INFO  ExportHelperExtension.cs: 1136 - Found 27 in KKGBT70.1 M4X16_内六角圆柱头螺钉 M4X16-7
2026-03-16 16:02:46,447 INFO  ExportHelperExtension.cs: 1145 - Found 0 features of type [CoordSys] in KKGBT70.1 M4X16_内六角圆柱头螺钉 M4X16-7
2026-03-16 16:02:46,447 INFO  ExportHelperExtension.cs: 1125 - Retrieving features of type [CoordSys] from KKGBT70.1 M4X16_内六角圆柱头螺钉 M4X16-8
2026-03-16 16:02:46,447 INFO  ExportHelperExtension.cs: 1136 - Found 27 in KKGBT70.1 M4X16_内六角圆柱头螺钉 M4X16-8
2026-03-16 16:02:46,447 INFO  ExportHelperExtension.cs: 1145 - Found 0 features of type [CoordSys] in KKGBT70.1 M4X16_内六角圆柱头螺钉 M4X16-8
2026-03-16 16:02:46,448 INFO  ExportHelperExtension.cs: 1125 - Retrieving features of type [CoordSys] from KKGBT70.1 M4X16_内六角圆柱头螺钉 M4X16-10
2026-03-16 16:02:46,448 INFO  ExportHelperExtension.cs: 1136 - Found 27 in KKGBT70.1 M4X16_内六角圆柱头螺钉 M4X16-10
2026-03-16 16:02:46,448 INFO  ExportHelperExtension.cs: 1145 - Found 0 features of type [CoordSys] in KKGBT70.1 M4X16_内六角圆柱头螺钉 M4X16-10
2026-03-16 16:02:46,448 INFO  ExportHelperExtension.cs: 1125 - Retrieving features of type [CoordSys] from KKGBT70.1 M4X16_内六角圆柱头螺钉 M4X16-9
2026-03-16 16:02:46,449 INFO  ExportHelperExtension.cs: 1136 - Found 27 in KKGBT70.1 M4X16_内六角圆柱头螺钉 M4X16-9
2026-03-16 16:02:46,449 INFO  ExportHelperExtension.cs: 1145 - Found 0 features of type [CoordSys] in KKGBT70.1 M4X16_内六角圆柱头螺钉 M4X16-9
2026-03-16 16:02:46,449 INFO  ExportHelperExtension.cs: 1125 - Retrieving features of type [CoordSys] from KKCTPM3F20.01.15_连接法兰-1
2026-03-16 16:02:46,450 INFO  ExportHelperExtension.cs: 1136 - Found 109 in KKCTPM3F20.01.15_连接法兰-1
2026-03-16 16:02:46,450 INFO  ExportHelperExtension.cs: 1145 - Found 0 features of type [CoordSys] in KKCTPM3F20.01.15_连接法兰-1
2026-03-16 16:02:46,450 INFO  ExportHelperExtension.cs: 1125 - Retrieving features of type [CoordSys] from KKCTPM3F20.01.07_盖板-2
2026-03-16 16:02:46,451 INFO  ExportHelperExtension.cs: 1136 - Found 50 in KKCTPM3F20.01.07_盖板-2
2026-03-16 16:02:46,451 INFO  ExportHelperExtension.cs: 1145 - Found 0 features of type [CoordSys] in KKCTPM3F20.01.07_盖板-2
2026-03-16 16:02:46,451 INFO  ExportHelperExtension.cs: 1125 - Retrieving features of type [CoordSys] from KKGBT70.1 M4X16_内六角圆柱头螺钉 M4X16-1
2026-03-16 16:02:46,451 INFO  ExportHelperExtension.cs: 1136 - Found 27 in KKGBT70.1 M4X16_内六角圆柱头螺钉 M4X16-1
2026-03-16 16:02:46,452 INFO  ExportHelperExtension.cs: 1145 - Found 0 features of type [CoordSys] in KKGBT70.1 M4X16_内六角圆柱头螺钉 M4X16-1
2026-03-16 16:02:46,452 INFO  ExportHelperExtension.cs: 1125 - Retrieving features of type [CoordSys] from KKCTPM3F20.02_直线导轨组件-11
2026-03-16 16:02:46,452 INFO  ExportHelperExtension.cs: 1136 - Found 50 in KKCTPM3F20.02_直线导轨组件-11
2026-03-16 16:02:46,452 INFO  ExportHelperExtension.cs: 1145 - Found 0 features of type [CoordSys] in KKCTPM3F20.02_直线导轨组件-11
2026-03-16 16:02:46,453 INFO  ExportHelperExtension.cs: 1125 - Retrieving features of type [CoordSys] from KKCTPM3F20.01.05_电机安装板-3
2026-03-16 16:02:46,453 INFO  ExportHelperExtension.cs: 1136 - Found 44 in KKCTPM3F20.01.05_电机安装板-3
2026-03-16 16:02:46,453 INFO  ExportHelperExtension.cs: 1145 - Found 0 features of type [CoordSys] in KKCTPM3F20.01.05_电机安装板-3
2026-03-16 16:02:46,453 INFO  ExportHelperExtension.cs: 1125 - Retrieving features of type [CoordSys] from KKCTPM3F20.01.03_外壳-3
2026-03-16 16:02:46,454 INFO  ExportHelperExtension.cs: 1136 - Found 117 in KKCTPM3F20.01.03_外壳-3
2026-03-16 16:02:46,454 INFO  ExportHelperExtension.cs: 1145 - Found 0 features of type [CoordSys] in KKCTPM3F20.01.03_外壳-3
2026-03-16 16:02:46,455 INFO  ExportHelperExtension.cs: 1125 - Retrieving features of type [RefAxis] from KKCTPM3F20E_20平动三指手(空壳模型).SLDASM
2026-03-16 16:02:46,455 INFO  ExportHelperExtension.cs: 1136 - Found 87 in KKCTPM3F20E_20平动三指手(空壳模型).SLDASM
2026-03-16 16:02:46,455 INFO  ExportHelperExtension.cs: 1145 - Found 3 features of type [RefAxis] in KKCTPM3F20E_20平动三指手(空壳模型).SLDASM
2026-03-16 16:02:46,455 INFO  ExportHelperExtension.cs: 1148 - Proceeding through assembly components
2026-03-16 16:02:46,456 INFO  ExportHelperExtension.cs: 1160 - 18 components to check
2026-03-16 16:02:46,456 INFO  ExportHelperExtension.cs: 1125 - Retrieving features of type [RefAxis] from KKCTPM3F20.02_直线导轨组件-14
2026-03-16 16:02:46,456 INFO  ExportHelperExtension.cs: 1136 - Found 50 in KKCTPM3F20.02_直线导轨组件-14
2026-03-16 16:02:46,456 INFO  ExportHelperExtension.cs: 1145 - Found 0 features of type [RefAxis] in KKCTPM3F20.02_直线导轨组件-14
2026-03-16 16:02:46,457 INFO  ExportHelperExtension.cs: 1125 - Retrieving features of type [RefAxis] from KKCTPM3F20.02_直线导轨组件-15
2026-03-16 16:02:46,457 INFO  ExportHelperExtension.cs: 1136 - Found 50 in KKCTPM3F20.02_直线导轨组件-15
2026-03-16 16:02:46,457 INFO  ExportHelperExtension.cs: 1145 - Found 0 features of type [RefAxis] in KKCTPM3F20.02_直线导轨组件-15
2026-03-16 16:02:46,457 INFO  ExportHelperExtension.cs: 1125 - Retrieving features of type [RefAxis] from KKGBT70.1 M4X16_内六角圆柱头螺钉 M4X16-11
2026-03-16 16:02:46,458 INFO  ExportHelperExtension.cs: 1136 - Found 27 in KKGBT70.1 M4X16_内六角圆柱头螺钉 M4X16-11
2026-03-16 16:02:46,458 INFO  ExportHelperExtension.cs: 1145 - Found 0 features of type [RefAxis] in KKGBT70.1 M4X16_内六角圆柱头螺钉 M4X16-11
2026-03-16 16:02:46,458 INFO  ExportHelperExtension.cs: 1125 - Retrieving features of type [RefAxis] from KKGBT70.1 M4X16_内六角圆柱头螺钉 M4X16-7
2026-03-16 16:02:46,458 INFO  ExportHelperExtension.cs: 1136 - Found 27 in KKGBT70.1 M4X16_内六角圆柱头螺钉 M4X16-7
2026-03-16 16:02:46,459 INFO  ExportHelperExtension.cs: 1145 - Found 0 features of type [RefAxis] in KKGBT70.1 M4X16_内六角圆柱头螺钉 M4X16-7
2026-03-16 16:02:46,459 INFO  ExportHelperExtension.cs: 1125 - Retrieving features of type [RefAxis] from KKGBT70.1 M4X16_内六角圆柱头螺钉 M4X16-8
2026-03-16 16:02:46,460 INFO  ExportHelperExtension.cs: 1136 - Found 27 in KKGBT70.1 M4X16_内六角圆柱头螺钉 M4X16-8
2026-03-16 16:02:46,460 INFO  ExportHelperExtension.cs: 1145 - Found 0 features of type [RefAxis] in KKGBT70.1 M4X16_内六角圆柱头螺钉 M4X16-8
2026-03-16 16:02:46,460 INFO  ExportHelperExtension.cs: 1125 - Retrieving features of type [RefAxis] from KKGBT70.1 M4X16_内六角圆柱头螺钉 M4X16-10
2026-03-16 16:02:46,460 INFO  ExportHelperExtension.cs: 1136 - Found 27 in KKGBT70.1 M4X16_内六角圆柱头螺钉 M4X16-10
2026-03-16 16:02:46,461 INFO  ExportHelperExtension.cs: 1145 - Found 0 features of type [RefAxis] in KKGBT70.1 M4X16_内六角圆柱头螺钉 M4X16-10
2026-03-16 16:02:46,461 INFO  ExportHelperExtension.cs: 1125 - Retrieving features of type [RefAxis] from KKGBT70.1 M4X16_内六角圆柱头螺钉 M4X16-9
2026-03-16 16:02:46,461 INFO  ExportHelperExtension.cs: 1136 - Found 27 in KKGBT70.1 M4X16_内六角圆柱头螺钉 M4X16-9
2026-03-16 16:02:46,461 INFO  ExportHelperExtension.cs: 1145 - Found 0 features of type [RefAxis] in KKGBT70.1 M4X16_内六角圆柱头螺钉 M4X16-9
2026-03-16 16:02:46,462 INFO  ExportHelperExtension.cs: 1125 - Retrieving features of type [RefAxis] from KKCTPM3F20.01.15_连接法兰-1
2026-03-16 16:02:46,462 INFO  ExportHelperExtension.cs: 1136 - Found 109 in KKCTPM3F20.01.15_连接法兰-1
2026-03-16 16:02:46,462 INFO  ExportHelperExtension.cs: 1145 - Found 1 features of type [RefAxis] in KKCTPM3F20.01.15_连接法兰-1
2026-03-16 16:02:46,462 INFO  ExportHelperExtension.cs: 1125 - Retrieving features of type [RefAxis] from KKCTPM3F20.01.07_盖板-2
2026-03-16 16:02:46,463 INFO  ExportHelperExtension.cs: 1136 - Found 50 in KKCTPM3F20.01.07_盖板-2
2026-03-16 16:02:46,463 INFO  ExportHelperExtension.cs: 1145 - Found 0 features of type [RefAxis] in KKCTPM3F20.01.07_盖板-2
2026-03-16 16:02:46,463 INFO  ExportHelperExtension.cs: 1125 - Retrieving features of type [RefAxis] from KKGBT70.1 M4X16_内六角圆柱头螺钉 M4X16-1
2026-03-16 16:02:46,463 INFO  ExportHelperExtension.cs: 1136 - Found 27 in KKGBT70.1 M4X16_内六角圆柱头螺钉 M4X16-1
2026-03-16 16:02:46,464 INFO  ExportHelperExtension.cs: 1145 - Found 0 features of type [RefAxis] in KKGBT70.1 M4X16_内六角圆柱头螺钉 M4X16-1
2026-03-16 16:02:46,464 INFO  ExportHelperExtension.cs: 1125 - Retrieving features of type [RefAxis] from KKCTPM3F20.02_直线导轨组件-11
2026-03-16 16:02:46,464 INFO  ExportHelperExtension.cs: 1136 - Found 50 in KKCTPM3F20.02_直线导轨组件-11
2026-03-16 16:02:46,464 INFO  ExportHelperExtension.cs: 1145 - Found 0 features of type [RefAxis] in KKCTPM3F20.02_直线导轨组件-11
2026-03-16 16:02:46,465 INFO  ExportHelperExtension.cs: 1125 - Retrieving features of type [RefAxis] from KKCTPM3F20.01.05_电机安装板-3
2026-03-16 16:02:46,465 INFO  ExportHelperExtension.cs: 1136 - Found 44 in KKCTPM3F20.01.05_电机安装板-3
2026-03-16 16:02:46,465 INFO  ExportHelperExtension.cs: 1145 - Found 0 features of type [RefAxis] in KKCTPM3F20.01.05_电机安装板-3
2026-03-16 16:02:46,465 INFO  ExportHelperExtension.cs: 1125 - Retrieving features of type [RefAxis] from KKCTPM3F20.01.03_外壳-3
2026-03-16 16:02:46,466 INFO  ExportHelperExtension.cs: 1136 - Found 117 in KKCTPM3F20.01.03_外壳-3
2026-03-16 16:02:46,466 INFO  ExportHelperExtension.cs: 1145 - Found 1 features of type [RefAxis] in KKCTPM3F20.01.03_外壳-3
2026-03-16 16:02:46,500 INFO  SwAddin.cs: 339 - Loading config tree
2026-03-16 16:02:46,500 INFO  ConfigurationSerialization.cs: 276 - URDF Configuration found
<Link z:Id="i1" xmlns="http://schemas.datacontract.org/2004/07/SW2URDF" xmlns:i="http://www.w3.org/2001/XMLSchema-instance" xmlns:z="http://schemas.microsoft.com/2003/10/Serialization/"><Attributes><Attribute z:Id="i2"><AttributeType>name</AttributeType><IsRequired>true</IsRequired><Value i:type="a:string" xmlns:a="http://www.w3.org/2001/XMLSchema">base_link</Value></Attribute></Attributes><ChildElements><URDFElement z:Id="i3" i:type="Inertial"><Attributes/><ChildElements><URDFElement z:Id="i4" i:type="Origin"><Attributes><Attribute z:Id="i5"><AttributeType>xyz</AttributeType><IsRequired>true</IsRequired><Value i:type="a:ArrayOfdouble" xmlns:a="http://schemas.microsoft.com/2003/10/Serialization/Arrays"><a:double>0</a:double><a:double>0</a:double><a:double>0</a:double></Value></Attribute><Attribute z:Id="i6"><AttributeType>rpy</AttributeType><IsRequired>true</IsRequired><Value i:type="a:ArrayOfdouble" xmlns:a="http://schemas.microsoft.com/2003/10/Serialization/Arrays"><a:double>0</a:double><a:double>0</a:double><a:double>0</a:double></Value></Attribute></Attributes><ChildElements/><ElementName>origin</ElementName><required>false</required><RPYAttribute z:Ref="i6"/><XYZAttribute z:Ref="i5"/><isCustomized>false</isCustomized></URDFElement><URDFElement z:Id="i7" i:type="Mass"><Attributes><Attribute z:Id="i8"><AttributeType>value</AttributeType><IsRequired>true</IsRequired><Value i:type="a:double" xmlns:a="http://www.w3.org/2001/XMLSchema">0</Value></Attribute></Attributes><ChildElements/><ElementName>mass</ElementName><required>false</required><ValueAttribute z:Ref="i8"/></URDFElement><URDFElement z:Id="i9" i:type="Inertia"><Attributes><Attribute z:Id="i10"><AttributeType>ixx</AttributeType><IsRequired>true</IsRequired><Value i:type="a:double" xmlns:a="http://www.w3.org/2001/XMLSchema">0</Value></Attribute><Attribute z:Id="i11"><AttributeType>ixy</AttributeType><IsRequired>true</IsRequired><Value i:type="a:double" xmlns:a="http://www.w3.org/2001/XMLSchema">0</Value></Attribute><Attribute z:Id="i12"><AttributeType>ixz</AttributeType><IsRequired>true</IsRequired><Value i:type="a:double" xmlns:a="http://www.w3.org/2001/XMLSchema">0</Value></Attribute><Attribute z:Id="i13"><AttributeType>iyy</AttributeType><IsRequired>true</IsRequired><Value i:type="a:double" xmlns:a="http://www.w3.org/2001/XMLSchema">0</Value></Attribute><Attribute z:Id="i14"><AttributeType>iyz</AttributeType><IsRequired>true</IsRequired><Value i:type="a:double" xmlns:a="http://www.w3.org/2001/XMLSchema">0</Value></Attribute><Attribute z:Id="i15"><AttributeType>izz</AttributeType><IsRequired>true</IsRequired><Value i:type="a:double" xmlns:a="http://www.w3.org/2001/XMLSchema">0</Value></Attribute></Attributes><ChildElements/><ElementName>inertia</ElementName><required>false</required><IxxAttribute z:Ref="i10"/><IxyAttribute z:Ref="i11"/><IxzAttribute z:Ref="i12"/><IyyAttribute z:Ref="i13"/><IyzAttribute z:Ref="i14"/><IzzAttribute z:Ref="i15"/></URDFElement></ChildElements><ElementName>inertial</ElementName><required>false</required><Inertia z:Ref="i9"/><Mass z:Ref="i7"/><Origin z:Ref="i4"/></URDFElement><URDFElement z:Id="i16" i:type="Visual"><Attributes/><ChildElements><URDFElement z:Id="i17" i:type="Origin"><Attributes><Attribute z:Id="i18"><AttributeType>xyz</AttributeType><IsRequired>true</IsRequired><Value i:type="a:ArrayOfdouble" xmlns:a="http://schemas.microsoft.com/2003/10/Serialization/Arrays"><a:double>0</a:double><a:double>0</a:double><a:double>0</a:double></Value></Attribute><Attribute z:Id="i19"><AttributeType>rpy</AttributeType><IsRequired>true</IsRequired><Value i:type="a:ArrayOfdouble" xmlns:a="http://schemas.microsoft.com/2003/10/Serialization/Arrays"><a:double>0</a:double><a:double>0</a:double><a:double>0</a:double></Value></Attribute></Attributes><ChildElements/><ElementName>origin</ElementName><required>false</required><RPYAttribute z:Ref="i19"/><XYZAttribute z:Ref="i18"/><isCustomized>false</isCustomized></URDFElement><URDFElement z:Id="i20" i:type="Geometry"><Attributes/><ChildElements><URDFElement z:Id="i21" i:type="Mesh"><Attributes><Attribute z:Id="i22"><AttributeType>filename</AttributeType><IsRequired>true</IsRequired><Value i:nil="true"/></Attribute></Attributes><ChildElements/><ElementName>mesh</ElementName><required>false</required><FilenameAttribute z:Ref="i22"/></URDFElement></ChildElements><ElementName>geometry</ElementName><required>true</required><Mesh z:Ref="i21"/></URDFElement><URDFElement z:Id="i23" i:type="Material"><Attributes><Attribute z:Id="i24"><AttributeType>name</AttributeType><IsRequired>true</IsRequired><Value i:type="a:string" xmlns:a="http://www.w3.org/2001/XMLSchema"/></Attribute></Attributes><ChildElements><URDFElement z:Id="i25" i:type="Color"><Attributes><Attribute z:Id="i26"><AttributeType>rgba</AttributeType><IsRequired>true</IsRequired><Value i:type="a:ArrayOfdouble" xmlns:a="http://schemas.microsoft.com/2003/10/Serialization/Arrays"><a:double>1</a:double><a:double>1</a:double><a:double>1</a:double><a:double>1</a:double></Value></Attribute></Attributes><ChildElements/><ElementName>color</ElementName><required>false</required><RGBAAttribute z:Ref="i26"/></URDFElement><URDFElement z:Id="i27" i:type="Texture"><Attributes><Attribute z:Id="i28"><AttributeType>filename</AttributeType><IsRequired>true</IsRequired><Value i:nil="true"/></Attribute></Attributes><ChildElements/><ElementName>texture</ElementName><required>false</required><FilenameAttribute z:Ref="i28"/><wFilename/></URDFElement></ChildElements><ElementName>material</ElementName><required>false</required><Color z:Ref="i25"/><NameAttribute z:Ref="i24"/><Texture z:Ref="i27"/></URDFElement></ChildElements><ElementName>visual</ElementName><required>false</required><Geometry z:Ref="i20"/><Material z:Ref="i23"/><Origin z:Ref="i17"/></URDFElement><URDFElement z:Id="i29" i:type="Collision"><Attributes/><ChildElements><URDFElement z:Id="i30" i:type="Origin"><Attributes><Attribute z:Id="i31"><AttributeType>xyz</AttributeType><IsRequired>true</IsRequired><Value i:type="a:ArrayOfdouble" xmlns:a="http://schemas.microsoft.com/2003/10/Serialization/Arrays"><a:double>0</a:double><a:double>0</a:double><a:double>0</a:double></Value></Attribute><Attribute z:Id="i32"><AttributeType>rpy</AttributeType><IsRequired>true</IsRequired><Value i:type="a:ArrayOfdouble" xmlns:a="http://schemas.microsoft.com/2003/10/Serialization/Arrays"><a:double>0</a:double><a:double>0</a:double><a:double>0</a:double></Value></Attribute></Attributes><ChildElements/><ElementName>origin</ElementName><required>false</required><RPYAttribute z:Ref="i32"/><XYZAttribute z:Ref="i31"/><isCustomized>false</isCustomized></URDFElement><URDFElement z:Id="i33" i:type="Geometry"><Attributes/><ChildElements><URDFElement z:Id="i34" i:type="Mesh"><Attributes><Attribute z:Id="i35"><AttributeType>filename</AttributeType><IsRequired>true</IsRequired><Value i:nil="true"/></Attribute></Attributes><ChildElements/><ElementName>mesh</ElementName><required>false</required><FilenameAttribute z:Ref="i35"/></URDFElement></ChildElements><ElementName>geometry</ElementName><required>true</required><Mesh z:Ref="i34"/></URDFElement></ChildElements><ElementName>collision</ElementName><required>false</required><Geometry z:Ref="i33"/><Origin z:Ref="i30"/></URDFElement><URDFElement z:Id="i36" i:type="Joint"><Attributes><Attribute z:Id="i37"><AttributeType>name</AttributeType><IsRequired>true</IsRequired><Value i:type="a:string" xmlns:a="http://www.w3.org/2001/XMLSchema"/></Attribute><Attribute z:Id="i38"><AttributeType>type</AttributeType><IsRequired>true</IsRequired><Value i:type="a:string" xmlns:a="http://www.w3.org/2001/XMLSchema"/></Attribute></Attributes><ChildElements><URDFElement z:Id="i39" i:type="Origin"><Attributes><Attribute z:Id="i40"><AttributeType>xyz</AttributeType><IsRequired>true</IsRequired><Value i:type="a:ArrayOfdouble" xmlns:a="http://schemas.microsoft.com/2003/10/Serialization/Arrays"><a:double>0</a:double><a:double>0</a:double><a:double>0</a:double></Value></Attribute><Attribute z:Id="i41"><AttributeType>rpy</AttributeType><IsRequired>true</IsRequired><Value i:type="a:ArrayOfdouble" xmlns:a="http://schemas.microsoft.com/2003/10/Serialization/Arrays"><a:double>0</a:double><a:double>0</a:double><a:double>0</a:double></Value></Attribute></Attributes><ChildElements/><ElementName>origin</ElementName><required>false</required><RPYAttribute z:Ref="i41"/><XYZAttribute z:Ref="i40"/><isCustomized>false</isCustomized></URDFElement><URDFElement z:Id="i42" i:type="ParentLink"><Attributes><Attribute z:Id="i43"><AttributeType>link</AttributeType><IsRequired>true</IsRequired><Value i:type="a:string" xmlns:a="http://www.w3.org/2001/XMLSchema"/></Attribute></Attributes><ChildElements/><ElementName>parent</ElementName><required>true</required><NameAttribute z:Ref="i43"/></URDFElement><URDFElement z:Id="i44" i:type="ChildLink"><Attributes><Attribute z:Id="i45"><AttributeType>link</AttributeType><IsRequired>true</IsRequired><Value i:type="a:string" xmlns:a="http://www.w3.org/2001/XMLSchema"/></Attribute></Attributes><ChildElements/><ElementName>child</ElementName><required>true</required><NameAttribute z:Ref="i45"/></URDFElement><URDFElement z:Id="i46" i:type="Axis"><Attributes><Attribute z:Id="i47"><AttributeType>xyz</AttributeType><IsRequired>true</IsRequired><Value i:type="a:ArrayOfdouble" xmlns:a="http://schemas.microsoft.com/2003/10/Serialization/Arrays"><a:double>0</a:double><a:double>0</a:double><a:double>0</a:double></Value></Attribute></Attributes><ChildElements/><ElementName>axis</ElementName><required>false</required><XYZAttribute z:Ref="i47"/></URDFElement><URDFElement z:Id="i48" i:type="Limit"><Attributes><Attribute z:Id="i49"><AttributeType>lower</AttributeType><IsRequired>false</IsRequired><Value i:nil="true"/></Attribute><Attribute z:Id="i50"><AttributeType>upper</AttributeType><IsRequired>false</IsRequired><Value i:nil="true"/></Attribute><Attribute z:Id="i51"><AttributeType>effort</AttributeType><IsRequired>true</IsRequired><Value i:nil="true"/></Attribute><Attribute z:Id="i52"><AttributeType>velocity</AttributeType><IsRequired>true</IsRequired><Value i:nil="true"/></Attribute></Attributes><ChildElements/><ElementName>limit</ElementName><required>false</required><EffortAttribute z:Ref="i51"/><LowerAttribute z:Ref="i49"/><UpperAttribute z:Ref="i50"/><VelocityAttribute z:Ref="i52"/></URDFElement><URDFElement z:Id="i53" i:type="Calibration"><Attributes><Attribute z:Id="i54"><AttributeType>rising</AttributeType><IsRequired>false</IsRequired><Value i:nil="true"/></Attribute><Attribute z:Id="i55"><AttributeType>falling</AttributeType><IsRequired>false</IsRequired><Value i:nil="true"/></Attribute></Attributes><ChildElements/><ElementName>calibration</ElementName><required>false</required><FallingAttribute z:Ref="i55"/><RisingAttribute z:Ref="i54"/></URDFElement><URDFElement z:Id="i56" i:type="Dynamics"><Attributes><Attribute z:Id="i57"><AttributeType>damping</AttributeType><IsRequired>false</IsRequired><Value i:nil="true"/></Attribute><Attribute z:Id="i58"><AttributeType>friction</AttributeType><IsRequired>false</IsRequired><Value i:nil="true"/></Attribute></Attributes><ChildElements/><ElementName>dynamics</ElementName><required>false</required><DampingAttribute z:Ref="i57"/><FrictionAttribute z:Ref="i58"/></URDFElement><URDFElement z:Id="i59" i:type="SafetyController"><Attributes><Attribute z:Id="i60"><AttributeType>soft_upper_limit</AttributeType><IsRequired>false</IsRequired><Value i:nil="true"/></Attribute><Attribute z:Id="i61"><AttributeType>soft_lower_limit</AttributeType><IsRequired>false</IsRequired><Value i:nil="true"/></Attribute><Attribute z:Id="i62"><AttributeType>k_position</AttributeType><IsRequired>false</IsRequired><Value i:nil="true"/></Attribute><Attribute z:Id="i63"><AttributeType>k_velocity</AttributeType><IsRequired>true</IsRequired><Value i:nil="true"/></Attribute></Attributes><ChildElements/><ElementName>safety_controller</ElementName><required>false</required><KPositionAttribute z:Ref="i62"/><KVelocityAttribute z:Ref="i63"/><SoftLowerAttribute z:Ref="i61"/><SoftUpperAttribute z:Ref="i60"/></URDFElement><URDFElement z:Id="i64" i:type="Mimic"><Attributes><Attribute z:Id="i65"><AttributeType>joint</AttributeType><IsRequired>true</IsRequired><Value i:nil="true"/></Attribute><Attribute z:Id="i66"><AttributeType>multiplier</AttributeType><IsRequired>false</IsRequired><Value i:nil="true"/></Attribute><Attribute z:Id="i67"><AttributeType>offset</AttributeType><IsRequired>false</IsRequired><Value i:nil="true"/></Attribute></Attributes><ChildElements/><ElementName>mimic</ElementName><required>false</required><JointNameAttribute z:Ref="i65"/><MultiplierAttribute z:Ref="i66"/><OffsetAttribute z:Ref="i67"/></URDFElement></ChildElements><ElementName>joint</ElementName><required>false</required><Axis z:Ref="i46"/><AxisName/><Calibration z:Ref="i53"/><Child z:Ref="i44"/><CoordinateSystemName>Automatically Generate</CoordinateSystemName><Dynamics z:Ref="i56"/><Limit z:Ref="i48"/><Mimic z:Ref="i64"/><NameAttribute z:Ref="i37"/><Origin z:Ref="i39"/><Parent z:Ref="i42"/><Safety z:Ref="i59"/><TypeAttribute z:Ref="i38"/></URDFElement></ChildElements><ElementName>link</ElementName><required>true</required><Children/><Collision z:Ref="i29"/><Inertial z:Ref="i3"/><Joint z:Ref="i36"/><NameAttribute z:Ref="i2"/><Parent i:nil="true"/><STLQualityFine>false</STLQualityFine><SWComponentPIDs xmlns:a="http://schemas.microsoft.com/2003/10/Serialization/Arrays"><a:base64Binary>UEYAAAUAAAD//v8xSwBLAEMAVABQAE0AMwBGADIAMAAuADAAMQAuADEANQBfAN6PpWPVbHBRLQAxAEAASwBLAEMAVABQAE0AMwBGADIAMABFAF8AMgAwAHNeqFIJTgdjS2IoAHp681ghaotXKQAEAAAAEAAAAAEAAAABAAAAZAMAAA==</a:base64Binary><a:base64Binary>UEYAAAUAAAD//v86SwBLAEcAQgBUADcAMAAuADEAIABNADQAWAAxADYAXwCFUW1R0okGV/FnNFm6h4mUIABNADQAWAAxADYALQA5AEAASwBLAEMAVABQAE0AMwBGADIAMABFAF8AMgAwAHNeqFIJTgdjS2IoAHp681ghaotXKQAEAAAAEAAAAAEAAAABAAAAYQQAAA==</a:base64Binary><a:base64Binary>UEYAAAUAAAD//v86SwBLAEcAQgBUADcAMAAuADEAIABNADQAWAAxADYAXwCFUW1R0okGV/FnNFm6h4mUIABNADQAWAAxADYALQA4AEAASwBLAEMAVABQAE0AMwBGADIAMABFAF8AMgAwAHNeqFIJTgdjS2IoAHp681ghaotXKQAEAAAAEAAAAAEAAAABAAAAYAQAAA==</a:base64Binary><a:base64Binary>UEYAAAUAAAD//v86SwBLAEcAQgBUADcAMAAuADEAIABNADQAWAAxADYAXwCFUW1R0okGV/FnNFm6h4mUIABNADQAWAAxADYALQA3AEAASwBLAEMAVABQAE0AMwBGADIAMABFAF8AMgAwAHNeqFIJTgdjS2IoAHp681ghaotXKQAEAAAAEAAAAAEAAAABAAAAXwQAAA==</a:base64Binary><a:base64Binary>UEYAAAUAAAD//v86SwBLAEcAQgBUADcAMAAuADEAIABNADQAWAAxADYAXwCFUW1R0okGV/FnNFm6h4mUIABNADQAWAAxADYALQAxAEAASwBLAEMAVABQAE0AMwBGADIAMABFAF8AMgAwAHNeqFIJTgdjS2IoAHp681ghaotXKQAEAAAAEAAAAAEAAAABAAAAowMAAA==</a:base64Binary><a:base64Binary>UEYAAAUAAAD//v87SwBLAEcAQgBUADcAMAAuADEAIABNADQAWAAxADYAXwCFUW1R0okGV/FnNFm6h4mUIABNADQAWAAxADYALQAxADEAQABLAEsAQwBUAFAATQAzAEYAMgAwAEUAXwAyADAAc16oUglOB2NLYigAenrzWCFqi1cpAAQAAAAQAAAAAQAAAAEAAABjBAAA</a:base64Binary><a:base64Binary>UEYAAAUAAAD//v87SwBLAEcAQgBUADcAMAAuADEAIABNADQAWAAxADYAXwCFUW1R0okGV/FnNFm6h4mUIABNADQAWAAxADYALQAxADAAQABLAEsAQwBUAFAATQAzAEYAMgAwAEUAXwAyADAAc16oUglOB2NLYigAenrzWCFqi1cpAAQAAAAQAAAAAQAAAAEAAABiBAAA</a:base64Binary><a:base64Binary>UEYAAAUAAAD//v8vSwBLAEMAVABQAE0AMwBGADIAMAAuADAAMQAuADAAMwBfABZZ81gtADMAQABLAEsAQwBUAFAATQAzAEYAMgAwAEUAXwAyADAAc16oUglOB2NLYigAenrzWCFqi1cpAAQAAAAQAAAAAQAAAAEAAACYAwAA</a:base64Binary><a:base64Binary>UEYAAAUAAAD//v8vSwBLAEMAVABQAE0AMwBGADIAMAAuADAAMQAuADAANwBfANZ2f2ctADIAQABLAEsAQwBUAFAATQAzAEYAMgAwAEUAXwAyADAAc16oUglOB2NLYigAenrzWCFqi1cpAAQAAAAQAAAAAQAAAAEAAAAHAwAA</a:base64Binary><a:base64Binary>UEYAAAUAAAD//v9eSwBLAEMAVABQAE0AMwBGADIAMAAuADAAMgBfAPR2v378W2iPxH72Ti0AMQA1AEAASwBLAEMAVABQAE0AMwBGADIAMABFAF8AMgAwAHNeqFIJTgdjS2IoAHp681ghaotXKQAvAEsASwBDAFQAUABNADMARgAyADAALgAwADEALgAxADEAXwD8W2iPaI9TkC0AMgBAAEsASwBDAFQAUABNADMARgAyADAALgAwADIAXwD0dr9+/Ftoj8R+9k4EAAAAEAAAAAEAAAACAAAAKQMAABYAAAA=</a:base64Binary><a:base64Binary>UEYAAAUAAAD//v9eSwBLAEMAVABQAE0AMwBGADIAMAAuADAAMgBfAPR2v378W2iPxH72Ti0AMQA0AEAASwBLAEMAVABQAE0AMwBGADIAMABFAF8AMgAwAHNeqFIJTgdjS2IoAHp681ghaotXKQAvAEsASwBDAFQAUABNADMARgAyADAALgAwADEALgAxADEAXwD8W2iPaI9TkC0AMgBAAEsASwBDAFQAUABNADMARgAyADAALgAwADIAXwD0dr9+/Ftoj8R+9k4EAAAAEAAAAAEAAAACAAAAKAMAABYAAAA=</a:base64Binary><a:base64Binary>UEYAAAUAAAD//v8ySwBLAEMAVABQAE0AMwBGADIAMAAuADAAMQAuADAANQBfADV1OmeJW8WIf2ctADMAQABLAEsAQwBUAFAATQAzAEYAMgAwAEUAXwAyADAAc16oUglOB2NLYigAenrzWCFqi1cpAAQAAAAQAAAAAQAAAAEAAABEAwAA</a:base64Binary><a:base64Binary>UEYAAAUAAAD//v9eSwBLAEMAVABQAE0AMwBGADIAMAAuADAAMgBfAPR2v378W2iPxH72Ti0AMQAxAEAASwBLAEMAVABQAE0AMwBGADIAMABFAF8AMgAwAHNeqFIJTgdjS2IoAHp681ghaotXKQAvAEsASwBDAFQAUABNADMARgAyADAALgAwADEALgAxADEAXwD8W2iPaI9TkC0AMgBAAEsASwBDAFQAUABNADMARgAyADAALgAwADIAXwD0dr9+/Ftoj8R+9k4EAAAAEAAAAAEAAAACAAAADAMAABYAAAA=</a:base64Binary><a:base64Binary>UEYAAAUAAAD//v9lSwBLAEMAVABQAE0AMwBGADIAMAAuADAAMgBfAPR2v378W2iPxH72Ti0AMQA0AEAASwBLAEMAVABQAE0AMwBGADIAMABFAF8AMgAwAHNeqFIJTgdjS2IoAHp681ghaotXKQAvAEsASwBHAEIAVAA3ADAALgAxACAATQAzAFgAOABfAIVRbVHSiQZX8Wc0WbqHiZQgAE0AMwBYADgALQAzAEAASwBLAEMAVABQAE0AMwBGADIAMAAuADAAMgBfAPR2v378W2iPxH72TgQAAAAQAAAAAQAAAAIAAAAoAwAANgAAAA==</a:base64Binary><a:base64Binary>UEYAAAUAAAD//v9lSwBLAEMAVABQAE0AMwBGADIAMAAuADAAMgBfAPR2v378W2iPxH72Ti0AMQA0AEAASwBLAEMAVABQAE0AMwBGADIAMABFAF8AMgAwAHNeqFIJTgdjS2IoAHp681ghaotXKQAvAEsASwBHAEIAVAA3ADAALgAxACAATQAzAFgAOABfAIVRbVHSiQZX8Wc0WbqHiZQgAE0AMwBYADgALQAxAEAASwBLAEMAVABQAE0AMwBGADIAMAAuADAAMgBfAPR2v378W2iPxH72TgQAAAAQAAAAAQAAAAIAAAAoAwAAMAAAAA==</a:base64Binary><a:base64Binary>UEYAAAUAAAD//v9lSwBLAEMAVABQAE0AMwBGADIAMAAuADAAMgBfAPR2v378W2iPxH72Ti0AMQA0AEAASwBLAEMAVABQAE0AMwBGADIAMABFAF8AMgAwAHNeqFIJTgdjS2IoAHp681ghaotXKQAvAEsASwBHAEIAVAA3ADAALgAxACAATQAzAFgAOABfAIVRbVHSiQZX8Wc0WbqHiZQgAE0AMwBYADgALQAyAEAASwBLAEMAVABQAE0AMwBGADIAMAAuADAAMgBfAPR2v378W2iPxH72TgQAAAAQAAAAAQAAAAIAAAAoAwAANQAAAA==</a:base64Binary><a:base64Binary>UEYAAAUAAAD//v9lSwBLAEMAVABQAE0AMwBGADIAMAAuADAAMgBfAPR2v378W2iPxH72Ti0AMQA0AEAASwBLAEMAVABQAE0AMwBGADIAMABFAF8AMgAwAHNeqFIJTgdjS2IoAHp681ghaotXKQAvAEsASwBHAEIAVAA3ADAALgAxACAATQAzAFgAOABfAIVRbVHSiQZX8Wc0WbqHiZQgAE0AMwBYADgALQA0AEAASwBLAEMAVABQAE0AMwBGADIAMAAuADAAMgBfAPR2v378W2iPxH72TgQAAAAQAAAAAQAAAAIAAAAoAwAANwAAAA==</a:base64Binary><a:base64Binary>UEYAAAUAAAD//v9lSwBLAEMAVABQAE0AMwBGADIAMAAuADAAMgBfAPR2v378W2iPxH72Ti0AMQAxAEAASwBLAEMAVABQAE0AMwBGADIAMABFAF8AMgAwAHNeqFIJTgdjS2IoAHp681ghaotXKQAvAEsASwBHAEIAVAA3ADAALgAxACAATQAzAFgAOABfAIVRbVHSiQZX8Wc0WbqHiZQgAE0AMwBYADgALQA0AEAASwBLAEMAVABQAE0AMwBGADIAMAAuADAAMgBfAPR2v378W2iPxH72TgQAAAAQAAAAAQAAAAIAAAAMAwAANwAAAA==</a:base64Binary><a:base64Binary>UEYAAAUAAAD//v9lSwBLAEMAVABQAE0AMwBGADIAMAAuADAAMgBfAPR2v378W2iPxH72Ti0AMQAxAEAASwBLAEMAVABQAE0AMwBGADIAMABFAF8AMgAwAHNeqFIJTgdjS2IoAHp681ghaotXKQAvAEsASwBHAEIAVAA3ADAALgAxACAATQAzAFgAOABfAIVRbVHSiQZX8Wc0WbqHiZQgAE0AMwBYADgALQAzAEAASwBLAEMAVABQAE0AMwBGADIAMAAuADAAMgBfAPR2v378W2iPxH72TgQAAAAQAAAAAQAAAAIAAAAMAwAANgAAAA==</a:base64Binary><a:base64Binary>UEYAAAUAAAD//v9lSwBLAEMAVABQAE0AMwBGADIAMAAuADAAMgBfAPR2v378W2iPxH72Ti0AMQAxAEAASwBLAEMAVABQAE0AMwBGADIAMABFAF8AMgAwAHNeqFIJTgdjS2IoAHp681ghaotXKQAvAEsASwBHAEIAVAA3ADAALgAxACAATQAzAFgAOABfAIVRbVHSiQZX8Wc0WbqHiZQgAE0AMwBYADgALQAxAEAASwBLAEMAVABQAE0AMwBGADIAMAAuADAAMgBfAPR2v378W2iPxH72TgQAAAAQAAAAAQAAAAIAAAAMAwAAMAAAAA==</a:base64Binary><a:base64Binary>UEYAAAUAAAD//v9lSwBLAEMAVABQAE0AMwBGADIAMAAuADAAMgBfAPR2v378W2iPxH72Ti0AMQAxAEAASwBLAEMAVABQAE0AMwBGADIAMABFAF8AMgAwAHNeqFIJTgdjS2IoAHp681ghaotXKQAvAEsASwBHAEIAVAA3ADAALgAxACAATQAzAFgAOABfAIVRbVHSiQZX8Wc0WbqHiZQgAE0AMwBYADgALQAyAEAASwBLAEMAVABQAE0AMwBGADIAMAAuADAAMgBfAPR2v378W2iPxH72TgQAAAAQAAAAAQAAAAIAAAAMAwAANQAAAA==</a:base64Binary><a:base64Binary>UEYAAAUAAAD//v9lSwBLAEMAVABQAE0AMwBGADIAMAAuADAAMgBfAPR2v378W2iPxH72Ti0AMQA1AEAASwBLAEMAVABQAE0AMwBGADIAMABFAF8AMgAwAHNeqFIJTgdjS2IoAHp681ghaotXKQAvAEsASwBHAEIAVAA3ADAALgAxACAATQAzAFgAOABfAIVRbVHSiQZX8Wc0WbqHiZQgAE0AMwBYADgALQA0AEAASwBLAEMAVABQAE0AMwBGADIAMAAuADAAMgBfAPR2v378W2iPxH72TgQAAAAQAAAAAQAAAAIAAAApAwAANwAAAA==</a:base64Binary><a:base64Binary>UEYAAAUAAAD//v9lSwBLAEMAVABQAE0AMwBGADIAMAAuADAAMgBfAPR2v378W2iPxH72Ti0AMQA1AEAASwBLAEMAVABQAE0AMwBGADIAMABFAF8AMgAwAHNeqFIJTgdjS2IoAHp681ghaotXKQAvAEsASwBHAEIAVAA3ADAALgAxACAATQAzAFgAOABfAIVRbVHSiQZX8Wc0WbqHiZQgAE0AMwBYADgALQAyAEAASwBLAEMAVABQAE0AMwBGADIAMAAuADAAMgBfAPR2v378W2iPxH72TgQAAAAQAAAAAQAAAAIAAAApAwAANQAAAA==</a:base64Binary><a:base64Binary>UEYAAAUAAAD//v9lSwBLAEMAVABQAE0AMwBGADIAMAAuADAAMgBfAPR2v378W2iPxH72Ti0AMQA1AEAASwBLAEMAVABQAE0AMwBGADIAMABFAF8AMgAwAHNeqFIJTgdjS2IoAHp681ghaotXKQAvAEsASwBHAEIAVAA3ADAALgAxACAATQAzAFgAOABfAIVRbVHSiQZX8Wc0WbqHiZQgAE0AMwBYADgALQAzAEAASwBLAEMAVABQAE0AMwBGADIAMAAuADAAMgBfAPR2v378W2iPxH72TgQAAAAQAAAAAQAAAAIAAAApAwAANgAAAA==</a:base64Binary><a:base64Binary>UEYAAAUAAAD//v9lSwBLAEMAVABQAE0AMwBGADIAMAAuADAAMgBfAPR2v378W2iPxH72Ti0AMQA1AEAASwBLAEMAVABQAE0AMwBGADIAMABFAF8AMgAwAHNeqFIJTgdjS2IoAHp681ghaotXKQAvAEsASwBHAEIAVAA3ADAALgAxACAATQAzAFgAOABfAIVRbVHSiQZX8Wc0WbqHiZQgAE0AMwBYADgALQAxAEAASwBLAEMAVABQAE0AMwBGADIAMAAuADAAMgBfAPR2v378W2iPxH72TgQAAAAQAAAAAQAAAAIAAAApAwAAMAAAAA==</a:base64Binary></SWComponentPIDs><SWMainComponentPID i:nil="true"/><Visual z:Ref="i16"/><isFixedFrame>false</isFixedFrame><isIncomplete>false</isIncomplete></Link>
2026-03-16 16:02:46,501 INFO  LinkNode.cs: 35 - Building node base_link
2026-03-16 16:02:46,501 INFO  CommonSwOperations.cs: 221 - Loading SolidWorks components for base_link from C:\Users\shawn\Desktop\CTPM3F20E_20平动三指手可动数模\KKCTPM3F20E_20平动三指手(空壳模型).SLDASM
2026-03-16 16:02:46,501 INFO  CommonSwOperations.cs: 245 - Loading component with PID PF     ???1K K C T P M 3 F 2 0 . 0 1 . 1 5 _ ???c?lpQ- 1 @ K K C T P M 3 F 2 0 E _ 2 0 s^?R	NcKb( zz?X!j?W)             d  
2026-03-16 16:02:46,502 INFO  CommonSwOperations.cs: 254 - Successfully loaded component C:\Users\shawn\Desktop\CTPM3F20E_20平动三指手可动数模\KKCTPM3F20.01.15_连接法兰.SLDPRT
2026-03-16 16:02:46,502 INFO  CommonSwOperations.cs: 245 - Loading component with PID PF     ???:K K G B T 7 0 . 1   M 4 X 1 6 _ ?QmQ??W?g4Y????  M 4 X 1 6 - 9 @ K K C T P M 3 F 2 0 E _ 2 0 s^?R	NcKb( zz?X!j?W)             a  
2026-03-16 16:02:46,502 INFO  CommonSwOperations.cs: 254 - Successfully loaded component C:\Users\shawn\Desktop\CTPM3F20E_20平动三指手可动数模\KKGBT70.1 M4X16_内六角圆柱头螺钉 M4X16.SLDPRT
2026-03-16 16:02:46,503 INFO  CommonSwOperations.cs: 245 - Loading component with PID PF     ???:K K G B T 7 0 . 1   M 4 X 1 6 _ ?QmQ??W?g4Y????  M 4 X 1 6 - 8 @ K K C T P M 3 F 2 0 E _ 2 0 s^?R	NcKb( zz?X!j?W)             `  
2026-03-16 16:02:46,503 INFO  CommonSwOperations.cs: 254 - Successfully loaded component C:\Users\shawn\Desktop\CTPM3F20E_20平动三指手可动数模\KKGBT70.1 M4X16_内六角圆柱头螺钉 M4X16.SLDPRT
2026-03-16 16:02:46,503 INFO  CommonSwOperations.cs: 245 - Loading component with PID PF     ???:K K G B T 7 0 . 1   M 4 X 1 6 _ ?QmQ??W?g4Y????  M 4 X 1 6 - 7 @ K K C T P M 3 F 2 0 E _ 2 0 s^?R	NcKb( zz?X!j?W)             _  
2026-03-16 16:02:46,503 INFO  CommonSwOperations.cs: 254 - Successfully loaded component C:\Users\shawn\Desktop\CTPM3F20E_20平动三指手可动数模\KKGBT70.1 M4X16_内六角圆柱头螺钉 M4X16.SLDPRT
2026-03-16 16:02:46,503 INFO  CommonSwOperations.cs: 245 - Loading component with PID PF     ???:K K G B T 7 0 . 1   M 4 X 1 6 _ ?QmQ??W?g4Y????  M 4 X 1 6 - 1 @ K K C T P M 3 F 2 0 E _ 2 0 s^?R	NcKb( zz?X!j?W)             ?  
2026-03-16 16:02:46,504 INFO  CommonSwOperations.cs: 254 - Successfully loaded component C:\Users\shawn\Desktop\CTPM3F20E_20平动三指手可动数模\KKGBT70.1 M4X16_内六角圆柱头螺钉 M4X16.SLDPRT
2026-03-16 16:02:46,504 INFO  CommonSwOperations.cs: 245 - Loading component with PID PF     ???;K K G B T 7 0 . 1   M 4 X 1 6 _ ?QmQ??W?g4Y????  M 4 X 1 6 - 1 1 @ K K C T P M 3 F 2 0 E _ 2 0 s^?R	NcKb( zz?X!j?W)             c  
2026-03-16 16:02:46,505 INFO  CommonSwOperations.cs: 254 - Successfully loaded component C:\Users\shawn\Desktop\CTPM3F20E_20平动三指手可动数模\KKGBT70.1 M4X16_内六角圆柱头螺钉 M4X16.SLDPRT
2026-03-16 16:02:46,505 INFO  CommonSwOperations.cs: 245 - Loading component with PID PF     ???;K K G B T 7 0 . 1   M 4 X 1 6 _ ?QmQ??W?g4Y????  M 4 X 1 6 - 1 0 @ K K C T P M 3 F 2 0 E _ 2 0 s^?R	NcKb( zz?X!j?W)             b  
2026-03-16 16:02:46,505 INFO  CommonSwOperations.cs: 254 - Successfully loaded component C:\Users\shawn\Desktop\CTPM3F20E_20平动三指手可动数模\KKGBT70.1 M4X16_内六角圆柱头螺钉 M4X16.SLDPRT
2026-03-16 16:02:46,505 INFO  CommonSwOperations.cs: 245 - Loading component with PID PF     ???/K K C T P M 3 F 2 0 . 0 1 . 0 3 _ Y?X- 3 @ K K C T P M 3 F 2 0 E _ 2 0 s^?R	NcKb( zz?X!j?W)             ?  
2026-03-16 16:02:46,506 INFO  CommonSwOperations.cs: 254 - Successfully loaded component C:\Users\shawn\Desktop\CTPM3F20E_20平动三指手可动数模\KKCTPM3F20.01.03_外壳.SLDPRT
2026-03-16 16:02:46,506 INFO  CommonSwOperations.cs: 245 - Loading component with PID PF     ???/K K C T P M 3 F 2 0 . 0 1 . 0 7 _ ?vg- 2 @ K K C T P M 3 F 2 0 E _ 2 0 s^?R	NcKb( zz?X!j?W)               
2026-03-16 16:02:46,506 INFO  CommonSwOperations.cs: 254 - Successfully loaded component C:\Users\shawn\Desktop\CTPM3F20E_20平动三指手可动数模\KKCTPM3F20.01.07_盖板.SLDPRT
2026-03-16 16:02:46,506 INFO  CommonSwOperations.cs: 245 - Loading component with PID PF     ???^K K C T P M 3 F 2 0 . 0 2 _ ?v?~?[h??~?N- 1 5 @ K K C T P M 3 F 2 0 E _ 2 0 s^?R	NcKb( zz?X!j?W) / K K C T P M 3 F 2 0 . 0 1 . 1 1 _ ?[h?h?S?- 2 @ K K C T P M 3 F 2 0 . 0 2 _ ?v?~?[h??~?N            )     
2026-03-16 16:02:46,507 INFO  CommonSwOperations.cs: 254 - Successfully loaded component C:\Users\shawn\Desktop\CTPM3F20E_20平动三指手可动数模\KKCTPM3F20.01.11_导轨轨道.SLDPRT
2026-03-16 16:02:46,507 INFO  CommonSwOperations.cs: 245 - Loading component with PID PF     ???^K K C T P M 3 F 2 0 . 0 2 _ ?v?~?[h??~?N- 1 4 @ K K C T P M 3 F 2 0 E _ 2 0 s^?R	NcKb( zz?X!j?W) / K K C T P M 3 F 2 0 . 0 1 . 1 1 _ ?[h?h?S?- 2 @ K K C T P M 3 F 2 0 . 0 2 _ ?v?~?[h??~?N            (     
2026-03-16 16:02:46,507 INFO  CommonSwOperations.cs: 254 - Successfully loaded component C:\Users\shawn\Desktop\CTPM3F20E_20平动三指手可动数模\KKCTPM3F20.01.11_导轨轨道.SLDPRT
2026-03-16 16:02:46,507 INFO  CommonSwOperations.cs: 245 - Loading component with PID PF     ???2K K C T P M 3 F 2 0 . 0 1 . 0 5 _ 5u:g?[??g- 3 @ K K C T P M 3 F 2 0 E _ 2 0 s^?R	NcKb( zz?X!j?W)             D  
2026-03-16 16:02:46,507 INFO  CommonSwOperations.cs: 254 - Successfully loaded component C:\Users\shawn\Desktop\CTPM3F20E_20平动三指手可动数模\KKCTPM3F20.01.05_电机安装板.SLDPRT
2026-03-16 16:02:46,508 INFO  CommonSwOperations.cs: 245 - Loading component with PID PF     ???^K K C T P M 3 F 2 0 . 0 2 _ ?v?~?[h??~?N- 1 1 @ K K C T P M 3 F 2 0 E _ 2 0 s^?R	NcKb( zz?X!j?W) / K K C T P M 3 F 2 0 . 0 1 . 1 1 _ ?[h?h?S?- 2 @ K K C T P M 3 F 2 0 . 0 2 _ ?v?~?[h??~?N                 
2026-03-16 16:02:46,508 INFO  CommonSwOperations.cs: 254 - Successfully loaded component C:\Users\shawn\Desktop\CTPM3F20E_20平动三指手可动数模\KKCTPM3F20.01.11_导轨轨道.SLDPRT
2026-03-16 16:02:46,508 INFO  CommonSwOperations.cs: 245 - Loading component with PID PF     ???eK K C T P M 3 F 2 0 . 0 2 _ ?v?~?[h??~?N- 1 4 @ K K C T P M 3 F 2 0 E _ 2 0 s^?R	NcKb( zz?X!j?W) / K K G B T 7 0 . 1   M 3 X 8 _ ?QmQ??W?g4Y????  M 3 X 8 - 3 @ K K C T P M 3 F 2 0 . 0 2 _ ?v?~?[h??~?N            (  6   
2026-03-16 16:02:46,508 INFO  CommonSwOperations.cs: 254 - Successfully loaded component C:\Users\shawn\Desktop\CTPM3F20E_20平动三指手可动数模\KKGBT70.1 M3X8_内六角圆柱头螺钉 M3X8.SLDPRT
2026-03-16 16:02:46,508 INFO  CommonSwOperations.cs: 245 - Loading component with PID PF     ???eK K C T P M 3 F 2 0 . 0 2 _ ?v?~?[h??~?N- 1 4 @ K K C T P M 3 F 2 0 E _ 2 0 s^?R	NcKb( zz?X!j?W) / K K G B T 7 0 . 1   M 3 X 8 _ ?QmQ??W?g4Y????  M 3 X 8 - 1 @ K K C T P M 3 F 2 0 . 0 2 _ ?v?~?[h??~?N            (  0   
2026-03-16 16:02:46,508 INFO  CommonSwOperations.cs: 254 - Successfully loaded component C:\Users\shawn\Desktop\CTPM3F20E_20平动三指手可动数模\KKGBT70.1 M3X8_内六角圆柱头螺钉 M3X8.SLDPRT
2026-03-16 16:02:46,508 INFO  CommonSwOperations.cs: 245 - Loading component with PID PF     ???eK K C T P M 3 F 2 0 . 0 2 _ ?v?~?[h??~?N- 1 4 @ K K C T P M 3 F 2 0 E _ 2 0 s^?R	NcKb( zz?X!j?W) / K K G B T 7 0 . 1   M 3 X 8 _ ?QmQ??W?g4Y????  M 3 X 8 - 2 @ K K C T P M 3 F 2 0 . 0 2 _ ?v?~?[h??~?N            (  5   
2026-03-16 16:02:46,510 INFO  CommonSwOperations.cs: 254 - Successfully loaded component C:\Users\shawn\Desktop\CTPM3F20E_20平动三指手可动数模\KKGBT70.1 M3X8_内六角圆柱头螺钉 M3X8.SLDPRT
2026-03-16 16:02:46,510 INFO  CommonSwOperations.cs: 245 - Loading component with PID PF     ???eK K C T P M 3 F 2 0 . 0 2 _ ?v?~?[h??~?N- 1 4 @ K K C T P M 3 F 2 0 E _ 2 0 s^?R	NcKb( zz?X!j?W) / K K G B T 7 0 . 1   M 3 X 8 _ ?QmQ??W?g4Y????  M 3 X 8 - 4 @ K K C T P M 3 F 2 0 . 0 2 _ ?v?~?[h??~?N            (  7   
2026-03-16 16:02:46,510 INFO  CommonSwOperations.cs: 254 - Successfully loaded component C:\Users\shawn\Desktop\CTPM3F20E_20平动三指手可动数模\KKGBT70.1 M3X8_内六角圆柱头螺钉 M3X8.SLDPRT
2026-03-16 16:02:46,510 INFO  CommonSwOperations.cs: 245 - Loading component with PID PF     ???eK K C T P M 3 F 2 0 . 0 2 _ ?v?~?[h??~?N- 1 1 @ K K C T P M 3 F 2 0 E _ 2 0 s^?R	NcKb( zz?X!j?W) / K K G B T 7 0 . 1   M 3 X 8 _ ?QmQ??W?g4Y????  M 3 X 8 - 4 @ K K C T P M 3 F 2 0 . 0 2 _ ?v?~?[h??~?N              7   
2026-03-16 16:02:46,511 INFO  CommonSwOperations.cs: 254 - Successfully loaded component C:\Users\shawn\Desktop\CTPM3F20E_20平动三指手可动数模\KKGBT70.1 M3X8_内六角圆柱头螺钉 M3X8.SLDPRT
2026-03-16 16:02:46,511 INFO  CommonSwOperations.cs: 245 - Loading component with PID PF     ???eK K C T P M 3 F 2 0 . 0 2 _ ?v?~?[h??~?N- 1 1 @ K K C T P M 3 F 2 0 E _ 2 0 s^?R	NcKb( zz?X!j?W) / K K G B T 7 0 . 1   M 3 X 8 _ ?QmQ??W?g4Y????  M 3 X 8 - 3 @ K K C T P M 3 F 2 0 . 0 2 _ ?v?~?[h??~?N              6   
2026-03-16 16:02:46,511 INFO  CommonSwOperations.cs: 254 - Successfully loaded component C:\Users\shawn\Desktop\CTPM3F20E_20平动三指手可动数模\KKGBT70.1 M3X8_内六角圆柱头螺钉 M3X8.SLDPRT
2026-03-16 16:02:46,512 INFO  CommonSwOperations.cs: 245 - Loading component with PID PF     ???eK K C T P M 3 F 2 0 . 0 2 _ ?v?~?[h??~?N- 1 1 @ K K C T P M 3 F 2 0 E _ 2 0 s^?R	NcKb( zz?X!j?W) / K K G B T 7 0 . 1   M 3 X 8 _ ?QmQ??W?g4Y????  M 3 X 8 - 1 @ K K C T P M 3 F 2 0 . 0 2 _ ?v?~?[h??~?N              0   
2026-03-16 16:02:46,512 INFO  CommonSwOperations.cs: 254 - Successfully loaded component C:\Users\shawn\Desktop\CTPM3F20E_20平动三指手可动数模\KKGBT70.1 M3X8_内六角圆柱头螺钉 M3X8.SLDPRT
2026-03-16 16:02:46,512 INFO  CommonSwOperations.cs: 245 - Loading component with PID PF     ???eK K C T P M 3 F 2 0 . 0 2 _ ?v?~?[h??~?N- 1 1 @ K K C T P M 3 F 2 0 E _ 2 0 s^?R	NcKb( zz?X!j?W) / K K G B T 7 0 . 1   M 3 X 8 _ ?QmQ??W?g4Y????  M 3 X 8 - 2 @ K K C T P M 3 F 2 0 . 0 2 _ ?v?~?[h??~?N              5   
2026-03-16 16:02:46,512 INFO  CommonSwOperations.cs: 254 - Successfully loaded component C:\Users\shawn\Desktop\CTPM3F20E_20平动三指手可动数模\KKGBT70.1 M3X8_内六角圆柱头螺钉 M3X8.SLDPRT
2026-03-16 16:02:46,513 INFO  CommonSwOperations.cs: 245 - Loading component with PID PF     ???eK K C T P M 3 F 2 0 . 0 2 _ ?v?~?[h??~?N- 1 5 @ K K C T P M 3 F 2 0 E _ 2 0 s^?R	NcKb( zz?X!j?W) / K K G B T 7 0 . 1   M 3 X 8 _ ?QmQ??W?g4Y????  M 3 X 8 - 4 @ K K C T P M 3 F 2 0 . 0 2 _ ?v?~?[h??~?N            )  7   
2026-03-16 16:02:46,513 INFO  CommonSwOperations.cs: 254 - Successfully loaded component C:\Users\shawn\Desktop\CTPM3F20E_20平动三指手可动数模\KKGBT70.1 M3X8_内六角圆柱头螺钉 M3X8.SLDPRT
2026-03-16 16:02:46,514 INFO  CommonSwOperations.cs: 245 - Loading component with PID PF     ???eK K C T P M 3 F 2 0 . 0 2 _ ?v?~?[h??~?N- 1 5 @ K K C T P M 3 F 2 0 E _ 2 0 s^?R	NcKb( zz?X!j?W) / K K G B T 7 0 . 1   M 3 X 8 _ ?QmQ??W?g4Y????  M 3 X 8 - 2 @ K K C T P M 3 F 2 0 . 0 2 _ ?v?~?[h??~?N            )  5   
2026-03-16 16:02:46,514 INFO  CommonSwOperations.cs: 254 - Successfully loaded component C:\Users\shawn\Desktop\CTPM3F20E_20平动三指手可动数模\KKGBT70.1 M3X8_内六角圆柱头螺钉 M3X8.SLDPRT
2026-03-16 16:02:46,514 INFO  CommonSwOperations.cs: 245 - Loading component with PID PF     ???eK K C T P M 3 F 2 0 . 0 2 _ ?v?~?[h??~?N- 1 5 @ K K C T P M 3 F 2 0 E _ 2 0 s^?R	NcKb( zz?X!j?W) / K K G B T 7 0 . 1   M 3 X 8 _ ?QmQ??W?g4Y????  M 3 X 8 - 3 @ K K C T P M 3 F 2 0 . 0 2 _ ?v?~?[h??~?N            )  6   
2026-03-16 16:02:46,515 INFO  CommonSwOperations.cs: 254 - Successfully loaded component C:\Users\shawn\Desktop\CTPM3F20E_20平动三指手可动数模\KKGBT70.1 M3X8_内六角圆柱头螺钉 M3X8.SLDPRT
2026-03-16 16:02:46,515 INFO  CommonSwOperations.cs: 245 - Loading component with PID PF     ???eK K C T P M 3 F 2 0 . 0 2 _ ?v?~?[h??~?N- 1 5 @ K K C T P M 3 F 2 0 E _ 2 0 s^?R	NcKb( zz?X!j?W) / K K G B T 7 0 . 1   M 3 X 8 _ ?QmQ??W?g4Y????  M 3 X 8 - 1 @ K K C T P M 3 F 2 0 . 0 2 _ ?v?~?[h??~?N            )  0   
2026-03-16 16:02:46,515 INFO  CommonSwOperations.cs: 254 - Successfully loaded component C:\Users\shawn\Desktop\CTPM3F20E_20平动三指手可动数模\KKGBT70.1 M3X8_内六角圆柱头螺钉 M3X8.SLDPRT
2026-03-16 16:02:46,515 INFO  CommonSwOperations.cs: 230 - Loaded 25 components for link base_link
2026-03-16 16:02:46,894 INFO  SwAddin.cs: 344 - Showing property manager
2026-03-16 16:02:52,465 INFO  ExportPropertyManager.cs: 1136 - OnNumberBoxTrackingCompleted called. This method no longer throws an Exception. It just silently does nothing. Ok, except for this logging message
2026-03-16 16:02:52,913 INFO  ExportPropertyManager.cs: 1136 - OnNumberBoxTrackingCompleted called. This method no longer throws an Exception. It just silently does nothing. Ok, except for this logging message
2026-03-16 16:02:53,318 INFO  ExportPropertyManager.cs: 1136 - OnNumberBoxTrackingCompleted called. This method no longer throws an Exception. It just silently does nothing. Ok, except for this logging message
2026-03-16 16:03:45,038 INFO  ExportPropertyManager.cs: 1018 - OnComboboxSelectionChanged called. This method no longer throws an Exception. It just silently does nothing. Ok, except for this logging message
2026-03-16 16:03:48,613 INFO  ExportPropertyManager.cs: 1018 - OnComboboxSelectionChanged called. This method no longer throws an Exception. It just silently does nothing. Ok, except for this logging message
2026-03-16 16:04:26,642 INFO  ExportPropertyManager.cs: 1018 - OnComboboxSelectionChanged called. This method no longer throws an Exception. It just silently does nothing. Ok, except for this logging message
2026-03-16 16:04:30,943 INFO  ExportPropertyManager.cs: 422 - Configuration saved
2026-03-16 16:04:30,946 INFO  ConfigurationSerialization.cs: 276 - URDF Configuration found
<Link z:Id="i1" xmlns="http://schemas.datacontract.org/2004/07/SW2URDF" xmlns:i="http://www.w3.org/2001/XMLSchema-instance" xmlns:z="http://schemas.microsoft.com/2003/10/Serialization/"><Attributes><Attribute z:Id="i2"><AttributeType>name</AttributeType><IsRequired>true</IsRequired><Value i:type="a:string" xmlns:a="http://www.w3.org/2001/XMLSchema">base_link</Value></Attribute></Attributes><ChildElements><URDFElement z:Id="i3" i:type="Inertial"><Attributes/><ChildElements><URDFElement z:Id="i4" i:type="Origin"><Attributes><Attribute z:Id="i5"><AttributeType>xyz</AttributeType><IsRequired>true</IsRequired><Value i:type="a:ArrayOfdouble" xmlns:a="http://schemas.microsoft.com/2003/10/Serialization/Arrays"><a:double>0</a:double><a:double>0</a:double><a:double>0</a:double></Value></Attribute><Attribute z:Id="i6"><AttributeType>rpy</AttributeType><IsRequired>true</IsRequired><Value i:type="a:ArrayOfdouble" xmlns:a="http://schemas.microsoft.com/2003/10/Serialization/Arrays"><a:double>0</a:double><a:double>0</a:double><a:double>0</a:double></Value></Attribute></Attributes><ChildElements/><ElementName>origin</ElementName><required>false</required><RPYAttribute z:Ref="i6"/><XYZAttribute z:Ref="i5"/><isCustomized>false</isCustomized></URDFElement><URDFElement z:Id="i7" i:type="Mass"><Attributes><Attribute z:Id="i8"><AttributeType>value</AttributeType><IsRequired>true</IsRequired><Value i:type="a:double" xmlns:a="http://www.w3.org/2001/XMLSchema">0</Value></Attribute></Attributes><ChildElements/><ElementName>mass</ElementName><required>false</required><ValueAttribute z:Ref="i8"/></URDFElement><URDFElement z:Id="i9" i:type="Inertia"><Attributes><Attribute z:Id="i10"><AttributeType>ixx</AttributeType><IsRequired>true</IsRequired><Value i:type="a:double" xmlns:a="http://www.w3.org/2001/XMLSchema">0</Value></Attribute><Attribute z:Id="i11"><AttributeType>ixy</AttributeType><IsRequired>true</IsRequired><Value i:type="a:double" xmlns:a="http://www.w3.org/2001/XMLSchema">0</Value></Attribute><Attribute z:Id="i12"><AttributeType>ixz</AttributeType><IsRequired>true</IsRequired><Value i:type="a:double" xmlns:a="http://www.w3.org/2001/XMLSchema">0</Value></Attribute><Attribute z:Id="i13"><AttributeType>iyy</AttributeType><IsRequired>true</IsRequired><Value i:type="a:double" xmlns:a="http://www.w3.org/2001/XMLSchema">0</Value></Attribute><Attribute z:Id="i14"><AttributeType>iyz</AttributeType><IsRequired>true</IsRequired><Value i:type="a:double" xmlns:a="http://www.w3.org/2001/XMLSchema">0</Value></Attribute><Attribute z:Id="i15"><AttributeType>izz</AttributeType><IsRequired>true</IsRequired><Value i:type="a:double" xmlns:a="http://www.w3.org/2001/XMLSchema">0</Value></Attribute></Attributes><ChildElements/><ElementName>inertia</ElementName><required>false</required><IxxAttribute z:Ref="i10"/><IxyAttribute z:Ref="i11"/><IxzAttribute z:Ref="i12"/><IyyAttribute z:Ref="i13"/><IyzAttribute z:Ref="i14"/><IzzAttribute z:Ref="i15"/></URDFElement></ChildElements><ElementName>inertial</ElementName><required>false</required><Inertia z:Ref="i9"/><Mass z:Ref="i7"/><Origin z:Ref="i4"/></URDFElement><URDFElement z:Id="i16" i:type="Visual"><Attributes/><ChildElements><URDFElement z:Id="i17" i:type="Origin"><Attributes><Attribute z:Id="i18"><AttributeType>xyz</AttributeType><IsRequired>true</IsRequired><Value i:type="a:ArrayOfdouble" xmlns:a="http://schemas.microsoft.com/2003/10/Serialization/Arrays"><a:double>0</a:double><a:double>0</a:double><a:double>0</a:double></Value></Attribute><Attribute z:Id="i19"><AttributeType>rpy</AttributeType><IsRequired>true</IsRequired><Value i:type="a:ArrayOfdouble" xmlns:a="http://schemas.microsoft.com/2003/10/Serialization/Arrays"><a:double>0</a:double><a:double>0</a:double><a:double>0</a:double></Value></Attribute></Attributes><ChildElements/><ElementName>origin</ElementName><required>false</required><RPYAttribute z:Ref="i19"/><XYZAttribute z:Ref="i18"/><isCustomized>false</isCustomized></URDFElement><URDFElement z:Id="i20" i:type="Geometry"><Attributes/><ChildElements><URDFElement z:Id="i21" i:type="Mesh"><Attributes><Attribute z:Id="i22"><AttributeType>filename</AttributeType><IsRequired>true</IsRequired><Value i:nil="true"/></Attribute></Attributes><ChildElements/><ElementName>mesh</ElementName><required>false</required><FilenameAttribute z:Ref="i22"/></URDFElement></ChildElements><ElementName>geometry</ElementName><required>true</required><Mesh z:Ref="i21"/></URDFElement><URDFElement z:Id="i23" i:type="Material"><Attributes><Attribute z:Id="i24"><AttributeType>name</AttributeType><IsRequired>true</IsRequired><Value i:type="a:string" xmlns:a="http://www.w3.org/2001/XMLSchema"/></Attribute></Attributes><ChildElements><URDFElement z:Id="i25" i:type="Color"><Attributes><Attribute z:Id="i26"><AttributeType>rgba</AttributeType><IsRequired>true</IsRequired><Value i:type="a:ArrayOfdouble" xmlns:a="http://schemas.microsoft.com/2003/10/Serialization/Arrays"><a:double>1</a:double><a:double>1</a:double><a:double>1</a:double><a:double>1</a:double></Value></Attribute></Attributes><ChildElements/><ElementName>color</ElementName><required>false</required><RGBAAttribute z:Ref="i26"/></URDFElement><URDFElement z:Id="i27" i:type="Texture"><Attributes><Attribute z:Id="i28"><AttributeType>filename</AttributeType><IsRequired>true</IsRequired><Value i:nil="true"/></Attribute></Attributes><ChildElements/><ElementName>texture</ElementName><required>false</required><FilenameAttribute z:Ref="i28"/><wFilename/></URDFElement></ChildElements><ElementName>material</ElementName><required>false</required><Color z:Ref="i25"/><NameAttribute z:Ref="i24"/><Texture z:Ref="i27"/></URDFElement></ChildElements><ElementName>visual</ElementName><required>false</required><Geometry z:Ref="i20"/><Material z:Ref="i23"/><Origin z:Ref="i17"/></URDFElement><URDFElement z:Id="i29" i:type="Collision"><Attributes/><ChildElements><URDFElement z:Id="i30" i:type="Origin"><Attributes><Attribute z:Id="i31"><AttributeType>xyz</AttributeType><IsRequired>true</IsRequired><Value i:type="a:ArrayOfdouble" xmlns:a="http://schemas.microsoft.com/2003/10/Serialization/Arrays"><a:double>0</a:double><a:double>0</a:double><a:double>0</a:double></Value></Attribute><Attribute z:Id="i32"><AttributeType>rpy</AttributeType><IsRequired>true</IsRequired><Value i:type="a:ArrayOfdouble" xmlns:a="http://schemas.microsoft.com/2003/10/Serialization/Arrays"><a:double>0</a:double><a:double>0</a:double><a:double>0</a:double></Value></Attribute></Attributes><ChildElements/><ElementName>origin</ElementName><required>false</required><RPYAttribute z:Ref="i32"/><XYZAttribute z:Ref="i31"/><isCustomized>false</isCustomized></URDFElement><URDFElement z:Id="i33" i:type="Geometry"><Attributes/><ChildElements><URDFElement z:Id="i34" i:type="Mesh"><Attributes><Attribute z:Id="i35"><AttributeType>filename</AttributeType><IsRequired>true</IsRequired><Value i:nil="true"/></Attribute></Attributes><ChildElements/><ElementName>mesh</ElementName><required>false</required><FilenameAttribute z:Ref="i35"/></URDFElement></ChildElements><ElementName>geometry</ElementName><required>true</required><Mesh z:Ref="i34"/></URDFElement></ChildElements><ElementName>collision</ElementName><required>false</required><Geometry z:Ref="i33"/><Origin z:Ref="i30"/></URDFElement><URDFElement z:Id="i36" i:type="Joint"><Attributes><Attribute z:Id="i37"><AttributeType>name</AttributeType><IsRequired>true</IsRequired><Value i:type="a:string" xmlns:a="http://www.w3.org/2001/XMLSchema"/></Attribute><Attribute z:Id="i38"><AttributeType>type</AttributeType><IsRequired>true</IsRequired><Value i:type="a:string" xmlns:a="http://www.w3.org/2001/XMLSchema"/></Attribute></Attributes><ChildElements><URDFElement z:Id="i39" i:type="Origin"><Attributes><Attribute z:Id="i40"><AttributeType>xyz</AttributeType><IsRequired>true</IsRequired><Value i:type="a:ArrayOfdouble" xmlns:a="http://schemas.microsoft.com/2003/10/Serialization/Arrays"><a:double>0</a:double><a:double>0</a:double><a:double>0</a:double></Value></Attribute><Attribute z:Id="i41"><AttributeType>rpy</AttributeType><IsRequired>true</IsRequired><Value i:type="a:ArrayOfdouble" xmlns:a="http://schemas.microsoft.com/2003/10/Serialization/Arrays"><a:double>0</a:double><a:double>0</a:double><a:double>0</a:double></Value></Attribute></Attributes><ChildElements/><ElementName>origin</ElementName><required>false</required><RPYAttribute z:Ref="i41"/><XYZAttribute z:Ref="i40"/><isCustomized>false</isCustomized></URDFElement><URDFElement z:Id="i42" i:type="ParentLink"><Attributes><Attribute z:Id="i43"><AttributeType>link</AttributeType><IsRequired>true</IsRequired><Value i:type="a:string" xmlns:a="http://www.w3.org/2001/XMLSchema"/></Attribute></Attributes><ChildElements/><ElementName>parent</ElementName><required>true</required><NameAttribute z:Ref="i43"/></URDFElement><URDFElement z:Id="i44" i:type="ChildLink"><Attributes><Attribute z:Id="i45"><AttributeType>link</AttributeType><IsRequired>true</IsRequired><Value i:type="a:string" xmlns:a="http://www.w3.org/2001/XMLSchema"/></Attribute></Attributes><ChildElements/><ElementName>child</ElementName><required>true</required><NameAttribute z:Ref="i45"/></URDFElement><URDFElement z:Id="i46" i:type="Axis"><Attributes><Attribute z:Id="i47"><AttributeType>xyz</AttributeType><IsRequired>true</IsRequired><Value i:type="a:ArrayOfdouble" xmlns:a="http://schemas.microsoft.com/2003/10/Serialization/Arrays"><a:double>0</a:double><a:double>0</a:double><a:double>0</a:double></Value></Attribute></Attributes><ChildElements/><ElementName>axis</ElementName><required>false</required><XYZAttribute z:Ref="i47"/></URDFElement><URDFElement z:Id="i48" i:type="Limit"><Attributes><Attribute z:Id="i49"><AttributeType>lower</AttributeType><IsRequired>false</IsRequired><Value i:nil="true"/></Attribute><Attribute z:Id="i50"><AttributeType>upper</AttributeType><IsRequired>false</IsRequired><Value i:nil="true"/></Attribute><Attribute z:Id="i51"><AttributeType>effort</AttributeType><IsRequired>true</IsRequired><Value i:nil="true"/></Attribute><Attribute z:Id="i52"><AttributeType>velocity</AttributeType><IsRequired>true</IsRequired><Value i:nil="true"/></Attribute></Attributes><ChildElements/><ElementName>limit</ElementName><required>false</required><EffortAttribute z:Ref="i51"/><LowerAttribute z:Ref="i49"/><UpperAttribute z:Ref="i50"/><VelocityAttribute z:Ref="i52"/></URDFElement><URDFElement z:Id="i53" i:type="Calibration"><Attributes><Attribute z:Id="i54"><AttributeType>rising</AttributeType><IsRequired>false</IsRequired><Value i:nil="true"/></Attribute><Attribute z:Id="i55"><AttributeType>falling</AttributeType><IsRequired>false</IsRequired><Value i:nil="true"/></Attribute></Attributes><ChildElements/><ElementName>calibration</ElementName><required>false</required><FallingAttribute z:Ref="i55"/><RisingAttribute z:Ref="i54"/></URDFElement><URDFElement z:Id="i56" i:type="Dynamics"><Attributes><Attribute z:Id="i57"><AttributeType>damping</AttributeType><IsRequired>false</IsRequired><Value i:nil="true"/></Attribute><Attribute z:Id="i58"><AttributeType>friction</AttributeType><IsRequired>false</IsRequired><Value i:nil="true"/></Attribute></Attributes><ChildElements/><ElementName>dynamics</ElementName><required>false</required><DampingAttribute z:Ref="i57"/><FrictionAttribute z:Ref="i58"/></URDFElement><URDFElement z:Id="i59" i:type="SafetyController"><Attributes><Attribute z:Id="i60"><AttributeType>soft_upper_limit</AttributeType><IsRequired>false</IsRequired><Value i:nil="true"/></Attribute><Attribute z:Id="i61"><AttributeType>soft_lower_limit</AttributeType><IsRequired>false</IsRequired><Value i:nil="true"/></Attribute><Attribute z:Id="i62"><AttributeType>k_position</AttributeType><IsRequired>false</IsRequired><Value i:nil="true"/></Attribute><Attribute z:Id="i63"><AttributeType>k_velocity</AttributeType><IsRequired>true</IsRequired><Value i:nil="true"/></Attribute></Attributes><ChildElements/><ElementName>safety_controller</ElementName><required>false</required><KPositionAttribute z:Ref="i62"/><KVelocityAttribute z:Ref="i63"/><SoftLowerAttribute z:Ref="i61"/><SoftUpperAttribute z:Ref="i60"/></URDFElement><URDFElement z:Id="i64" i:type="Mimic"><Attributes><Attribute z:Id="i65"><AttributeType>joint</AttributeType><IsRequired>true</IsRequired><Value i:nil="true"/></Attribute><Attribute z:Id="i66"><AttributeType>multiplier</AttributeType><IsRequired>false</IsRequired><Value i:nil="true"/></Attribute><Attribute z:Id="i67"><AttributeType>offset</AttributeType><IsRequired>false</IsRequired><Value i:nil="true"/></Attribute></Attributes><ChildElements/><ElementName>mimic</ElementName><required>false</required><JointNameAttribute z:Ref="i65"/><MultiplierAttribute z:Ref="i66"/><OffsetAttribute z:Ref="i67"/></URDFElement></ChildElements><ElementName>joint</ElementName><required>false</required><Axis z:Ref="i46"/><AxisName/><Calibration z:Ref="i53"/><Child z:Ref="i44"/><CoordinateSystemName>Automatically Generate</CoordinateSystemName><Dynamics z:Ref="i56"/><Limit z:Ref="i48"/><Mimic z:Ref="i64"/><NameAttribute z:Ref="i37"/><Origin z:Ref="i39"/><Parent z:Ref="i42"/><Safety z:Ref="i59"/><TypeAttribute z:Ref="i38"/></URDFElement></ChildElements><ElementName>link</ElementName><required>true</required><Children/><Collision z:Ref="i29"/><Inertial z:Ref="i3"/><Joint z:Ref="i36"/><NameAttribute z:Ref="i2"/><Parent i:nil="true"/><STLQualityFine>false</STLQualityFine><SWComponentPIDs xmlns:a="http://schemas.microsoft.com/2003/10/Serialization/Arrays"><a:base64Binary>UEYAAAUAAAD//v8xSwBLAEMAVABQAE0AMwBGADIAMAAuADAAMQAuADEANQBfAN6PpWPVbHBRLQAxAEAASwBLAEMAVABQAE0AMwBGADIAMABFAF8AMgAwAHNeqFIJTgdjS2IoAHp681ghaotXKQAEAAAAEAAAAAEAAAABAAAAZAMAAA==</a:base64Binary><a:base64Binary>UEYAAAUAAAD//v86SwBLAEcAQgBUADcAMAAuADEAIABNADQAWAAxADYAXwCFUW1R0okGV/FnNFm6h4mUIABNADQAWAAxADYALQA5AEAASwBLAEMAVABQAE0AMwBGADIAMABFAF8AMgAwAHNeqFIJTgdjS2IoAHp681ghaotXKQAEAAAAEAAAAAEAAAABAAAAYQQAAA==</a:base64Binary><a:base64Binary>UEYAAAUAAAD//v86SwBLAEcAQgBUADcAMAAuADEAIABNADQAWAAxADYAXwCFUW1R0okGV/FnNFm6h4mUIABNADQAWAAxADYALQA4AEAASwBLAEMAVABQAE0AMwBGADIAMABFAF8AMgAwAHNeqFIJTgdjS2IoAHp681ghaotXKQAEAAAAEAAAAAEAAAABAAAAYAQAAA==</a:base64Binary><a:base64Binary>UEYAAAUAAAD//v86SwBLAEcAQgBUADcAMAAuADEAIABNADQAWAAxADYAXwCFUW1R0okGV/FnNFm6h4mUIABNADQAWAAxADYALQA3AEAASwBLAEMAVABQAE0AMwBGADIAMABFAF8AMgAwAHNeqFIJTgdjS2IoAHp681ghaotXKQAEAAAAEAAAAAEAAAABAAAAXwQAAA==</a:base64Binary><a:base64Binary>UEYAAAUAAAD//v86SwBLAEcAQgBUADcAMAAuADEAIABNADQAWAAxADYAXwCFUW1R0okGV/FnNFm6h4mUIABNADQAWAAxADYALQAxAEAASwBLAEMAVABQAE0AMwBGADIAMABFAF8AMgAwAHNeqFIJTgdjS2IoAHp681ghaotXKQAEAAAAEAAAAAEAAAABAAAAowMAAA==</a:base64Binary><a:base64Binary>UEYAAAUAAAD//v87SwBLAEcAQgBUADcAMAAuADEAIABNADQAWAAxADYAXwCFUW1R0okGV/FnNFm6h4mUIABNADQAWAAxADYALQAxADEAQABLAEsAQwBUAFAATQAzAEYAMgAwAEUAXwAyADAAc16oUglOB2NLYigAenrzWCFqi1cpAAQAAAAQAAAAAQAAAAEAAABjBAAA</a:base64Binary><a:base64Binary>UEYAAAUAAAD//v87SwBLAEcAQgBUADcAMAAuADEAIABNADQAWAAxADYAXwCFUW1R0okGV/FnNFm6h4mUIABNADQAWAAxADYALQAxADAAQABLAEsAQwBUAFAATQAzAEYAMgAwAEUAXwAyADAAc16oUglOB2NLYigAenrzWCFqi1cpAAQAAAAQAAAAAQAAAAEAAABiBAAA</a:base64Binary><a:base64Binary>UEYAAAUAAAD//v8vSwBLAEMAVABQAE0AMwBGADIAMAAuADAAMQAuADAAMwBfABZZ81gtADMAQABLAEsAQwBUAFAATQAzAEYAMgAwAEUAXwAyADAAc16oUglOB2NLYigAenrzWCFqi1cpAAQAAAAQAAAAAQAAAAEAAACYAwAA</a:base64Binary><a:base64Binary>UEYAAAUAAAD//v8vSwBLAEMAVABQAE0AMwBGADIAMAAuADAAMQAuADAANwBfANZ2f2ctADIAQABLAEsAQwBUAFAATQAzAEYAMgAwAEUAXwAyADAAc16oUglOB2NLYigAenrzWCFqi1cpAAQAAAAQAAAAAQAAAAEAAAAHAwAA</a:base64Binary><a:base64Binary>UEYAAAUAAAD//v9eSwBLAEMAVABQAE0AMwBGADIAMAAuADAAMgBfAPR2v378W2iPxH72Ti0AMQA1AEAASwBLAEMAVABQAE0AMwBGADIAMABFAF8AMgAwAHNeqFIJTgdjS2IoAHp681ghaotXKQAvAEsASwBDAFQAUABNADMARgAyADAALgAwADEALgAxADEAXwD8W2iPaI9TkC0AMgBAAEsASwBDAFQAUABNADMARgAyADAALgAwADIAXwD0dr9+/Ftoj8R+9k4EAAAAEAAAAAEAAAACAAAAKQMAABYAAAA=</a:base64Binary><a:base64Binary>UEYAAAUAAAD//v9eSwBLAEMAVABQAE0AMwBGADIAMAAuADAAMgBfAPR2v378W2iPxH72Ti0AMQA0AEAASwBLAEMAVABQAE0AMwBGADIAMABFAF8AMgAwAHNeqFIJTgdjS2IoAHp681ghaotXKQAvAEsASwBDAFQAUABNADMARgAyADAALgAwADEALgAxADEAXwD8W2iPaI9TkC0AMgBAAEsASwBDAFQAUABNADMARgAyADAALgAwADIAXwD0dr9+/Ftoj8R+9k4EAAAAEAAAAAEAAAACAAAAKAMAABYAAAA=</a:base64Binary><a:base64Binary>UEYAAAUAAAD//v8ySwBLAEMAVABQAE0AMwBGADIAMAAuADAAMQAuADAANQBfADV1OmeJW8WIf2ctADMAQABLAEsAQwBUAFAATQAzAEYAMgAwAEUAXwAyADAAc16oUglOB2NLYigAenrzWCFqi1cpAAQAAAAQAAAAAQAAAAEAAABEAwAA</a:base64Binary><a:base64Binary>UEYAAAUAAAD//v9eSwBLAEMAVABQAE0AMwBGADIAMAAuADAAMgBfAPR2v378W2iPxH72Ti0AMQAxAEAASwBLAEMAVABQAE0AMwBGADIAMABFAF8AMgAwAHNeqFIJTgdjS2IoAHp681ghaotXKQAvAEsASwBDAFQAUABNADMARgAyADAALgAwADEALgAxADEAXwD8W2iPaI9TkC0AMgBAAEsASwBDAFQAUABNADMARgAyADAALgAwADIAXwD0dr9+/Ftoj8R+9k4EAAAAEAAAAAEAAAACAAAADAMAABYAAAA=</a:base64Binary><a:base64Binary>UEYAAAUAAAD//v9lSwBLAEMAVABQAE0AMwBGADIAMAAuADAAMgBfAPR2v378W2iPxH72Ti0AMQA0AEAASwBLAEMAVABQAE0AMwBGADIAMABFAF8AMgAwAHNeqFIJTgdjS2IoAHp681ghaotXKQAvAEsASwBHAEIAVAA3ADAALgAxACAATQAzAFgAOABfAIVRbVHSiQZX8Wc0WbqHiZQgAE0AMwBYADgALQAzAEAASwBLAEMAVABQAE0AMwBGADIAMAAuADAAMgBfAPR2v378W2iPxH72TgQAAAAQAAAAAQAAAAIAAAAoAwAANgAAAA==</a:base64Binary><a:base64Binary>UEYAAAUAAAD//v9lSwBLAEMAVABQAE0AMwBGADIAMAAuADAAMgBfAPR2v378W2iPxH72Ti0AMQA0AEAASwBLAEMAVABQAE0AMwBGADIAMABFAF8AMgAwAHNeqFIJTgdjS2IoAHp681ghaotXKQAvAEsASwBHAEIAVAA3ADAALgAxACAATQAzAFgAOABfAIVRbVHSiQZX8Wc0WbqHiZQgAE0AMwBYADgALQAxAEAASwBLAEMAVABQAE0AMwBGADIAMAAuADAAMgBfAPR2v378W2iPxH72TgQAAAAQAAAAAQAAAAIAAAAoAwAAMAAAAA==</a:base64Binary><a:base64Binary>UEYAAAUAAAD//v9lSwBLAEMAVABQAE0AMwBGADIAMAAuADAAMgBfAPR2v378W2iPxH72Ti0AMQA0AEAASwBLAEMAVABQAE0AMwBGADIAMABFAF8AMgAwAHNeqFIJTgdjS2IoAHp681ghaotXKQAvAEsASwBHAEIAVAA3ADAALgAxACAATQAzAFgAOABfAIVRbVHSiQZX8Wc0WbqHiZQgAE0AMwBYADgALQAyAEAASwBLAEMAVABQAE0AMwBGADIAMAAuADAAMgBfAPR2v378W2iPxH72TgQAAAAQAAAAAQAAAAIAAAAoAwAANQAAAA==</a:base64Binary><a:base64Binary>UEYAAAUAAAD//v9lSwBLAEMAVABQAE0AMwBGADIAMAAuADAAMgBfAPR2v378W2iPxH72Ti0AMQA0AEAASwBLAEMAVABQAE0AMwBGADIAMABFAF8AMgAwAHNeqFIJTgdjS2IoAHp681ghaotXKQAvAEsASwBHAEIAVAA3ADAALgAxACAATQAzAFgAOABfAIVRbVHSiQZX8Wc0WbqHiZQgAE0AMwBYADgALQA0AEAASwBLAEMAVABQAE0AMwBGADIAMAAuADAAMgBfAPR2v378W2iPxH72TgQAAAAQAAAAAQAAAAIAAAAoAwAANwAAAA==</a:base64Binary><a:base64Binary>UEYAAAUAAAD//v9lSwBLAEMAVABQAE0AMwBGADIAMAAuADAAMgBfAPR2v378W2iPxH72Ti0AMQAxAEAASwBLAEMAVABQAE0AMwBGADIAMABFAF8AMgAwAHNeqFIJTgdjS2IoAHp681ghaotXKQAvAEsASwBHAEIAVAA3ADAALgAxACAATQAzAFgAOABfAIVRbVHSiQZX8Wc0WbqHiZQgAE0AMwBYADgALQA0AEAASwBLAEMAVABQAE0AMwBGADIAMAAuADAAMgBfAPR2v378W2iPxH72TgQAAAAQAAAAAQAAAAIAAAAMAwAANwAAAA==</a:base64Binary><a:base64Binary>UEYAAAUAAAD//v9lSwBLAEMAVABQAE0AMwBGADIAMAAuADAAMgBfAPR2v378W2iPxH72Ti0AMQAxAEAASwBLAEMAVABQAE0AMwBGADIAMABFAF8AMgAwAHNeqFIJTgdjS2IoAHp681ghaotXKQAvAEsASwBHAEIAVAA3ADAALgAxACAATQAzAFgAOABfAIVRbVHSiQZX8Wc0WbqHiZQgAE0AMwBYADgALQAzAEAASwBLAEMAVABQAE0AMwBGADIAMAAuADAAMgBfAPR2v378W2iPxH72TgQAAAAQAAAAAQAAAAIAAAAMAwAANgAAAA==</a:base64Binary><a:base64Binary>UEYAAAUAAAD//v9lSwBLAEMAVABQAE0AMwBGADIAMAAuADAAMgBfAPR2v378W2iPxH72Ti0AMQAxAEAASwBLAEMAVABQAE0AMwBGADIAMABFAF8AMgAwAHNeqFIJTgdjS2IoAHp681ghaotXKQAvAEsASwBHAEIAVAA3ADAALgAxACAATQAzAFgAOABfAIVRbVHSiQZX8Wc0WbqHiZQgAE0AMwBYADgALQAxAEAASwBLAEMAVABQAE0AMwBGADIAMAAuADAAMgBfAPR2v378W2iPxH72TgQAAAAQAAAAAQAAAAIAAAAMAwAAMAAAAA==</a:base64Binary><a:base64Binary>UEYAAAUAAAD//v9lSwBLAEMAVABQAE0AMwBGADIAMAAuADAAMgBfAPR2v378W2iPxH72Ti0AMQAxAEAASwBLAEMAVABQAE0AMwBGADIAMABFAF8AMgAwAHNeqFIJTgdjS2IoAHp681ghaotXKQAvAEsASwBHAEIAVAA3ADAALgAxACAATQAzAFgAOABfAIVRbVHSiQZX8Wc0WbqHiZQgAE0AMwBYADgALQAyAEAASwBLAEMAVABQAE0AMwBGADIAMAAuADAAMgBfAPR2v378W2iPxH72TgQAAAAQAAAAAQAAAAIAAAAMAwAANQAAAA==</a:base64Binary><a:base64Binary>UEYAAAUAAAD//v9lSwBLAEMAVABQAE0AMwBGADIAMAAuADAAMgBfAPR2v378W2iPxH72Ti0AMQA1AEAASwBLAEMAVABQAE0AMwBGADIAMABFAF8AMgAwAHNeqFIJTgdjS2IoAHp681ghaotXKQAvAEsASwBHAEIAVAA3ADAALgAxACAATQAzAFgAOABfAIVRbVHSiQZX8Wc0WbqHiZQgAE0AMwBYADgALQA0AEAASwBLAEMAVABQAE0AMwBGADIAMAAuADAAMgBfAPR2v378W2iPxH72TgQAAAAQAAAAAQAAAAIAAAApAwAANwAAAA==</a:base64Binary><a:base64Binary>UEYAAAUAAAD//v9lSwBLAEMAVABQAE0AMwBGADIAMAAuADAAMgBfAPR2v378W2iPxH72Ti0AMQA1AEAASwBLAEMAVABQAE0AMwBGADIAMABFAF8AMgAwAHNeqFIJTgdjS2IoAHp681ghaotXKQAvAEsASwBHAEIAVAA3ADAALgAxACAATQAzAFgAOABfAIVRbVHSiQZX8Wc0WbqHiZQgAE0AMwBYADgALQAyAEAASwBLAEMAVABQAE0AMwBGADIAMAAuADAAMgBfAPR2v378W2iPxH72TgQAAAAQAAAAAQAAAAIAAAApAwAANQAAAA==</a:base64Binary><a:base64Binary>UEYAAAUAAAD//v9lSwBLAEMAVABQAE0AMwBGADIAMAAuADAAMgBfAPR2v378W2iPxH72Ti0AMQA1AEAASwBLAEMAVABQAE0AMwBGADIAMABFAF8AMgAwAHNeqFIJTgdjS2IoAHp681ghaotXKQAvAEsASwBHAEIAVAA3ADAALgAxACAATQAzAFgAOABfAIVRbVHSiQZX8Wc0WbqHiZQgAE0AMwBYADgALQAzAEAASwBLAEMAVABQAE0AMwBGADIAMAAuADAAMgBfAPR2v378W2iPxH72TgQAAAAQAAAAAQAAAAIAAAApAwAANgAAAA==</a:base64Binary><a:base64Binary>UEYAAAUAAAD//v9lSwBLAEMAVABQAE0AMwBGADIAMAAuADAAMgBfAPR2v378W2iPxH72Ti0AMQA1AEAASwBLAEMAVABQAE0AMwBGADIAMABFAF8AMgAwAHNeqFIJTgdjS2IoAHp681ghaotXKQAvAEsASwBHAEIAVAA3ADAALgAxACAATQAzAFgAOABfAIVRbVHSiQZX8Wc0WbqHiZQgAE0AMwBYADgALQAxAEAASwBLAEMAVABQAE0AMwBGADIAMAAuADAAMgBfAPR2v378W2iPxH72TgQAAAAQAAAAAQAAAAIAAAApAwAAMAAAAA==</a:base64Binary></SWComponentPIDs><SWMainComponentPID i:nil="true"/><Visual z:Ref="i16"/><isFixedFrame>false</isFixedFrame><isIncomplete>false</isIncomplete></Link>
2026-03-16 16:04:31,041 INFO  ExportPropertyManager.cs: 1142 - AfterClose called. This method no longer throws an Exception. It just silently does nothing. Ok, except for this logging message
2026-03-16 16:04:34,915 INFO  SwAddin.cs: 294 - Assembly export called for file KKCTPM3F20E_20平动三指手(空壳模型).SLDASM
2026-03-16 16:04:34,916 INFO  SwAddin.cs: 299 - Save is required
2026-03-16 16:04:34,916 INFO  SwAddin.cs: 313 - Saving assembly
2026-03-16 16:04:35,209 INFO  SwAddin.cs: 316 - Opening property manager
2026-03-16 16:04:35,209 INFO  ExportHelperExtension.cs: 1125 - Retrieving features of type [CoordSys] from KKCTPM3F20E_20平动三指手(空壳模型).SLDASM
2026-03-16 16:04:35,210 INFO  ExportHelperExtension.cs: 1136 - Found 87 in KKCTPM3F20E_20平动三指手(空壳模型).SLDASM
2026-03-16 16:04:35,210 INFO  ExportHelperExtension.cs: 1145 - Found 4 features of type [CoordSys] in KKCTPM3F20E_20平动三指手(空壳模型).SLDASM
2026-03-16 16:04:35,210 INFO  ExportHelperExtension.cs: 1148 - Proceeding through assembly components
2026-03-16 16:04:35,211 INFO  ExportHelperExtension.cs: 1160 - 18 components to check
2026-03-16 16:04:35,211 INFO  ExportHelperExtension.cs: 1125 - Retrieving features of type [CoordSys] from KKCTPM3F20.02_直线导轨组件-14
2026-03-16 16:04:35,211 INFO  ExportHelperExtension.cs: 1136 - Found 50 in KKCTPM3F20.02_直线导轨组件-14
2026-03-16 16:04:35,211 INFO  ExportHelperExtension.cs: 1145 - Found 0 features of type [CoordSys] in KKCTPM3F20.02_直线导轨组件-14
2026-03-16 16:04:35,211 INFO  ExportHelperExtension.cs: 1125 - Retrieving features of type [CoordSys] from KKCTPM3F20.02_直线导轨组件-15
2026-03-16 16:04:35,213 INFO  ExportHelperExtension.cs: 1136 - Found 50 in KKCTPM3F20.02_直线导轨组件-15
2026-03-16 16:04:35,213 INFO  ExportHelperExtension.cs: 1145 - Found 0 features of type [CoordSys] in KKCTPM3F20.02_直线导轨组件-15
2026-03-16 16:04:35,213 INFO  ExportHelperExtension.cs: 1125 - Retrieving features of type [CoordSys] from KKGBT70.1 M4X16_内六角圆柱头螺钉 M4X16-11
2026-03-16 16:04:35,214 INFO  ExportHelperExtension.cs: 1136 - Found 27 in KKGBT70.1 M4X16_内六角圆柱头螺钉 M4X16-11
2026-03-16 16:04:35,214 INFO  ExportHelperExtension.cs: 1145 - Found 0 features of type [CoordSys] in KKGBT70.1 M4X16_内六角圆柱头螺钉 M4X16-11
2026-03-16 16:04:35,214 INFO  ExportHelperExtension.cs: 1125 - Retrieving features of type [CoordSys] from KKGBT70.1 M4X16_内六角圆柱头螺钉 M4X16-7
2026-03-16 16:04:35,215 INFO  ExportHelperExtension.cs: 1136 - Found 27 in KKGBT70.1 M4X16_内六角圆柱头螺钉 M4X16-7
2026-03-16 16:04:35,215 INFO  ExportHelperExtension.cs: 1145 - Found 0 features of type [CoordSys] in KKGBT70.1 M4X16_内六角圆柱头螺钉 M4X16-7
2026-03-16 16:04:35,215 INFO  ExportHelperExtension.cs: 1125 - Retrieving features of type [CoordSys] from KKGBT70.1 M4X16_内六角圆柱头螺钉 M4X16-8
2026-03-16 16:04:35,215 INFO  ExportHelperExtension.cs: 1136 - Found 27 in KKGBT70.1 M4X16_内六角圆柱头螺钉 M4X16-8
2026-03-16 16:04:35,216 INFO  ExportHelperExtension.cs: 1145 - Found 0 features of type [CoordSys] in KKGBT70.1 M4X16_内六角圆柱头螺钉 M4X16-8
2026-03-16 16:04:35,216 INFO  ExportHelperExtension.cs: 1125 - Retrieving features of type [CoordSys] from KKGBT70.1 M4X16_内六角圆柱头螺钉 M4X16-10
2026-03-16 16:04:35,216 INFO  ExportHelperExtension.cs: 1136 - Found 27 in KKGBT70.1 M4X16_内六角圆柱头螺钉 M4X16-10
2026-03-16 16:04:35,217 INFO  ExportHelperExtension.cs: 1145 - Found 0 features of type [CoordSys] in KKGBT70.1 M4X16_内六角圆柱头螺钉 M4X16-10
2026-03-16 16:04:35,217 INFO  ExportHelperExtension.cs: 1125 - Retrieving features of type [CoordSys] from KKGBT70.1 M4X16_内六角圆柱头螺钉 M4X16-9
2026-03-16 16:04:35,217 INFO  ExportHelperExtension.cs: 1136 - Found 27 in KKGBT70.1 M4X16_内六角圆柱头螺钉 M4X16-9
2026-03-16 16:04:35,217 INFO  ExportHelperExtension.cs: 1145 - Found 0 features of type [CoordSys] in KKGBT70.1 M4X16_内六角圆柱头螺钉 M4X16-9
2026-03-16 16:04:35,218 INFO  ExportHelperExtension.cs: 1125 - Retrieving features of type [CoordSys] from KKCTPM3F20.01.15_连接法兰-1
2026-03-16 16:04:35,218 INFO  ExportHelperExtension.cs: 1136 - Found 109 in KKCTPM3F20.01.15_连接法兰-1
2026-03-16 16:04:35,218 INFO  ExportHelperExtension.cs: 1145 - Found 0 features of type [CoordSys] in KKCTPM3F20.01.15_连接法兰-1
2026-03-16 16:04:35,219 INFO  ExportHelperExtension.cs: 1125 - Retrieving features of type [CoordSys] from KKCTPM3F20.01.07_盖板-2
2026-03-16 16:04:35,219 INFO  ExportHelperExtension.cs: 1136 - Found 50 in KKCTPM3F20.01.07_盖板-2
2026-03-16 16:04:35,219 INFO  ExportHelperExtension.cs: 1145 - Found 0 features of type [CoordSys] in KKCTPM3F20.01.07_盖板-2
2026-03-16 16:04:35,220 INFO  ExportHelperExtension.cs: 1125 - Retrieving features of type [CoordSys] from KKGBT70.1 M4X16_内六角圆柱头螺钉 M4X16-1
2026-03-16 16:04:35,220 INFO  ExportHelperExtension.cs: 1136 - Found 27 in KKGBT70.1 M4X16_内六角圆柱头螺钉 M4X16-1
2026-03-16 16:04:35,220 INFO  ExportHelperExtension.cs: 1145 - Found 0 features of type [CoordSys] in KKGBT70.1 M4X16_内六角圆柱头螺钉 M4X16-1
2026-03-16 16:04:35,220 INFO  ExportHelperExtension.cs: 1125 - Retrieving features of type [CoordSys] from KKCTPM3F20.02_直线导轨组件-11
2026-03-16 16:04:35,221 INFO  ExportHelperExtension.cs: 1136 - Found 50 in KKCTPM3F20.02_直线导轨组件-11
2026-03-16 16:04:35,221 INFO  ExportHelperExtension.cs: 1145 - Found 0 features of type [CoordSys] in KKCTPM3F20.02_直线导轨组件-11
2026-03-16 16:04:35,221 INFO  ExportHelperExtension.cs: 1125 - Retrieving features of type [CoordSys] from KKCTPM3F20.01.05_电机安装板-3
2026-03-16 16:04:35,221 INFO  ExportHelperExtension.cs: 1136 - Found 44 in KKCTPM3F20.01.05_电机安装板-3
2026-03-16 16:04:35,222 INFO  ExportHelperExtension.cs: 1145 - Found 0 features of type [CoordSys] in KKCTPM3F20.01.05_电机安装板-3
2026-03-16 16:04:35,222 INFO  ExportHelperExtension.cs: 1125 - Retrieving features of type [CoordSys] from KKCTPM3F20.01.03_外壳-3
2026-03-16 16:04:35,222 INFO  ExportHelperExtension.cs: 1136 - Found 117 in KKCTPM3F20.01.03_外壳-3
2026-03-16 16:04:35,223 INFO  ExportHelperExtension.cs: 1145 - Found 0 features of type [CoordSys] in KKCTPM3F20.01.03_外壳-3
2026-03-16 16:04:35,223 INFO  ExportHelperExtension.cs: 1125 - Retrieving features of type [RefAxis] from KKCTPM3F20E_20平动三指手(空壳模型).SLDASM
2026-03-16 16:04:35,223 INFO  ExportHelperExtension.cs: 1136 - Found 87 in KKCTPM3F20E_20平动三指手(空壳模型).SLDASM
2026-03-16 16:04:35,223 INFO  ExportHelperExtension.cs: 1145 - Found 3 features of type [RefAxis] in KKCTPM3F20E_20平动三指手(空壳模型).SLDASM
2026-03-16 16:04:35,224 INFO  ExportHelperExtension.cs: 1148 - Proceeding through assembly components
2026-03-16 16:04:35,224 INFO  ExportHelperExtension.cs: 1160 - 18 components to check
2026-03-16 16:04:35,224 INFO  ExportHelperExtension.cs: 1125 - Retrieving features of type [RefAxis] from KKCTPM3F20.02_直线导轨组件-14
2026-03-16 16:04:35,224 INFO  ExportHelperExtension.cs: 1136 - Found 50 in KKCTPM3F20.02_直线导轨组件-14
2026-03-16 16:04:35,225 INFO  ExportHelperExtension.cs: 1145 - Found 0 features of type [RefAxis] in KKCTPM3F20.02_直线导轨组件-14
2026-03-16 16:04:35,225 INFO  ExportHelperExtension.cs: 1125 - Retrieving features of type [RefAxis] from KKCTPM3F20.02_直线导轨组件-15
2026-03-16 16:04:35,225 INFO  ExportHelperExtension.cs: 1136 - Found 50 in KKCTPM3F20.02_直线导轨组件-15
2026-03-16 16:04:35,225 INFO  ExportHelperExtension.cs: 1145 - Found 0 features of type [RefAxis] in KKCTPM3F20.02_直线导轨组件-15
2026-03-16 16:04:35,226 INFO  ExportHelperExtension.cs: 1125 - Retrieving features of type [RefAxis] from KKGBT70.1 M4X16_内六角圆柱头螺钉 M4X16-11
2026-03-16 16:04:35,226 INFO  ExportHelperExtension.cs: 1136 - Found 27 in KKGBT70.1 M4X16_内六角圆柱头螺钉 M4X16-11
2026-03-16 16:04:35,226 INFO  ExportHelperExtension.cs: 1145 - Found 0 features of type [RefAxis] in KKGBT70.1 M4X16_内六角圆柱头螺钉 M4X16-11
2026-03-16 16:04:35,226 INFO  ExportHelperExtension.cs: 1125 - Retrieving features of type [RefAxis] from KKGBT70.1 M4X16_内六角圆柱头螺钉 M4X16-7
2026-03-16 16:04:35,227 INFO  ExportHelperExtension.cs: 1136 - Found 27 in KKGBT70.1 M4X16_内六角圆柱头螺钉 M4X16-7
2026-03-16 16:04:35,227 INFO  ExportHelperExtension.cs: 1145 - Found 0 features of type [RefAxis] in KKGBT70.1 M4X16_内六角圆柱头螺钉 M4X16-7
2026-03-16 16:04:35,227 INFO  ExportHelperExtension.cs: 1125 - Retrieving features of type [RefAxis] from KKGBT70.1 M4X16_内六角圆柱头螺钉 M4X16-8
2026-03-16 16:04:35,227 INFO  ExportHelperExtension.cs: 1136 - Found 27 in KKGBT70.1 M4X16_内六角圆柱头螺钉 M4X16-8
2026-03-16 16:04:35,228 INFO  ExportHelperExtension.cs: 1145 - Found 0 features of type [RefAxis] in KKGBT70.1 M4X16_内六角圆柱头螺钉 M4X16-8
2026-03-16 16:04:35,228 INFO  ExportHelperExtension.cs: 1125 - Retrieving features of type [RefAxis] from KKGBT70.1 M4X16_内六角圆柱头螺钉 M4X16-10
2026-03-16 16:04:35,228 INFO  ExportHelperExtension.cs: 1136 - Found 27 in KKGBT70.1 M4X16_内六角圆柱头螺钉 M4X16-10
2026-03-16 16:04:35,228 INFO  ExportHelperExtension.cs: 1145 - Found 0 features of type [RefAxis] in KKGBT70.1 M4X16_内六角圆柱头螺钉 M4X16-10
2026-03-16 16:04:35,229 INFO  ExportHelperExtension.cs: 1125 - Retrieving features of type [RefAxis] from KKGBT70.1 M4X16_内六角圆柱头螺钉 M4X16-9
2026-03-16 16:04:35,229 INFO  ExportHelperExtension.cs: 1136 - Found 27 in KKGBT70.1 M4X16_内六角圆柱头螺钉 M4X16-9
2026-03-16 16:04:35,229 INFO  ExportHelperExtension.cs: 1145 - Found 0 features of type [RefAxis] in KKGBT70.1 M4X16_内六角圆柱头螺钉 M4X16-9
2026-03-16 16:04:35,230 INFO  ExportHelperExtension.cs: 1125 - Retrieving features of type [RefAxis] from KKCTPM3F20.01.15_连接法兰-1
2026-03-16 16:04:35,230 INFO  ExportHelperExtension.cs: 1136 - Found 109 in KKCTPM3F20.01.15_连接法兰-1
2026-03-16 16:04:35,230 INFO  ExportHelperExtension.cs: 1145 - Found 1 features of type [RefAxis] in KKCTPM3F20.01.15_连接法兰-1
2026-03-16 16:04:35,231 INFO  ExportHelperExtension.cs: 1125 - Retrieving features of type [RefAxis] from KKCTPM3F20.01.07_盖板-2
2026-03-16 16:04:35,231 INFO  ExportHelperExtension.cs: 1136 - Found 50 in KKCTPM3F20.01.07_盖板-2
2026-03-16 16:04:35,231 INFO  ExportHelperExtension.cs: 1145 - Found 0 features of type [RefAxis] in KKCTPM3F20.01.07_盖板-2
2026-03-16 16:04:35,231 INFO  ExportHelperExtension.cs: 1125 - Retrieving features of type [RefAxis] from KKGBT70.1 M4X16_内六角圆柱头螺钉 M4X16-1
2026-03-16 16:04:35,231 INFO  ExportHelperExtension.cs: 1136 - Found 27 in KKGBT70.1 M4X16_内六角圆柱头螺钉 M4X16-1
2026-03-16 16:04:35,233 INFO  ExportHelperExtension.cs: 1145 - Found 0 features of type [RefAxis] in KKGBT70.1 M4X16_内六角圆柱头螺钉 M4X16-1
2026-03-16 16:04:35,233 INFO  ExportHelperExtension.cs: 1125 - Retrieving features of type [RefAxis] from KKCTPM3F20.02_直线导轨组件-11
2026-03-16 16:04:35,233 INFO  ExportHelperExtension.cs: 1136 - Found 50 in KKCTPM3F20.02_直线导轨组件-11
2026-03-16 16:04:35,234 INFO  ExportHelperExtension.cs: 1145 - Found 0 features of type [RefAxis] in KKCTPM3F20.02_直线导轨组件-11
2026-03-16 16:04:35,234 INFO  ExportHelperExtension.cs: 1125 - Retrieving features of type [RefAxis] from KKCTPM3F20.01.05_电机安装板-3
2026-03-16 16:04:35,234 INFO  ExportHelperExtension.cs: 1136 - Found 44 in KKCTPM3F20.01.05_电机安装板-3
2026-03-16 16:04:35,234 INFO  ExportHelperExtension.cs: 1145 - Found 0 features of type [RefAxis] in KKCTPM3F20.01.05_电机安装板-3
2026-03-16 16:04:35,235 INFO  ExportHelperExtension.cs: 1125 - Retrieving features of type [RefAxis] from KKCTPM3F20.01.03_外壳-3
2026-03-16 16:04:35,235 INFO  ExportHelperExtension.cs: 1136 - Found 117 in KKCTPM3F20.01.03_外壳-3
2026-03-16 16:04:35,235 INFO  ExportHelperExtension.cs: 1145 - Found 1 features of type [RefAxis] in KKCTPM3F20.01.03_外壳-3
2026-03-16 16:04:35,265 INFO  SwAddin.cs: 339 - Loading config tree
2026-03-16 16:04:35,266 INFO  ConfigurationSerialization.cs: 276 - URDF Configuration found
<Link z:Id="i1" xmlns="http://schemas.datacontract.org/2004/07/SW2URDF" xmlns:i="http://www.w3.org/2001/XMLSchema-instance" xmlns:z="http://schemas.microsoft.com/2003/10/Serialization/"><Attributes><Attribute z:Id="i2"><AttributeType>name</AttributeType><IsRequired>true</IsRequired><Value i:type="a:string" xmlns:a="http://www.w3.org/2001/XMLSchema">base_link</Value></Attribute></Attributes><ChildElements><URDFElement z:Id="i3" i:type="Inertial"><Attributes/><ChildElements><URDFElement z:Id="i4" i:type="Origin"><Attributes><Attribute z:Id="i5"><AttributeType>xyz</AttributeType><IsRequired>true</IsRequired><Value i:type="a:ArrayOfdouble" xmlns:a="http://schemas.microsoft.com/2003/10/Serialization/Arrays"><a:double>0</a:double><a:double>0</a:double><a:double>0</a:double></Value></Attribute><Attribute z:Id="i6"><AttributeType>rpy</AttributeType><IsRequired>true</IsRequired><Value i:type="a:ArrayOfdouble" xmlns:a="http://schemas.microsoft.com/2003/10/Serialization/Arrays"><a:double>0</a:double><a:double>0</a:double><a:double>0</a:double></Value></Attribute></Attributes><ChildElements/><ElementName>origin</ElementName><required>false</required><RPYAttribute z:Ref="i6"/><XYZAttribute z:Ref="i5"/><isCustomized>false</isCustomized></URDFElement><URDFElement z:Id="i7" i:type="Mass"><Attributes><Attribute z:Id="i8"><AttributeType>value</AttributeType><IsRequired>true</IsRequired><Value i:type="a:double" xmlns:a="http://www.w3.org/2001/XMLSchema">0</Value></Attribute></Attributes><ChildElements/><ElementName>mass</ElementName><required>false</required><ValueAttribute z:Ref="i8"/></URDFElement><URDFElement z:Id="i9" i:type="Inertia"><Attributes><Attribute z:Id="i10"><AttributeType>ixx</AttributeType><IsRequired>true</IsRequired><Value i:type="a:double" xmlns:a="http://www.w3.org/2001/XMLSchema">0</Value></Attribute><Attribute z:Id="i11"><AttributeType>ixy</AttributeType><IsRequired>true</IsRequired><Value i:type="a:double" xmlns:a="http://www.w3.org/2001/XMLSchema">0</Value></Attribute><Attribute z:Id="i12"><AttributeType>ixz</AttributeType><IsRequired>true</IsRequired><Value i:type="a:double" xmlns:a="http://www.w3.org/2001/XMLSchema">0</Value></Attribute><Attribute z:Id="i13"><AttributeType>iyy</AttributeType><IsRequired>true</IsRequired><Value i:type="a:double" xmlns:a="http://www.w3.org/2001/XMLSchema">0</Value></Attribute><Attribute z:Id="i14"><AttributeType>iyz</AttributeType><IsRequired>true</IsRequired><Value i:type="a:double" xmlns:a="http://www.w3.org/2001/XMLSchema">0</Value></Attribute><Attribute z:Id="i15"><AttributeType>izz</AttributeType><IsRequired>true</IsRequired><Value i:type="a:double" xmlns:a="http://www.w3.org/2001/XMLSchema">0</Value></Attribute></Attributes><ChildElements/><ElementName>inertia</ElementName><required>false</required><IxxAttribute z:Ref="i10"/><IxyAttribute z:Ref="i11"/><IxzAttribute z:Ref="i12"/><IyyAttribute z:Ref="i13"/><IyzAttribute z:Ref="i14"/><IzzAttribute z:Ref="i15"/></URDFElement></ChildElements><ElementName>inertial</ElementName><required>false</required><Inertia z:Ref="i9"/><Mass z:Ref="i7"/><Origin z:Ref="i4"/></URDFElement><URDFElement z:Id="i16" i:type="Visual"><Attributes/><ChildElements><URDFElement z:Id="i17" i:type="Origin"><Attributes><Attribute z:Id="i18"><AttributeType>xyz</AttributeType><IsRequired>true</IsRequired><Value i:type="a:ArrayOfdouble" xmlns:a="http://schemas.microsoft.com/2003/10/Serialization/Arrays"><a:double>0</a:double><a:double>0</a:double><a:double>0</a:double></Value></Attribute><Attribute z:Id="i19"><AttributeType>rpy</AttributeType><IsRequired>true</IsRequired><Value i:type="a:ArrayOfdouble" xmlns:a="http://schemas.microsoft.com/2003/10/Serialization/Arrays"><a:double>0</a:double><a:double>0</a:double><a:double>0</a:double></Value></Attribute></Attributes><ChildElements/><ElementName>origin</ElementName><required>false</required><RPYAttribute z:Ref="i19"/><XYZAttribute z:Ref="i18"/><isCustomized>false</isCustomized></URDFElement><URDFElement z:Id="i20" i:type="Geometry"><Attributes/><ChildElements><URDFElement z:Id="i21" i:type="Mesh"><Attributes><Attribute z:Id="i22"><AttributeType>filename</AttributeType><IsRequired>true</IsRequired><Value i:nil="true"/></Attribute></Attributes><ChildElements/><ElementName>mesh</ElementName><required>false</required><FilenameAttribute z:Ref="i22"/></URDFElement></ChildElements><ElementName>geometry</ElementName><required>true</required><Mesh z:Ref="i21"/></URDFElement><URDFElement z:Id="i23" i:type="Material"><Attributes><Attribute z:Id="i24"><AttributeType>name</AttributeType><IsRequired>true</IsRequired><Value i:type="a:string" xmlns:a="http://www.w3.org/2001/XMLSchema"/></Attribute></Attributes><ChildElements><URDFElement z:Id="i25" i:type="Color"><Attributes><Attribute z:Id="i26"><AttributeType>rgba</AttributeType><IsRequired>true</IsRequired><Value i:type="a:ArrayOfdouble" xmlns:a="http://schemas.microsoft.com/2003/10/Serialization/Arrays"><a:double>1</a:double><a:double>1</a:double><a:double>1</a:double><a:double>1</a:double></Value></Attribute></Attributes><ChildElements/><ElementName>color</ElementName><required>false</required><RGBAAttribute z:Ref="i26"/></URDFElement><URDFElement z:Id="i27" i:type="Texture"><Attributes><Attribute z:Id="i28"><AttributeType>filename</AttributeType><IsRequired>true</IsRequired><Value i:nil="true"/></Attribute></Attributes><ChildElements/><ElementName>texture</ElementName><required>false</required><FilenameAttribute z:Ref="i28"/><wFilename/></URDFElement></ChildElements><ElementName>material</ElementName><required>false</required><Color z:Ref="i25"/><NameAttribute z:Ref="i24"/><Texture z:Ref="i27"/></URDFElement></ChildElements><ElementName>visual</ElementName><required>false</required><Geometry z:Ref="i20"/><Material z:Ref="i23"/><Origin z:Ref="i17"/></URDFElement><URDFElement z:Id="i29" i:type="Collision"><Attributes/><ChildElements><URDFElement z:Id="i30" i:type="Origin"><Attributes><Attribute z:Id="i31"><AttributeType>xyz</AttributeType><IsRequired>true</IsRequired><Value i:type="a:ArrayOfdouble" xmlns:a="http://schemas.microsoft.com/2003/10/Serialization/Arrays"><a:double>0</a:double><a:double>0</a:double><a:double>0</a:double></Value></Attribute><Attribute z:Id="i32"><AttributeType>rpy</AttributeType><IsRequired>true</IsRequired><Value i:type="a:ArrayOfdouble" xmlns:a="http://schemas.microsoft.com/2003/10/Serialization/Arrays"><a:double>0</a:double><a:double>0</a:double><a:double>0</a:double></Value></Attribute></Attributes><ChildElements/><ElementName>origin</ElementName><required>false</required><RPYAttribute z:Ref="i32"/><XYZAttribute z:Ref="i31"/><isCustomized>false</isCustomized></URDFElement><URDFElement z:Id="i33" i:type="Geometry"><Attributes/><ChildElements><URDFElement z:Id="i34" i:type="Mesh"><Attributes><Attribute z:Id="i35"><AttributeType>filename</AttributeType><IsRequired>true</IsRequired><Value i:nil="true"/></Attribute></Attributes><ChildElements/><ElementName>mesh</ElementName><required>false</required><FilenameAttribute z:Ref="i35"/></URDFElement></ChildElements><ElementName>geometry</ElementName><required>true</required><Mesh z:Ref="i34"/></URDFElement></ChildElements><ElementName>collision</ElementName><required>false</required><Geometry z:Ref="i33"/><Origin z:Ref="i30"/></URDFElement><URDFElement z:Id="i36" i:type="Joint"><Attributes><Attribute z:Id="i37"><AttributeType>name</AttributeType><IsRequired>true</IsRequired><Value i:type="a:string" xmlns:a="http://www.w3.org/2001/XMLSchema"/></Attribute><Attribute z:Id="i38"><AttributeType>type</AttributeType><IsRequired>true</IsRequired><Value i:type="a:string" xmlns:a="http://www.w3.org/2001/XMLSchema"/></Attribute></Attributes><ChildElements><URDFElement z:Id="i39" i:type="Origin"><Attributes><Attribute z:Id="i40"><AttributeType>xyz</AttributeType><IsRequired>true</IsRequired><Value i:type="a:ArrayOfdouble" xmlns:a="http://schemas.microsoft.com/2003/10/Serialization/Arrays"><a:double>0</a:double><a:double>0</a:double><a:double>0</a:double></Value></Attribute><Attribute z:Id="i41"><AttributeType>rpy</AttributeType><IsRequired>true</IsRequired><Value i:type="a:ArrayOfdouble" xmlns:a="http://schemas.microsoft.com/2003/10/Serialization/Arrays"><a:double>0</a:double><a:double>0</a:double><a:double>0</a:double></Value></Attribute></Attributes><ChildElements/><ElementName>origin</ElementName><required>false</required><RPYAttribute z:Ref="i41"/><XYZAttribute z:Ref="i40"/><isCustomized>false</isCustomized></URDFElement><URDFElement z:Id="i42" i:type="ParentLink"><Attributes><Attribute z:Id="i43"><AttributeType>link</AttributeType><IsRequired>true</IsRequired><Value i:type="a:string" xmlns:a="http://www.w3.org/2001/XMLSchema"/></Attribute></Attributes><ChildElements/><ElementName>parent</ElementName><required>true</required><NameAttribute z:Ref="i43"/></URDFElement><URDFElement z:Id="i44" i:type="ChildLink"><Attributes><Attribute z:Id="i45"><AttributeType>link</AttributeType><IsRequired>true</IsRequired><Value i:type="a:string" xmlns:a="http://www.w3.org/2001/XMLSchema"/></Attribute></Attributes><ChildElements/><ElementName>child</ElementName><required>true</required><NameAttribute z:Ref="i45"/></URDFElement><URDFElement z:Id="i46" i:type="Axis"><Attributes><Attribute z:Id="i47"><AttributeType>xyz</AttributeType><IsRequired>true</IsRequired><Value i:type="a:ArrayOfdouble" xmlns:a="http://schemas.microsoft.com/2003/10/Serialization/Arrays"><a:double>0</a:double><a:double>0</a:double><a:double>0</a:double></Value></Attribute></Attributes><ChildElements/><ElementName>axis</ElementName><required>false</required><XYZAttribute z:Ref="i47"/></URDFElement><URDFElement z:Id="i48" i:type="Limit"><Attributes><Attribute z:Id="i49"><AttributeType>lower</AttributeType><IsRequired>false</IsRequired><Value i:nil="true"/></Attribute><Attribute z:Id="i50"><AttributeType>upper</AttributeType><IsRequired>false</IsRequired><Value i:nil="true"/></Attribute><Attribute z:Id="i51"><AttributeType>effort</AttributeType><IsRequired>true</IsRequired><Value i:nil="true"/></Attribute><Attribute z:Id="i52"><AttributeType>velocity</AttributeType><IsRequired>true</IsRequired><Value i:nil="true"/></Attribute></Attributes><ChildElements/><ElementName>limit</ElementName><required>false</required><EffortAttribute z:Ref="i51"/><LowerAttribute z:Ref="i49"/><UpperAttribute z:Ref="i50"/><VelocityAttribute z:Ref="i52"/></URDFElement><URDFElement z:Id="i53" i:type="Calibration"><Attributes><Attribute z:Id="i54"><AttributeType>rising</AttributeType><IsRequired>false</IsRequired><Value i:nil="true"/></Attribute><Attribute z:Id="i55"><AttributeType>falling</AttributeType><IsRequired>false</IsRequired><Value i:nil="true"/></Attribute></Attributes><ChildElements/><ElementName>calibration</ElementName><required>false</required><FallingAttribute z:Ref="i55"/><RisingAttribute z:Ref="i54"/></URDFElement><URDFElement z:Id="i56" i:type="Dynamics"><Attributes><Attribute z:Id="i57"><AttributeType>damping</AttributeType><IsRequired>false</IsRequired><Value i:nil="true"/></Attribute><Attribute z:Id="i58"><AttributeType>friction</AttributeType><IsRequired>false</IsRequired><Value i:nil="true"/></Attribute></Attributes><ChildElements/><ElementName>dynamics</ElementName><required>false</required><DampingAttribute z:Ref="i57"/><FrictionAttribute z:Ref="i58"/></URDFElement><URDFElement z:Id="i59" i:type="SafetyController"><Attributes><Attribute z:Id="i60"><AttributeType>soft_upper_limit</AttributeType><IsRequired>false</IsRequired><Value i:nil="true"/></Attribute><Attribute z:Id="i61"><AttributeType>soft_lower_limit</AttributeType><IsRequired>false</IsRequired><Value i:nil="true"/></Attribute><Attribute z:Id="i62"><AttributeType>k_position</AttributeType><IsRequired>false</IsRequired><Value i:nil="true"/></Attribute><Attribute z:Id="i63"><AttributeType>k_velocity</AttributeType><IsRequired>true</IsRequired><Value i:nil="true"/></Attribute></Attributes><ChildElements/><ElementName>safety_controller</ElementName><required>false</required><KPositionAttribute z:Ref="i62"/><KVelocityAttribute z:Ref="i63"/><SoftLowerAttribute z:Ref="i61"/><SoftUpperAttribute z:Ref="i60"/></URDFElement><URDFElement z:Id="i64" i:type="Mimic"><Attributes><Attribute z:Id="i65"><AttributeType>joint</AttributeType><IsRequired>true</IsRequired><Value i:nil="true"/></Attribute><Attribute z:Id="i66"><AttributeType>multiplier</AttributeType><IsRequired>false</IsRequired><Value i:nil="true"/></Attribute><Attribute z:Id="i67"><AttributeType>offset</AttributeType><IsRequired>false</IsRequired><Value i:nil="true"/></Attribute></Attributes><ChildElements/><ElementName>mimic</ElementName><required>false</required><JointNameAttribute z:Ref="i65"/><MultiplierAttribute z:Ref="i66"/><OffsetAttribute z:Ref="i67"/></URDFElement></ChildElements><ElementName>joint</ElementName><required>false</required><Axis z:Ref="i46"/><AxisName/><Calibration z:Ref="i53"/><Child z:Ref="i44"/><CoordinateSystemName>Automatically Generate</CoordinateSystemName><Dynamics z:Ref="i56"/><Limit z:Ref="i48"/><Mimic z:Ref="i64"/><NameAttribute z:Ref="i37"/><Origin z:Ref="i39"/><Parent z:Ref="i42"/><Safety z:Ref="i59"/><TypeAttribute z:Ref="i38"/></URDFElement></ChildElements><ElementName>link</ElementName><required>true</required><Children><Link z:Id="i68"><Attributes><Attribute z:Id="i69"><AttributeType>name</AttributeType><IsRequired>true</IsRequired><Value i:type="a:string" xmlns:a="http://www.w3.org/2001/XMLSchema">Slide_1_Link</Value></Attribute></Attributes><ChildElements><URDFElement z:Id="i70" i:type="Inertial"><Attributes/><ChildElements><URDFElement z:Id="i71" i:type="Origin"><Attributes><Attribute z:Id="i72"><AttributeType>xyz</AttributeType><IsRequired>true</IsRequired><Value i:type="a:ArrayOfdouble" xmlns:a="http://schemas.microsoft.com/2003/10/Serialization/Arrays"><a:double>0</a:double><a:double>0</a:double><a:double>0</a:double></Value></Attribute><Attribute z:Id="i73"><AttributeType>rpy</AttributeType><IsRequired>true</IsRequired><Value i:type="a:ArrayOfdouble" xmlns:a="http://schemas.microsoft.com/2003/10/Serialization/Arrays"><a:double>0</a:double><a:double>0</a:double><a:double>0</a:double></Value></Attribute></Attributes><ChildElements/><ElementName>origin</ElementName><required>false</required><RPYAttribute z:Ref="i73"/><XYZAttribute z:Ref="i72"/><isCustomized>false</isCustomized></URDFElement><URDFElement z:Id="i74" i:type="Mass"><Attributes><Attribute z:Id="i75"><AttributeType>value</AttributeType><IsRequired>true</IsRequired><Value i:type="a:double" xmlns:a="http://www.w3.org/2001/XMLSchema">0</Value></Attribute></Attributes><ChildElements/><ElementName>mass</ElementName><required>false</required><ValueAttribute z:Ref="i75"/></URDFElement><URDFElement z:Id="i76" i:type="Inertia"><Attributes><Attribute z:Id="i77"><AttributeType>ixx</AttributeType><IsRequired>true</IsRequired><Value i:type="a:double" xmlns:a="http://www.w3.org/2001/XMLSchema">0</Value></Attribute><Attribute z:Id="i78"><AttributeType>ixy</AttributeType><IsRequired>true</IsRequired><Value i:type="a:double" xmlns:a="http://www.w3.org/2001/XMLSchema">0</Value></Attribute><Attribute z:Id="i79"><AttributeType>ixz</AttributeType><IsRequired>true</IsRequired><Value i:type="a:double" xmlns:a="http://www.w3.org/2001/XMLSchema">0</Value></Attribute><Attribute z:Id="i80"><AttributeType>iyy</AttributeType><IsRequired>true</IsRequired><Value i:type="a:double" xmlns:a="http://www.w3.org/2001/XMLSchema">0</Value></Attribute><Attribute z:Id="i81"><AttributeType>iyz</AttributeType><IsRequired>true</IsRequired><Value i:type="a:double" xmlns:a="http://www.w3.org/2001/XMLSchema">0</Value></Attribute><Attribute z:Id="i82"><AttributeType>izz</AttributeType><IsRequired>true</IsRequired><Value i:type="a:double" xmlns:a="http://www.w3.org/2001/XMLSchema">0</Value></Attribute></Attributes><ChildElements/><ElementName>inertia</ElementName><required>false</required><IxxAttribute z:Ref="i77"/><IxyAttribute z:Ref="i78"/><IxzAttribute z:Ref="i79"/><IyyAttribute z:Ref="i80"/><IyzAttribute z:Ref="i81"/><IzzAttribute z:Ref="i82"/></URDFElement></ChildElements><ElementName>inertial</ElementName><required>false</required><Inertia z:Ref="i76"/><Mass z:Ref="i74"/><Origin z:Ref="i71"/></URDFElement><URDFElement z:Id="i83" i:type="Visual"><Attributes/><ChildElements><URDFElement z:Id="i84" i:type="Origin"><Attributes><Attribute z:Id="i85"><AttributeType>xyz</AttributeType><IsRequired>true</IsRequired><Value i:type="a:ArrayOfdouble" xmlns:a="http://schemas.microsoft.com/2003/10/Serialization/Arrays"><a:double>0</a:double><a:double>0</a:double><a:double>0</a:double></Value></Attribute><Attribute z:Id="i86"><AttributeType>rpy</AttributeType><IsRequired>true</IsRequired><Value i:type="a:ArrayOfdouble" xmlns:a="http://schemas.microsoft.com/2003/10/Serialization/Arrays"><a:double>0</a:double><a:double>0</a:double><a:double>0</a:double></Value></Attribute></Attributes><ChildElements/><ElementName>origin</ElementName><required>false</required><RPYAttribute z:Ref="i86"/><XYZAttribute z:Ref="i85"/><isCustomized>false</isCustomized></URDFElement><URDFElement z:Id="i87" i:type="Geometry"><Attributes/><ChildElements><URDFElement z:Id="i88" i:type="Mesh"><Attributes><Attribute z:Id="i89"><AttributeType>filename</AttributeType><IsRequired>true</IsRequired><Value i:nil="true"/></Attribute></Attributes><ChildElements/><ElementName>mesh</ElementName><required>false</required><FilenameAttribute z:Ref="i89"/></URDFElement></ChildElements><ElementName>geometry</ElementName><required>true</required><Mesh z:Ref="i88"/></URDFElement><URDFElement z:Id="i90" i:type="Material"><Attributes><Attribute z:Id="i91"><AttributeType>name</AttributeType><IsRequired>true</IsRequired><Value i:type="a:string" xmlns:a="http://www.w3.org/2001/XMLSchema"/></Attribute></Attributes><ChildElements><URDFElement z:Id="i92" i:type="Color"><Attributes><Attribute z:Id="i93"><AttributeType>rgba</AttributeType><IsRequired>true</IsRequired><Value i:type="a:ArrayOfdouble" xmlns:a="http://schemas.microsoft.com/2003/10/Serialization/Arrays"><a:double>1</a:double><a:double>1</a:double><a:double>1</a:double><a:double>1</a:double></Value></Attribute></Attributes><ChildElements/><ElementName>color</ElementName><required>false</required><RGBAAttribute z:Ref="i93"/></URDFElement><URDFElement z:Id="i94" i:type="Texture"><Attributes><Attribute z:Id="i95"><AttributeType>filename</AttributeType><IsRequired>true</IsRequired><Value i:nil="true"/></Attribute></Attributes><ChildElements/><ElementName>texture</ElementName><required>false</required><FilenameAttribute z:Ref="i95"/><wFilename/></URDFElement></ChildElements><ElementName>material</ElementName><required>false</required><Color z:Ref="i92"/><NameAttribute z:Ref="i91"/><Texture z:Ref="i94"/></URDFElement></ChildElements><ElementName>visual</ElementName><required>false</required><Geometry z:Ref="i87"/><Material z:Ref="i90"/><Origin z:Ref="i84"/></URDFElement><URDFElement z:Id="i96" i:type="Collision"><Attributes/><ChildElements><URDFElement z:Id="i97" i:type="Origin"><Attributes><Attribute z:Id="i98"><AttributeType>xyz</AttributeType><IsRequired>true</IsRequired><Value i:type="a:ArrayOfdouble" xmlns:a="http://schemas.microsoft.com/2003/10/Serialization/Arrays"><a:double>0</a:double><a:double>0</a:double><a:double>0</a:double></Value></Attribute><Attribute z:Id="i99"><AttributeType>rpy</AttributeType><IsRequired>true</IsRequired><Value i:type="a:ArrayOfdouble" xmlns:a="http://schemas.microsoft.com/2003/10/Serialization/Arrays"><a:double>0</a:double><a:double>0</a:double><a:double>0</a:double></Value></Attribute></Attributes><ChildElements/><ElementName>origin</ElementName><required>false</required><RPYAttribute z:Ref="i99"/><XYZAttribute z:Ref="i98"/><isCustomized>false</isCustomized></URDFElement><URDFElement z:Id="i100" i:type="Geometry"><Attributes/><ChildElements><URDFElement z:Id="i101" i:type="Mesh"><Attributes><Attribute z:Id="i102"><AttributeType>filename</AttributeType><IsRequired>true</IsRequired><Value i:nil="true"/></Attribute></Attributes><ChildElements/><ElementName>mesh</ElementName><required>false</required><FilenameAttribute z:Ref="i102"/></URDFElement></ChildElements><ElementName>geometry</ElementName><required>true</required><Mesh z:Ref="i101"/></URDFElement></ChildElements><ElementName>collision</ElementName><required>false</required><Geometry z:Ref="i100"/><Origin z:Ref="i97"/></URDFElement><URDFElement z:Id="i103" i:type="Joint"><Attributes><Attribute z:Id="i104"><AttributeType>name</AttributeType><IsRequired>true</IsRequired><Value i:type="a:string" xmlns:a="http://www.w3.org/2001/XMLSchema">Slide_1_Joint</Value></Attribute><Attribute z:Id="i105"><AttributeType>type</AttributeType><IsRequired>true</IsRequired><Value i:type="a:string" xmlns:a="http://www.w3.org/2001/XMLSchema">prismatic</Value></Attribute></Attributes><ChildElements><URDFElement z:Id="i106" i:type="Origin"><Attributes><Attribute z:Id="i107"><AttributeType>xyz</AttributeType><IsRequired>true</IsRequired><Value i:type="a:ArrayOfdouble" xmlns:a="http://schemas.microsoft.com/2003/10/Serialization/Arrays"><a:double>0</a:double><a:double>0</a:double><a:double>0</a:double></Value></Attribute><Attribute z:Id="i108"><AttributeType>rpy</AttributeType><IsRequired>true</IsRequired><Value i:type="a:ArrayOfdouble" xmlns:a="http://schemas.microsoft.com/2003/10/Serialization/Arrays"><a:double>0</a:double><a:double>0</a:double><a:double>0</a:double></Value></Attribute></Attributes><ChildElements/><ElementName>origin</ElementName><required>false</required><RPYAttribute z:Ref="i108"/><XYZAttribute z:Ref="i107"/><isCustomized>false</isCustomized></URDFElement><URDFElement z:Id="i109" i:type="ParentLink"><Attributes><Attribute z:Id="i110"><AttributeType>link</AttributeType><IsRequired>true</IsRequired><Value i:type="a:string" xmlns:a="http://www.w3.org/2001/XMLSchema"/></Attribute></Attributes><ChildElements/><ElementName>parent</ElementName><required>true</required><NameAttribute z:Ref="i110"/></URDFElement><URDFElement z:Id="i111" i:type="ChildLink"><Attributes><Attribute z:Id="i112"><AttributeType>link</AttributeType><IsRequired>true</IsRequired><Value i:type="a:string" xmlns:a="http://www.w3.org/2001/XMLSchema"/></Attribute></Attributes><ChildElements/><ElementName>child</ElementName><required>true</required><NameAttribute z:Ref="i112"/></URDFElement><URDFElement z:Id="i113" i:type="Axis"><Attributes><Attribute z:Id="i114"><AttributeType>xyz</AttributeType><IsRequired>true</IsRequired><Value i:type="a:ArrayOfdouble" xmlns:a="http://schemas.microsoft.com/2003/10/Serialization/Arrays"><a:double>0</a:double><a:double>0</a:double><a:double>0</a:double></Value></Attribute></Attributes><ChildElements/><ElementName>axis</ElementName><required>false</required><XYZAttribute z:Ref="i114"/></URDFElement><URDFElement z:Id="i115" i:type="Limit"><Attributes><Attribute z:Id="i116"><AttributeType>lower</AttributeType><IsRequired>false</IsRequired><Value i:nil="true"/></Attribute><Attribute z:Id="i117"><AttributeType>upper</AttributeType><IsRequired>false</IsRequired><Value i:nil="true"/></Attribute><Attribute z:Id="i118"><AttributeType>effort</AttributeType><IsRequired>true</IsRequired><Value i:nil="true"/></Attribute><Attribute z:Id="i119"><AttributeType>velocity</AttributeType><IsRequired>true</IsRequired><Value i:nil="true"/></Attribute></Attributes><ChildElements/><ElementName>limit</ElementName><required>false</required><EffortAttribute z:Ref="i118"/><LowerAttribute z:Ref="i116"/><UpperAttribute z:Ref="i117"/><VelocityAttribute z:Ref="i119"/></URDFElement><URDFElement z:Id="i120" i:type="Calibration"><Attributes><Attribute z:Id="i121"><AttributeType>rising</AttributeType><IsRequired>false</IsRequired><Value i:nil="true"/></Attribute><Attribute z:Id="i122"><AttributeType>falling</AttributeType><IsRequired>false</IsRequired><Value i:nil="true"/></Attribute></Attributes><ChildElements/><ElementName>calibration</ElementName><required>false</required><FallingAttribute z:Ref="i122"/><RisingAttribute z:Ref="i121"/></URDFElement><URDFElement z:Id="i123" i:type="Dynamics"><Attributes><Attribute z:Id="i124"><AttributeType>damping</AttributeType><IsRequired>false</IsRequired><Value i:nil="true"/></Attribute><Attribute z:Id="i125"><AttributeType>friction</AttributeType><IsRequired>false</IsRequired><Value i:nil="true"/></Attribute></Attributes><ChildElements/><ElementName>dynamics</ElementName><required>false</required><DampingAttribute z:Ref="i124"/><FrictionAttribute z:Ref="i125"/></URDFElement><URDFElement z:Id="i126" i:type="SafetyController"><Attributes><Attribute z:Id="i127"><AttributeType>soft_upper_limit</AttributeType><IsRequired>false</IsRequired><Value i:nil="true"/></Attribute><Attribute z:Id="i128"><AttributeType>soft_lower_limit</AttributeType><IsRequired>false</IsRequired><Value i:nil="true"/></Attribute><Attribute z:Id="i129"><AttributeType>k_position</AttributeType><IsRequired>false</IsRequired><Value i:nil="true"/></Attribute><Attribute z:Id="i130"><AttributeType>k_velocity</AttributeType><IsRequired>true</IsRequired><Value i:nil="true"/></Attribute></Attributes><ChildElements/><ElementName>safety_controller</ElementName><required>false</required><KPositionAttribute z:Ref="i129"/><KVelocityAttribute z:Ref="i130"/><SoftLowerAttribute z:Ref="i128"/><SoftUpperAttribute z:Ref="i127"/></URDFElement><URDFElement z:Id="i131" i:type="Mimic"><Attributes><Attribute z:Id="i132"><AttributeType>joint</AttributeType><IsRequired>true</IsRequired><Value i:nil="true"/></Attribute><Attribute z:Id="i133"><AttributeType>multiplier</AttributeType><IsRequired>false</IsRequired><Value i:nil="true"/></Attribute><Attribute z:Id="i134"><AttributeType>offset</AttributeType><IsRequired>false</IsRequired><Value i:nil="true"/></Attribute></Attributes><ChildElements/><ElementName>mimic</ElementName><required>false</required><JointNameAttribute z:Ref="i132"/><MultiplierAttribute z:Ref="i133"/><OffsetAttribute z:Ref="i134"/></URDFElement></ChildElements><ElementName>joint</ElementName><required>false</required><Axis z:Ref="i113"/><AxisName>?????????1</AxisName><Calibration z:Ref="i120"/><Child z:Ref="i111"/><CoordinateSystemName>?????????1</CoordinateSystemName><Dynamics z:Ref="i123"/><Limit z:Ref="i115"/><Mimic z:Ref="i131"/><NameAttribute z:Ref="i104"/><Origin z:Ref="i106"/><Parent z:Ref="i109"/><Safety z:Ref="i126"/><TypeAttribute z:Ref="i105"/></URDFElement></ChildElements><ElementName>link</ElementName><required>true</required><Children/><Collision z:Ref="i96"/><Inertial z:Ref="i70"/><Joint z:Ref="i103"/><NameAttribute z:Ref="i69"/><Parent z:Ref="i1"/><STLQualityFine>false</STLQualityFine><SWComponentPIDs xmlns:a="http://schemas.microsoft.com/2003/10/Serialization/Arrays"><a:base64Binary>UEYAAAUAAAD//v+RSwBLAEMAVABQAE0AMwBGADIAMAAuADAAMgBfAPR2v378W2iPxH72Ti0AMQA0AEAASwBLAEMAVABQAE0AMwBGADIAMABFAF8AMgAwAHNeqFIJTgdjS2IoAHp681ghaotXKQAvAEsASwBDAFQAUAAzAE0AMgAwAC4AMAAyAC4ALgAwADIAXwDRbldXxH72Ti0AMQBAAEsASwBDAFQAUABNADMARgAyADAALgAwADIAXwD0dr9+/Ftoj8R+9k4vAEsASwBDAFQAUABNADMARgAyADAALgAwADIALgAwADIALgAwADEAXwDabuBz/Ftoj9FuV1ctADEAQABLAEsAQwBUAFAAMwBNADIAMAAuADAAMgAuAC4AMAAyAF8A0W5XV8R+9k4EAAAAEAAAAAEAAAADAAAAKAMAABoAAABCAAAA</a:base64Binary><a:base64Binary>UEYAAAUAAAD//v+RSwBLAEMAVABQAE0AMwBGADIAMAAuADAAMgBfAPR2v378W2iPxH72Ti0AMQA0AEAASwBLAEMAVABQAE0AMwBGADIAMABFAF8AMgAwAHNeqFIJTgdjS2IoAHp681ghaotXKQAvAEsASwBDAFQAUAAzAE0AMgAwAC4AMAAyAC4ALgAwADIAXwDRbldXxH72Ti0AMQBAAEsASwBDAFQAUABNADMARgAyADAALgAwADIAXwD0dr9+/Ftoj8R+9k4vAEsASwBDAFQAUABNADMARgAyADAALgAwADIALgAwADIALgAwADIAXwD8W2iP0W5XVyFjf2ctADQAQABLAEsAQwBUAFAAMwBNADIAMAAuADAAMgAuAC4AMAAyAF8A0W5XV8R+9k4EAAAAEAAAAAEAAAADAAAAKAMAABoAAABEAAAA</a:base64Binary><a:base64Binary>UEYAAAUAAAD//v+RSwBLAEMAVABQAE0AMwBGADIAMAAuADAAMgBfAPR2v378W2iPxH72Ti0AMQA0AEAASwBLAEMAVABQAE0AMwBGADIAMABFAF8AMgAwAHNeqFIJTgdjS2IoAHp681ghaotXKQAvAEsASwBDAFQAUAAzAE0AMgAwAC4AMAAyAC4ALgAwADIAXwDRbldXxH72Ti0AMQBAAEsASwBDAFQAUABNADMARgAyADAALgAwADIAXwD0dr9+/Ftoj8R+9k4vAEsASwBDAFQAUABNADMARgAyADAALgAwADIALgAwADIALgAwADIAXwD8W2iP0W5XVyFjf2ctADMAQABLAEsAQwBUAFAAMwBNADIAMAAuADAAMgAuAC4AMAAyAF8A0W5XV8R+9k4EAAAAEAAAAAEAAAADAAAAKAMAABoAAABDAAAA</a:base64Binary><a:base64Binary>UEYAAAUAAAD//v+TSwBLAEMAVABQAE0AMwBGADIAMAAuADAAMgBfAPR2v378W2iPxH72Ti0AMQA0AEAASwBLAEMAVABQAE0AMwBGADIAMABFAF8AMgAwAHNeqFIJTgdjS2IoAHp681ghaotXKQAvAEsASwBDAFQAUAAzAE0AMgAwAC4AMAAyAC4ALgAwADIAXwDRbldXxH72Ti0AMQBAAEsASwBDAFQAUABNADMARgAyADAALgAwADIAXwD0dr9+/Ftoj8R+9k4vAEsASwBHAEIAVAA4ADEAOQAuADEAIABNADIAWAA0AF8AQVNXW/1piWw0WbqHiZQgAE0AMgBYADQALQA3AEAASwBLAEMAVABQADMATQAyADAALgAwADIALgAuADAAMgBfANFuV1fEfvZOBAAAABAAAAABAAAAAwAAACgDAAAaAAAAagAAAA==</a:base64Binary><a:base64Binary>UEYAAAUAAAD//v+TSwBLAEMAVABQAE0AMwBGADIAMAAuADAAMgBfAPR2v378W2iPxH72Ti0AMQA0AEAASwBLAEMAVABQAE0AMwBGADIAMABFAF8AMgAwAHNeqFIJTgdjS2IoAHp681ghaotXKQAvAEsASwBDAFQAUAAzAE0AMgAwAC4AMAAyAC4ALgAwADIAXwDRbldXxH72Ti0AMQBAAEsASwBDAFQAUABNADMARgAyADAALgAwADIAXwD0dr9+/Ftoj8R+9k4vAEsASwBHAEIAVAA4ADEAOQAuADEAIABNADIAWAA0AF8AQVNXW/1piWw0WbqHiZQgAE0AMgBYADQALQA2AEAASwBLAEMAVABQADMATQAyADAALgAwADIALgAuADAAMgBfANFuV1fEfvZOBAAAABAAAAABAAAAAwAAACgDAAAaAAAAawAAAA==</a:base64Binary><a:base64Binary>UEYAAAUAAAD//v+TSwBLAEMAVABQAE0AMwBGADIAMAAuADAAMgBfAPR2v378W2iPxH72Ti0AMQA0AEAASwBLAEMAVABQAE0AMwBGADIAMABFAF8AMgAwAHNeqFIJTgdjS2IoAHp681ghaotXKQAvAEsASwBDAFQAUAAzAE0AMgAwAC4AMAAyAC4ALgAwADIAXwDRbldXxH72Ti0AMQBAAEsASwBDAFQAUABNADMARgAyADAALgAwADIAXwD0dr9+/Ftoj8R+9k4vAEsASwBHAEIAVAA4ADEAOQAuADEAIABNADIAWAA0AF8AQVNXW/1piWw0WbqHiZQgAE0AMgBYADQALQAyAEAASwBLAEMAVABQADMATQAyADAALgAwADIALgAuADAAMgBfANFuV1fEfvZOBAAAABAAAAABAAAAAwAAACgDAAAaAAAAYQAAAA==</a:base64Binary><a:base64Binary>UEYAAAUAAAD//v+TSwBLAEMAVABQAE0AMwBGADIAMAAuADAAMgBfAPR2v378W2iPxH72Ti0AMQA0AEAASwBLAEMAVABQAE0AMwBGADIAMABFAF8AMgAwAHNeqFIJTgdjS2IoAHp681ghaotXKQAvAEsASwBDAFQAUAAzAE0AMgAwAC4AMAAyAC4ALgAwADIAXwDRbldXxH72Ti0AMQBAAEsASwBDAFQAUABNADMARgAyADAALgAwADIAXwD0dr9+/Ftoj8R+9k4vAEsASwBHAEIAVAA4ADEAOQAuADEAIABNADIAWAA0AF8AQVNXW/1piWw0WbqHiZQgAE0AMgBYADQALQA0AEAASwBLAEMAVABQADMATQAyADAALgAwADIALgAuADAAMgBfANFuV1fEfvZOBAAAABAAAAABAAAAAwAAACgDAAAaAAAAaAAAAA==</a:base64Binary></SWComponentPIDs><SWMainComponentPID i:nil="true"/><Visual z:Ref="i83"/><isFixedFrame>false</isFixedFrame><isIncomplete>false</isIncomplete></Link><Link z:Id="i135"><Attributes><Attribute z:Id="i136"><AttributeType>name</AttributeType><IsRequired>true</IsRequired><Value i:type="a:string" xmlns:a="http://www.w3.org/2001/XMLSchema">Empty_Link</Value></Attribute></Attributes><ChildElements><URDFElement z:Id="i137" i:type="Inertial"><Attributes/><ChildElements><URDFElement z:Id="i138" i:type="Origin"><Attributes><Attribute z:Id="i139"><AttributeType>xyz</AttributeType><IsRequired>true</IsRequired><Value i:type="a:ArrayOfdouble" xmlns:a="http://schemas.microsoft.com/2003/10/Serialization/Arrays"><a:double>0</a:double><a:double>0</a:double><a:double>0</a:double></Value></Attribute><Attribute z:Id="i140"><AttributeType>rpy</AttributeType><IsRequired>true</IsRequired><Value i:type="a:ArrayOfdouble" xmlns:a="http://schemas.microsoft.com/2003/10/Serialization/Arrays"><a:double>0</a:double><a:double>0</a:double><a:double>0</a:double></Value></Attribute></Attributes><ChildElements/><ElementName>origin</ElementName><required>false</required><RPYAttribute z:Ref="i140"/><XYZAttribute z:Ref="i139"/><isCustomized>false</isCustomized></URDFElement><URDFElement z:Id="i141" i:type="Mass"><Attributes><Attribute z:Id="i142"><AttributeType>value</AttributeType><IsRequired>true</IsRequired><Value i:type="a:double" xmlns:a="http://www.w3.org/2001/XMLSchema">0</Value></Attribute></Attributes><ChildElements/><ElementName>mass</ElementName><required>false</required><ValueAttribute z:Ref="i142"/></URDFElement><URDFElement z:Id="i143" i:type="Inertia"><Attributes><Attribute z:Id="i144"><AttributeType>ixx</AttributeType><IsRequired>true</IsRequired><Value i:type="a:double" xmlns:a="http://www.w3.org/2001/XMLSchema">0</Value></Attribute><Attribute z:Id="i145"><AttributeType>ixy</AttributeType><IsRequired>true</IsRequired><Value i:type="a:double" xmlns:a="http://www.w3.org/2001/XMLSchema">0</Value></Attribute><Attribute z:Id="i146"><AttributeType>ixz</AttributeType><IsRequired>true</IsRequired><Value i:type="a:double" xmlns:a="http://www.w3.org/2001/XMLSchema">0</Value></Attribute><Attribute z:Id="i147"><AttributeType>iyy</AttributeType><IsRequired>true</IsRequired><Value i:type="a:double" xmlns:a="http://www.w3.org/2001/XMLSchema">0</Value></Attribute><Attribute z:Id="i148"><AttributeType>iyz</AttributeType><IsRequired>true</IsRequired><Value i:type="a:double" xmlns:a="http://www.w3.org/2001/XMLSchema">0</Value></Attribute><Attribute z:Id="i149"><AttributeType>izz</AttributeType><IsRequired>true</IsRequired><Value i:type="a:double" xmlns:a="http://www.w3.org/2001/XMLSchema">0</Value></Attribute></Attributes><ChildElements/><ElementName>inertia</ElementName><required>false</required><IxxAttribute z:Ref="i144"/><IxyAttribute z:Ref="i145"/><IxzAttribute z:Ref="i146"/><IyyAttribute z:Ref="i147"/><IyzAttribute z:Ref="i148"/><IzzAttribute z:Ref="i149"/></URDFElement></ChildElements><ElementName>inertial</ElementName><required>false</required><Inertia z:Ref="i143"/><Mass z:Ref="i141"/><Origin z:Ref="i138"/></URDFElement><URDFElement z:Id="i150" i:type="Visual"><Attributes/><ChildElements><URDFElement z:Id="i151" i:type="Origin"><Attributes><Attribute z:Id="i152"><AttributeType>xyz</AttributeType><IsRequired>true</IsRequired><Value i:type="a:ArrayOfdouble" xmlns:a="http://schemas.microsoft.com/2003/10/Serialization/Arrays"><a:double>0</a:double><a:double>0</a:double><a:double>0</a:double></Value></Attribute><Attribute z:Id="i153"><AttributeType>rpy</AttributeType><IsRequired>true</IsRequired><Value i:type="a:ArrayOfdouble" xmlns:a="http://schemas.microsoft.com/2003/10/Serialization/Arrays"><a:double>0</a:double><a:double>0</a:double><a:double>0</a:double></Value></Attribute></Attributes><ChildElements/><ElementName>origin</ElementName><required>false</required><RPYAttribute z:Ref="i153"/><XYZAttribute z:Ref="i152"/><isCustomized>false</isCustomized></URDFElement><URDFElement z:Id="i154" i:type="Geometry"><Attributes/><ChildElements><URDFElement z:Id="i155" i:type="Mesh"><Attributes><Attribute z:Id="i156"><AttributeType>filename</AttributeType><IsRequired>true</IsRequired><Value i:nil="true"/></Attribute></Attributes><ChildElements/><ElementName>mesh</ElementName><required>false</required><FilenameAttribute z:Ref="i156"/></URDFElement></ChildElements><ElementName>geometry</ElementName><required>true</required><Mesh z:Ref="i155"/></URDFElement><URDFElement z:Id="i157" i:type="Material"><Attributes><Attribute z:Id="i158"><AttributeType>name</AttributeType><IsRequired>true</IsRequired><Value i:type="a:string" xmlns:a="http://www.w3.org/2001/XMLSchema"/></Attribute></Attributes><ChildElements><URDFElement z:Id="i159" i:type="Color"><Attributes><Attribute z:Id="i160"><AttributeType>rgba</AttributeType><IsRequired>true</IsRequired><Value i:type="a:ArrayOfdouble" xmlns:a="http://schemas.microsoft.com/2003/10/Serialization/Arrays"><a:double>1</a:double><a:double>1</a:double><a:double>1</a:double><a:double>1</a:double></Value></Attribute></Attributes><ChildElements/><ElementName>color</ElementName><required>false</required><RGBAAttribute z:Ref="i160"/></URDFElement><URDFElement z:Id="i161" i:type="Texture"><Attributes><Attribute z:Id="i162"><AttributeType>filename</AttributeType><IsRequired>true</IsRequired><Value i:nil="true"/></Attribute></Attributes><ChildElements/><ElementName>texture</ElementName><required>false</required><FilenameAttribute z:Ref="i162"/><wFilename/></URDFElement></ChildElements><ElementName>material</ElementName><required>false</required><Color z:Ref="i159"/><NameAttribute z:Ref="i158"/><Texture z:Ref="i161"/></URDFElement></ChildElements><ElementName>visual</ElementName><required>false</required><Geometry z:Ref="i154"/><Material z:Ref="i157"/><Origin z:Ref="i151"/></URDFElement><URDFElement z:Id="i163" i:type="Collision"><Attributes/><ChildElements><URDFElement z:Id="i164" i:type="Origin"><Attributes><Attribute z:Id="i165"><AttributeType>xyz</AttributeType><IsRequired>true</IsRequired><Value i:type="a:ArrayOfdouble" xmlns:a="http://schemas.microsoft.com/2003/10/Serialization/Arrays"><a:double>0</a:double><a:double>0</a:double><a:double>0</a:double></Value></Attribute><Attribute z:Id="i166"><AttributeType>rpy</AttributeType><IsRequired>true</IsRequired><Value i:type="a:ArrayOfdouble" xmlns:a="http://schemas.microsoft.com/2003/10/Serialization/Arrays"><a:double>0</a:double><a:double>0</a:double><a:double>0</a:double></Value></Attribute></Attributes><ChildElements/><ElementName>origin</ElementName><required>false</required><RPYAttribute z:Ref="i166"/><XYZAttribute z:Ref="i165"/><isCustomized>false</isCustomized></URDFElement><URDFElement z:Id="i167" i:type="Geometry"><Attributes/><ChildElements><URDFElement z:Id="i168" i:type="Mesh"><Attributes><Attribute z:Id="i169"><AttributeType>filename</AttributeType><IsRequired>true</IsRequired><Value i:nil="true"/></Attribute></Attributes><ChildElements/><ElementName>mesh</ElementName><required>false</required><FilenameAttribute z:Ref="i169"/></URDFElement></ChildElements><ElementName>geometry</ElementName><required>true</required><Mesh z:Ref="i168"/></URDFElement></ChildElements><ElementName>collision</ElementName><required>false</required><Geometry z:Ref="i167"/><Origin z:Ref="i164"/></URDFElement><URDFElement z:Id="i170" i:type="Joint"><Attributes><Attribute z:Id="i171"><AttributeType>name</AttributeType><IsRequired>true</IsRequired><Value i:type="a:string" xmlns:a="http://www.w3.org/2001/XMLSchema"/></Attribute><Attribute z:Id="i172"><AttributeType>type</AttributeType><IsRequired>true</IsRequired><Value i:type="a:string" xmlns:a="http://www.w3.org/2001/XMLSchema">Automatically Detect</Value></Attribute></Attributes><ChildElements><URDFElement z:Id="i173" i:type="Origin"><Attributes><Attribute z:Id="i174"><AttributeType>xyz</AttributeType><IsRequired>true</IsRequired><Value i:type="a:ArrayOfdouble" xmlns:a="http://schemas.microsoft.com/2003/10/Serialization/Arrays"><a:double>0</a:double><a:double>0</a:double><a:double>0</a:double></Value></Attribute><Attribute z:Id="i175"><AttributeType>rpy</AttributeType><IsRequired>true</IsRequired><Value i:type="a:ArrayOfdouble" xmlns:a="http://schemas.microsoft.com/2003/10/Serialization/Arrays"><a:double>0</a:double><a:double>0</a:double><a:double>0</a:double></Value></Attribute></Attributes><ChildElements/><ElementName>origin</ElementName><required>false</required><RPYAttribute z:Ref="i175"/><XYZAttribute z:Ref="i174"/><isCustomized>false</isCustomized></URDFElement><URDFElement z:Id="i176" i:type="ParentLink"><Attributes><Attribute z:Id="i177"><AttributeType>link</AttributeType><IsRequired>true</IsRequired><Value i:type="a:string" xmlns:a="http://www.w3.org/2001/XMLSchema"/></Attribute></Attributes><ChildElements/><ElementName>parent</ElementName><required>true</required><NameAttribute z:Ref="i177"/></URDFElement><URDFElement z:Id="i178" i:type="ChildLink"><Attributes><Attribute z:Id="i179"><AttributeType>link</AttributeType><IsRequired>true</IsRequired><Value i:type="a:string" xmlns:a="http://www.w3.org/2001/XMLSchema"/></Attribute></Attributes><ChildElements/><ElementName>child</ElementName><required>true</required><NameAttribute z:Ref="i179"/></URDFElement><URDFElement z:Id="i180" i:type="Axis"><Attributes><Attribute z:Id="i181"><AttributeType>xyz</AttributeType><IsRequired>true</IsRequired><Value i:type="a:ArrayOfdouble" xmlns:a="http://schemas.microsoft.com/2003/10/Serialization/Arrays"><a:double>0</a:double><a:double>0</a:double><a:double>0</a:double></Value></Attribute></Attributes><ChildElements/><ElementName>axis</ElementName><required>false</required><XYZAttribute z:Ref="i181"/></URDFElement><URDFElement z:Id="i182" i:type="Limit"><Attributes><Attribute z:Id="i183"><AttributeType>lower</AttributeType><IsRequired>false</IsRequired><Value i:nil="true"/></Attribute><Attribute z:Id="i184"><AttributeType>upper</AttributeType><IsRequired>false</IsRequired><Value i:nil="true"/></Attribute><Attribute z:Id="i185"><AttributeType>effort</AttributeType><IsRequired>true</IsRequired><Value i:nil="true"/></Attribute><Attribute z:Id="i186"><AttributeType>velocity</AttributeType><IsRequired>true</IsRequired><Value i:nil="true"/></Attribute></Attributes><ChildElements/><ElementName>limit</ElementName><required>false</required><EffortAttribute z:Ref="i185"/><LowerAttribute z:Ref="i183"/><UpperAttribute z:Ref="i184"/><VelocityAttribute z:Ref="i186"/></URDFElement><URDFElement z:Id="i187" i:type="Calibration"><Attributes><Attribute z:Id="i188"><AttributeType>rising</AttributeType><IsRequired>false</IsRequired><Value i:nil="true"/></Attribute><Attribute z:Id="i189"><AttributeType>falling</AttributeType><IsRequired>false</IsRequired><Value i:nil="true"/></Attribute></Attributes><ChildElements/><ElementName>calibration</ElementName><required>false</required><FallingAttribute z:Ref="i189"/><RisingAttribute z:Ref="i188"/></URDFElement><URDFElement z:Id="i190" i:type="Dynamics"><Attributes><Attribute z:Id="i191"><AttributeType>damping</AttributeType><IsRequired>false</IsRequired><Value i:nil="true"/></Attribute><Attribute z:Id="i192"><AttributeType>friction</AttributeType><IsRequired>false</IsRequired><Value i:nil="true"/></Attribute></Attributes><ChildElements/><ElementName>dynamics</ElementName><required>false</required><DampingAttribute z:Ref="i191"/><FrictionAttribute z:Ref="i192"/></URDFElement><URDFElement z:Id="i193" i:type="SafetyController"><Attributes><Attribute z:Id="i194"><AttributeType>soft_upper_limit</AttributeType><IsRequired>false</IsRequired><Value i:nil="true"/></Attribute><Attribute z:Id="i195"><AttributeType>soft_lower_limit</AttributeType><IsRequired>false</IsRequired><Value i:nil="true"/></Attribute><Attribute z:Id="i196"><AttributeType>k_position</AttributeType><IsRequired>false</IsRequired><Value i:nil="true"/></Attribute><Attribute z:Id="i197"><AttributeType>k_velocity</AttributeType><IsRequired>true</IsRequired><Value i:nil="true"/></Attribute></Attributes><ChildElements/><ElementName>safety_controller</ElementName><required>false</required><KPositionAttribute z:Ref="i196"/><KVelocityAttribute z:Ref="i197"/><SoftLowerAttribute z:Ref="i195"/><SoftUpperAttribute z:Ref="i194"/></URDFElement><URDFElement z:Id="i198" i:type="Mimic"><Attributes><Attribute z:Id="i199"><AttributeType>joint</AttributeType><IsRequired>true</IsRequired><Value i:nil="true"/></Attribute><Attribute z:Id="i200"><AttributeType>multiplier</AttributeType><IsRequired>false</IsRequired><Value i:nil="true"/></Attribute><Attribute z:Id="i201"><AttributeType>offset</AttributeType><IsRequired>false</IsRequired><Value i:nil="true"/></Attribute></Attributes><ChildElements/><ElementName>mimic</ElementName><required>false</required><JointNameAttribute z:Ref="i199"/><MultiplierAttribute z:Ref="i200"/><OffsetAttribute z:Ref="i201"/></URDFElement></ChildElements><ElementName>joint</ElementName><required>false</required><Axis z:Ref="i180"/><AxisName>Automatically Generate</AxisName><Calibration z:Ref="i187"/><Child z:Ref="i178"/><CoordinateSystemName>Automatically Generate</CoordinateSystemName><Dynamics z:Ref="i190"/><Limit z:Ref="i182"/><Mimic z:Ref="i198"/><NameAttribute z:Ref="i171"/><Origin z:Ref="i173"/><Parent z:Ref="i176"/><Safety z:Ref="i193"/><TypeAttribute z:Ref="i172"/></URDFElement></ChildElements><ElementName>link</ElementName><required>true</required><Children/><Collision z:Ref="i163"/><Inertial z:Ref="i137"/><Joint z:Ref="i170"/><NameAttribute z:Ref="i136"/><Parent z:Ref="i1"/><STLQualityFine>false</STLQualityFine><SWComponentPIDs xmlns:a="http://schemas.microsoft.com/2003/10/Serialization/Arrays"/><SWMainComponentPID i:nil="true"/><Visual z:Ref="i150"/><isFixedFrame>false</isFixedFrame><isIncomplete>false</isIncomplete></Link><Link z:Id="i202"><Attributes><Attribute z:Id="i203"><AttributeType>name</AttributeType><IsRequired>true</IsRequired><Value i:type="a:string" xmlns:a="http://www.w3.org/2001/XMLSchema">Empty_Link</Value></Attribute></Attributes><ChildElements><URDFElement z:Id="i204" i:type="Inertial"><Attributes/><ChildElements><URDFElement z:Id="i205" i:type="Origin"><Attributes><Attribute z:Id="i206"><AttributeType>xyz</AttributeType><IsRequired>true</IsRequired><Value i:type="a:ArrayOfdouble" xmlns:a="http://schemas.microsoft.com/2003/10/Serialization/Arrays"><a:double>0</a:double><a:double>0</a:double><a:double>0</a:double></Value></Attribute><Attribute z:Id="i207"><AttributeType>rpy</AttributeType><IsRequired>true</IsRequired><Value i:type="a:ArrayOfdouble" xmlns:a="http://schemas.microsoft.com/2003/10/Serialization/Arrays"><a:double>0</a:double><a:double>0</a:double><a:double>0</a:double></Value></Attribute></Attributes><ChildElements/><ElementName>origin</ElementName><required>false</required><RPYAttribute z:Ref="i207"/><XYZAttribute z:Ref="i206"/><isCustomized>false</isCustomized></URDFElement><URDFElement z:Id="i208" i:type="Mass"><Attributes><Attribute z:Id="i209"><AttributeType>value</AttributeType><IsRequired>true</IsRequired><Value i:type="a:double" xmlns:a="http://www.w3.org/2001/XMLSchema">0</Value></Attribute></Attributes><ChildElements/><ElementName>mass</ElementName><required>false</required><ValueAttribute z:Ref="i209"/></URDFElement><URDFElement z:Id="i210" i:type="Inertia"><Attributes><Attribute z:Id="i211"><AttributeType>ixx</AttributeType><IsRequired>true</IsRequired><Value i:type="a:double" xmlns:a="http://www.w3.org/2001/XMLSchema">0</Value></Attribute><Attribute z:Id="i212"><AttributeType>ixy</AttributeType><IsRequired>true</IsRequired><Value i:type="a:double" xmlns:a="http://www.w3.org/2001/XMLSchema">0</Value></Attribute><Attribute z:Id="i213"><AttributeType>ixz</AttributeType><IsRequired>true</IsRequired><Value i:type="a:double" xmlns:a="http://www.w3.org/2001/XMLSchema">0</Value></Attribute><Attribute z:Id="i214"><AttributeType>iyy</AttributeType><IsRequired>true</IsRequired><Value i:type="a:double" xmlns:a="http://www.w3.org/2001/XMLSchema">0</Value></Attribute><Attribute z:Id="i215"><AttributeType>iyz</AttributeType><IsRequired>true</IsRequired><Value i:type="a:double" xmlns:a="http://www.w3.org/2001/XMLSchema">0</Value></Attribute><Attribute z:Id="i216"><AttributeType>izz</AttributeType><IsRequired>true</IsRequired><Value i:type="a:double" xmlns:a="http://www.w3.org/2001/XMLSchema">0</Value></Attribute></Attributes><ChildElements/><ElementName>inertia</ElementName><required>false</required><IxxAttribute z:Ref="i211"/><IxyAttribute z:Ref="i212"/><IxzAttribute z:Ref="i213"/><IyyAttribute z:Ref="i214"/><IyzAttribute z:Ref="i215"/><IzzAttribute z:Ref="i216"/></URDFElement></ChildElements><ElementName>inertial</ElementName><required>false</required><Inertia z:Ref="i210"/><Mass z:Ref="i208"/><Origin z:Ref="i205"/></URDFElement><URDFElement z:Id="i217" i:type="Visual"><Attributes/><ChildElements><URDFElement z:Id="i218" i:type="Origin"><Attributes><Attribute z:Id="i219"><AttributeType>xyz</AttributeType><IsRequired>true</IsRequired><Value i:type="a:ArrayOfdouble" xmlns:a="http://schemas.microsoft.com/2003/10/Serialization/Arrays"><a:double>0</a:double><a:double>0</a:double><a:double>0</a:double></Value></Attribute><Attribute z:Id="i220"><AttributeType>rpy</AttributeType><IsRequired>true</IsRequired><Value i:type="a:ArrayOfdouble" xmlns:a="http://schemas.microsoft.com/2003/10/Serialization/Arrays"><a:double>0</a:double><a:double>0</a:double><a:double>0</a:double></Value></Attribute></Attributes><ChildElements/><ElementName>origin</ElementName><required>false</required><RPYAttribute z:Ref="i220"/><XYZAttribute z:Ref="i219"/><isCustomized>false</isCustomized></URDFElement><URDFElement z:Id="i221" i:type="Geometry"><Attributes/><ChildElements><URDFElement z:Id="i222" i:type="Mesh"><Attributes><Attribute z:Id="i223"><AttributeType>filename</AttributeType><IsRequired>true</IsRequired><Value i:nil="true"/></Attribute></Attributes><ChildElements/><ElementName>mesh</ElementName><required>false</required><FilenameAttribute z:Ref="i223"/></URDFElement></ChildElements><ElementName>geometry</ElementName><required>true</required><Mesh z:Ref="i222"/></URDFElement><URDFElement z:Id="i224" i:type="Material"><Attributes><Attribute z:Id="i225"><AttributeType>name</AttributeType><IsRequired>true</IsRequired><Value i:type="a:string" xmlns:a="http://www.w3.org/2001/XMLSchema"/></Attribute></Attributes><ChildElements><URDFElement z:Id="i226" i:type="Color"><Attributes><Attribute z:Id="i227"><AttributeType>rgba</AttributeType><IsRequired>true</IsRequired><Value i:type="a:ArrayOfdouble" xmlns:a="http://schemas.microsoft.com/2003/10/Serialization/Arrays"><a:double>1</a:double><a:double>1</a:double><a:double>1</a:double><a:double>1</a:double></Value></Attribute></Attributes><ChildElements/><ElementName>color</ElementName><required>false</required><RGBAAttribute z:Ref="i227"/></URDFElement><URDFElement z:Id="i228" i:type="Texture"><Attributes><Attribute z:Id="i229"><AttributeType>filename</AttributeType><IsRequired>true</IsRequired><Value i:nil="true"/></Attribute></Attributes><ChildElements/><ElementName>texture</ElementName><required>false</required><FilenameAttribute z:Ref="i229"/><wFilename/></URDFElement></ChildElements><ElementName>material</ElementName><required>false</required><Color z:Ref="i226"/><NameAttribute z:Ref="i225"/><Texture z:Ref="i228"/></URDFElement></ChildElements><ElementName>visual</ElementName><required>false</required><Geometry z:Ref="i221"/><Material z:Ref="i224"/><Origin z:Ref="i218"/></URDFElement><URDFElement z:Id="i230" i:type="Collision"><Attributes/><ChildElements><URDFElement z:Id="i231" i:type="Origin"><Attributes><Attribute z:Id="i232"><AttributeType>xyz</AttributeType><IsRequired>true</IsRequired><Value i:type="a:ArrayOfdouble" xmlns:a="http://schemas.microsoft.com/2003/10/Serialization/Arrays"><a:double>0</a:double><a:double>0</a:double><a:double>0</a:double></Value></Attribute><Attribute z:Id="i233"><AttributeType>rpy</AttributeType><IsRequired>true</IsRequired><Value i:type="a:ArrayOfdouble" xmlns:a="http://schemas.microsoft.com/2003/10/Serialization/Arrays"><a:double>0</a:double><a:double>0</a:double><a:double>0</a:double></Value></Attribute></Attributes><ChildElements/><ElementName>origin</ElementName><required>false</required><RPYAttribute z:Ref="i233"/><XYZAttribute z:Ref="i232"/><isCustomized>false</isCustomized></URDFElement><URDFElement z:Id="i234" i:type="Geometry"><Attributes/><ChildElements><URDFElement z:Id="i235" i:type="Mesh"><Attributes><Attribute z:Id="i236"><AttributeType>filename</AttributeType><IsRequired>true</IsRequired><Value i:nil="true"/></Attribute></Attributes><ChildElements/><ElementName>mesh</ElementName><required>false</required><FilenameAttribute z:Ref="i236"/></URDFElement></ChildElements><ElementName>geometry</ElementName><required>true</required><Mesh z:Ref="i235"/></URDFElement></ChildElements><ElementName>collision</ElementName><required>false</required><Geometry z:Ref="i234"/><Origin z:Ref="i231"/></URDFElement><URDFElement z:Id="i237" i:type="Joint"><Attributes><Attribute z:Id="i238"><AttributeType>name</AttributeType><IsRequired>true</IsRequired><Value i:type="a:string" xmlns:a="http://www.w3.org/2001/XMLSchema"/></Attribute><Attribute z:Id="i239"><AttributeType>type</AttributeType><IsRequired>true</IsRequired><Value i:type="a:string" xmlns:a="http://www.w3.org/2001/XMLSchema">Automatically Detect</Value></Attribute></Attributes><ChildElements><URDFElement z:Id="i240" i:type="Origin"><Attributes><Attribute z:Id="i241"><AttributeType>xyz</AttributeType><IsRequired>true</IsRequired><Value i:type="a:ArrayOfdouble" xmlns:a="http://schemas.microsoft.com/2003/10/Serialization/Arrays"><a:double>0</a:double><a:double>0</a:double><a:double>0</a:double></Value></Attribute><Attribute z:Id="i242"><AttributeType>rpy</AttributeType><IsRequired>true</IsRequired><Value i:type="a:ArrayOfdouble" xmlns:a="http://schemas.microsoft.com/2003/10/Serialization/Arrays"><a:double>0</a:double><a:double>0</a:double><a:double>0</a:double></Value></Attribute></Attributes><ChildElements/><ElementName>origin</ElementName><required>false</required><RPYAttribute z:Ref="i242"/><XYZAttribute z:Ref="i241"/><isCustomized>false</isCustomized></URDFElement><URDFElement z:Id="i243" i:type="ParentLink"><Attributes><Attribute z:Id="i244"><AttributeType>link</AttributeType><IsRequired>true</IsRequired><Value i:type="a:string" xmlns:a="http://www.w3.org/2001/XMLSchema"/></Attribute></Attributes><ChildElements/><ElementName>parent</ElementName><required>true</required><NameAttribute z:Ref="i244"/></URDFElement><URDFElement z:Id="i245" i:type="ChildLink"><Attributes><Attribute z:Id="i246"><AttributeType>link</AttributeType><IsRequired>true</IsRequired><Value i:type="a:string" xmlns:a="http://www.w3.org/2001/XMLSchema"/></Attribute></Attributes><ChildElements/><ElementName>child</ElementName><required>true</required><NameAttribute z:Ref="i246"/></URDFElement><URDFElement z:Id="i247" i:type="Axis"><Attributes><Attribute z:Id="i248"><AttributeType>xyz</AttributeType><IsRequired>true</IsRequired><Value i:type="a:ArrayOfdouble" xmlns:a="http://schemas.microsoft.com/2003/10/Serialization/Arrays"><a:double>0</a:double><a:double>0</a:double><a:double>0</a:double></Value></Attribute></Attributes><ChildElements/><ElementName>axis</ElementName><required>false</required><XYZAttribute z:Ref="i248"/></URDFElement><URDFElement z:Id="i249" i:type="Limit"><Attributes><Attribute z:Id="i250"><AttributeType>lower</AttributeType><IsRequired>false</IsRequired><Value i:nil="true"/></Attribute><Attribute z:Id="i251"><AttributeType>upper</AttributeType><IsRequired>false</IsRequired><Value i:nil="true"/></Attribute><Attribute z:Id="i252"><AttributeType>effort</AttributeType><IsRequired>true</IsRequired><Value i:nil="true"/></Attribute><Attribute z:Id="i253"><AttributeType>velocity</AttributeType><IsRequired>true</IsRequired><Value i:nil="true"/></Attribute></Attributes><ChildElements/><ElementName>limit</ElementName><required>false</required><EffortAttribute z:Ref="i252"/><LowerAttribute z:Ref="i250"/><UpperAttribute z:Ref="i251"/><VelocityAttribute z:Ref="i253"/></URDFElement><URDFElement z:Id="i254" i:type="Calibration"><Attributes><Attribute z:Id="i255"><AttributeType>rising</AttributeType><IsRequired>false</IsRequired><Value i:nil="true"/></Attribute><Attribute z:Id="i256"><AttributeType>falling</AttributeType><IsRequired>false</IsRequired><Value i:nil="true"/></Attribute></Attributes><ChildElements/><ElementName>calibration</ElementName><required>false</required><FallingAttribute z:Ref="i256"/><RisingAttribute z:Ref="i255"/></URDFElement><URDFElement z:Id="i257" i:type="Dynamics"><Attributes><Attribute z:Id="i258"><AttributeType>damping</AttributeType><IsRequired>false</IsRequired><Value i:nil="true"/></Attribute><Attribute z:Id="i259"><AttributeType>friction</AttributeType><IsRequired>false</IsRequired><Value i:nil="true"/></Attribute></Attributes><ChildElements/><ElementName>dynamics</ElementName><required>false</required><DampingAttribute z:Ref="i258"/><FrictionAttribute z:Ref="i259"/></URDFElement><URDFElement z:Id="i260" i:type="SafetyController"><Attributes><Attribute z:Id="i261"><AttributeType>soft_upper_limit</AttributeType><IsRequired>false</IsRequired><Value i:nil="true"/></Attribute><Attribute z:Id="i262"><AttributeType>soft_lower_limit</AttributeType><IsRequired>false</IsRequired><Value i:nil="true"/></Attribute><Attribute z:Id="i263"><AttributeType>k_position</AttributeType><IsRequired>false</IsRequired><Value i:nil="true"/></Attribute><Attribute z:Id="i264"><AttributeType>k_velocity</AttributeType><IsRequired>true</IsRequired><Value i:nil="true"/></Attribute></Attributes><ChildElements/><ElementName>safety_controller</ElementName><required>false</required><KPositionAttribute z:Ref="i263"/><KVelocityAttribute z:Ref="i264"/><SoftLowerAttribute z:Ref="i262"/><SoftUpperAttribute z:Ref="i261"/></URDFElement><URDFElement z:Id="i265" i:type="Mimic"><Attributes><Attribute z:Id="i266"><AttributeType>joint</AttributeType><IsRequired>true</IsRequired><Value i:nil="true"/></Attribute><Attribute z:Id="i267"><AttributeType>multiplier</AttributeType><IsRequired>false</IsRequired><Value i:nil="true"/></Attribute><Attribute z:Id="i268"><AttributeType>offset</AttributeType><IsRequired>false</IsRequired><Value i:nil="true"/></Attribute></Attributes><ChildElements/><ElementName>mimic</ElementName><required>false</required><JointNameAttribute z:Ref="i266"/><MultiplierAttribute z:Ref="i267"/><OffsetAttribute z:Ref="i268"/></URDFElement></ChildElements><ElementName>joint</ElementName><required>false</required><Axis z:Ref="i247"/><AxisName>Automatically Generate</AxisName><Calibration z:Ref="i254"/><Child z:Ref="i245"/><CoordinateSystemName>Automatically Generate</CoordinateSystemName><Dynamics z:Ref="i257"/><Limit z:Ref="i249"/><Mimic z:Ref="i265"/><NameAttribute z:Ref="i238"/><Origin z:Ref="i240"/><Parent z:Ref="i243"/><Safety z:Ref="i260"/><TypeAttribute z:Ref="i239"/></URDFElement></ChildElements><ElementName>link</ElementName><required>true</required><Children/><Collision z:Ref="i230"/><Inertial z:Ref="i204"/><Joint z:Ref="i237"/><NameAttribute z:Ref="i203"/><Parent z:Ref="i1"/><STLQualityFine>false</STLQualityFine><SWComponentPIDs xmlns:a="http://schemas.microsoft.com/2003/10/Serialization/Arrays"/><SWMainComponentPID i:nil="true"/><Visual z:Ref="i217"/><isFixedFrame>false</isFixedFrame><isIncomplete>false</isIncomplete></Link></Children><Collision z:Ref="i29"/><Inertial z:Ref="i3"/><Joint z:Ref="i36"/><NameAttribute z:Ref="i2"/><Parent i:nil="true"/><STLQualityFine>false</STLQualityFine><SWComponentPIDs xmlns:a="http://schemas.microsoft.com/2003/10/Serialization/Arrays"><a:base64Binary>UEYAAAUAAAD//v8xSwBLAEMAVABQAE0AMwBGADIAMAAuADAAMQAuADEANQBfAN6PpWPVbHBRLQAxAEAASwBLAEMAVABQAE0AMwBGADIAMABFAF8AMgAwAHNeqFIJTgdjS2IoAHp681ghaotXKQAEAAAAEAAAAAEAAAABAAAAZAMAAA==</a:base64Binary><a:base64Binary>UEYAAAUAAAD//v86SwBLAEcAQgBUADcAMAAuADEAIABNADQAWAAxADYAXwCFUW1R0okGV/FnNFm6h4mUIABNADQAWAAxADYALQA5AEAASwBLAEMAVABQAE0AMwBGADIAMABFAF8AMgAwAHNeqFIJTgdjS2IoAHp681ghaotXKQAEAAAAEAAAAAEAAAABAAAAYQQAAA==</a:base64Binary><a:base64Binary>UEYAAAUAAAD//v86SwBLAEcAQgBUADcAMAAuADEAIABNADQAWAAxADYAXwCFUW1R0okGV/FnNFm6h4mUIABNADQAWAAxADYALQA4AEAASwBLAEMAVABQAE0AMwBGADIAMABFAF8AMgAwAHNeqFIJTgdjS2IoAHp681ghaotXKQAEAAAAEAAAAAEAAAABAAAAYAQAAA==</a:base64Binary><a:base64Binary>UEYAAAUAAAD//v86SwBLAEcAQgBUADcAMAAuADEAIABNADQAWAAxADYAXwCFUW1R0okGV/FnNFm6h4mUIABNADQAWAAxADYALQA3AEAASwBLAEMAVABQAE0AMwBGADIAMABFAF8AMgAwAHNeqFIJTgdjS2IoAHp681ghaotXKQAEAAAAEAAAAAEAAAABAAAAXwQAAA==</a:base64Binary><a:base64Binary>UEYAAAUAAAD//v86SwBLAEcAQgBUADcAMAAuADEAIABNADQAWAAxADYAXwCFUW1R0okGV/FnNFm6h4mUIABNADQAWAAxADYALQAxAEAASwBLAEMAVABQAE0AMwBGADIAMABFAF8AMgAwAHNeqFIJTgdjS2IoAHp681ghaotXKQAEAAAAEAAAAAEAAAABAAAAowMAAA==</a:base64Binary><a:base64Binary>UEYAAAUAAAD//v87SwBLAEcAQgBUADcAMAAuADEAIABNADQAWAAxADYAXwCFUW1R0okGV/FnNFm6h4mUIABNADQAWAAxADYALQAxADEAQABLAEsAQwBUAFAATQAzAEYAMgAwAEUAXwAyADAAc16oUglOB2NLYigAenrzWCFqi1cpAAQAAAAQAAAAAQAAAAEAAABjBAAA</a:base64Binary><a:base64Binary>UEYAAAUAAAD//v87SwBLAEcAQgBUADcAMAAuADEAIABNADQAWAAxADYAXwCFUW1R0okGV/FnNFm6h4mUIABNADQAWAAxADYALQAxADAAQABLAEsAQwBUAFAATQAzAEYAMgAwAEUAXwAyADAAc16oUglOB2NLYigAenrzWCFqi1cpAAQAAAAQAAAAAQAAAAEAAABiBAAA</a:base64Binary><a:base64Binary>UEYAAAUAAAD//v8vSwBLAEMAVABQAE0AMwBGADIAMAAuADAAMQAuADAAMwBfABZZ81gtADMAQABLAEsAQwBUAFAATQAzAEYAMgAwAEUAXwAyADAAc16oUglOB2NLYigAenrzWCFqi1cpAAQAAAAQAAAAAQAAAAEAAACYAwAA</a:base64Binary><a:base64Binary>UEYAAAUAAAD//v8vSwBLAEMAVABQAE0AMwBGADIAMAAuADAAMQAuADAANwBfANZ2f2ctADIAQABLAEsAQwBUAFAATQAzAEYAMgAwAEUAXwAyADAAc16oUglOB2NLYigAenrzWCFqi1cpAAQAAAAQAAAAAQAAAAEAAAAHAwAA</a:base64Binary><a:base64Binary>UEYAAAUAAAD//v9eSwBLAEMAVABQAE0AMwBGADIAMAAuADAAMgBfAPR2v378W2iPxH72Ti0AMQA1AEAASwBLAEMAVABQAE0AMwBGADIAMABFAF8AMgAwAHNeqFIJTgdjS2IoAHp681ghaotXKQAvAEsASwBDAFQAUABNADMARgAyADAALgAwADEALgAxADEAXwD8W2iPaI9TkC0AMgBAAEsASwBDAFQAUABNADMARgAyADAALgAwADIAXwD0dr9+/Ftoj8R+9k4EAAAAEAAAAAEAAAACAAAAKQMAABYAAAA=</a:base64Binary><a:base64Binary>UEYAAAUAAAD//v9eSwBLAEMAVABQAE0AMwBGADIAMAAuADAAMgBfAPR2v378W2iPxH72Ti0AMQA0AEAASwBLAEMAVABQAE0AMwBGADIAMABFAF8AMgAwAHNeqFIJTgdjS2IoAHp681ghaotXKQAvAEsASwBDAFQAUABNADMARgAyADAALgAwADEALgAxADEAXwD8W2iPaI9TkC0AMgBAAEsASwBDAFQAUABNADMARgAyADAALgAwADIAXwD0dr9+/Ftoj8R+9k4EAAAAEAAAAAEAAAACAAAAKAMAABYAAAA=</a:base64Binary><a:base64Binary>UEYAAAUAAAD//v8ySwBLAEMAVABQAE0AMwBGADIAMAAuADAAMQAuADAANQBfADV1OmeJW8WIf2ctADMAQABLAEsAQwBUAFAATQAzAEYAMgAwAEUAXwAyADAAc16oUglOB2NLYigAenrzWCFqi1cpAAQAAAAQAAAAAQAAAAEAAABEAwAA</a:base64Binary><a:base64Binary>UEYAAAUAAAD//v9eSwBLAEMAVABQAE0AMwBGADIAMAAuADAAMgBfAPR2v378W2iPxH72Ti0AMQAxAEAASwBLAEMAVABQAE0AMwBGADIAMABFAF8AMgAwAHNeqFIJTgdjS2IoAHp681ghaotXKQAvAEsASwBDAFQAUABNADMARgAyADAALgAwADEALgAxADEAXwD8W2iPaI9TkC0AMgBAAEsASwBDAFQAUABNADMARgAyADAALgAwADIAXwD0dr9+/Ftoj8R+9k4EAAAAEAAAAAEAAAACAAAADAMAABYAAAA=</a:base64Binary><a:base64Binary>UEYAAAUAAAD//v9lSwBLAEMAVABQAE0AMwBGADIAMAAuADAAMgBfAPR2v378W2iPxH72Ti0AMQA0AEAASwBLAEMAVABQAE0AMwBGADIAMABFAF8AMgAwAHNeqFIJTgdjS2IoAHp681ghaotXKQAvAEsASwBHAEIAVAA3ADAALgAxACAATQAzAFgAOABfAIVRbVHSiQZX8Wc0WbqHiZQgAE0AMwBYADgALQAzAEAASwBLAEMAVABQAE0AMwBGADIAMAAuADAAMgBfAPR2v378W2iPxH72TgQAAAAQAAAAAQAAAAIAAAAoAwAANgAAAA==</a:base64Binary><a:base64Binary>UEYAAAUAAAD//v9lSwBLAEMAVABQAE0AMwBGADIAMAAuADAAMgBfAPR2v378W2iPxH72Ti0AMQA0AEAASwBLAEMAVABQAE0AMwBGADIAMABFAF8AMgAwAHNeqFIJTgdjS2IoAHp681ghaotXKQAvAEsASwBHAEIAVAA3ADAALgAxACAATQAzAFgAOABfAIVRbVHSiQZX8Wc0WbqHiZQgAE0AMwBYADgALQAxAEAASwBLAEMAVABQAE0AMwBGADIAMAAuADAAMgBfAPR2v378W2iPxH72TgQAAAAQAAAAAQAAAAIAAAAoAwAAMAAAAA==</a:base64Binary><a:base64Binary>UEYAAAUAAAD//v9lSwBLAEMAVABQAE0AMwBGADIAMAAuADAAMgBfAPR2v378W2iPxH72Ti0AMQA0AEAASwBLAEMAVABQAE0AMwBGADIAMABFAF8AMgAwAHNeqFIJTgdjS2IoAHp681ghaotXKQAvAEsASwBHAEIAVAA3ADAALgAxACAATQAzAFgAOABfAIVRbVHSiQZX8Wc0WbqHiZQgAE0AMwBYADgALQAyAEAASwBLAEMAVABQAE0AMwBGADIAMAAuADAAMgBfAPR2v378W2iPxH72TgQAAAAQAAAAAQAAAAIAAAAoAwAANQAAAA==</a:base64Binary><a:base64Binary>UEYAAAUAAAD//v9lSwBLAEMAVABQAE0AMwBGADIAMAAuADAAMgBfAPR2v378W2iPxH72Ti0AMQA0AEAASwBLAEMAVABQAE0AMwBGADIAMABFAF8AMgAwAHNeqFIJTgdjS2IoAHp681ghaotXKQAvAEsASwBHAEIAVAA3ADAALgAxACAATQAzAFgAOABfAIVRbVHSiQZX8Wc0WbqHiZQgAE0AMwBYADgALQA0AEAASwBLAEMAVABQAE0AMwBGADIAMAAuADAAMgBfAPR2v378W2iPxH72TgQAAAAQAAAAAQAAAAIAAAAoAwAANwAAAA==</a:base64Binary><a:base64Binary>UEYAAAUAAAD//v9lSwBLAEMAVABQAE0AMwBGADIAMAAuADAAMgBfAPR2v378W2iPxH72Ti0AMQAxAEAASwBLAEMAVABQAE0AMwBGADIAMABFAF8AMgAwAHNeqFIJTgdjS2IoAHp681ghaotXKQAvAEsASwBHAEIAVAA3ADAALgAxACAATQAzAFgAOABfAIVRbVHSiQZX8Wc0WbqHiZQgAE0AMwBYADgALQA0AEAASwBLAEMAVABQAE0AMwBGADIAMAAuADAAMgBfAPR2v378W2iPxH72TgQAAAAQAAAAAQAAAAIAAAAMAwAANwAAAA==</a:base64Binary><a:base64Binary>UEYAAAUAAAD//v9lSwBLAEMAVABQAE0AMwBGADIAMAAuADAAMgBfAPR2v378W2iPxH72Ti0AMQAxAEAASwBLAEMAVABQAE0AMwBGADIAMABFAF8AMgAwAHNeqFIJTgdjS2IoAHp681ghaotXKQAvAEsASwBHAEIAVAA3ADAALgAxACAATQAzAFgAOABfAIVRbVHSiQZX8Wc0WbqHiZQgAE0AMwBYADgALQAzAEAASwBLAEMAVABQAE0AMwBGADIAMAAuADAAMgBfAPR2v378W2iPxH72TgQAAAAQAAAAAQAAAAIAAAAMAwAANgAAAA==</a:base64Binary><a:base64Binary>UEYAAAUAAAD//v9lSwBLAEMAVABQAE0AMwBGADIAMAAuADAAMgBfAPR2v378W2iPxH72Ti0AMQAxAEAASwBLAEMAVABQAE0AMwBGADIAMABFAF8AMgAwAHNeqFIJTgdjS2IoAHp681ghaotXKQAvAEsASwBHAEIAVAA3ADAALgAxACAATQAzAFgAOABfAIVRbVHSiQZX8Wc0WbqHiZQgAE0AMwBYADgALQAxAEAASwBLAEMAVABQAE0AMwBGADIAMAAuADAAMgBfAPR2v378W2iPxH72TgQAAAAQAAAAAQAAAAIAAAAMAwAAMAAAAA==</a:base64Binary><a:base64Binary>UEYAAAUAAAD//v9lSwBLAEMAVABQAE0AMwBGADIAMAAuADAAMgBfAPR2v378W2iPxH72Ti0AMQAxAEAASwBLAEMAVABQAE0AMwBGADIAMABFAF8AMgAwAHNeqFIJTgdjS2IoAHp681ghaotXKQAvAEsASwBHAEIAVAA3ADAALgAxACAATQAzAFgAOABfAIVRbVHSiQZX8Wc0WbqHiZQgAE0AMwBYADgALQAyAEAASwBLAEMAVABQAE0AMwBGADIAMAAuADAAMgBfAPR2v378W2iPxH72TgQAAAAQAAAAAQAAAAIAAAAMAwAANQAAAA==</a:base64Binary><a:base64Binary>UEYAAAUAAAD//v9lSwBLAEMAVABQAE0AMwBGADIAMAAuADAAMgBfAPR2v378W2iPxH72Ti0AMQA1AEAASwBLAEMAVABQAE0AMwBGADIAMABFAF8AMgAwAHNeqFIJTgdjS2IoAHp681ghaotXKQAvAEsASwBHAEIAVAA3ADAALgAxACAATQAzAFgAOABfAIVRbVHSiQZX8Wc0WbqHiZQgAE0AMwBYADgALQA0AEAASwBLAEMAVABQAE0AMwBGADIAMAAuADAAMgBfAPR2v378W2iPxH72TgQAAAAQAAAAAQAAAAIAAAApAwAANwAAAA==</a:base64Binary><a:base64Binary>UEYAAAUAAAD//v9lSwBLAEMAVABQAE0AMwBGADIAMAAuADAAMgBfAPR2v378W2iPxH72Ti0AMQA1AEAASwBLAEMAVABQAE0AMwBGADIAMABFAF8AMgAwAHNeqFIJTgdjS2IoAHp681ghaotXKQAvAEsASwBHAEIAVAA3ADAALgAxACAATQAzAFgAOABfAIVRbVHSiQZX8Wc0WbqHiZQgAE0AMwBYADgALQAyAEAASwBLAEMAVABQAE0AMwBGADIAMAAuADAAMgBfAPR2v378W2iPxH72TgQAAAAQAAAAAQAAAAIAAAApAwAANQAAAA==</a:base64Binary><a:base64Binary>UEYAAAUAAAD//v9lSwBLAEMAVABQAE0AMwBGADIAMAAuADAAMgBfAPR2v378W2iPxH72Ti0AMQA1AEAASwBLAEMAVABQAE0AMwBGADIAMABFAF8AMgAwAHNeqFIJTgdjS2IoAHp681ghaotXKQAvAEsASwBHAEIAVAA3ADAALgAxACAATQAzAFgAOABfAIVRbVHSiQZX8Wc0WbqHiZQgAE0AMwBYADgALQAzAEAASwBLAEMAVABQAE0AMwBGADIAMAAuADAAMgBfAPR2v378W2iPxH72TgQAAAAQAAAAAQAAAAIAAAApAwAANgAAAA==</a:base64Binary><a:base64Binary>UEYAAAUAAAD//v9lSwBLAEMAVABQAE0AMwBGADIAMAAuADAAMgBfAPR2v378W2iPxH72Ti0AMQA1AEAASwBLAEMAVABQAE0AMwBGADIAMABFAF8AMgAwAHNeqFIJTgdjS2IoAHp681ghaotXKQAvAEsASwBHAEIAVAA3ADAALgAxACAATQAzAFgAOABfAIVRbVHSiQZX8Wc0WbqHiZQgAE0AMwBYADgALQAxAEAASwBLAEMAVABQAE0AMwBGADIAMAAuADAAMgBfAPR2v378W2iPxH72TgQAAAAQAAAAAQAAAAIAAAApAwAAMAAAAA==</a:base64Binary></SWComponentPIDs><SWMainComponentPID i:nil="true"/><Visual z:Ref="i16"/><isFixedFrame>false</isFixedFrame><isIncomplete>false</isIncomplete></Link>
2026-03-16 16:04:35,269 INFO  LinkNode.cs: 35 - Building node base_link
2026-03-16 16:04:35,270 INFO  LinkNode.cs: 35 - Building node Slide_1_Link
2026-03-16 16:04:35,270 INFO  LinkNode.cs: 35 - Building node Empty_Link
2026-03-16 16:04:35,270 INFO  LinkNode.cs: 35 - Building node Empty_Link
2026-03-16 16:04:35,270 INFO  CommonSwOperations.cs: 221 - Loading SolidWorks components for base_link from C:\Users\shawn\Desktop\CTPM3F20E_20平动三指手可动数模\KKCTPM3F20E_20平动三指手(空壳模型).SLDASM
2026-03-16 16:04:35,271 INFO  CommonSwOperations.cs: 245 - Loading component with PID PF     ???1K K C T P M 3 F 2 0 . 0 1 . 1 5 _ ???c?lpQ- 1 @ K K C T P M 3 F 2 0 E _ 2 0 s^?R	NcKb( zz?X!j?W)             d  
2026-03-16 16:04:35,315 INFO  CommonSwOperations.cs: 254 - Successfully loaded component C:\Users\shawn\Desktop\CTPM3F20E_20平动三指手可动数模\KKCTPM3F20.01.15_连接法兰.SLDPRT
2026-03-16 16:04:35,316 INFO  CommonSwOperations.cs: 245 - Loading component with PID PF     ???:K K G B T 7 0 . 1   M 4 X 1 6 _ ?QmQ??W?g4Y????  M 4 X 1 6 - 9 @ K K C T P M 3 F 2 0 E _ 2 0 s^?R	NcKb( zz?X!j?W)             a  
2026-03-16 16:04:35,316 INFO  CommonSwOperations.cs: 254 - Successfully loaded component C:\Users\shawn\Desktop\CTPM3F20E_20平动三指手可动数模\KKGBT70.1 M4X16_内六角圆柱头螺钉 M4X16.SLDPRT
2026-03-16 16:04:35,316 INFO  CommonSwOperations.cs: 245 - Loading component with PID PF     ???:K K G B T 7 0 . 1   M 4 X 1 6 _ ?QmQ??W?g4Y????  M 4 X 1 6 - 8 @ K K C T P M 3 F 2 0 E _ 2 0 s^?R	NcKb( zz?X!j?W)             `  
2026-03-16 16:04:35,317 INFO  CommonSwOperations.cs: 254 - Successfully loaded component C:\Users\shawn\Desktop\CTPM3F20E_20平动三指手可动数模\KKGBT70.1 M4X16_内六角圆柱头螺钉 M4X16.SLDPRT
2026-03-16 16:04:35,317 INFO  CommonSwOperations.cs: 245 - Loading component with PID PF     ???:K K G B T 7 0 . 1   M 4 X 1 6 _ ?QmQ??W?g4Y????  M 4 X 1 6 - 7 @ K K C T P M 3 F 2 0 E _ 2 0 s^?R	NcKb( zz?X!j?W)             _  
2026-03-16 16:04:35,317 INFO  CommonSwOperations.cs: 254 - Successfully loaded component C:\Users\shawn\Desktop\CTPM3F20E_20平动三指手可动数模\KKGBT70.1 M4X16_内六角圆柱头螺钉 M4X16.SLDPRT
2026-03-16 16:04:35,317 INFO  CommonSwOperations.cs: 245 - Loading component with PID PF     ???:K K G B T 7 0 . 1   M 4 X 1 6 _ ?QmQ??W?g4Y????  M 4 X 1 6 - 1 @ K K C T P M 3 F 2 0 E _ 2 0 s^?R	NcKb( zz?X!j?W)             ?  
2026-03-16 16:04:35,318 INFO  CommonSwOperations.cs: 254 - Successfully loaded component C:\Users\shawn\Desktop\CTPM3F20E_20平动三指手可动数模\KKGBT70.1 M4X16_内六角圆柱头螺钉 M4X16.SLDPRT
2026-03-16 16:04:35,318 INFO  CommonSwOperations.cs: 245 - Loading component with PID PF     ???;K K G B T 7 0 . 1   M 4 X 1 6 _ ?QmQ??W?g4Y????  M 4 X 1 6 - 1 1 @ K K C T P M 3 F 2 0 E _ 2 0 s^?R	NcKb( zz?X!j?W)             c  
2026-03-16 16:04:35,318 INFO  CommonSwOperations.cs: 254 - Successfully loaded component C:\Users\shawn\Desktop\CTPM3F20E_20平动三指手可动数模\KKGBT70.1 M4X16_内六角圆柱头螺钉 M4X16.SLDPRT
2026-03-16 16:04:35,318 INFO  CommonSwOperations.cs: 245 - Loading component with PID PF     ???;K K G B T 7 0 . 1   M 4 X 1 6 _ ?QmQ??W?g4Y????  M 4 X 1 6 - 1 0 @ K K C T P M 3 F 2 0 E _ 2 0 s^?R	NcKb( zz?X!j?W)             b  
2026-03-16 16:04:35,319 INFO  CommonSwOperations.cs: 254 - Successfully loaded component C:\Users\shawn\Desktop\CTPM3F20E_20平动三指手可动数模\KKGBT70.1 M4X16_内六角圆柱头螺钉 M4X16.SLDPRT
2026-03-16 16:04:35,319 INFO  CommonSwOperations.cs: 245 - Loading component with PID PF     ???/K K C T P M 3 F 2 0 . 0 1 . 0 3 _ Y?X- 3 @ K K C T P M 3 F 2 0 E _ 2 0 s^?R	NcKb( zz?X!j?W)             ?  
2026-03-16 16:04:35,319 INFO  CommonSwOperations.cs: 254 - Successfully loaded component C:\Users\shawn\Desktop\CTPM3F20E_20平动三指手可动数模\KKCTPM3F20.01.03_外壳.SLDPRT
2026-03-16 16:04:35,319 INFO  CommonSwOperations.cs: 245 - Loading component with PID PF     ???/K K C T P M 3 F 2 0 . 0 1 . 0 7 _ ?vg- 2 @ K K C T P M 3 F 2 0 E _ 2 0 s^?R	NcKb( zz?X!j?W)               
2026-03-16 16:04:35,319 INFO  CommonSwOperations.cs: 254 - Successfully loaded component C:\Users\shawn\Desktop\CTPM3F20E_20平动三指手可动数模\KKCTPM3F20.01.07_盖板.SLDPRT
2026-03-16 16:04:35,320 INFO  CommonSwOperations.cs: 245 - Loading component with PID PF     ???^K K C T P M 3 F 2 0 . 0 2 _ ?v?~?[h??~?N- 1 5 @ K K C T P M 3 F 2 0 E _ 2 0 s^?R	NcKb( zz?X!j?W) / K K C T P M 3 F 2 0 . 0 1 . 1 1 _ ?[h?h?S?- 2 @ K K C T P M 3 F 2 0 . 0 2 _ ?v?~?[h??~?N            )     
2026-03-16 16:04:35,320 INFO  CommonSwOperations.cs: 254 - Successfully loaded component C:\Users\shawn\Desktop\CTPM3F20E_20平动三指手可动数模\KKCTPM3F20.01.11_导轨轨道.SLDPRT
2026-03-16 16:04:35,320 INFO  CommonSwOperations.cs: 245 - Loading component with PID PF     ???^K K C T P M 3 F 2 0 . 0 2 _ ?v?~?[h??~?N- 1 4 @ K K C T P M 3 F 2 0 E _ 2 0 s^?R	NcKb( zz?X!j?W) / K K C T P M 3 F 2 0 . 0 1 . 1 1 _ ?[h?h?S?- 2 @ K K C T P M 3 F 2 0 . 0 2 _ ?v?~?[h??~?N            (     
2026-03-16 16:04:35,320 INFO  CommonSwOperations.cs: 254 - Successfully loaded component C:\Users\shawn\Desktop\CTPM3F20E_20平动三指手可动数模\KKCTPM3F20.01.11_导轨轨道.SLDPRT
2026-03-16 16:04:35,321 INFO  CommonSwOperations.cs: 245 - Loading component with PID PF     ???2K K C T P M 3 F 2 0 . 0 1 . 0 5 _ 5u:g?[??g- 3 @ K K C T P M 3 F 2 0 E _ 2 0 s^?R	NcKb( zz?X!j?W)             D  
2026-03-16 16:04:35,321 INFO  CommonSwOperations.cs: 254 - Successfully loaded component C:\Users\shawn\Desktop\CTPM3F20E_20平动三指手可动数模\KKCTPM3F20.01.05_电机安装板.SLDPRT
2026-03-16 16:04:35,321 INFO  CommonSwOperations.cs: 245 - Loading component with PID PF     ???^K K C T P M 3 F 2 0 . 0 2 _ ?v?~?[h??~?N- 1 1 @ K K C T P M 3 F 2 0 E _ 2 0 s^?R	NcKb( zz?X!j?W) / K K C T P M 3 F 2 0 . 0 1 . 1 1 _ ?[h?h?S?- 2 @ K K C T P M 3 F 2 0 . 0 2 _ ?v?~?[h??~?N                 
2026-03-16 16:04:35,321 INFO  CommonSwOperations.cs: 254 - Successfully loaded component C:\Users\shawn\Desktop\CTPM3F20E_20平动三指手可动数模\KKCTPM3F20.01.11_导轨轨道.SLDPRT
2026-03-16 16:04:35,321 INFO  CommonSwOperations.cs: 245 - Loading component with PID PF     ???eK K C T P M 3 F 2 0 . 0 2 _ ?v?~?[h??~?N- 1 4 @ K K C T P M 3 F 2 0 E _ 2 0 s^?R	NcKb( zz?X!j?W) / K K G B T 7 0 . 1   M 3 X 8 _ ?QmQ??W?g4Y????  M 3 X 8 - 3 @ K K C T P M 3 F 2 0 . 0 2 _ ?v?~?[h??~?N            (  6   
2026-03-16 16:04:35,321 INFO  CommonSwOperations.cs: 254 - Successfully loaded component C:\Users\shawn\Desktop\CTPM3F20E_20平动三指手可动数模\KKGBT70.1 M3X8_内六角圆柱头螺钉 M3X8.SLDPRT
2026-03-16 16:04:35,321 INFO  CommonSwOperations.cs: 245 - Loading component with PID PF     ???eK K C T P M 3 F 2 0 . 0 2 _ ?v?~?[h??~?N- 1 4 @ K K C T P M 3 F 2 0 E _ 2 0 s^?R	NcKb( zz?X!j?W) / K K G B T 7 0 . 1   M 3 X 8 _ ?QmQ??W?g4Y????  M 3 X 8 - 1 @ K K C T P M 3 F 2 0 . 0 2 _ ?v?~?[h??~?N            (  0   
2026-03-16 16:04:35,321 INFO  CommonSwOperations.cs: 254 - Successfully loaded component C:\Users\shawn\Desktop\CTPM3F20E_20平动三指手可动数模\KKGBT70.1 M3X8_内六角圆柱头螺钉 M3X8.SLDPRT
2026-03-16 16:04:35,321 INFO  CommonSwOperations.cs: 245 - Loading component with PID PF     ???eK K C T P M 3 F 2 0 . 0 2 _ ?v?~?[h??~?N- 1 4 @ K K C T P M 3 F 2 0 E _ 2 0 s^?R	NcKb( zz?X!j?W) / K K G B T 7 0 . 1   M 3 X 8 _ ?QmQ??W?g4Y????  M 3 X 8 - 2 @ K K C T P M 3 F 2 0 . 0 2 _ ?v?~?[h??~?N            (  5   
2026-03-16 16:04:35,323 INFO  CommonSwOperations.cs: 254 - Successfully loaded component C:\Users\shawn\Desktop\CTPM3F20E_20平动三指手可动数模\KKGBT70.1 M3X8_内六角圆柱头螺钉 M3X8.SLDPRT
2026-03-16 16:04:35,323 INFO  CommonSwOperations.cs: 245 - Loading component with PID PF     ???eK K C T P M 3 F 2 0 . 0 2 _ ?v?~?[h??~?N- 1 4 @ K K C T P M 3 F 2 0 E _ 2 0 s^?R	NcKb( zz?X!j?W) / K K G B T 7 0 . 1   M 3 X 8 _ ?QmQ??W?g4Y????  M 3 X 8 - 4 @ K K C T P M 3 F 2 0 . 0 2 _ ?v?~?[h??~?N            (  7   
2026-03-16 16:04:35,323 INFO  CommonSwOperations.cs: 254 - Successfully loaded component C:\Users\shawn\Desktop\CTPM3F20E_20平动三指手可动数模\KKGBT70.1 M3X8_内六角圆柱头螺钉 M3X8.SLDPRT
2026-03-16 16:04:35,323 INFO  CommonSwOperations.cs: 245 - Loading component with PID PF     ???eK K C T P M 3 F 2 0 . 0 2 _ ?v?~?[h??~?N- 1 1 @ K K C T P M 3 F 2 0 E _ 2 0 s^?R	NcKb( zz?X!j?W) / K K G B T 7 0 . 1   M 3 X 8 _ ?QmQ??W?g4Y????  M 3 X 8 - 4 @ K K C T P M 3 F 2 0 . 0 2 _ ?v?~?[h??~?N              7   
2026-03-16 16:04:35,323 INFO  CommonSwOperations.cs: 254 - Successfully loaded component C:\Users\shawn\Desktop\CTPM3F20E_20平动三指手可动数模\KKGBT70.1 M3X8_内六角圆柱头螺钉 M3X8.SLDPRT
2026-03-16 16:04:35,324 INFO  CommonSwOperations.cs: 245 - Loading component with PID PF     ???eK K C T P M 3 F 2 0 . 0 2 _ ?v?~?[h??~?N- 1 1 @ K K C T P M 3 F 2 0 E _ 2 0 s^?R	NcKb( zz?X!j?W) / K K G B T 7 0 . 1   M 3 X 8 _ ?QmQ??W?g4Y????  M 3 X 8 - 3 @ K K C T P M 3 F 2 0 . 0 2 _ ?v?~?[h??~?N              6   
2026-03-16 16:04:35,324 INFO  CommonSwOperations.cs: 254 - Successfully loaded component C:\Users\shawn\Desktop\CTPM3F20E_20平动三指手可动数模\KKGBT70.1 M3X8_内六角圆柱头螺钉 M3X8.SLDPRT
2026-03-16 16:04:35,325 INFO  CommonSwOperations.cs: 245 - Loading component with PID PF     ???eK K C T P M 3 F 2 0 . 0 2 _ ?v?~?[h??~?N- 1 1 @ K K C T P M 3 F 2 0 E _ 2 0 s^?R	NcKb( zz?X!j?W) / K K G B T 7 0 . 1   M 3 X 8 _ ?QmQ??W?g4Y????  M 3 X 8 - 1 @ K K C T P M 3 F 2 0 . 0 2 _ ?v?~?[h??~?N              0   
2026-03-16 16:04:35,325 INFO  CommonSwOperations.cs: 254 - Successfully loaded component C:\Users\shawn\Desktop\CTPM3F20E_20平动三指手可动数模\KKGBT70.1 M3X8_内六角圆柱头螺钉 M3X8.SLDPRT
2026-03-16 16:04:35,325 INFO  CommonSwOperations.cs: 245 - Loading component with PID PF     ???eK K C T P M 3 F 2 0 . 0 2 _ ?v?~?[h??~?N- 1 1 @ K K C T P M 3 F 2 0 E _ 2 0 s^?R	NcKb( zz?X!j?W) / K K G B T 7 0 . 1   M 3 X 8 _ ?QmQ??W?g4Y????  M 3 X 8 - 2 @ K K C T P M 3 F 2 0 . 0 2 _ ?v?~?[h??~?N              5   
2026-03-16 16:04:35,325 INFO  CommonSwOperations.cs: 254 - Successfully loaded component C:\Users\shawn\Desktop\CTPM3F20E_20平动三指手可动数模\KKGBT70.1 M3X8_内六角圆柱头螺钉 M3X8.SLDPRT
2026-03-16 16:04:35,326 INFO  CommonSwOperations.cs: 245 - Loading component with PID PF     ???eK K C T P M 3 F 2 0 . 0 2 _ ?v?~?[h??~?N- 1 5 @ K K C T P M 3 F 2 0 E _ 2 0 s^?R	NcKb( zz?X!j?W) / K K G B T 7 0 . 1   M 3 X 8 _ ?QmQ??W?g4Y????  M 3 X 8 - 4 @ K K C T P M 3 F 2 0 . 0 2 _ ?v?~?[h??~?N            )  7   
2026-03-16 16:04:35,326 INFO  CommonSwOperations.cs: 254 - Successfully loaded component C:\Users\shawn\Desktop\CTPM3F20E_20平动三指手可动数模\KKGBT70.1 M3X8_内六角圆柱头螺钉 M3X8.SLDPRT
2026-03-16 16:04:35,326 INFO  CommonSwOperations.cs: 245 - Loading component with PID PF     ???eK K C T P M 3 F 2 0 . 0 2 _ ?v?~?[h??~?N- 1 5 @ K K C T P M 3 F 2 0 E _ 2 0 s^?R	NcKb( zz?X!j?W) / K K G B T 7 0 . 1   M 3 X 8 _ ?QmQ??W?g4Y????  M 3 X 8 - 2 @ K K C T P M 3 F 2 0 . 0 2 _ ?v?~?[h??~?N            )  5   
2026-03-16 16:04:35,326 INFO  CommonSwOperations.cs: 254 - Successfully loaded component C:\Users\shawn\Desktop\CTPM3F20E_20平动三指手可动数模\KKGBT70.1 M3X8_内六角圆柱头螺钉 M3X8.SLDPRT
2026-03-16 16:04:35,327 INFO  CommonSwOperations.cs: 245 - Loading component with PID PF     ???eK K C T P M 3 F 2 0 . 0 2 _ ?v?~?[h??~?N- 1 5 @ K K C T P M 3 F 2 0 E _ 2 0 s^?R	NcKb( zz?X!j?W) / K K G B T 7 0 . 1   M 3 X 8 _ ?QmQ??W?g4Y????  M 3 X 8 - 3 @ K K C T P M 3 F 2 0 . 0 2 _ ?v?~?[h??~?N            )  6   
2026-03-16 16:04:35,327 INFO  CommonSwOperations.cs: 254 - Successfully loaded component C:\Users\shawn\Desktop\CTPM3F20E_20平动三指手可动数模\KKGBT70.1 M3X8_内六角圆柱头螺钉 M3X8.SLDPRT
2026-03-16 16:04:35,327 INFO  CommonSwOperations.cs: 245 - Loading component with PID PF     ???eK K C T P M 3 F 2 0 . 0 2 _ ?v?~?[h??~?N- 1 5 @ K K C T P M 3 F 2 0 E _ 2 0 s^?R	NcKb( zz?X!j?W) / K K G B T 7 0 . 1   M 3 X 8 _ ?QmQ??W?g4Y????  M 3 X 8 - 1 @ K K C T P M 3 F 2 0 . 0 2 _ ?v?~?[h??~?N            )  0   
2026-03-16 16:04:35,327 INFO  CommonSwOperations.cs: 254 - Successfully loaded component C:\Users\shawn\Desktop\CTPM3F20E_20平动三指手可动数模\KKGBT70.1 M3X8_内六角圆柱头螺钉 M3X8.SLDPRT
2026-03-16 16:04:35,327 INFO  CommonSwOperations.cs: 230 - Loaded 25 components for link base_link
2026-03-16 16:04:35,327 INFO  CommonSwOperations.cs: 221 - Loading SolidWorks components for Slide_1_Link from C:\Users\shawn\Desktop\CTPM3F20E_20平动三指手可动数模\KKCTPM3F20E_20平动三指手(空壳模型).SLDASM
2026-03-16 16:04:35,328 INFO  CommonSwOperations.cs: 245 - Loading component with PID PF     ????K K C T P M 3 F 2 0 . 0 2 _ ?v?~?[h??~?N- 1 4 @ K K C T P M 3 F 2 0 E _ 2 0 s^?R	NcKb( zz?X!j?W) / K K C T P 3 M 2 0 . 0 2 . . 0 2 _ ?nWW?~?N- 1 @ K K C T P M 3 F 2 0 . 0 2 _ ?v?~?[h??~?N/ K K C T P M 3 F 2 0 . 0 2 . 0 2 . 0 1 _ ?n?s?[h??nWW- 1 @ K K C T P 3 M 2 0 . 0 2 . . 0 2 _ ?nWW?~?N            (     B   
2026-03-16 16:04:35,328 INFO  CommonSwOperations.cs: 254 - Successfully loaded component C:\Users\shawn\Desktop\CTPM3F20E_20平动三指手可动数模\KKCTPM3F20.02.02.01_滚珠导轨滑块.SLDPRT
2026-03-16 16:04:35,328 INFO  CommonSwOperations.cs: 245 - Loading component with PID PF     ????K K C T P M 3 F 2 0 . 0 2 _ ?v?~?[h??~?N- 1 4 @ K K C T P M 3 F 2 0 E _ 2 0 s^?R	NcKb( zz?X!j?W) / K K C T P 3 M 2 0 . 0 2 . . 0 2 _ ?nWW?~?N- 1 @ K K C T P M 3 F 2 0 . 0 2 _ ?v?~?[h??~?N/ K K C T P M 3 F 2 0 . 0 2 . 0 2 . 0 2 _ ?[h??nWW!cg- 4 @ K K C T P 3 M 2 0 . 0 2 . . 0 2 _ ?nWW?~?N            (     D   
2026-03-16 16:04:35,329 INFO  CommonSwOperations.cs: 254 - Successfully loaded component C:\Users\shawn\Desktop\CTPM3F20E_20平动三指手可动数模\KKCTPM3F20.02.02.02_导轨滑块挡板.SLDPRT
2026-03-16 16:04:35,329 INFO  CommonSwOperations.cs: 245 - Loading component with PID PF     ????K K C T P M 3 F 2 0 . 0 2 _ ?v?~?[h??~?N- 1 4 @ K K C T P M 3 F 2 0 E _ 2 0 s^?R	NcKb( zz?X!j?W) / K K C T P 3 M 2 0 . 0 2 . . 0 2 _ ?nWW?~?N- 1 @ K K C T P M 3 F 2 0 . 0 2 _ ?v?~?[h??~?N/ K K C T P M 3 F 2 0 . 0 2 . 0 2 . 0 2 _ ?[h??nWW!cg- 3 @ K K C T P 3 M 2 0 . 0 2 . . 0 2 _ ?nWW?~?N            (     C   
2026-03-16 16:04:35,329 INFO  CommonSwOperations.cs: 254 - Successfully loaded component C:\Users\shawn\Desktop\CTPM3F20E_20平动三指手可动数模\KKCTPM3F20.02.02.02_导轨滑块挡板.SLDPRT
2026-03-16 16:04:35,329 INFO  CommonSwOperations.cs: 245 - Loading component with PID PF     ????K K C T P M 3 F 2 0 . 0 2 _ ?v?~?[h??~?N- 1 4 @ K K C T P M 3 F 2 0 E _ 2 0 s^?R	NcKb( zz?X!j?W) / K K C T P 3 M 2 0 . 0 2 . . 0 2 _ ?nWW?~?N- 1 @ K K C T P M 3 F 2 0 . 0 2 _ ?v?~?[h??~?N/ K K G B T 8 1 9 . 1   M 2 X 4 _ ASW[?i?l4Y????  M 2 X 4 - 7 @ K K C T P 3 M 2 0 . 0 2 . . 0 2 _ ?nWW?~?N            (     j   
2026-03-16 16:04:35,330 INFO  CommonSwOperations.cs: 254 - Successfully loaded component C:\Users\shawn\Desktop\CTPM3F20E_20平动三指手可动数模\KKGBT819.1 M2X4_十字槽沉头螺钉 M2X4.SLDPRT
2026-03-16 16:04:35,330 INFO  CommonSwOperations.cs: 245 - Loading component with PID PF     ????K K C T P M 3 F 2 0 . 0 2 _ ?v?~?[h??~?N- 1 4 @ K K C T P M 3 F 2 0 E _ 2 0 s^?R	NcKb( zz?X!j?W) / K K C T P 3 M 2 0 . 0 2 . . 0 2 _ ?nWW?~?N- 1 @ K K C T P M 3 F 2 0 . 0 2 _ ?v?~?[h??~?N/ K K G B T 8 1 9 . 1   M 2 X 4 _ ASW[?i?l4Y????  M 2 X 4 - 6 @ K K C T P 3 M 2 0 . 0 2 . . 0 2 _ ?nWW?~?N            (     k   
2026-03-16 16:04:35,330 INFO  CommonSwOperations.cs: 254 - Successfully loaded component C:\Users\shawn\Desktop\CTPM3F20E_20平动三指手可动数模\KKGBT819.1 M2X4_十字槽沉头螺钉 M2X4.SLDPRT
2026-03-16 16:04:35,330 INFO  CommonSwOperations.cs: 245 - Loading component with PID PF     ????K K C T P M 3 F 2 0 . 0 2 _ ?v?~?[h??~?N- 1 4 @ K K C T P M 3 F 2 0 E _ 2 0 s^?R	NcKb( zz?X!j?W) / K K C T P 3 M 2 0 . 0 2 . . 0 2 _ ?nWW?~?N- 1 @ K K C T P M 3 F 2 0 . 0 2 _ ?v?~?[h??~?N/ K K G B T 8 1 9 . 1   M 2 X 4 _ ASW[?i?l4Y????  M 2 X 4 - 2 @ K K C T P 3 M 2 0 . 0 2 . . 0 2 _ ?nWW?~?N            (     a   
2026-03-16 16:04:35,331 INFO  CommonSwOperations.cs: 254 - Successfully loaded component C:\Users\shawn\Desktop\CTPM3F20E_20平动三指手可动数模\KKGBT819.1 M2X4_十字槽沉头螺钉 M2X4.SLDPRT
2026-03-16 16:04:35,331 INFO  CommonSwOperations.cs: 245 - Loading component with PID PF     ????K K C T P M 3 F 2 0 . 0 2 _ ?v?~?[h??~?N- 1 4 @ K K C T P M 3 F 2 0 E _ 2 0 s^?R	NcKb( zz?X!j?W) / K K C T P 3 M 2 0 . 0 2 . . 0 2 _ ?nWW?~?N- 1 @ K K C T P M 3 F 2 0 . 0 2 _ ?v?~?[h??~?N/ K K G B T 8 1 9 . 1   M 2 X 4 _ ASW[?i?l4Y????  M 2 X 4 - 4 @ K K C T P 3 M 2 0 . 0 2 . . 0 2 _ ?nWW?~?N            (     h   
2026-03-16 16:04:35,331 INFO  CommonSwOperations.cs: 254 - Successfully loaded component C:\Users\shawn\Desktop\CTPM3F20E_20平动三指手可动数模\KKGBT819.1 M2X4_十字槽沉头螺钉 M2X4.SLDPRT
2026-03-16 16:04:35,331 INFO  CommonSwOperations.cs: 230 - Loaded 7 components for link Slide_1_Link
2026-03-16 16:04:35,332 INFO  CommonSwOperations.cs: 221 - Loading SolidWorks components for Empty_Link from C:\Users\shawn\Desktop\CTPM3F20E_20平动三指手可动数模\KKCTPM3F20E_20平动三指手(空壳模型).SLDASM
2026-03-16 16:04:35,332 INFO  CommonSwOperations.cs: 230 - Loaded 0 components for link Empty_Link
2026-03-16 16:04:35,332 INFO  CommonSwOperations.cs: 221 - Loading SolidWorks components for Empty_Link from C:\Users\shawn\Desktop\CTPM3F20E_20平动三指手可动数模\KKCTPM3F20E_20平动三指手(空壳模型).SLDASM
2026-03-16 16:04:35,332 INFO  CommonSwOperations.cs: 230 - Loaded 0 components for link Empty_Link
2026-03-16 16:04:35,639 INFO  SwAddin.cs: 344 - Showing property manager
2026-03-16 16:05:32,348 INFO  ExportPropertyManager.cs: 1018 - OnComboboxSelectionChanged called. This method no longer throws an Exception. It just silently does nothing. Ok, except for this logging message
2026-03-16 16:05:34,758 INFO  ExportPropertyManager.cs: 422 - Configuration saved
2026-03-16 16:05:34,760 INFO  ConfigurationSerialization.cs: 276 - URDF Configuration found
<Link z:Id="i1" xmlns="http://schemas.datacontract.org/2004/07/SW2URDF" xmlns:i="http://www.w3.org/2001/XMLSchema-instance" xmlns:z="http://schemas.microsoft.com/2003/10/Serialization/"><Attributes><Attribute z:Id="i2"><AttributeType>name</AttributeType><IsRequired>true</IsRequired><Value i:type="a:string" xmlns:a="http://www.w3.org/2001/XMLSchema">base_link</Value></Attribute></Attributes><ChildElements><URDFElement z:Id="i3" i:type="Inertial"><Attributes/><ChildElements><URDFElement z:Id="i4" i:type="Origin"><Attributes><Attribute z:Id="i5"><AttributeType>xyz</AttributeType><IsRequired>true</IsRequired><Value i:type="a:ArrayOfdouble" xmlns:a="http://schemas.microsoft.com/2003/10/Serialization/Arrays"><a:double>0</a:double><a:double>0</a:double><a:double>0</a:double></Value></Attribute><Attribute z:Id="i6"><AttributeType>rpy</AttributeType><IsRequired>true</IsRequired><Value i:type="a:ArrayOfdouble" xmlns:a="http://schemas.microsoft.com/2003/10/Serialization/Arrays"><a:double>0</a:double><a:double>0</a:double><a:double>0</a:double></Value></Attribute></Attributes><ChildElements/><ElementName>origin</ElementName><required>false</required><RPYAttribute z:Ref="i6"/><XYZAttribute z:Ref="i5"/><isCustomized>false</isCustomized></URDFElement><URDFElement z:Id="i7" i:type="Mass"><Attributes><Attribute z:Id="i8"><AttributeType>value</AttributeType><IsRequired>true</IsRequired><Value i:type="a:double" xmlns:a="http://www.w3.org/2001/XMLSchema">0</Value></Attribute></Attributes><ChildElements/><ElementName>mass</ElementName><required>false</required><ValueAttribute z:Ref="i8"/></URDFElement><URDFElement z:Id="i9" i:type="Inertia"><Attributes><Attribute z:Id="i10"><AttributeType>ixx</AttributeType><IsRequired>true</IsRequired><Value i:type="a:double" xmlns:a="http://www.w3.org/2001/XMLSchema">0</Value></Attribute><Attribute z:Id="i11"><AttributeType>ixy</AttributeType><IsRequired>true</IsRequired><Value i:type="a:double" xmlns:a="http://www.w3.org/2001/XMLSchema">0</Value></Attribute><Attribute z:Id="i12"><AttributeType>ixz</AttributeType><IsRequired>true</IsRequired><Value i:type="a:double" xmlns:a="http://www.w3.org/2001/XMLSchema">0</Value></Attribute><Attribute z:Id="i13"><AttributeType>iyy</AttributeType><IsRequired>true</IsRequired><Value i:type="a:double" xmlns:a="http://www.w3.org/2001/XMLSchema">0</Value></Attribute><Attribute z:Id="i14"><AttributeType>iyz</AttributeType><IsRequired>true</IsRequired><Value i:type="a:double" xmlns:a="http://www.w3.org/2001/XMLSchema">0</Value></Attribute><Attribute z:Id="i15"><AttributeType>izz</AttributeType><IsRequired>true</IsRequired><Value i:type="a:double" xmlns:a="http://www.w3.org/2001/XMLSchema">0</Value></Attribute></Attributes><ChildElements/><ElementName>inertia</ElementName><required>false</required><IxxAttribute z:Ref="i10"/><IxyAttribute z:Ref="i11"/><IxzAttribute z:Ref="i12"/><IyyAttribute z:Ref="i13"/><IyzAttribute z:Ref="i14"/><IzzAttribute z:Ref="i15"/></URDFElement></ChildElements><ElementName>inertial</ElementName><required>false</required><Inertia z:Ref="i9"/><Mass z:Ref="i7"/><Origin z:Ref="i4"/></URDFElement><URDFElement z:Id="i16" i:type="Visual"><Attributes/><ChildElements><URDFElement z:Id="i17" i:type="Origin"><Attributes><Attribute z:Id="i18"><AttributeType>xyz</AttributeType><IsRequired>true</IsRequired><Value i:type="a:ArrayOfdouble" xmlns:a="http://schemas.microsoft.com/2003/10/Serialization/Arrays"><a:double>0</a:double><a:double>0</a:double><a:double>0</a:double></Value></Attribute><Attribute z:Id="i19"><AttributeType>rpy</AttributeType><IsRequired>true</IsRequired><Value i:type="a:ArrayOfdouble" xmlns:a="http://schemas.microsoft.com/2003/10/Serialization/Arrays"><a:double>0</a:double><a:double>0</a:double><a:double>0</a:double></Value></Attribute></Attributes><ChildElements/><ElementName>origin</ElementName><required>false</required><RPYAttribute z:Ref="i19"/><XYZAttribute z:Ref="i18"/><isCustomized>false</isCustomized></URDFElement><URDFElement z:Id="i20" i:type="Geometry"><Attributes/><ChildElements><URDFElement z:Id="i21" i:type="Mesh"><Attributes><Attribute z:Id="i22"><AttributeType>filename</AttributeType><IsRequired>true</IsRequired><Value i:nil="true"/></Attribute></Attributes><ChildElements/><ElementName>mesh</ElementName><required>false</required><FilenameAttribute z:Ref="i22"/></URDFElement></ChildElements><ElementName>geometry</ElementName><required>true</required><Mesh z:Ref="i21"/></URDFElement><URDFElement z:Id="i23" i:type="Material"><Attributes><Attribute z:Id="i24"><AttributeType>name</AttributeType><IsRequired>true</IsRequired><Value i:type="a:string" xmlns:a="http://www.w3.org/2001/XMLSchema"/></Attribute></Attributes><ChildElements><URDFElement z:Id="i25" i:type="Color"><Attributes><Attribute z:Id="i26"><AttributeType>rgba</AttributeType><IsRequired>true</IsRequired><Value i:type="a:ArrayOfdouble" xmlns:a="http://schemas.microsoft.com/2003/10/Serialization/Arrays"><a:double>1</a:double><a:double>1</a:double><a:double>1</a:double><a:double>1</a:double></Value></Attribute></Attributes><ChildElements/><ElementName>color</ElementName><required>false</required><RGBAAttribute z:Ref="i26"/></URDFElement><URDFElement z:Id="i27" i:type="Texture"><Attributes><Attribute z:Id="i28"><AttributeType>filename</AttributeType><IsRequired>true</IsRequired><Value i:nil="true"/></Attribute></Attributes><ChildElements/><ElementName>texture</ElementName><required>false</required><FilenameAttribute z:Ref="i28"/><wFilename/></URDFElement></ChildElements><ElementName>material</ElementName><required>false</required><Color z:Ref="i25"/><NameAttribute z:Ref="i24"/><Texture z:Ref="i27"/></URDFElement></ChildElements><ElementName>visual</ElementName><required>false</required><Geometry z:Ref="i20"/><Material z:Ref="i23"/><Origin z:Ref="i17"/></URDFElement><URDFElement z:Id="i29" i:type="Collision"><Attributes/><ChildElements><URDFElement z:Id="i30" i:type="Origin"><Attributes><Attribute z:Id="i31"><AttributeType>xyz</AttributeType><IsRequired>true</IsRequired><Value i:type="a:ArrayOfdouble" xmlns:a="http://schemas.microsoft.com/2003/10/Serialization/Arrays"><a:double>0</a:double><a:double>0</a:double><a:double>0</a:double></Value></Attribute><Attribute z:Id="i32"><AttributeType>rpy</AttributeType><IsRequired>true</IsRequired><Value i:type="a:ArrayOfdouble" xmlns:a="http://schemas.microsoft.com/2003/10/Serialization/Arrays"><a:double>0</a:double><a:double>0</a:double><a:double>0</a:double></Value></Attribute></Attributes><ChildElements/><ElementName>origin</ElementName><required>false</required><RPYAttribute z:Ref="i32"/><XYZAttribute z:Ref="i31"/><isCustomized>false</isCustomized></URDFElement><URDFElement z:Id="i33" i:type="Geometry"><Attributes/><ChildElements><URDFElement z:Id="i34" i:type="Mesh"><Attributes><Attribute z:Id="i35"><AttributeType>filename</AttributeType><IsRequired>true</IsRequired><Value i:nil="true"/></Attribute></Attributes><ChildElements/><ElementName>mesh</ElementName><required>false</required><FilenameAttribute z:Ref="i35"/></URDFElement></ChildElements><ElementName>geometry</ElementName><required>true</required><Mesh z:Ref="i34"/></URDFElement></ChildElements><ElementName>collision</ElementName><required>false</required><Geometry z:Ref="i33"/><Origin z:Ref="i30"/></URDFElement><URDFElement z:Id="i36" i:type="Joint"><Attributes><Attribute z:Id="i37"><AttributeType>name</AttributeType><IsRequired>true</IsRequired><Value i:type="a:string" xmlns:a="http://www.w3.org/2001/XMLSchema"/></Attribute><Attribute z:Id="i38"><AttributeType>type</AttributeType><IsRequired>true</IsRequired><Value i:type="a:string" xmlns:a="http://www.w3.org/2001/XMLSchema"/></Attribute></Attributes><ChildElements><URDFElement z:Id="i39" i:type="Origin"><Attributes><Attribute z:Id="i40"><AttributeType>xyz</AttributeType><IsRequired>true</IsRequired><Value i:type="a:ArrayOfdouble" xmlns:a="http://schemas.microsoft.com/2003/10/Serialization/Arrays"><a:double>0</a:double><a:double>0</a:double><a:double>0</a:double></Value></Attribute><Attribute z:Id="i41"><AttributeType>rpy</AttributeType><IsRequired>true</IsRequired><Value i:type="a:ArrayOfdouble" xmlns:a="http://schemas.microsoft.com/2003/10/Serialization/Arrays"><a:double>0</a:double><a:double>0</a:double><a:double>0</a:double></Value></Attribute></Attributes><ChildElements/><ElementName>origin</ElementName><required>false</required><RPYAttribute z:Ref="i41"/><XYZAttribute z:Ref="i40"/><isCustomized>false</isCustomized></URDFElement><URDFElement z:Id="i42" i:type="ParentLink"><Attributes><Attribute z:Id="i43"><AttributeType>link</AttributeType><IsRequired>true</IsRequired><Value i:type="a:string" xmlns:a="http://www.w3.org/2001/XMLSchema"/></Attribute></Attributes><ChildElements/><ElementName>parent</ElementName><required>true</required><NameAttribute z:Ref="i43"/></URDFElement><URDFElement z:Id="i44" i:type="ChildLink"><Attributes><Attribute z:Id="i45"><AttributeType>link</AttributeType><IsRequired>true</IsRequired><Value i:type="a:string" xmlns:a="http://www.w3.org/2001/XMLSchema"/></Attribute></Attributes><ChildElements/><ElementName>child</ElementName><required>true</required><NameAttribute z:Ref="i45"/></URDFElement><URDFElement z:Id="i46" i:type="Axis"><Attributes><Attribute z:Id="i47"><AttributeType>xyz</AttributeType><IsRequired>true</IsRequired><Value i:type="a:ArrayOfdouble" xmlns:a="http://schemas.microsoft.com/2003/10/Serialization/Arrays"><a:double>0</a:double><a:double>0</a:double><a:double>0</a:double></Value></Attribute></Attributes><ChildElements/><ElementName>axis</ElementName><required>false</required><XYZAttribute z:Ref="i47"/></URDFElement><URDFElement z:Id="i48" i:type="Limit"><Attributes><Attribute z:Id="i49"><AttributeType>lower</AttributeType><IsRequired>false</IsRequired><Value i:nil="true"/></Attribute><Attribute z:Id="i50"><AttributeType>upper</AttributeType><IsRequired>false</IsRequired><Value i:nil="true"/></Attribute><Attribute z:Id="i51"><AttributeType>effort</AttributeType><IsRequired>true</IsRequired><Value i:nil="true"/></Attribute><Attribute z:Id="i52"><AttributeType>velocity</AttributeType><IsRequired>true</IsRequired><Value i:nil="true"/></Attribute></Attributes><ChildElements/><ElementName>limit</ElementName><required>false</required><EffortAttribute z:Ref="i51"/><LowerAttribute z:Ref="i49"/><UpperAttribute z:Ref="i50"/><VelocityAttribute z:Ref="i52"/></URDFElement><URDFElement z:Id="i53" i:type="Calibration"><Attributes><Attribute z:Id="i54"><AttributeType>rising</AttributeType><IsRequired>false</IsRequired><Value i:nil="true"/></Attribute><Attribute z:Id="i55"><AttributeType>falling</AttributeType><IsRequired>false</IsRequired><Value i:nil="true"/></Attribute></Attributes><ChildElements/><ElementName>calibration</ElementName><required>false</required><FallingAttribute z:Ref="i55"/><RisingAttribute z:Ref="i54"/></URDFElement><URDFElement z:Id="i56" i:type="Dynamics"><Attributes><Attribute z:Id="i57"><AttributeType>damping</AttributeType><IsRequired>false</IsRequired><Value i:nil="true"/></Attribute><Attribute z:Id="i58"><AttributeType>friction</AttributeType><IsRequired>false</IsRequired><Value i:nil="true"/></Attribute></Attributes><ChildElements/><ElementName>dynamics</ElementName><required>false</required><DampingAttribute z:Ref="i57"/><FrictionAttribute z:Ref="i58"/></URDFElement><URDFElement z:Id="i59" i:type="SafetyController"><Attributes><Attribute z:Id="i60"><AttributeType>soft_upper_limit</AttributeType><IsRequired>false</IsRequired><Value i:nil="true"/></Attribute><Attribute z:Id="i61"><AttributeType>soft_lower_limit</AttributeType><IsRequired>false</IsRequired><Value i:nil="true"/></Attribute><Attribute z:Id="i62"><AttributeType>k_position</AttributeType><IsRequired>false</IsRequired><Value i:nil="true"/></Attribute><Attribute z:Id="i63"><AttributeType>k_velocity</AttributeType><IsRequired>true</IsRequired><Value i:nil="true"/></Attribute></Attributes><ChildElements/><ElementName>safety_controller</ElementName><required>false</required><KPositionAttribute z:Ref="i62"/><KVelocityAttribute z:Ref="i63"/><SoftLowerAttribute z:Ref="i61"/><SoftUpperAttribute z:Ref="i60"/></URDFElement><URDFElement z:Id="i64" i:type="Mimic"><Attributes><Attribute z:Id="i65"><AttributeType>joint</AttributeType><IsRequired>true</IsRequired><Value i:nil="true"/></Attribute><Attribute z:Id="i66"><AttributeType>multiplier</AttributeType><IsRequired>false</IsRequired><Value i:nil="true"/></Attribute><Attribute z:Id="i67"><AttributeType>offset</AttributeType><IsRequired>false</IsRequired><Value i:nil="true"/></Attribute></Attributes><ChildElements/><ElementName>mimic</ElementName><required>false</required><JointNameAttribute z:Ref="i65"/><MultiplierAttribute z:Ref="i66"/><OffsetAttribute z:Ref="i67"/></URDFElement></ChildElements><ElementName>joint</ElementName><required>false</required><Axis z:Ref="i46"/><AxisName/><Calibration z:Ref="i53"/><Child z:Ref="i44"/><CoordinateSystemName>Automatically Generate</CoordinateSystemName><Dynamics z:Ref="i56"/><Limit z:Ref="i48"/><Mimic z:Ref="i64"/><NameAttribute z:Ref="i37"/><Origin z:Ref="i39"/><Parent z:Ref="i42"/><Safety z:Ref="i59"/><TypeAttribute z:Ref="i38"/></URDFElement></ChildElements><ElementName>link</ElementName><required>true</required><Children><Link z:Id="i68"><Attributes><Attribute z:Id="i69"><AttributeType>name</AttributeType><IsRequired>true</IsRequired><Value i:type="a:string" xmlns:a="http://www.w3.org/2001/XMLSchema">Slide_1_Link</Value></Attribute></Attributes><ChildElements><URDFElement z:Id="i70" i:type="Inertial"><Attributes/><ChildElements><URDFElement z:Id="i71" i:type="Origin"><Attributes><Attribute z:Id="i72"><AttributeType>xyz</AttributeType><IsRequired>true</IsRequired><Value i:type="a:ArrayOfdouble" xmlns:a="http://schemas.microsoft.com/2003/10/Serialization/Arrays"><a:double>0</a:double><a:double>0</a:double><a:double>0</a:double></Value></Attribute><Attribute z:Id="i73"><AttributeType>rpy</AttributeType><IsRequired>true</IsRequired><Value i:type="a:ArrayOfdouble" xmlns:a="http://schemas.microsoft.com/2003/10/Serialization/Arrays"><a:double>0</a:double><a:double>0</a:double><a:double>0</a:double></Value></Attribute></Attributes><ChildElements/><ElementName>origin</ElementName><required>false</required><RPYAttribute z:Ref="i73"/><XYZAttribute z:Ref="i72"/><isCustomized>false</isCustomized></URDFElement><URDFElement z:Id="i74" i:type="Mass"><Attributes><Attribute z:Id="i75"><AttributeType>value</AttributeType><IsRequired>true</IsRequired><Value i:type="a:double" xmlns:a="http://www.w3.org/2001/XMLSchema">0</Value></Attribute></Attributes><ChildElements/><ElementName>mass</ElementName><required>false</required><ValueAttribute z:Ref="i75"/></URDFElement><URDFElement z:Id="i76" i:type="Inertia"><Attributes><Attribute z:Id="i77"><AttributeType>ixx</AttributeType><IsRequired>true</IsRequired><Value i:type="a:double" xmlns:a="http://www.w3.org/2001/XMLSchema">0</Value></Attribute><Attribute z:Id="i78"><AttributeType>ixy</AttributeType><IsRequired>true</IsRequired><Value i:type="a:double" xmlns:a="http://www.w3.org/2001/XMLSchema">0</Value></Attribute><Attribute z:Id="i79"><AttributeType>ixz</AttributeType><IsRequired>true</IsRequired><Value i:type="a:double" xmlns:a="http://www.w3.org/2001/XMLSchema">0</Value></Attribute><Attribute z:Id="i80"><AttributeType>iyy</AttributeType><IsRequired>true</IsRequired><Value i:type="a:double" xmlns:a="http://www.w3.org/2001/XMLSchema">0</Value></Attribute><Attribute z:Id="i81"><AttributeType>iyz</AttributeType><IsRequired>true</IsRequired><Value i:type="a:double" xmlns:a="http://www.w3.org/2001/XMLSchema">0</Value></Attribute><Attribute z:Id="i82"><AttributeType>izz</AttributeType><IsRequired>true</IsRequired><Value i:type="a:double" xmlns:a="http://www.w3.org/2001/XMLSchema">0</Value></Attribute></Attributes><ChildElements/><ElementName>inertia</ElementName><required>false</required><IxxAttribute z:Ref="i77"/><IxyAttribute z:Ref="i78"/><IxzAttribute z:Ref="i79"/><IyyAttribute z:Ref="i80"/><IyzAttribute z:Ref="i81"/><IzzAttribute z:Ref="i82"/></URDFElement></ChildElements><ElementName>inertial</ElementName><required>false</required><Inertia z:Ref="i76"/><Mass z:Ref="i74"/><Origin z:Ref="i71"/></URDFElement><URDFElement z:Id="i83" i:type="Visual"><Attributes/><ChildElements><URDFElement z:Id="i84" i:type="Origin"><Attributes><Attribute z:Id="i85"><AttributeType>xyz</AttributeType><IsRequired>true</IsRequired><Value i:type="a:ArrayOfdouble" xmlns:a="http://schemas.microsoft.com/2003/10/Serialization/Arrays"><a:double>0</a:double><a:double>0</a:double><a:double>0</a:double></Value></Attribute><Attribute z:Id="i86"><AttributeType>rpy</AttributeType><IsRequired>true</IsRequired><Value i:type="a:ArrayOfdouble" xmlns:a="http://schemas.microsoft.com/2003/10/Serialization/Arrays"><a:double>0</a:double><a:double>0</a:double><a:double>0</a:double></Value></Attribute></Attributes><ChildElements/><ElementName>origin</ElementName><required>false</required><RPYAttribute z:Ref="i86"/><XYZAttribute z:Ref="i85"/><isCustomized>false</isCustomized></URDFElement><URDFElement z:Id="i87" i:type="Geometry"><Attributes/><ChildElements><URDFElement z:Id="i88" i:type="Mesh"><Attributes><Attribute z:Id="i89"><AttributeType>filename</AttributeType><IsRequired>true</IsRequired><Value i:nil="true"/></Attribute></Attributes><ChildElements/><ElementName>mesh</ElementName><required>false</required><FilenameAttribute z:Ref="i89"/></URDFElement></ChildElements><ElementName>geometry</ElementName><required>true</required><Mesh z:Ref="i88"/></URDFElement><URDFElement z:Id="i90" i:type="Material"><Attributes><Attribute z:Id="i91"><AttributeType>name</AttributeType><IsRequired>true</IsRequired><Value i:type="a:string" xmlns:a="http://www.w3.org/2001/XMLSchema"/></Attribute></Attributes><ChildElements><URDFElement z:Id="i92" i:type="Color"><Attributes><Attribute z:Id="i93"><AttributeType>rgba</AttributeType><IsRequired>true</IsRequired><Value i:type="a:ArrayOfdouble" xmlns:a="http://schemas.microsoft.com/2003/10/Serialization/Arrays"><a:double>1</a:double><a:double>1</a:double><a:double>1</a:double><a:double>1</a:double></Value></Attribute></Attributes><ChildElements/><ElementName>color</ElementName><required>false</required><RGBAAttribute z:Ref="i93"/></URDFElement><URDFElement z:Id="i94" i:type="Texture"><Attributes><Attribute z:Id="i95"><AttributeType>filename</AttributeType><IsRequired>true</IsRequired><Value i:nil="true"/></Attribute></Attributes><ChildElements/><ElementName>texture</ElementName><required>false</required><FilenameAttribute z:Ref="i95"/><wFilename/></URDFElement></ChildElements><ElementName>material</ElementName><required>false</required><Color z:Ref="i92"/><NameAttribute z:Ref="i91"/><Texture z:Ref="i94"/></URDFElement></ChildElements><ElementName>visual</ElementName><required>false</required><Geometry z:Ref="i87"/><Material z:Ref="i90"/><Origin z:Ref="i84"/></URDFElement><URDFElement z:Id="i96" i:type="Collision"><Attributes/><ChildElements><URDFElement z:Id="i97" i:type="Origin"><Attributes><Attribute z:Id="i98"><AttributeType>xyz</AttributeType><IsRequired>true</IsRequired><Value i:type="a:ArrayOfdouble" xmlns:a="http://schemas.microsoft.com/2003/10/Serialization/Arrays"><a:double>0</a:double><a:double>0</a:double><a:double>0</a:double></Value></Attribute><Attribute z:Id="i99"><AttributeType>rpy</AttributeType><IsRequired>true</IsRequired><Value i:type="a:ArrayOfdouble" xmlns:a="http://schemas.microsoft.com/2003/10/Serialization/Arrays"><a:double>0</a:double><a:double>0</a:double><a:double>0</a:double></Value></Attribute></Attributes><ChildElements/><ElementName>origin</ElementName><required>false</required><RPYAttribute z:Ref="i99"/><XYZAttribute z:Ref="i98"/><isCustomized>false</isCustomized></URDFElement><URDFElement z:Id="i100" i:type="Geometry"><Attributes/><ChildElements><URDFElement z:Id="i101" i:type="Mesh"><Attributes><Attribute z:Id="i102"><AttributeType>filename</AttributeType><IsRequired>true</IsRequired><Value i:nil="true"/></Attribute></Attributes><ChildElements/><ElementName>mesh</ElementName><required>false</required><FilenameAttribute z:Ref="i102"/></URDFElement></ChildElements><ElementName>geometry</ElementName><required>true</required><Mesh z:Ref="i101"/></URDFElement></ChildElements><ElementName>collision</ElementName><required>false</required><Geometry z:Ref="i100"/><Origin z:Ref="i97"/></URDFElement><URDFElement z:Id="i103" i:type="Joint"><Attributes><Attribute z:Id="i104"><AttributeType>name</AttributeType><IsRequired>true</IsRequired><Value i:type="a:string" xmlns:a="http://www.w3.org/2001/XMLSchema">Slide_1_Joint</Value></Attribute><Attribute z:Id="i105"><AttributeType>type</AttributeType><IsRequired>true</IsRequired><Value i:type="a:string" xmlns:a="http://www.w3.org/2001/XMLSchema">prismatic</Value></Attribute></Attributes><ChildElements><URDFElement z:Id="i106" i:type="Origin"><Attributes><Attribute z:Id="i107"><AttributeType>xyz</AttributeType><IsRequired>true</IsRequired><Value i:type="a:ArrayOfdouble" xmlns:a="http://schemas.microsoft.com/2003/10/Serialization/Arrays"><a:double>0</a:double><a:double>0</a:double><a:double>0</a:double></Value></Attribute><Attribute z:Id="i108"><AttributeType>rpy</AttributeType><IsRequired>true</IsRequired><Value i:type="a:ArrayOfdouble" xmlns:a="http://schemas.microsoft.com/2003/10/Serialization/Arrays"><a:double>0</a:double><a:double>0</a:double><a:double>0</a:double></Value></Attribute></Attributes><ChildElements/><ElementName>origin</ElementName><required>false</required><RPYAttribute z:Ref="i108"/><XYZAttribute z:Ref="i107"/><isCustomized>false</isCustomized></URDFElement><URDFElement z:Id="i109" i:type="ParentLink"><Attributes><Attribute z:Id="i110"><AttributeType>link</AttributeType><IsRequired>true</IsRequired><Value i:type="a:string" xmlns:a="http://www.w3.org/2001/XMLSchema"/></Attribute></Attributes><ChildElements/><ElementName>parent</ElementName><required>true</required><NameAttribute z:Ref="i110"/></URDFElement><URDFElement z:Id="i111" i:type="ChildLink"><Attributes><Attribute z:Id="i112"><AttributeType>link</AttributeType><IsRequired>true</IsRequired><Value i:type="a:string" xmlns:a="http://www.w3.org/2001/XMLSchema"/></Attribute></Attributes><ChildElements/><ElementName>child</ElementName><required>true</required><NameAttribute z:Ref="i112"/></URDFElement><URDFElement z:Id="i113" i:type="Axis"><Attributes><Attribute z:Id="i114"><AttributeType>xyz</AttributeType><IsRequired>true</IsRequired><Value i:type="a:ArrayOfdouble" xmlns:a="http://schemas.microsoft.com/2003/10/Serialization/Arrays"><a:double>0</a:double><a:double>0</a:double><a:double>0</a:double></Value></Attribute></Attributes><ChildElements/><ElementName>axis</ElementName><required>false</required><XYZAttribute z:Ref="i114"/></URDFElement><URDFElement z:Id="i115" i:type="Limit"><Attributes><Attribute z:Id="i116"><AttributeType>lower</AttributeType><IsRequired>false</IsRequired><Value i:nil="true"/></Attribute><Attribute z:Id="i117"><AttributeType>upper</AttributeType><IsRequired>false</IsRequired><Value i:nil="true"/></Attribute><Attribute z:Id="i118"><AttributeType>effort</AttributeType><IsRequired>true</IsRequired><Value i:nil="true"/></Attribute><Attribute z:Id="i119"><AttributeType>velocity</AttributeType><IsRequired>true</IsRequired><Value i:nil="true"/></Attribute></Attributes><ChildElements/><ElementName>limit</ElementName><required>false</required><EffortAttribute z:Ref="i118"/><LowerAttribute z:Ref="i116"/><UpperAttribute z:Ref="i117"/><VelocityAttribute z:Ref="i119"/></URDFElement><URDFElement z:Id="i120" i:type="Calibration"><Attributes><Attribute z:Id="i121"><AttributeType>rising</AttributeType><IsRequired>false</IsRequired><Value i:nil="true"/></Attribute><Attribute z:Id="i122"><AttributeType>falling</AttributeType><IsRequired>false</IsRequired><Value i:nil="true"/></Attribute></Attributes><ChildElements/><ElementName>calibration</ElementName><required>false</required><FallingAttribute z:Ref="i122"/><RisingAttribute z:Ref="i121"/></URDFElement><URDFElement z:Id="i123" i:type="Dynamics"><Attributes><Attribute z:Id="i124"><AttributeType>damping</AttributeType><IsRequired>false</IsRequired><Value i:nil="true"/></Attribute><Attribute z:Id="i125"><AttributeType>friction</AttributeType><IsRequired>false</IsRequired><Value i:nil="true"/></Attribute></Attributes><ChildElements/><ElementName>dynamics</ElementName><required>false</required><DampingAttribute z:Ref="i124"/><FrictionAttribute z:Ref="i125"/></URDFElement><URDFElement z:Id="i126" i:type="SafetyController"><Attributes><Attribute z:Id="i127"><AttributeType>soft_upper_limit</AttributeType><IsRequired>false</IsRequired><Value i:nil="true"/></Attribute><Attribute z:Id="i128"><AttributeType>soft_lower_limit</AttributeType><IsRequired>false</IsRequired><Value i:nil="true"/></Attribute><Attribute z:Id="i129"><AttributeType>k_position</AttributeType><IsRequired>false</IsRequired><Value i:nil="true"/></Attribute><Attribute z:Id="i130"><AttributeType>k_velocity</AttributeType><IsRequired>true</IsRequired><Value i:nil="true"/></Attribute></Attributes><ChildElements/><ElementName>safety_controller</ElementName><required>false</required><KPositionAttribute z:Ref="i129"/><KVelocityAttribute z:Ref="i130"/><SoftLowerAttribute z:Ref="i128"/><SoftUpperAttribute z:Ref="i127"/></URDFElement><URDFElement z:Id="i131" i:type="Mimic"><Attributes><Attribute z:Id="i132"><AttributeType>joint</AttributeType><IsRequired>true</IsRequired><Value i:nil="true"/></Attribute><Attribute z:Id="i133"><AttributeType>multiplier</AttributeType><IsRequired>false</IsRequired><Value i:nil="true"/></Attribute><Attribute z:Id="i134"><AttributeType>offset</AttributeType><IsRequired>false</IsRequired><Value i:nil="true"/></Attribute></Attributes><ChildElements/><ElementName>mimic</ElementName><required>false</required><JointNameAttribute z:Ref="i132"/><MultiplierAttribute z:Ref="i133"/><OffsetAttribute z:Ref="i134"/></URDFElement></ChildElements><ElementName>joint</ElementName><required>false</required><Axis z:Ref="i113"/><AxisName>?????????1</AxisName><Calibration z:Ref="i120"/><Child z:Ref="i111"/><CoordinateSystemName>?????????1</CoordinateSystemName><Dynamics z:Ref="i123"/><Limit z:Ref="i115"/><Mimic z:Ref="i131"/><NameAttribute z:Ref="i104"/><Origin z:Ref="i106"/><Parent z:Ref="i109"/><Safety z:Ref="i126"/><TypeAttribute z:Ref="i105"/></URDFElement></ChildElements><ElementName>link</ElementName><required>true</required><Children/><Collision z:Ref="i96"/><Inertial z:Ref="i70"/><Joint z:Ref="i103"/><NameAttribute z:Ref="i69"/><Parent z:Ref="i1"/><STLQualityFine>false</STLQualityFine><SWComponentPIDs xmlns:a="http://schemas.microsoft.com/2003/10/Serialization/Arrays"><a:base64Binary>UEYAAAUAAAD//v+RSwBLAEMAVABQAE0AMwBGADIAMAAuADAAMgBfAPR2v378W2iPxH72Ti0AMQA0AEAASwBLAEMAVABQAE0AMwBGADIAMABFAF8AMgAwAHNeqFIJTgdjS2IoAHp681ghaotXKQAvAEsASwBDAFQAUAAzAE0AMgAwAC4AMAAyAC4ALgAwADIAXwDRbldXxH72Ti0AMQBAAEsASwBDAFQAUABNADMARgAyADAALgAwADIAXwD0dr9+/Ftoj8R+9k4vAEsASwBDAFQAUABNADMARgAyADAALgAwADIALgAwADIALgAwADEAXwDabuBz/Ftoj9FuV1ctADEAQABLAEsAQwBUAFAAMwBNADIAMAAuADAAMgAuAC4AMAAyAF8A0W5XV8R+9k4EAAAAEAAAAAEAAAADAAAAKAMAABoAAABCAAAA</a:base64Binary><a:base64Binary>UEYAAAUAAAD//v+RSwBLAEMAVABQAE0AMwBGADIAMAAuADAAMgBfAPR2v378W2iPxH72Ti0AMQA0AEAASwBLAEMAVABQAE0AMwBGADIAMABFAF8AMgAwAHNeqFIJTgdjS2IoAHp681ghaotXKQAvAEsASwBDAFQAUAAzAE0AMgAwAC4AMAAyAC4ALgAwADIAXwDRbldXxH72Ti0AMQBAAEsASwBDAFQAUABNADMARgAyADAALgAwADIAXwD0dr9+/Ftoj8R+9k4vAEsASwBDAFQAUABNADMARgAyADAALgAwADIALgAwADIALgAwADIAXwD8W2iP0W5XVyFjf2ctADQAQABLAEsAQwBUAFAAMwBNADIAMAAuADAAMgAuAC4AMAAyAF8A0W5XV8R+9k4EAAAAEAAAAAEAAAADAAAAKAMAABoAAABEAAAA</a:base64Binary><a:base64Binary>UEYAAAUAAAD//v+RSwBLAEMAVABQAE0AMwBGADIAMAAuADAAMgBfAPR2v378W2iPxH72Ti0AMQA0AEAASwBLAEMAVABQAE0AMwBGADIAMABFAF8AMgAwAHNeqFIJTgdjS2IoAHp681ghaotXKQAvAEsASwBDAFQAUAAzAE0AMgAwAC4AMAAyAC4ALgAwADIAXwDRbldXxH72Ti0AMQBAAEsASwBDAFQAUABNADMARgAyADAALgAwADIAXwD0dr9+/Ftoj8R+9k4vAEsASwBDAFQAUABNADMARgAyADAALgAwADIALgAwADIALgAwADIAXwD8W2iP0W5XVyFjf2ctADMAQABLAEsAQwBUAFAAMwBNADIAMAAuADAAMgAuAC4AMAAyAF8A0W5XV8R+9k4EAAAAEAAAAAEAAAADAAAAKAMAABoAAABDAAAA</a:base64Binary><a:base64Binary>UEYAAAUAAAD//v+TSwBLAEMAVABQAE0AMwBGADIAMAAuADAAMgBfAPR2v378W2iPxH72Ti0AMQA0AEAASwBLAEMAVABQAE0AMwBGADIAMABFAF8AMgAwAHNeqFIJTgdjS2IoAHp681ghaotXKQAvAEsASwBDAFQAUAAzAE0AMgAwAC4AMAAyAC4ALgAwADIAXwDRbldXxH72Ti0AMQBAAEsASwBDAFQAUABNADMARgAyADAALgAwADIAXwD0dr9+/Ftoj8R+9k4vAEsASwBHAEIAVAA4ADEAOQAuADEAIABNADIAWAA0AF8AQVNXW/1piWw0WbqHiZQgAE0AMgBYADQALQA3AEAASwBLAEMAVABQADMATQAyADAALgAwADIALgAuADAAMgBfANFuV1fEfvZOBAAAABAAAAABAAAAAwAAACgDAAAaAAAAagAAAA==</a:base64Binary><a:base64Binary>UEYAAAUAAAD//v+TSwBLAEMAVABQAE0AMwBGADIAMAAuADAAMgBfAPR2v378W2iPxH72Ti0AMQA0AEAASwBLAEMAVABQAE0AMwBGADIAMABFAF8AMgAwAHNeqFIJTgdjS2IoAHp681ghaotXKQAvAEsASwBDAFQAUAAzAE0AMgAwAC4AMAAyAC4ALgAwADIAXwDRbldXxH72Ti0AMQBAAEsASwBDAFQAUABNADMARgAyADAALgAwADIAXwD0dr9+/Ftoj8R+9k4vAEsASwBHAEIAVAA4ADEAOQAuADEAIABNADIAWAA0AF8AQVNXW/1piWw0WbqHiZQgAE0AMgBYADQALQA2AEAASwBLAEMAVABQADMATQAyADAALgAwADIALgAuADAAMgBfANFuV1fEfvZOBAAAABAAAAABAAAAAwAAACgDAAAaAAAAawAAAA==</a:base64Binary><a:base64Binary>UEYAAAUAAAD//v+TSwBLAEMAVABQAE0AMwBGADIAMAAuADAAMgBfAPR2v378W2iPxH72Ti0AMQA0AEAASwBLAEMAVABQAE0AMwBGADIAMABFAF8AMgAwAHNeqFIJTgdjS2IoAHp681ghaotXKQAvAEsASwBDAFQAUAAzAE0AMgAwAC4AMAAyAC4ALgAwADIAXwDRbldXxH72Ti0AMQBAAEsASwBDAFQAUABNADMARgAyADAALgAwADIAXwD0dr9+/Ftoj8R+9k4vAEsASwBHAEIAVAA4ADEAOQAuADEAIABNADIAWAA0AF8AQVNXW/1piWw0WbqHiZQgAE0AMgBYADQALQAyAEAASwBLAEMAVABQADMATQAyADAALgAwADIALgAuADAAMgBfANFuV1fEfvZOBAAAABAAAAABAAAAAwAAACgDAAAaAAAAYQAAAA==</a:base64Binary><a:base64Binary>UEYAAAUAAAD//v+TSwBLAEMAVABQAE0AMwBGADIAMAAuADAAMgBfAPR2v378W2iPxH72Ti0AMQA0AEAASwBLAEMAVABQAE0AMwBGADIAMABFAF8AMgAwAHNeqFIJTgdjS2IoAHp681ghaotXKQAvAEsASwBDAFQAUAAzAE0AMgAwAC4AMAAyAC4ALgAwADIAXwDRbldXxH72Ti0AMQBAAEsASwBDAFQAUABNADMARgAyADAALgAwADIAXwD0dr9+/Ftoj8R+9k4vAEsASwBHAEIAVAA4ADEAOQAuADEAIABNADIAWAA0AF8AQVNXW/1piWw0WbqHiZQgAE0AMgBYADQALQA0AEAASwBLAEMAVABQADMATQAyADAALgAwADIALgAuADAAMgBfANFuV1fEfvZOBAAAABAAAAABAAAAAwAAACgDAAAaAAAAaAAAAA==</a:base64Binary></SWComponentPIDs><SWMainComponentPID i:nil="true"/><Visual z:Ref="i83"/><isFixedFrame>false</isFixedFrame><isIncomplete>false</isIncomplete></Link><Link z:Id="i135"><Attributes><Attribute z:Id="i136"><AttributeType>name</AttributeType><IsRequired>true</IsRequired><Value i:type="a:string" xmlns:a="http://www.w3.org/2001/XMLSchema">Empty_Link</Value></Attribute></Attributes><ChildElements><URDFElement z:Id="i137" i:type="Inertial"><Attributes/><ChildElements><URDFElement z:Id="i138" i:type="Origin"><Attributes><Attribute z:Id="i139"><AttributeType>xyz</AttributeType><IsRequired>true</IsRequired><Value i:type="a:ArrayOfdouble" xmlns:a="http://schemas.microsoft.com/2003/10/Serialization/Arrays"><a:double>0</a:double><a:double>0</a:double><a:double>0</a:double></Value></Attribute><Attribute z:Id="i140"><AttributeType>rpy</AttributeType><IsRequired>true</IsRequired><Value i:type="a:ArrayOfdouble" xmlns:a="http://schemas.microsoft.com/2003/10/Serialization/Arrays"><a:double>0</a:double><a:double>0</a:double><a:double>0</a:double></Value></Attribute></Attributes><ChildElements/><ElementName>origin</ElementName><required>false</required><RPYAttribute z:Ref="i140"/><XYZAttribute z:Ref="i139"/><isCustomized>false</isCustomized></URDFElement><URDFElement z:Id="i141" i:type="Mass"><Attributes><Attribute z:Id="i142"><AttributeType>value</AttributeType><IsRequired>true</IsRequired><Value i:type="a:double" xmlns:a="http://www.w3.org/2001/XMLSchema">0</Value></Attribute></Attributes><ChildElements/><ElementName>mass</ElementName><required>false</required><ValueAttribute z:Ref="i142"/></URDFElement><URDFElement z:Id="i143" i:type="Inertia"><Attributes><Attribute z:Id="i144"><AttributeType>ixx</AttributeType><IsRequired>true</IsRequired><Value i:type="a:double" xmlns:a="http://www.w3.org/2001/XMLSchema">0</Value></Attribute><Attribute z:Id="i145"><AttributeType>ixy</AttributeType><IsRequired>true</IsRequired><Value i:type="a:double" xmlns:a="http://www.w3.org/2001/XMLSchema">0</Value></Attribute><Attribute z:Id="i146"><AttributeType>ixz</AttributeType><IsRequired>true</IsRequired><Value i:type="a:double" xmlns:a="http://www.w3.org/2001/XMLSchema">0</Value></Attribute><Attribute z:Id="i147"><AttributeType>iyy</AttributeType><IsRequired>true</IsRequired><Value i:type="a:double" xmlns:a="http://www.w3.org/2001/XMLSchema">0</Value></Attribute><Attribute z:Id="i148"><AttributeType>iyz</AttributeType><IsRequired>true</IsRequired><Value i:type="a:double" xmlns:a="http://www.w3.org/2001/XMLSchema">0</Value></Attribute><Attribute z:Id="i149"><AttributeType>izz</AttributeType><IsRequired>true</IsRequired><Value i:type="a:double" xmlns:a="http://www.w3.org/2001/XMLSchema">0</Value></Attribute></Attributes><ChildElements/><ElementName>inertia</ElementName><required>false</required><IxxAttribute z:Ref="i144"/><IxyAttribute z:Ref="i145"/><IxzAttribute z:Ref="i146"/><IyyAttribute z:Ref="i147"/><IyzAttribute z:Ref="i148"/><IzzAttribute z:Ref="i149"/></URDFElement></ChildElements><ElementName>inertial</ElementName><required>false</required><Inertia z:Ref="i143"/><Mass z:Ref="i141"/><Origin z:Ref="i138"/></URDFElement><URDFElement z:Id="i150" i:type="Visual"><Attributes/><ChildElements><URDFElement z:Id="i151" i:type="Origin"><Attributes><Attribute z:Id="i152"><AttributeType>xyz</AttributeType><IsRequired>true</IsRequired><Value i:type="a:ArrayOfdouble" xmlns:a="http://schemas.microsoft.com/2003/10/Serialization/Arrays"><a:double>0</a:double><a:double>0</a:double><a:double>0</a:double></Value></Attribute><Attribute z:Id="i153"><AttributeType>rpy</AttributeType><IsRequired>true</IsRequired><Value i:type="a:ArrayOfdouble" xmlns:a="http://schemas.microsoft.com/2003/10/Serialization/Arrays"><a:double>0</a:double><a:double>0</a:double><a:double>0</a:double></Value></Attribute></Attributes><ChildElements/><ElementName>origin</ElementName><required>false</required><RPYAttribute z:Ref="i153"/><XYZAttribute z:Ref="i152"/><isCustomized>false</isCustomized></URDFElement><URDFElement z:Id="i154" i:type="Geometry"><Attributes/><ChildElements><URDFElement z:Id="i155" i:type="Mesh"><Attributes><Attribute z:Id="i156"><AttributeType>filename</AttributeType><IsRequired>true</IsRequired><Value i:nil="true"/></Attribute></Attributes><ChildElements/><ElementName>mesh</ElementName><required>false</required><FilenameAttribute z:Ref="i156"/></URDFElement></ChildElements><ElementName>geometry</ElementName><required>true</required><Mesh z:Ref="i155"/></URDFElement><URDFElement z:Id="i157" i:type="Material"><Attributes><Attribute z:Id="i158"><AttributeType>name</AttributeType><IsRequired>true</IsRequired><Value i:type="a:string" xmlns:a="http://www.w3.org/2001/XMLSchema"/></Attribute></Attributes><ChildElements><URDFElement z:Id="i159" i:type="Color"><Attributes><Attribute z:Id="i160"><AttributeType>rgba</AttributeType><IsRequired>true</IsRequired><Value i:type="a:ArrayOfdouble" xmlns:a="http://schemas.microsoft.com/2003/10/Serialization/Arrays"><a:double>1</a:double><a:double>1</a:double><a:double>1</a:double><a:double>1</a:double></Value></Attribute></Attributes><ChildElements/><ElementName>color</ElementName><required>false</required><RGBAAttribute z:Ref="i160"/></URDFElement><URDFElement z:Id="i161" i:type="Texture"><Attributes><Attribute z:Id="i162"><AttributeType>filename</AttributeType><IsRequired>true</IsRequired><Value i:nil="true"/></Attribute></Attributes><ChildElements/><ElementName>texture</ElementName><required>false</required><FilenameAttribute z:Ref="i162"/><wFilename/></URDFElement></ChildElements><ElementName>material</ElementName><required>false</required><Color z:Ref="i159"/><NameAttribute z:Ref="i158"/><Texture z:Ref="i161"/></URDFElement></ChildElements><ElementName>visual</ElementName><required>false</required><Geometry z:Ref="i154"/><Material z:Ref="i157"/><Origin z:Ref="i151"/></URDFElement><URDFElement z:Id="i163" i:type="Collision"><Attributes/><ChildElements><URDFElement z:Id="i164" i:type="Origin"><Attributes><Attribute z:Id="i165"><AttributeType>xyz</AttributeType><IsRequired>true</IsRequired><Value i:type="a:ArrayOfdouble" xmlns:a="http://schemas.microsoft.com/2003/10/Serialization/Arrays"><a:double>0</a:double><a:double>0</a:double><a:double>0</a:double></Value></Attribute><Attribute z:Id="i166"><AttributeType>rpy</AttributeType><IsRequired>true</IsRequired><Value i:type="a:ArrayOfdouble" xmlns:a="http://schemas.microsoft.com/2003/10/Serialization/Arrays"><a:double>0</a:double><a:double>0</a:double><a:double>0</a:double></Value></Attribute></Attributes><ChildElements/><ElementName>origin</ElementName><required>false</required><RPYAttribute z:Ref="i166"/><XYZAttribute z:Ref="i165"/><isCustomized>false</isCustomized></URDFElement><URDFElement z:Id="i167" i:type="Geometry"><Attributes/><ChildElements><URDFElement z:Id="i168" i:type="Mesh"><Attributes><Attribute z:Id="i169"><AttributeType>filename</AttributeType><IsRequired>true</IsRequired><Value i:nil="true"/></Attribute></Attributes><ChildElements/><ElementName>mesh</ElementName><required>false</required><FilenameAttribute z:Ref="i169"/></URDFElement></ChildElements><ElementName>geometry</ElementName><required>true</required><Mesh z:Ref="i168"/></URDFElement></ChildElements><ElementName>collision</ElementName><required>false</required><Geometry z:Ref="i167"/><Origin z:Ref="i164"/></URDFElement><URDFElement z:Id="i170" i:type="Joint"><Attributes><Attribute z:Id="i171"><AttributeType>name</AttributeType><IsRequired>true</IsRequired><Value i:type="a:string" xmlns:a="http://www.w3.org/2001/XMLSchema"/></Attribute><Attribute z:Id="i172"><AttributeType>type</AttributeType><IsRequired>true</IsRequired><Value i:type="a:string" xmlns:a="http://www.w3.org/2001/XMLSchema">Automatically Detect</Value></Attribute></Attributes><ChildElements><URDFElement z:Id="i173" i:type="Origin"><Attributes><Attribute z:Id="i174"><AttributeType>xyz</AttributeType><IsRequired>true</IsRequired><Value i:type="a:ArrayOfdouble" xmlns:a="http://schemas.microsoft.com/2003/10/Serialization/Arrays"><a:double>0</a:double><a:double>0</a:double><a:double>0</a:double></Value></Attribute><Attribute z:Id="i175"><AttributeType>rpy</AttributeType><IsRequired>true</IsRequired><Value i:type="a:ArrayOfdouble" xmlns:a="http://schemas.microsoft.com/2003/10/Serialization/Arrays"><a:double>0</a:double><a:double>0</a:double><a:double>0</a:double></Value></Attribute></Attributes><ChildElements/><ElementName>origin</ElementName><required>false</required><RPYAttribute z:Ref="i175"/><XYZAttribute z:Ref="i174"/><isCustomized>false</isCustomized></URDFElement><URDFElement z:Id="i176" i:type="ParentLink"><Attributes><Attribute z:Id="i177"><AttributeType>link</AttributeType><IsRequired>true</IsRequired><Value i:type="a:string" xmlns:a="http://www.w3.org/2001/XMLSchema"/></Attribute></Attributes><ChildElements/><ElementName>parent</ElementName><required>true</required><NameAttribute z:Ref="i177"/></URDFElement><URDFElement z:Id="i178" i:type="ChildLink"><Attributes><Attribute z:Id="i179"><AttributeType>link</AttributeType><IsRequired>true</IsRequired><Value i:type="a:string" xmlns:a="http://www.w3.org/2001/XMLSchema"/></Attribute></Attributes><ChildElements/><ElementName>child</ElementName><required>true</required><NameAttribute z:Ref="i179"/></URDFElement><URDFElement z:Id="i180" i:type="Axis"><Attributes><Attribute z:Id="i181"><AttributeType>xyz</AttributeType><IsRequired>true</IsRequired><Value i:type="a:ArrayOfdouble" xmlns:a="http://schemas.microsoft.com/2003/10/Serialization/Arrays"><a:double>0</a:double><a:double>0</a:double><a:double>0</a:double></Value></Attribute></Attributes><ChildElements/><ElementName>axis</ElementName><required>false</required><XYZAttribute z:Ref="i181"/></URDFElement><URDFElement z:Id="i182" i:type="Limit"><Attributes><Attribute z:Id="i183"><AttributeType>lower</AttributeType><IsRequired>false</IsRequired><Value i:nil="true"/></Attribute><Attribute z:Id="i184"><AttributeType>upper</AttributeType><IsRequired>false</IsRequired><Value i:nil="true"/></Attribute><Attribute z:Id="i185"><AttributeType>effort</AttributeType><IsRequired>true</IsRequired><Value i:nil="true"/></Attribute><Attribute z:Id="i186"><AttributeType>velocity</AttributeType><IsRequired>true</IsRequired><Value i:nil="true"/></Attribute></Attributes><ChildElements/><ElementName>limit</ElementName><required>false</required><EffortAttribute z:Ref="i185"/><LowerAttribute z:Ref="i183"/><UpperAttribute z:Ref="i184"/><VelocityAttribute z:Ref="i186"/></URDFElement><URDFElement z:Id="i187" i:type="Calibration"><Attributes><Attribute z:Id="i188"><AttributeType>rising</AttributeType><IsRequired>false</IsRequired><Value i:nil="true"/></Attribute><Attribute z:Id="i189"><AttributeType>falling</AttributeType><IsRequired>false</IsRequired><Value i:nil="true"/></Attribute></Attributes><ChildElements/><ElementName>calibration</ElementName><required>false</required><FallingAttribute z:Ref="i189"/><RisingAttribute z:Ref="i188"/></URDFElement><URDFElement z:Id="i190" i:type="Dynamics"><Attributes><Attribute z:Id="i191"><AttributeType>damping</AttributeType><IsRequired>false</IsRequired><Value i:nil="true"/></Attribute><Attribute z:Id="i192"><AttributeType>friction</AttributeType><IsRequired>false</IsRequired><Value i:nil="true"/></Attribute></Attributes><ChildElements/><ElementName>dynamics</ElementName><required>false</required><DampingAttribute z:Ref="i191"/><FrictionAttribute z:Ref="i192"/></URDFElement><URDFElement z:Id="i193" i:type="SafetyController"><Attributes><Attribute z:Id="i194"><AttributeType>soft_upper_limit</AttributeType><IsRequired>false</IsRequired><Value i:nil="true"/></Attribute><Attribute z:Id="i195"><AttributeType>soft_lower_limit</AttributeType><IsRequired>false</IsRequired><Value i:nil="true"/></Attribute><Attribute z:Id="i196"><AttributeType>k_position</AttributeType><IsRequired>false</IsRequired><Value i:nil="true"/></Attribute><Attribute z:Id="i197"><AttributeType>k_velocity</AttributeType><IsRequired>true</IsRequired><Value i:nil="true"/></Attribute></Attributes><ChildElements/><ElementName>safety_controller</ElementName><required>false</required><KPositionAttribute z:Ref="i196"/><KVelocityAttribute z:Ref="i197"/><SoftLowerAttribute z:Ref="i195"/><SoftUpperAttribute z:Ref="i194"/></URDFElement><URDFElement z:Id="i198" i:type="Mimic"><Attributes><Attribute z:Id="i199"><AttributeType>joint</AttributeType><IsRequired>true</IsRequired><Value i:nil="true"/></Attribute><Attribute z:Id="i200"><AttributeType>multiplier</AttributeType><IsRequired>false</IsRequired><Value i:nil="true"/></Attribute><Attribute z:Id="i201"><AttributeType>offset</AttributeType><IsRequired>false</IsRequired><Value i:nil="true"/></Attribute></Attributes><ChildElements/><ElementName>mimic</ElementName><required>false</required><JointNameAttribute z:Ref="i199"/><MultiplierAttribute z:Ref="i200"/><OffsetAttribute z:Ref="i201"/></URDFElement></ChildElements><ElementName>joint</ElementName><required>false</required><Axis z:Ref="i180"/><AxisName>Automatically Generate</AxisName><Calibration z:Ref="i187"/><Child z:Ref="i178"/><CoordinateSystemName>Automatically Generate</CoordinateSystemName><Dynamics z:Ref="i190"/><Limit z:Ref="i182"/><Mimic z:Ref="i198"/><NameAttribute z:Ref="i171"/><Origin z:Ref="i173"/><Parent z:Ref="i176"/><Safety z:Ref="i193"/><TypeAttribute z:Ref="i172"/></URDFElement></ChildElements><ElementName>link</ElementName><required>true</required><Children/><Collision z:Ref="i163"/><Inertial z:Ref="i137"/><Joint z:Ref="i170"/><NameAttribute z:Ref="i136"/><Parent z:Ref="i1"/><STLQualityFine>false</STLQualityFine><SWComponentPIDs xmlns:a="http://schemas.microsoft.com/2003/10/Serialization/Arrays"/><SWMainComponentPID i:nil="true"/><Visual z:Ref="i150"/><isFixedFrame>false</isFixedFrame><isIncomplete>false</isIncomplete></Link><Link z:Id="i202"><Attributes><Attribute z:Id="i203"><AttributeType>name</AttributeType><IsRequired>true</IsRequired><Value i:type="a:string" xmlns:a="http://www.w3.org/2001/XMLSchema">Empty_Link</Value></Attribute></Attributes><ChildElements><URDFElement z:Id="i204" i:type="Inertial"><Attributes/><ChildElements><URDFElement z:Id="i205" i:type="Origin"><Attributes><Attribute z:Id="i206"><AttributeType>xyz</AttributeType><IsRequired>true</IsRequired><Value i:type="a:ArrayOfdouble" xmlns:a="http://schemas.microsoft.com/2003/10/Serialization/Arrays"><a:double>0</a:double><a:double>0</a:double><a:double>0</a:double></Value></Attribute><Attribute z:Id="i207"><AttributeType>rpy</AttributeType><IsRequired>true</IsRequired><Value i:type="a:ArrayOfdouble" xmlns:a="http://schemas.microsoft.com/2003/10/Serialization/Arrays"><a:double>0</a:double><a:double>0</a:double><a:double>0</a:double></Value></Attribute></Attributes><ChildElements/><ElementName>origin</ElementName><required>false</required><RPYAttribute z:Ref="i207"/><XYZAttribute z:Ref="i206"/><isCustomized>false</isCustomized></URDFElement><URDFElement z:Id="i208" i:type="Mass"><Attributes><Attribute z:Id="i209"><AttributeType>value</AttributeType><IsRequired>true</IsRequired><Value i:type="a:double" xmlns:a="http://www.w3.org/2001/XMLSchema">0</Value></Attribute></Attributes><ChildElements/><ElementName>mass</ElementName><required>false</required><ValueAttribute z:Ref="i209"/></URDFElement><URDFElement z:Id="i210" i:type="Inertia"><Attributes><Attribute z:Id="i211"><AttributeType>ixx</AttributeType><IsRequired>true</IsRequired><Value i:type="a:double" xmlns:a="http://www.w3.org/2001/XMLSchema">0</Value></Attribute><Attribute z:Id="i212"><AttributeType>ixy</AttributeType><IsRequired>true</IsRequired><Value i:type="a:double" xmlns:a="http://www.w3.org/2001/XMLSchema">0</Value></Attribute><Attribute z:Id="i213"><AttributeType>ixz</AttributeType><IsRequired>true</IsRequired><Value i:type="a:double" xmlns:a="http://www.w3.org/2001/XMLSchema">0</Value></Attribute><Attribute z:Id="i214"><AttributeType>iyy</AttributeType><IsRequired>true</IsRequired><Value i:type="a:double" xmlns:a="http://www.w3.org/2001/XMLSchema">0</Value></Attribute><Attribute z:Id="i215"><AttributeType>iyz</AttributeType><IsRequired>true</IsRequired><Value i:type="a:double" xmlns:a="http://www.w3.org/2001/XMLSchema">0</Value></Attribute><Attribute z:Id="i216"><AttributeType>izz</AttributeType><IsRequired>true</IsRequired><Value i:type="a:double" xmlns:a="http://www.w3.org/2001/XMLSchema">0</Value></Attribute></Attributes><ChildElements/><ElementName>inertia</ElementName><required>false</required><IxxAttribute z:Ref="i211"/><IxyAttribute z:Ref="i212"/><IxzAttribute z:Ref="i213"/><IyyAttribute z:Ref="i214"/><IyzAttribute z:Ref="i215"/><IzzAttribute z:Ref="i216"/></URDFElement></ChildElements><ElementName>inertial</ElementName><required>false</required><Inertia z:Ref="i210"/><Mass z:Ref="i208"/><Origin z:Ref="i205"/></URDFElement><URDFElement z:Id="i217" i:type="Visual"><Attributes/><ChildElements><URDFElement z:Id="i218" i:type="Origin"><Attributes><Attribute z:Id="i219"><AttributeType>xyz</AttributeType><IsRequired>true</IsRequired><Value i:type="a:ArrayOfdouble" xmlns:a="http://schemas.microsoft.com/2003/10/Serialization/Arrays"><a:double>0</a:double><a:double>0</a:double><a:double>0</a:double></Value></Attribute><Attribute z:Id="i220"><AttributeType>rpy</AttributeType><IsRequired>true</IsRequired><Value i:type="a:ArrayOfdouble" xmlns:a="http://schemas.microsoft.com/2003/10/Serialization/Arrays"><a:double>0</a:double><a:double>0</a:double><a:double>0</a:double></Value></Attribute></Attributes><ChildElements/><ElementName>origin</ElementName><required>false</required><RPYAttribute z:Ref="i220"/><XYZAttribute z:Ref="i219"/><isCustomized>false</isCustomized></URDFElement><URDFElement z:Id="i221" i:type="Geometry"><Attributes/><ChildElements><URDFElement z:Id="i222" i:type="Mesh"><Attributes><Attribute z:Id="i223"><AttributeType>filename</AttributeType><IsRequired>true</IsRequired><Value i:nil="true"/></Attribute></Attributes><ChildElements/><ElementName>mesh</ElementName><required>false</required><FilenameAttribute z:Ref="i223"/></URDFElement></ChildElements><ElementName>geometry</ElementName><required>true</required><Mesh z:Ref="i222"/></URDFElement><URDFElement z:Id="i224" i:type="Material"><Attributes><Attribute z:Id="i225"><AttributeType>name</AttributeType><IsRequired>true</IsRequired><Value i:type="a:string" xmlns:a="http://www.w3.org/2001/XMLSchema"/></Attribute></Attributes><ChildElements><URDFElement z:Id="i226" i:type="Color"><Attributes><Attribute z:Id="i227"><AttributeType>rgba</AttributeType><IsRequired>true</IsRequired><Value i:type="a:ArrayOfdouble" xmlns:a="http://schemas.microsoft.com/2003/10/Serialization/Arrays"><a:double>1</a:double><a:double>1</a:double><a:double>1</a:double><a:double>1</a:double></Value></Attribute></Attributes><ChildElements/><ElementName>color</ElementName><required>false</required><RGBAAttribute z:Ref="i227"/></URDFElement><URDFElement z:Id="i228" i:type="Texture"><Attributes><Attribute z:Id="i229"><AttributeType>filename</AttributeType><IsRequired>true</IsRequired><Value i:nil="true"/></Attribute></Attributes><ChildElements/><ElementName>texture</ElementName><required>false</required><FilenameAttribute z:Ref="i229"/><wFilename/></URDFElement></ChildElements><ElementName>material</ElementName><required>false</required><Color z:Ref="i226"/><NameAttribute z:Ref="i225"/><Texture z:Ref="i228"/></URDFElement></ChildElements><ElementName>visual</ElementName><required>false</required><Geometry z:Ref="i221"/><Material z:Ref="i224"/><Origin z:Ref="i218"/></URDFElement><URDFElement z:Id="i230" i:type="Collision"><Attributes/><ChildElements><URDFElement z:Id="i231" i:type="Origin"><Attributes><Attribute z:Id="i232"><AttributeType>xyz</AttributeType><IsRequired>true</IsRequired><Value i:type="a:ArrayOfdouble" xmlns:a="http://schemas.microsoft.com/2003/10/Serialization/Arrays"><a:double>0</a:double><a:double>0</a:double><a:double>0</a:double></Value></Attribute><Attribute z:Id="i233"><AttributeType>rpy</AttributeType><IsRequired>true</IsRequired><Value i:type="a:ArrayOfdouble" xmlns:a="http://schemas.microsoft.com/2003/10/Serialization/Arrays"><a:double>0</a:double><a:double>0</a:double><a:double>0</a:double></Value></Attribute></Attributes><ChildElements/><ElementName>origin</ElementName><required>false</required><RPYAttribute z:Ref="i233"/><XYZAttribute z:Ref="i232"/><isCustomized>false</isCustomized></URDFElement><URDFElement z:Id="i234" i:type="Geometry"><Attributes/><ChildElements><URDFElement z:Id="i235" i:type="Mesh"><Attributes><Attribute z:Id="i236"><AttributeType>filename</AttributeType><IsRequired>true</IsRequired><Value i:nil="true"/></Attribute></Attributes><ChildElements/><ElementName>mesh</ElementName><required>false</required><FilenameAttribute z:Ref="i236"/></URDFElement></ChildElements><ElementName>geometry</ElementName><required>true</required><Mesh z:Ref="i235"/></URDFElement></ChildElements><ElementName>collision</ElementName><required>false</required><Geometry z:Ref="i234"/><Origin z:Ref="i231"/></URDFElement><URDFElement z:Id="i237" i:type="Joint"><Attributes><Attribute z:Id="i238"><AttributeType>name</AttributeType><IsRequired>true</IsRequired><Value i:type="a:string" xmlns:a="http://www.w3.org/2001/XMLSchema"/></Attribute><Attribute z:Id="i239"><AttributeType>type</AttributeType><IsRequired>true</IsRequired><Value i:type="a:string" xmlns:a="http://www.w3.org/2001/XMLSchema">Automatically Detect</Value></Attribute></Attributes><ChildElements><URDFElement z:Id="i240" i:type="Origin"><Attributes><Attribute z:Id="i241"><AttributeType>xyz</AttributeType><IsRequired>true</IsRequired><Value i:type="a:ArrayOfdouble" xmlns:a="http://schemas.microsoft.com/2003/10/Serialization/Arrays"><a:double>0</a:double><a:double>0</a:double><a:double>0</a:double></Value></Attribute><Attribute z:Id="i242"><AttributeType>rpy</AttributeType><IsRequired>true</IsRequired><Value i:type="a:ArrayOfdouble" xmlns:a="http://schemas.microsoft.com/2003/10/Serialization/Arrays"><a:double>0</a:double><a:double>0</a:double><a:double>0</a:double></Value></Attribute></Attributes><ChildElements/><ElementName>origin</ElementName><required>false</required><RPYAttribute z:Ref="i242"/><XYZAttribute z:Ref="i241"/><isCustomized>false</isCustomized></URDFElement><URDFElement z:Id="i243" i:type="ParentLink"><Attributes><Attribute z:Id="i244"><AttributeType>link</AttributeType><IsRequired>true</IsRequired><Value i:type="a:string" xmlns:a="http://www.w3.org/2001/XMLSchema"/></Attribute></Attributes><ChildElements/><ElementName>parent</ElementName><required>true</required><NameAttribute z:Ref="i244"/></URDFElement><URDFElement z:Id="i245" i:type="ChildLink"><Attributes><Attribute z:Id="i246"><AttributeType>link</AttributeType><IsRequired>true</IsRequired><Value i:type="a:string" xmlns:a="http://www.w3.org/2001/XMLSchema"/></Attribute></Attributes><ChildElements/><ElementName>child</ElementName><required>true</required><NameAttribute z:Ref="i246"/></URDFElement><URDFElement z:Id="i247" i:type="Axis"><Attributes><Attribute z:Id="i248"><AttributeType>xyz</AttributeType><IsRequired>true</IsRequired><Value i:type="a:ArrayOfdouble" xmlns:a="http://schemas.microsoft.com/2003/10/Serialization/Arrays"><a:double>0</a:double><a:double>0</a:double><a:double>0</a:double></Value></Attribute></Attributes><ChildElements/><ElementName>axis</ElementName><required>false</required><XYZAttribute z:Ref="i248"/></URDFElement><URDFElement z:Id="i249" i:type="Limit"><Attributes><Attribute z:Id="i250"><AttributeType>lower</AttributeType><IsRequired>false</IsRequired><Value i:nil="true"/></Attribute><Attribute z:Id="i251"><AttributeType>upper</AttributeType><IsRequired>false</IsRequired><Value i:nil="true"/></Attribute><Attribute z:Id="i252"><AttributeType>effort</AttributeType><IsRequired>true</IsRequired><Value i:nil="true"/></Attribute><Attribute z:Id="i253"><AttributeType>velocity</AttributeType><IsRequired>true</IsRequired><Value i:nil="true"/></Attribute></Attributes><ChildElements/><ElementName>limit</ElementName><required>false</required><EffortAttribute z:Ref="i252"/><LowerAttribute z:Ref="i250"/><UpperAttribute z:Ref="i251"/><VelocityAttribute z:Ref="i253"/></URDFElement><URDFElement z:Id="i254" i:type="Calibration"><Attributes><Attribute z:Id="i255"><AttributeType>rising</AttributeType><IsRequired>false</IsRequired><Value i:nil="true"/></Attribute><Attribute z:Id="i256"><AttributeType>falling</AttributeType><IsRequired>false</IsRequired><Value i:nil="true"/></Attribute></Attributes><ChildElements/><ElementName>calibration</ElementName><required>false</required><FallingAttribute z:Ref="i256"/><RisingAttribute z:Ref="i255"/></URDFElement><URDFElement z:Id="i257" i:type="Dynamics"><Attributes><Attribute z:Id="i258"><AttributeType>damping</AttributeType><IsRequired>false</IsRequired><Value i:nil="true"/></Attribute><Attribute z:Id="i259"><AttributeType>friction</AttributeType><IsRequired>false</IsRequired><Value i:nil="true"/></Attribute></Attributes><ChildElements/><ElementName>dynamics</ElementName><required>false</required><DampingAttribute z:Ref="i258"/><FrictionAttribute z:Ref="i259"/></URDFElement><URDFElement z:Id="i260" i:type="SafetyController"><Attributes><Attribute z:Id="i261"><AttributeType>soft_upper_limit</AttributeType><IsRequired>false</IsRequired><Value i:nil="true"/></Attribute><Attribute z:Id="i262"><AttributeType>soft_lower_limit</AttributeType><IsRequired>false</IsRequired><Value i:nil="true"/></Attribute><Attribute z:Id="i263"><AttributeType>k_position</AttributeType><IsRequired>false</IsRequired><Value i:nil="true"/></Attribute><Attribute z:Id="i264"><AttributeType>k_velocity</AttributeType><IsRequired>true</IsRequired><Value i:nil="true"/></Attribute></Attributes><ChildElements/><ElementName>safety_controller</ElementName><required>false</required><KPositionAttribute z:Ref="i263"/><KVelocityAttribute z:Ref="i264"/><SoftLowerAttribute z:Ref="i262"/><SoftUpperAttribute z:Ref="i261"/></URDFElement><URDFElement z:Id="i265" i:type="Mimic"><Attributes><Attribute z:Id="i266"><AttributeType>joint</AttributeType><IsRequired>true</IsRequired><Value i:nil="true"/></Attribute><Attribute z:Id="i267"><AttributeType>multiplier</AttributeType><IsRequired>false</IsRequired><Value i:nil="true"/></Attribute><Attribute z:Id="i268"><AttributeType>offset</AttributeType><IsRequired>false</IsRequired><Value i:nil="true"/></Attribute></Attributes><ChildElements/><ElementName>mimic</ElementName><required>false</required><JointNameAttribute z:Ref="i266"/><MultiplierAttribute z:Ref="i267"/><OffsetAttribute z:Ref="i268"/></URDFElement></ChildElements><ElementName>joint</ElementName><required>false</required><Axis z:Ref="i247"/><AxisName>Automatically Generate</AxisName><Calibration z:Ref="i254"/><Child z:Ref="i245"/><CoordinateSystemName>Automatically Generate</CoordinateSystemName><Dynamics z:Ref="i257"/><Limit z:Ref="i249"/><Mimic z:Ref="i265"/><NameAttribute z:Ref="i238"/><Origin z:Ref="i240"/><Parent z:Ref="i243"/><Safety z:Ref="i260"/><TypeAttribute z:Ref="i239"/></URDFElement></ChildElements><ElementName>link</ElementName><required>true</required><Children/><Collision z:Ref="i230"/><Inertial z:Ref="i204"/><Joint z:Ref="i237"/><NameAttribute z:Ref="i203"/><Parent z:Ref="i1"/><STLQualityFine>false</STLQualityFine><SWComponentPIDs xmlns:a="http://schemas.microsoft.com/2003/10/Serialization/Arrays"/><SWMainComponentPID i:nil="true"/><Visual z:Ref="i217"/><isFixedFrame>false</isFixedFrame><isIncomplete>false</isIncomplete></Link></Children><Collision z:Ref="i29"/><Inertial z:Ref="i3"/><Joint z:Ref="i36"/><NameAttribute z:Ref="i2"/><Parent i:nil="true"/><STLQualityFine>false</STLQualityFine><SWComponentPIDs xmlns:a="http://schemas.microsoft.com/2003/10/Serialization/Arrays"><a:base64Binary>UEYAAAUAAAD//v8xSwBLAEMAVABQAE0AMwBGADIAMAAuADAAMQAuADEANQBfAN6PpWPVbHBRLQAxAEAASwBLAEMAVABQAE0AMwBGADIAMABFAF8AMgAwAHNeqFIJTgdjS2IoAHp681ghaotXKQAEAAAAEAAAAAEAAAABAAAAZAMAAA==</a:base64Binary><a:base64Binary>UEYAAAUAAAD//v86SwBLAEcAQgBUADcAMAAuADEAIABNADQAWAAxADYAXwCFUW1R0okGV/FnNFm6h4mUIABNADQAWAAxADYALQA5AEAASwBLAEMAVABQAE0AMwBGADIAMABFAF8AMgAwAHNeqFIJTgdjS2IoAHp681ghaotXKQAEAAAAEAAAAAEAAAABAAAAYQQAAA==</a:base64Binary><a:base64Binary>UEYAAAUAAAD//v86SwBLAEcAQgBUADcAMAAuADEAIABNADQAWAAxADYAXwCFUW1R0okGV/FnNFm6h4mUIABNADQAWAAxADYALQA4AEAASwBLAEMAVABQAE0AMwBGADIAMABFAF8AMgAwAHNeqFIJTgdjS2IoAHp681ghaotXKQAEAAAAEAAAAAEAAAABAAAAYAQAAA==</a:base64Binary><a:base64Binary>UEYAAAUAAAD//v86SwBLAEcAQgBUADcAMAAuADEAIABNADQAWAAxADYAXwCFUW1R0okGV/FnNFm6h4mUIABNADQAWAAxADYALQA3AEAASwBLAEMAVABQAE0AMwBGADIAMABFAF8AMgAwAHNeqFIJTgdjS2IoAHp681ghaotXKQAEAAAAEAAAAAEAAAABAAAAXwQAAA==</a:base64Binary><a:base64Binary>UEYAAAUAAAD//v86SwBLAEcAQgBUADcAMAAuADEAIABNADQAWAAxADYAXwCFUW1R0okGV/FnNFm6h4mUIABNADQAWAAxADYALQAxAEAASwBLAEMAVABQAE0AMwBGADIAMABFAF8AMgAwAHNeqFIJTgdjS2IoAHp681ghaotXKQAEAAAAEAAAAAEAAAABAAAAowMAAA==</a:base64Binary><a:base64Binary>UEYAAAUAAAD//v87SwBLAEcAQgBUADcAMAAuADEAIABNADQAWAAxADYAXwCFUW1R0okGV/FnNFm6h4mUIABNADQAWAAxADYALQAxADEAQABLAEsAQwBUAFAATQAzAEYAMgAwAEUAXwAyADAAc16oUglOB2NLYigAenrzWCFqi1cpAAQAAAAQAAAAAQAAAAEAAABjBAAA</a:base64Binary><a:base64Binary>UEYAAAUAAAD//v87SwBLAEcAQgBUADcAMAAuADEAIABNADQAWAAxADYAXwCFUW1R0okGV/FnNFm6h4mUIABNADQAWAAxADYALQAxADAAQABLAEsAQwBUAFAATQAzAEYAMgAwAEUAXwAyADAAc16oUglOB2NLYigAenrzWCFqi1cpAAQAAAAQAAAAAQAAAAEAAABiBAAA</a:base64Binary><a:base64Binary>UEYAAAUAAAD//v8vSwBLAEMAVABQAE0AMwBGADIAMAAuADAAMQAuADAAMwBfABZZ81gtADMAQABLAEsAQwBUAFAATQAzAEYAMgAwAEUAXwAyADAAc16oUglOB2NLYigAenrzWCFqi1cpAAQAAAAQAAAAAQAAAAEAAACYAwAA</a:base64Binary><a:base64Binary>UEYAAAUAAAD//v8vSwBLAEMAVABQAE0AMwBGADIAMAAuADAAMQAuADAANwBfANZ2f2ctADIAQABLAEsAQwBUAFAATQAzAEYAMgAwAEUAXwAyADAAc16oUglOB2NLYigAenrzWCFqi1cpAAQAAAAQAAAAAQAAAAEAAAAHAwAA</a:base64Binary><a:base64Binary>UEYAAAUAAAD//v9eSwBLAEMAVABQAE0AMwBGADIAMAAuADAAMgBfAPR2v378W2iPxH72Ti0AMQA1AEAASwBLAEMAVABQAE0AMwBGADIAMABFAF8AMgAwAHNeqFIJTgdjS2IoAHp681ghaotXKQAvAEsASwBDAFQAUABNADMARgAyADAALgAwADEALgAxADEAXwD8W2iPaI9TkC0AMgBAAEsASwBDAFQAUABNADMARgAyADAALgAwADIAXwD0dr9+/Ftoj8R+9k4EAAAAEAAAAAEAAAACAAAAKQMAABYAAAA=</a:base64Binary><a:base64Binary>UEYAAAUAAAD//v9eSwBLAEMAVABQAE0AMwBGADIAMAAuADAAMgBfAPR2v378W2iPxH72Ti0AMQA0AEAASwBLAEMAVABQAE0AMwBGADIAMABFAF8AMgAwAHNeqFIJTgdjS2IoAHp681ghaotXKQAvAEsASwBDAFQAUABNADMARgAyADAALgAwADEALgAxADEAXwD8W2iPaI9TkC0AMgBAAEsASwBDAFQAUABNADMARgAyADAALgAwADIAXwD0dr9+/Ftoj8R+9k4EAAAAEAAAAAEAAAACAAAAKAMAABYAAAA=</a:base64Binary><a:base64Binary>UEYAAAUAAAD//v8ySwBLAEMAVABQAE0AMwBGADIAMAAuADAAMQAuADAANQBfADV1OmeJW8WIf2ctADMAQABLAEsAQwBUAFAATQAzAEYAMgAwAEUAXwAyADAAc16oUglOB2NLYigAenrzWCFqi1cpAAQAAAAQAAAAAQAAAAEAAABEAwAA</a:base64Binary><a:base64Binary>UEYAAAUAAAD//v9eSwBLAEMAVABQAE0AMwBGADIAMAAuADAAMgBfAPR2v378W2iPxH72Ti0AMQAxAEAASwBLAEMAVABQAE0AMwBGADIAMABFAF8AMgAwAHNeqFIJTgdjS2IoAHp681ghaotXKQAvAEsASwBDAFQAUABNADMARgAyADAALgAwADEALgAxADEAXwD8W2iPaI9TkC0AMgBAAEsASwBDAFQAUABNADMARgAyADAALgAwADIAXwD0dr9+/Ftoj8R+9k4EAAAAEAAAAAEAAAACAAAADAMAABYAAAA=</a:base64Binary><a:base64Binary>UEYAAAUAAAD//v9lSwBLAEMAVABQAE0AMwBGADIAMAAuADAAMgBfAPR2v378W2iPxH72Ti0AMQA0AEAASwBLAEMAVABQAE0AMwBGADIAMABFAF8AMgAwAHNeqFIJTgdjS2IoAHp681ghaotXKQAvAEsASwBHAEIAVAA3ADAALgAxACAATQAzAFgAOABfAIVRbVHSiQZX8Wc0WbqHiZQgAE0AMwBYADgALQAzAEAASwBLAEMAVABQAE0AMwBGADIAMAAuADAAMgBfAPR2v378W2iPxH72TgQAAAAQAAAAAQAAAAIAAAAoAwAANgAAAA==</a:base64Binary><a:base64Binary>UEYAAAUAAAD//v9lSwBLAEMAVABQAE0AMwBGADIAMAAuADAAMgBfAPR2v378W2iPxH72Ti0AMQA0AEAASwBLAEMAVABQAE0AMwBGADIAMABFAF8AMgAwAHNeqFIJTgdjS2IoAHp681ghaotXKQAvAEsASwBHAEIAVAA3ADAALgAxACAATQAzAFgAOABfAIVRbVHSiQZX8Wc0WbqHiZQgAE0AMwBYADgALQAxAEAASwBLAEMAVABQAE0AMwBGADIAMAAuADAAMgBfAPR2v378W2iPxH72TgQAAAAQAAAAAQAAAAIAAAAoAwAAMAAAAA==</a:base64Binary><a:base64Binary>UEYAAAUAAAD//v9lSwBLAEMAVABQAE0AMwBGADIAMAAuADAAMgBfAPR2v378W2iPxH72Ti0AMQA0AEAASwBLAEMAVABQAE0AMwBGADIAMABFAF8AMgAwAHNeqFIJTgdjS2IoAHp681ghaotXKQAvAEsASwBHAEIAVAA3ADAALgAxACAATQAzAFgAOABfAIVRbVHSiQZX8Wc0WbqHiZQgAE0AMwBYADgALQAyAEAASwBLAEMAVABQAE0AMwBGADIAMAAuADAAMgBfAPR2v378W2iPxH72TgQAAAAQAAAAAQAAAAIAAAAoAwAANQAAAA==</a:base64Binary><a:base64Binary>UEYAAAUAAAD//v9lSwBLAEMAVABQAE0AMwBGADIAMAAuADAAMgBfAPR2v378W2iPxH72Ti0AMQA0AEAASwBLAEMAVABQAE0AMwBGADIAMABFAF8AMgAwAHNeqFIJTgdjS2IoAHp681ghaotXKQAvAEsASwBHAEIAVAA3ADAALgAxACAATQAzAFgAOABfAIVRbVHSiQZX8Wc0WbqHiZQgAE0AMwBYADgALQA0AEAASwBLAEMAVABQAE0AMwBGADIAMAAuADAAMgBfAPR2v378W2iPxH72TgQAAAAQAAAAAQAAAAIAAAAoAwAANwAAAA==</a:base64Binary><a:base64Binary>UEYAAAUAAAD//v9lSwBLAEMAVABQAE0AMwBGADIAMAAuADAAMgBfAPR2v378W2iPxH72Ti0AMQAxAEAASwBLAEMAVABQAE0AMwBGADIAMABFAF8AMgAwAHNeqFIJTgdjS2IoAHp681ghaotXKQAvAEsASwBHAEIAVAA3ADAALgAxACAATQAzAFgAOABfAIVRbVHSiQZX8Wc0WbqHiZQgAE0AMwBYADgALQA0AEAASwBLAEMAVABQAE0AMwBGADIAMAAuADAAMgBfAPR2v378W2iPxH72TgQAAAAQAAAAAQAAAAIAAAAMAwAANwAAAA==</a:base64Binary><a:base64Binary>UEYAAAUAAAD//v9lSwBLAEMAVABQAE0AMwBGADIAMAAuADAAMgBfAPR2v378W2iPxH72Ti0AMQAxAEAASwBLAEMAVABQAE0AMwBGADIAMABFAF8AMgAwAHNeqFIJTgdjS2IoAHp681ghaotXKQAvAEsASwBHAEIAVAA3ADAALgAxACAATQAzAFgAOABfAIVRbVHSiQZX8Wc0WbqHiZQgAE0AMwBYADgALQAzAEAASwBLAEMAVABQAE0AMwBGADIAMAAuADAAMgBfAPR2v378W2iPxH72TgQAAAAQAAAAAQAAAAIAAAAMAwAANgAAAA==</a:base64Binary><a:base64Binary>UEYAAAUAAAD//v9lSwBLAEMAVABQAE0AMwBGADIAMAAuADAAMgBfAPR2v378W2iPxH72Ti0AMQAxAEAASwBLAEMAVABQAE0AMwBGADIAMABFAF8AMgAwAHNeqFIJTgdjS2IoAHp681ghaotXKQAvAEsASwBHAEIAVAA3ADAALgAxACAATQAzAFgAOABfAIVRbVHSiQZX8Wc0WbqHiZQgAE0AMwBYADgALQAxAEAASwBLAEMAVABQAE0AMwBGADIAMAAuADAAMgBfAPR2v378W2iPxH72TgQAAAAQAAAAAQAAAAIAAAAMAwAAMAAAAA==</a:base64Binary><a:base64Binary>UEYAAAUAAAD//v9lSwBLAEMAVABQAE0AMwBGADIAMAAuADAAMgBfAPR2v378W2iPxH72Ti0AMQAxAEAASwBLAEMAVABQAE0AMwBGADIAMABFAF8AMgAwAHNeqFIJTgdjS2IoAHp681ghaotXKQAvAEsASwBHAEIAVAA3ADAALgAxACAATQAzAFgAOABfAIVRbVHSiQZX8Wc0WbqHiZQgAE0AMwBYADgALQAyAEAASwBLAEMAVABQAE0AMwBGADIAMAAuADAAMgBfAPR2v378W2iPxH72TgQAAAAQAAAAAQAAAAIAAAAMAwAANQAAAA==</a:base64Binary><a:base64Binary>UEYAAAUAAAD//v9lSwBLAEMAVABQAE0AMwBGADIAMAAuADAAMgBfAPR2v378W2iPxH72Ti0AMQA1AEAASwBLAEMAVABQAE0AMwBGADIAMABFAF8AMgAwAHNeqFIJTgdjS2IoAHp681ghaotXKQAvAEsASwBHAEIAVAA3ADAALgAxACAATQAzAFgAOABfAIVRbVHSiQZX8Wc0WbqHiZQgAE0AMwBYADgALQA0AEAASwBLAEMAVABQAE0AMwBGADIAMAAuADAAMgBfAPR2v378W2iPxH72TgQAAAAQAAAAAQAAAAIAAAApAwAANwAAAA==</a:base64Binary><a:base64Binary>UEYAAAUAAAD//v9lSwBLAEMAVABQAE0AMwBGADIAMAAuADAAMgBfAPR2v378W2iPxH72Ti0AMQA1AEAASwBLAEMAVABQAE0AMwBGADIAMABFAF8AMgAwAHNeqFIJTgdjS2IoAHp681ghaotXKQAvAEsASwBHAEIAVAA3ADAALgAxACAATQAzAFgAOABfAIVRbVHSiQZX8Wc0WbqHiZQgAE0AMwBYADgALQAyAEAASwBLAEMAVABQAE0AMwBGADIAMAAuADAAMgBfAPR2v378W2iPxH72TgQAAAAQAAAAAQAAAAIAAAApAwAANQAAAA==</a:base64Binary><a:base64Binary>UEYAAAUAAAD//v9lSwBLAEMAVABQAE0AMwBGADIAMAAuADAAMgBfAPR2v378W2iPxH72Ti0AMQA1AEAASwBLAEMAVABQAE0AMwBGADIAMABFAF8AMgAwAHNeqFIJTgdjS2IoAHp681ghaotXKQAvAEsASwBHAEIAVAA3ADAALgAxACAATQAzAFgAOABfAIVRbVHSiQZX8Wc0WbqHiZQgAE0AMwBYADgALQAzAEAASwBLAEMAVABQAE0AMwBGADIAMAAuADAAMgBfAPR2v378W2iPxH72TgQAAAAQAAAAAQAAAAIAAAApAwAANgAAAA==</a:base64Binary><a:base64Binary>UEYAAAUAAAD//v9lSwBLAEMAVABQAE0AMwBGADIAMAAuADAAMgBfAPR2v378W2iPxH72Ti0AMQA1AEAASwBLAEMAVABQAE0AMwBGADIAMABFAF8AMgAwAHNeqFIJTgdjS2IoAHp681ghaotXKQAvAEsASwBHAEIAVAA3ADAALgAxACAATQAzAFgAOABfAIVRbVHSiQZX8Wc0WbqHiZQgAE0AMwBYADgALQAxAEAASwBLAEMAVABQAE0AMwBGADIAMAAuADAAMgBfAPR2v378W2iPxH72TgQAAAAQAAAAAQAAAAIAAAApAwAAMAAAAA==</a:base64Binary></SWComponentPIDs><SWMainComponentPID i:nil="true"/><Visual z:Ref="i16"/><isFixedFrame>false</isFixedFrame><isIncomplete>false</isIncomplete></Link>
2026-03-16 16:05:34,826 INFO  ExportPropertyManager.cs: 1142 - AfterClose called. This method no longer throws an Exception. It just silently does nothing. Ok, except for this logging message
2026-03-16 16:05:38,413 INFO  SwAddin.cs: 294 - Assembly export called for file KKCTPM3F20E_20平动三指手(空壳模型).SLDASM
2026-03-16 16:05:38,413 INFO  SwAddin.cs: 299 - Save is required
2026-03-16 16:05:38,413 INFO  SwAddin.cs: 313 - Saving assembly
2026-03-16 16:05:38,800 INFO  SwAddin.cs: 316 - Opening property manager
2026-03-16 16:05:38,801 INFO  ExportHelperExtension.cs: 1125 - Retrieving features of type [CoordSys] from KKCTPM3F20E_20平动三指手(空壳模型).SLDASM
2026-03-16 16:05:38,801 INFO  ExportHelperExtension.cs: 1136 - Found 87 in KKCTPM3F20E_20平动三指手(空壳模型).SLDASM
2026-03-16 16:05:38,802 INFO  ExportHelperExtension.cs: 1145 - Found 4 features of type [CoordSys] in KKCTPM3F20E_20平动三指手(空壳模型).SLDASM
2026-03-16 16:05:38,802 INFO  ExportHelperExtension.cs: 1148 - Proceeding through assembly components
2026-03-16 16:05:38,802 INFO  ExportHelperExtension.cs: 1160 - 18 components to check
2026-03-16 16:05:38,802 INFO  ExportHelperExtension.cs: 1125 - Retrieving features of type [CoordSys] from KKCTPM3F20.02_直线导轨组件-14
2026-03-16 16:05:38,802 INFO  ExportHelperExtension.cs: 1136 - Found 50 in KKCTPM3F20.02_直线导轨组件-14
2026-03-16 16:05:38,803 INFO  ExportHelperExtension.cs: 1145 - Found 0 features of type [CoordSys] in KKCTPM3F20.02_直线导轨组件-14
2026-03-16 16:05:38,803 INFO  ExportHelperExtension.cs: 1125 - Retrieving features of type [CoordSys] from KKCTPM3F20.02_直线导轨组件-15
2026-03-16 16:05:38,803 INFO  ExportHelperExtension.cs: 1136 - Found 50 in KKCTPM3F20.02_直线导轨组件-15
2026-03-16 16:05:38,803 INFO  ExportHelperExtension.cs: 1145 - Found 0 features of type [CoordSys] in KKCTPM3F20.02_直线导轨组件-15
2026-03-16 16:05:38,803 INFO  ExportHelperExtension.cs: 1125 - Retrieving features of type [CoordSys] from KKGBT70.1 M4X16_内六角圆柱头螺钉 M4X16-11
2026-03-16 16:05:38,803 INFO  ExportHelperExtension.cs: 1136 - Found 27 in KKGBT70.1 M4X16_内六角圆柱头螺钉 M4X16-11
2026-03-16 16:05:38,805 INFO  ExportHelperExtension.cs: 1145 - Found 0 features of type [CoordSys] in KKGBT70.1 M4X16_内六角圆柱头螺钉 M4X16-11
2026-03-16 16:05:38,805 INFO  ExportHelperExtension.cs: 1125 - Retrieving features of type [CoordSys] from KKGBT70.1 M4X16_内六角圆柱头螺钉 M4X16-7
2026-03-16 16:05:38,805 INFO  ExportHelperExtension.cs: 1136 - Found 27 in KKGBT70.1 M4X16_内六角圆柱头螺钉 M4X16-7
2026-03-16 16:05:38,806 INFO  ExportHelperExtension.cs: 1145 - Found 0 features of type [CoordSys] in KKGBT70.1 M4X16_内六角圆柱头螺钉 M4X16-7
2026-03-16 16:05:38,806 INFO  ExportHelperExtension.cs: 1125 - Retrieving features of type [CoordSys] from KKGBT70.1 M4X16_内六角圆柱头螺钉 M4X16-8
2026-03-16 16:05:38,806 INFO  ExportHelperExtension.cs: 1136 - Found 27 in KKGBT70.1 M4X16_内六角圆柱头螺钉 M4X16-8
2026-03-16 16:05:38,806 INFO  ExportHelperExtension.cs: 1145 - Found 0 features of type [CoordSys] in KKGBT70.1 M4X16_内六角圆柱头螺钉 M4X16-8
2026-03-16 16:05:38,806 INFO  ExportHelperExtension.cs: 1125 - Retrieving features of type [CoordSys] from KKGBT70.1 M4X16_内六角圆柱头螺钉 M4X16-10
2026-03-16 16:05:38,806 INFO  ExportHelperExtension.cs: 1136 - Found 27 in KKGBT70.1 M4X16_内六角圆柱头螺钉 M4X16-10
2026-03-16 16:05:38,807 INFO  ExportHelperExtension.cs: 1145 - Found 0 features of type [CoordSys] in KKGBT70.1 M4X16_内六角圆柱头螺钉 M4X16-10
2026-03-16 16:05:38,807 INFO  ExportHelperExtension.cs: 1125 - Retrieving features of type [CoordSys] from KKGBT70.1 M4X16_内六角圆柱头螺钉 M4X16-9
2026-03-16 16:05:38,807 INFO  ExportHelperExtension.cs: 1136 - Found 27 in KKGBT70.1 M4X16_内六角圆柱头螺钉 M4X16-9
2026-03-16 16:05:38,807 INFO  ExportHelperExtension.cs: 1145 - Found 0 features of type [CoordSys] in KKGBT70.1 M4X16_内六角圆柱头螺钉 M4X16-9
2026-03-16 16:05:38,807 INFO  ExportHelperExtension.cs: 1125 - Retrieving features of type [CoordSys] from KKCTPM3F20.01.15_连接法兰-1
2026-03-16 16:05:38,807 INFO  ExportHelperExtension.cs: 1136 - Found 109 in KKCTPM3F20.01.15_连接法兰-1
2026-03-16 16:05:38,809 INFO  ExportHelperExtension.cs: 1145 - Found 0 features of type [CoordSys] in KKCTPM3F20.01.15_连接法兰-1
2026-03-16 16:05:38,809 INFO  ExportHelperExtension.cs: 1125 - Retrieving features of type [CoordSys] from KKCTPM3F20.01.07_盖板-2
2026-03-16 16:05:38,809 INFO  ExportHelperExtension.cs: 1136 - Found 50 in KKCTPM3F20.01.07_盖板-2
2026-03-16 16:05:38,810 INFO  ExportHelperExtension.cs: 1145 - Found 0 features of type [CoordSys] in KKCTPM3F20.01.07_盖板-2
2026-03-16 16:05:38,810 INFO  ExportHelperExtension.cs: 1125 - Retrieving features of type [CoordSys] from KKGBT70.1 M4X16_内六角圆柱头螺钉 M4X16-1
2026-03-16 16:05:38,810 INFO  ExportHelperExtension.cs: 1136 - Found 27 in KKGBT70.1 M4X16_内六角圆柱头螺钉 M4X16-1
2026-03-16 16:05:38,810 INFO  ExportHelperExtension.cs: 1145 - Found 0 features of type [CoordSys] in KKGBT70.1 M4X16_内六角圆柱头螺钉 M4X16-1
2026-03-16 16:05:38,810 INFO  ExportHelperExtension.cs: 1125 - Retrieving features of type [CoordSys] from KKCTPM3F20.02_直线导轨组件-11
2026-03-16 16:05:38,811 INFO  ExportHelperExtension.cs: 1136 - Found 50 in KKCTPM3F20.02_直线导轨组件-11
2026-03-16 16:05:38,811 INFO  ExportHelperExtension.cs: 1145 - Found 0 features of type [CoordSys] in KKCTPM3F20.02_直线导轨组件-11
2026-03-16 16:05:38,811 INFO  ExportHelperExtension.cs: 1125 - Retrieving features of type [CoordSys] from KKCTPM3F20.01.05_电机安装板-3
2026-03-16 16:05:38,812 INFO  ExportHelperExtension.cs: 1136 - Found 44 in KKCTPM3F20.01.05_电机安装板-3
2026-03-16 16:05:38,812 INFO  ExportHelperExtension.cs: 1145 - Found 0 features of type [CoordSys] in KKCTPM3F20.01.05_电机安装板-3
2026-03-16 16:05:38,812 INFO  ExportHelperExtension.cs: 1125 - Retrieving features of type [CoordSys] from KKCTPM3F20.01.03_外壳-3
2026-03-16 16:05:38,812 INFO  ExportHelperExtension.cs: 1136 - Found 117 in KKCTPM3F20.01.03_外壳-3
2026-03-16 16:05:38,813 INFO  ExportHelperExtension.cs: 1145 - Found 0 features of type [CoordSys] in KKCTPM3F20.01.03_外壳-3
2026-03-16 16:05:38,813 INFO  ExportHelperExtension.cs: 1125 - Retrieving features of type [RefAxis] from KKCTPM3F20E_20平动三指手(空壳模型).SLDASM
2026-03-16 16:05:38,813 INFO  ExportHelperExtension.cs: 1136 - Found 87 in KKCTPM3F20E_20平动三指手(空壳模型).SLDASM
2026-03-16 16:05:38,813 INFO  ExportHelperExtension.cs: 1145 - Found 3 features of type [RefAxis] in KKCTPM3F20E_20平动三指手(空壳模型).SLDASM
2026-03-16 16:05:38,815 INFO  ExportHelperExtension.cs: 1148 - Proceeding through assembly components
2026-03-16 16:05:38,815 INFO  ExportHelperExtension.cs: 1160 - 18 components to check
2026-03-16 16:05:38,815 INFO  ExportHelperExtension.cs: 1125 - Retrieving features of type [RefAxis] from KKCTPM3F20.02_直线导轨组件-14
2026-03-16 16:05:38,815 INFO  ExportHelperExtension.cs: 1136 - Found 50 in KKCTPM3F20.02_直线导轨组件-14
2026-03-16 16:05:38,816 INFO  ExportHelperExtension.cs: 1145 - Found 0 features of type [RefAxis] in KKCTPM3F20.02_直线导轨组件-14
2026-03-16 16:05:38,816 INFO  ExportHelperExtension.cs: 1125 - Retrieving features of type [RefAxis] from KKCTPM3F20.02_直线导轨组件-15
2026-03-16 16:05:38,816 INFO  ExportHelperExtension.cs: 1136 - Found 50 in KKCTPM3F20.02_直线导轨组件-15
2026-03-16 16:05:38,816 INFO  ExportHelperExtension.cs: 1145 - Found 0 features of type [RefAxis] in KKCTPM3F20.02_直线导轨组件-15
2026-03-16 16:05:38,817 INFO  ExportHelperExtension.cs: 1125 - Retrieving features of type [RefAxis] from KKGBT70.1 M4X16_内六角圆柱头螺钉 M4X16-11
2026-03-16 16:05:38,817 INFO  ExportHelperExtension.cs: 1136 - Found 27 in KKGBT70.1 M4X16_内六角圆柱头螺钉 M4X16-11
2026-03-16 16:05:38,817 INFO  ExportHelperExtension.cs: 1145 - Found 0 features of type [RefAxis] in KKGBT70.1 M4X16_内六角圆柱头螺钉 M4X16-11
2026-03-16 16:05:38,818 INFO  ExportHelperExtension.cs: 1125 - Retrieving features of type [RefAxis] from KKGBT70.1 M4X16_内六角圆柱头螺钉 M4X16-7
2026-03-16 16:05:38,818 INFO  ExportHelperExtension.cs: 1136 - Found 27 in KKGBT70.1 M4X16_内六角圆柱头螺钉 M4X16-7
2026-03-16 16:05:38,818 INFO  ExportHelperExtension.cs: 1145 - Found 0 features of type [RefAxis] in KKGBT70.1 M4X16_内六角圆柱头螺钉 M4X16-7
2026-03-16 16:05:38,819 INFO  ExportHelperExtension.cs: 1125 - Retrieving features of type [RefAxis] from KKGBT70.1 M4X16_内六角圆柱头螺钉 M4X16-8
2026-03-16 16:05:38,819 INFO  ExportHelperExtension.cs: 1136 - Found 27 in KKGBT70.1 M4X16_内六角圆柱头螺钉 M4X16-8
2026-03-16 16:05:38,820 INFO  ExportHelperExtension.cs: 1145 - Found 0 features of type [RefAxis] in KKGBT70.1 M4X16_内六角圆柱头螺钉 M4X16-8
2026-03-16 16:05:38,820 INFO  ExportHelperExtension.cs: 1125 - Retrieving features of type [RefAxis] from KKGBT70.1 M4X16_内六角圆柱头螺钉 M4X16-10
2026-03-16 16:05:38,820 INFO  ExportHelperExtension.cs: 1136 - Found 27 in KKGBT70.1 M4X16_内六角圆柱头螺钉 M4X16-10
2026-03-16 16:05:38,821 INFO  ExportHelperExtension.cs: 1145 - Found 0 features of type [RefAxis] in KKGBT70.1 M4X16_内六角圆柱头螺钉 M4X16-10
2026-03-16 16:05:38,821 INFO  ExportHelperExtension.cs: 1125 - Retrieving features of type [RefAxis] from KKGBT70.1 M4X16_内六角圆柱头螺钉 M4X16-9
2026-03-16 16:05:38,821 INFO  ExportHelperExtension.cs: 1136 - Found 27 in KKGBT70.1 M4X16_内六角圆柱头螺钉 M4X16-9
2026-03-16 16:05:38,822 INFO  ExportHelperExtension.cs: 1145 - Found 0 features of type [RefAxis] in KKGBT70.1 M4X16_内六角圆柱头螺钉 M4X16-9
2026-03-16 16:05:38,822 INFO  ExportHelperExtension.cs: 1125 - Retrieving features of type [RefAxis] from KKCTPM3F20.01.15_连接法兰-1
2026-03-16 16:05:38,822 INFO  ExportHelperExtension.cs: 1136 - Found 109 in KKCTPM3F20.01.15_连接法兰-1
2026-03-16 16:05:38,823 INFO  ExportHelperExtension.cs: 1145 - Found 1 features of type [RefAxis] in KKCTPM3F20.01.15_连接法兰-1
2026-03-16 16:05:38,823 INFO  ExportHelperExtension.cs: 1125 - Retrieving features of type [RefAxis] from KKCTPM3F20.01.07_盖板-2
2026-03-16 16:05:38,823 INFO  ExportHelperExtension.cs: 1136 - Found 50 in KKCTPM3F20.01.07_盖板-2
2026-03-16 16:05:38,823 INFO  ExportHelperExtension.cs: 1145 - Found 0 features of type [RefAxis] in KKCTPM3F20.01.07_盖板-2
2026-03-16 16:05:38,824 INFO  ExportHelperExtension.cs: 1125 - Retrieving features of type [RefAxis] from KKGBT70.1 M4X16_内六角圆柱头螺钉 M4X16-1
2026-03-16 16:05:38,824 INFO  ExportHelperExtension.cs: 1136 - Found 27 in KKGBT70.1 M4X16_内六角圆柱头螺钉 M4X16-1
2026-03-16 16:05:38,824 INFO  ExportHelperExtension.cs: 1145 - Found 0 features of type [RefAxis] in KKGBT70.1 M4X16_内六角圆柱头螺钉 M4X16-1
2026-03-16 16:05:38,824 INFO  ExportHelperExtension.cs: 1125 - Retrieving features of type [RefAxis] from KKCTPM3F20.02_直线导轨组件-11
2026-03-16 16:05:38,825 INFO  ExportHelperExtension.cs: 1136 - Found 50 in KKCTPM3F20.02_直线导轨组件-11
2026-03-16 16:05:38,825 INFO  ExportHelperExtension.cs: 1145 - Found 0 features of type [RefAxis] in KKCTPM3F20.02_直线导轨组件-11
2026-03-16 16:05:38,825 INFO  ExportHelperExtension.cs: 1125 - Retrieving features of type [RefAxis] from KKCTPM3F20.01.05_电机安装板-3
2026-03-16 16:05:38,825 INFO  ExportHelperExtension.cs: 1136 - Found 44 in KKCTPM3F20.01.05_电机安装板-3
2026-03-16 16:05:38,826 INFO  ExportHelperExtension.cs: 1145 - Found 0 features of type [RefAxis] in KKCTPM3F20.01.05_电机安装板-3
2026-03-16 16:05:38,826 INFO  ExportHelperExtension.cs: 1125 - Retrieving features of type [RefAxis] from KKCTPM3F20.01.03_外壳-3
2026-03-16 16:05:38,826 INFO  ExportHelperExtension.cs: 1136 - Found 117 in KKCTPM3F20.01.03_外壳-3
2026-03-16 16:05:38,827 INFO  ExportHelperExtension.cs: 1145 - Found 1 features of type [RefAxis] in KKCTPM3F20.01.03_外壳-3
2026-03-16 16:05:38,861 INFO  SwAddin.cs: 339 - Loading config tree
2026-03-16 16:05:38,862 INFO  ConfigurationSerialization.cs: 276 - URDF Configuration found
<Link z:Id="i1" xmlns="http://schemas.datacontract.org/2004/07/SW2URDF" xmlns:i="http://www.w3.org/2001/XMLSchema-instance" xmlns:z="http://schemas.microsoft.com/2003/10/Serialization/"><Attributes><Attribute z:Id="i2"><AttributeType>name</AttributeType><IsRequired>true</IsRequired><Value i:type="a:string" xmlns:a="http://www.w3.org/2001/XMLSchema">base_link</Value></Attribute></Attributes><ChildElements><URDFElement z:Id="i3" i:type="Inertial"><Attributes/><ChildElements><URDFElement z:Id="i4" i:type="Origin"><Attributes><Attribute z:Id="i5"><AttributeType>xyz</AttributeType><IsRequired>true</IsRequired><Value i:type="a:ArrayOfdouble" xmlns:a="http://schemas.microsoft.com/2003/10/Serialization/Arrays"><a:double>0</a:double><a:double>0</a:double><a:double>0</a:double></Value></Attribute><Attribute z:Id="i6"><AttributeType>rpy</AttributeType><IsRequired>true</IsRequired><Value i:type="a:ArrayOfdouble" xmlns:a="http://schemas.microsoft.com/2003/10/Serialization/Arrays"><a:double>0</a:double><a:double>0</a:double><a:double>0</a:double></Value></Attribute></Attributes><ChildElements/><ElementName>origin</ElementName><required>false</required><RPYAttribute z:Ref="i6"/><XYZAttribute z:Ref="i5"/><isCustomized>false</isCustomized></URDFElement><URDFElement z:Id="i7" i:type="Mass"><Attributes><Attribute z:Id="i8"><AttributeType>value</AttributeType><IsRequired>true</IsRequired><Value i:type="a:double" xmlns:a="http://www.w3.org/2001/XMLSchema">0</Value></Attribute></Attributes><ChildElements/><ElementName>mass</ElementName><required>false</required><ValueAttribute z:Ref="i8"/></URDFElement><URDFElement z:Id="i9" i:type="Inertia"><Attributes><Attribute z:Id="i10"><AttributeType>ixx</AttributeType><IsRequired>true</IsRequired><Value i:type="a:double" xmlns:a="http://www.w3.org/2001/XMLSchema">0</Value></Attribute><Attribute z:Id="i11"><AttributeType>ixy</AttributeType><IsRequired>true</IsRequired><Value i:type="a:double" xmlns:a="http://www.w3.org/2001/XMLSchema">0</Value></Attribute><Attribute z:Id="i12"><AttributeType>ixz</AttributeType><IsRequired>true</IsRequired><Value i:type="a:double" xmlns:a="http://www.w3.org/2001/XMLSchema">0</Value></Attribute><Attribute z:Id="i13"><AttributeType>iyy</AttributeType><IsRequired>true</IsRequired><Value i:type="a:double" xmlns:a="http://www.w3.org/2001/XMLSchema">0</Value></Attribute><Attribute z:Id="i14"><AttributeType>iyz</AttributeType><IsRequired>true</IsRequired><Value i:type="a:double" xmlns:a="http://www.w3.org/2001/XMLSchema">0</Value></Attribute><Attribute z:Id="i15"><AttributeType>izz</AttributeType><IsRequired>true</IsRequired><Value i:type="a:double" xmlns:a="http://www.w3.org/2001/XMLSchema">0</Value></Attribute></Attributes><ChildElements/><ElementName>inertia</ElementName><required>false</required><IxxAttribute z:Ref="i10"/><IxyAttribute z:Ref="i11"/><IxzAttribute z:Ref="i12"/><IyyAttribute z:Ref="i13"/><IyzAttribute z:Ref="i14"/><IzzAttribute z:Ref="i15"/></URDFElement></ChildElements><ElementName>inertial</ElementName><required>false</required><Inertia z:Ref="i9"/><Mass z:Ref="i7"/><Origin z:Ref="i4"/></URDFElement><URDFElement z:Id="i16" i:type="Visual"><Attributes/><ChildElements><URDFElement z:Id="i17" i:type="Origin"><Attributes><Attribute z:Id="i18"><AttributeType>xyz</AttributeType><IsRequired>true</IsRequired><Value i:type="a:ArrayOfdouble" xmlns:a="http://schemas.microsoft.com/2003/10/Serialization/Arrays"><a:double>0</a:double><a:double>0</a:double><a:double>0</a:double></Value></Attribute><Attribute z:Id="i19"><AttributeType>rpy</AttributeType><IsRequired>true</IsRequired><Value i:type="a:ArrayOfdouble" xmlns:a="http://schemas.microsoft.com/2003/10/Serialization/Arrays"><a:double>0</a:double><a:double>0</a:double><a:double>0</a:double></Value></Attribute></Attributes><ChildElements/><ElementName>origin</ElementName><required>false</required><RPYAttribute z:Ref="i19"/><XYZAttribute z:Ref="i18"/><isCustomized>false</isCustomized></URDFElement><URDFElement z:Id="i20" i:type="Geometry"><Attributes/><ChildElements><URDFElement z:Id="i21" i:type="Mesh"><Attributes><Attribute z:Id="i22"><AttributeType>filename</AttributeType><IsRequired>true</IsRequired><Value i:nil="true"/></Attribute></Attributes><ChildElements/><ElementName>mesh</ElementName><required>false</required><FilenameAttribute z:Ref="i22"/></URDFElement></ChildElements><ElementName>geometry</ElementName><required>true</required><Mesh z:Ref="i21"/></URDFElement><URDFElement z:Id="i23" i:type="Material"><Attributes><Attribute z:Id="i24"><AttributeType>name</AttributeType><IsRequired>true</IsRequired><Value i:type="a:string" xmlns:a="http://www.w3.org/2001/XMLSchema"/></Attribute></Attributes><ChildElements><URDFElement z:Id="i25" i:type="Color"><Attributes><Attribute z:Id="i26"><AttributeType>rgba</AttributeType><IsRequired>true</IsRequired><Value i:type="a:ArrayOfdouble" xmlns:a="http://schemas.microsoft.com/2003/10/Serialization/Arrays"><a:double>1</a:double><a:double>1</a:double><a:double>1</a:double><a:double>1</a:double></Value></Attribute></Attributes><ChildElements/><ElementName>color</ElementName><required>false</required><RGBAAttribute z:Ref="i26"/></URDFElement><URDFElement z:Id="i27" i:type="Texture"><Attributes><Attribute z:Id="i28"><AttributeType>filename</AttributeType><IsRequired>true</IsRequired><Value i:nil="true"/></Attribute></Attributes><ChildElements/><ElementName>texture</ElementName><required>false</required><FilenameAttribute z:Ref="i28"/><wFilename/></URDFElement></ChildElements><ElementName>material</ElementName><required>false</required><Color z:Ref="i25"/><NameAttribute z:Ref="i24"/><Texture z:Ref="i27"/></URDFElement></ChildElements><ElementName>visual</ElementName><required>false</required><Geometry z:Ref="i20"/><Material z:Ref="i23"/><Origin z:Ref="i17"/></URDFElement><URDFElement z:Id="i29" i:type="Collision"><Attributes/><ChildElements><URDFElement z:Id="i30" i:type="Origin"><Attributes><Attribute z:Id="i31"><AttributeType>xyz</AttributeType><IsRequired>true</IsRequired><Value i:type="a:ArrayOfdouble" xmlns:a="http://schemas.microsoft.com/2003/10/Serialization/Arrays"><a:double>0</a:double><a:double>0</a:double><a:double>0</a:double></Value></Attribute><Attribute z:Id="i32"><AttributeType>rpy</AttributeType><IsRequired>true</IsRequired><Value i:type="a:ArrayOfdouble" xmlns:a="http://schemas.microsoft.com/2003/10/Serialization/Arrays"><a:double>0</a:double><a:double>0</a:double><a:double>0</a:double></Value></Attribute></Attributes><ChildElements/><ElementName>origin</ElementName><required>false</required><RPYAttribute z:Ref="i32"/><XYZAttribute z:Ref="i31"/><isCustomized>false</isCustomized></URDFElement><URDFElement z:Id="i33" i:type="Geometry"><Attributes/><ChildElements><URDFElement z:Id="i34" i:type="Mesh"><Attributes><Attribute z:Id="i35"><AttributeType>filename</AttributeType><IsRequired>true</IsRequired><Value i:nil="true"/></Attribute></Attributes><ChildElements/><ElementName>mesh</ElementName><required>false</required><FilenameAttribute z:Ref="i35"/></URDFElement></ChildElements><ElementName>geometry</ElementName><required>true</required><Mesh z:Ref="i34"/></URDFElement></ChildElements><ElementName>collision</ElementName><required>false</required><Geometry z:Ref="i33"/><Origin z:Ref="i30"/></URDFElement><URDFElement z:Id="i36" i:type="Joint"><Attributes><Attribute z:Id="i37"><AttributeType>name</AttributeType><IsRequired>true</IsRequired><Value i:type="a:string" xmlns:a="http://www.w3.org/2001/XMLSchema"/></Attribute><Attribute z:Id="i38"><AttributeType>type</AttributeType><IsRequired>true</IsRequired><Value i:type="a:string" xmlns:a="http://www.w3.org/2001/XMLSchema"/></Attribute></Attributes><ChildElements><URDFElement z:Id="i39" i:type="Origin"><Attributes><Attribute z:Id="i40"><AttributeType>xyz</AttributeType><IsRequired>true</IsRequired><Value i:type="a:ArrayOfdouble" xmlns:a="http://schemas.microsoft.com/2003/10/Serialization/Arrays"><a:double>0</a:double><a:double>0</a:double><a:double>0</a:double></Value></Attribute><Attribute z:Id="i41"><AttributeType>rpy</AttributeType><IsRequired>true</IsRequired><Value i:type="a:ArrayOfdouble" xmlns:a="http://schemas.microsoft.com/2003/10/Serialization/Arrays"><a:double>0</a:double><a:double>0</a:double><a:double>0</a:double></Value></Attribute></Attributes><ChildElements/><ElementName>origin</ElementName><required>false</required><RPYAttribute z:Ref="i41"/><XYZAttribute z:Ref="i40"/><isCustomized>false</isCustomized></URDFElement><URDFElement z:Id="i42" i:type="ParentLink"><Attributes><Attribute z:Id="i43"><AttributeType>link</AttributeType><IsRequired>true</IsRequired><Value i:type="a:string" xmlns:a="http://www.w3.org/2001/XMLSchema"/></Attribute></Attributes><ChildElements/><ElementName>parent</ElementName><required>true</required><NameAttribute z:Ref="i43"/></URDFElement><URDFElement z:Id="i44" i:type="ChildLink"><Attributes><Attribute z:Id="i45"><AttributeType>link</AttributeType><IsRequired>true</IsRequired><Value i:type="a:string" xmlns:a="http://www.w3.org/2001/XMLSchema"/></Attribute></Attributes><ChildElements/><ElementName>child</ElementName><required>true</required><NameAttribute z:Ref="i45"/></URDFElement><URDFElement z:Id="i46" i:type="Axis"><Attributes><Attribute z:Id="i47"><AttributeType>xyz</AttributeType><IsRequired>true</IsRequired><Value i:type="a:ArrayOfdouble" xmlns:a="http://schemas.microsoft.com/2003/10/Serialization/Arrays"><a:double>0</a:double><a:double>0</a:double><a:double>0</a:double></Value></Attribute></Attributes><ChildElements/><ElementName>axis</ElementName><required>false</required><XYZAttribute z:Ref="i47"/></URDFElement><URDFElement z:Id="i48" i:type="Limit"><Attributes><Attribute z:Id="i49"><AttributeType>lower</AttributeType><IsRequired>false</IsRequired><Value i:nil="true"/></Attribute><Attribute z:Id="i50"><AttributeType>upper</AttributeType><IsRequired>false</IsRequired><Value i:nil="true"/></Attribute><Attribute z:Id="i51"><AttributeType>effort</AttributeType><IsRequired>true</IsRequired><Value i:nil="true"/></Attribute><Attribute z:Id="i52"><AttributeType>velocity</AttributeType><IsRequired>true</IsRequired><Value i:nil="true"/></Attribute></Attributes><ChildElements/><ElementName>limit</ElementName><required>false</required><EffortAttribute z:Ref="i51"/><LowerAttribute z:Ref="i49"/><UpperAttribute z:Ref="i50"/><VelocityAttribute z:Ref="i52"/></URDFElement><URDFElement z:Id="i53" i:type="Calibration"><Attributes><Attribute z:Id="i54"><AttributeType>rising</AttributeType><IsRequired>false</IsRequired><Value i:nil="true"/></Attribute><Attribute z:Id="i55"><AttributeType>falling</AttributeType><IsRequired>false</IsRequired><Value i:nil="true"/></Attribute></Attributes><ChildElements/><ElementName>calibration</ElementName><required>false</required><FallingAttribute z:Ref="i55"/><RisingAttribute z:Ref="i54"/></URDFElement><URDFElement z:Id="i56" i:type="Dynamics"><Attributes><Attribute z:Id="i57"><AttributeType>damping</AttributeType><IsRequired>false</IsRequired><Value i:nil="true"/></Attribute><Attribute z:Id="i58"><AttributeType>friction</AttributeType><IsRequired>false</IsRequired><Value i:nil="true"/></Attribute></Attributes><ChildElements/><ElementName>dynamics</ElementName><required>false</required><DampingAttribute z:Ref="i57"/><FrictionAttribute z:Ref="i58"/></URDFElement><URDFElement z:Id="i59" i:type="SafetyController"><Attributes><Attribute z:Id="i60"><AttributeType>soft_upper_limit</AttributeType><IsRequired>false</IsRequired><Value i:nil="true"/></Attribute><Attribute z:Id="i61"><AttributeType>soft_lower_limit</AttributeType><IsRequired>false</IsRequired><Value i:nil="true"/></Attribute><Attribute z:Id="i62"><AttributeType>k_position</AttributeType><IsRequired>false</IsRequired><Value i:nil="true"/></Attribute><Attribute z:Id="i63"><AttributeType>k_velocity</AttributeType><IsRequired>true</IsRequired><Value i:nil="true"/></Attribute></Attributes><ChildElements/><ElementName>safety_controller</ElementName><required>false</required><KPositionAttribute z:Ref="i62"/><KVelocityAttribute z:Ref="i63"/><SoftLowerAttribute z:Ref="i61"/><SoftUpperAttribute z:Ref="i60"/></URDFElement><URDFElement z:Id="i64" i:type="Mimic"><Attributes><Attribute z:Id="i65"><AttributeType>joint</AttributeType><IsRequired>true</IsRequired><Value i:nil="true"/></Attribute><Attribute z:Id="i66"><AttributeType>multiplier</AttributeType><IsRequired>false</IsRequired><Value i:nil="true"/></Attribute><Attribute z:Id="i67"><AttributeType>offset</AttributeType><IsRequired>false</IsRequired><Value i:nil="true"/></Attribute></Attributes><ChildElements/><ElementName>mimic</ElementName><required>false</required><JointNameAttribute z:Ref="i65"/><MultiplierAttribute z:Ref="i66"/><OffsetAttribute z:Ref="i67"/></URDFElement></ChildElements><ElementName>joint</ElementName><required>false</required><Axis z:Ref="i46"/><AxisName/><Calibration z:Ref="i53"/><Child z:Ref="i44"/><CoordinateSystemName>Automatically Generate</CoordinateSystemName><Dynamics z:Ref="i56"/><Limit z:Ref="i48"/><Mimic z:Ref="i64"/><NameAttribute z:Ref="i37"/><Origin z:Ref="i39"/><Parent z:Ref="i42"/><Safety z:Ref="i59"/><TypeAttribute z:Ref="i38"/></URDFElement></ChildElements><ElementName>link</ElementName><required>true</required><Children><Link z:Id="i68"><Attributes><Attribute z:Id="i69"><AttributeType>name</AttributeType><IsRequired>true</IsRequired><Value i:type="a:string" xmlns:a="http://www.w3.org/2001/XMLSchema">Slide_1_Link</Value></Attribute></Attributes><ChildElements><URDFElement z:Id="i70" i:type="Inertial"><Attributes/><ChildElements><URDFElement z:Id="i71" i:type="Origin"><Attributes><Attribute z:Id="i72"><AttributeType>xyz</AttributeType><IsRequired>true</IsRequired><Value i:type="a:ArrayOfdouble" xmlns:a="http://schemas.microsoft.com/2003/10/Serialization/Arrays"><a:double>0</a:double><a:double>0</a:double><a:double>0</a:double></Value></Attribute><Attribute z:Id="i73"><AttributeType>rpy</AttributeType><IsRequired>true</IsRequired><Value i:type="a:ArrayOfdouble" xmlns:a="http://schemas.microsoft.com/2003/10/Serialization/Arrays"><a:double>0</a:double><a:double>0</a:double><a:double>0</a:double></Value></Attribute></Attributes><ChildElements/><ElementName>origin</ElementName><required>false</required><RPYAttribute z:Ref="i73"/><XYZAttribute z:Ref="i72"/><isCustomized>false</isCustomized></URDFElement><URDFElement z:Id="i74" i:type="Mass"><Attributes><Attribute z:Id="i75"><AttributeType>value</AttributeType><IsRequired>true</IsRequired><Value i:type="a:double" xmlns:a="http://www.w3.org/2001/XMLSchema">0</Value></Attribute></Attributes><ChildElements/><ElementName>mass</ElementName><required>false</required><ValueAttribute z:Ref="i75"/></URDFElement><URDFElement z:Id="i76" i:type="Inertia"><Attributes><Attribute z:Id="i77"><AttributeType>ixx</AttributeType><IsRequired>true</IsRequired><Value i:type="a:double" xmlns:a="http://www.w3.org/2001/XMLSchema">0</Value></Attribute><Attribute z:Id="i78"><AttributeType>ixy</AttributeType><IsRequired>true</IsRequired><Value i:type="a:double" xmlns:a="http://www.w3.org/2001/XMLSchema">0</Value></Attribute><Attribute z:Id="i79"><AttributeType>ixz</AttributeType><IsRequired>true</IsRequired><Value i:type="a:double" xmlns:a="http://www.w3.org/2001/XMLSchema">0</Value></Attribute><Attribute z:Id="i80"><AttributeType>iyy</AttributeType><IsRequired>true</IsRequired><Value i:type="a:double" xmlns:a="http://www.w3.org/2001/XMLSchema">0</Value></Attribute><Attribute z:Id="i81"><AttributeType>iyz</AttributeType><IsRequired>true</IsRequired><Value i:type="a:double" xmlns:a="http://www.w3.org/2001/XMLSchema">0</Value></Attribute><Attribute z:Id="i82"><AttributeType>izz</AttributeType><IsRequired>true</IsRequired><Value i:type="a:double" xmlns:a="http://www.w3.org/2001/XMLSchema">0</Value></Attribute></Attributes><ChildElements/><ElementName>inertia</ElementName><required>false</required><IxxAttribute z:Ref="i77"/><IxyAttribute z:Ref="i78"/><IxzAttribute z:Ref="i79"/><IyyAttribute z:Ref="i80"/><IyzAttribute z:Ref="i81"/><IzzAttribute z:Ref="i82"/></URDFElement></ChildElements><ElementName>inertial</ElementName><required>false</required><Inertia z:Ref="i76"/><Mass z:Ref="i74"/><Origin z:Ref="i71"/></URDFElement><URDFElement z:Id="i83" i:type="Visual"><Attributes/><ChildElements><URDFElement z:Id="i84" i:type="Origin"><Attributes><Attribute z:Id="i85"><AttributeType>xyz</AttributeType><IsRequired>true</IsRequired><Value i:type="a:ArrayOfdouble" xmlns:a="http://schemas.microsoft.com/2003/10/Serialization/Arrays"><a:double>0</a:double><a:double>0</a:double><a:double>0</a:double></Value></Attribute><Attribute z:Id="i86"><AttributeType>rpy</AttributeType><IsRequired>true</IsRequired><Value i:type="a:ArrayOfdouble" xmlns:a="http://schemas.microsoft.com/2003/10/Serialization/Arrays"><a:double>0</a:double><a:double>0</a:double><a:double>0</a:double></Value></Attribute></Attributes><ChildElements/><ElementName>origin</ElementName><required>false</required><RPYAttribute z:Ref="i86"/><XYZAttribute z:Ref="i85"/><isCustomized>false</isCustomized></URDFElement><URDFElement z:Id="i87" i:type="Geometry"><Attributes/><ChildElements><URDFElement z:Id="i88" i:type="Mesh"><Attributes><Attribute z:Id="i89"><AttributeType>filename</AttributeType><IsRequired>true</IsRequired><Value i:nil="true"/></Attribute></Attributes><ChildElements/><ElementName>mesh</ElementName><required>false</required><FilenameAttribute z:Ref="i89"/></URDFElement></ChildElements><ElementName>geometry</ElementName><required>true</required><Mesh z:Ref="i88"/></URDFElement><URDFElement z:Id="i90" i:type="Material"><Attributes><Attribute z:Id="i91"><AttributeType>name</AttributeType><IsRequired>true</IsRequired><Value i:type="a:string" xmlns:a="http://www.w3.org/2001/XMLSchema"/></Attribute></Attributes><ChildElements><URDFElement z:Id="i92" i:type="Color"><Attributes><Attribute z:Id="i93"><AttributeType>rgba</AttributeType><IsRequired>true</IsRequired><Value i:type="a:ArrayOfdouble" xmlns:a="http://schemas.microsoft.com/2003/10/Serialization/Arrays"><a:double>1</a:double><a:double>1</a:double><a:double>1</a:double><a:double>1</a:double></Value></Attribute></Attributes><ChildElements/><ElementName>color</ElementName><required>false</required><RGBAAttribute z:Ref="i93"/></URDFElement><URDFElement z:Id="i94" i:type="Texture"><Attributes><Attribute z:Id="i95"><AttributeType>filename</AttributeType><IsRequired>true</IsRequired><Value i:nil="true"/></Attribute></Attributes><ChildElements/><ElementName>texture</ElementName><required>false</required><FilenameAttribute z:Ref="i95"/><wFilename/></URDFElement></ChildElements><ElementName>material</ElementName><required>false</required><Color z:Ref="i92"/><NameAttribute z:Ref="i91"/><Texture z:Ref="i94"/></URDFElement></ChildElements><ElementName>visual</ElementName><required>false</required><Geometry z:Ref="i87"/><Material z:Ref="i90"/><Origin z:Ref="i84"/></URDFElement><URDFElement z:Id="i96" i:type="Collision"><Attributes/><ChildElements><URDFElement z:Id="i97" i:type="Origin"><Attributes><Attribute z:Id="i98"><AttributeType>xyz</AttributeType><IsRequired>true</IsRequired><Value i:type="a:ArrayOfdouble" xmlns:a="http://schemas.microsoft.com/2003/10/Serialization/Arrays"><a:double>0</a:double><a:double>0</a:double><a:double>0</a:double></Value></Attribute><Attribute z:Id="i99"><AttributeType>rpy</AttributeType><IsRequired>true</IsRequired><Value i:type="a:ArrayOfdouble" xmlns:a="http://schemas.microsoft.com/2003/10/Serialization/Arrays"><a:double>0</a:double><a:double>0</a:double><a:double>0</a:double></Value></Attribute></Attributes><ChildElements/><ElementName>origin</ElementName><required>false</required><RPYAttribute z:Ref="i99"/><XYZAttribute z:Ref="i98"/><isCustomized>false</isCustomized></URDFElement><URDFElement z:Id="i100" i:type="Geometry"><Attributes/><ChildElements><URDFElement z:Id="i101" i:type="Mesh"><Attributes><Attribute z:Id="i102"><AttributeType>filename</AttributeType><IsRequired>true</IsRequired><Value i:nil="true"/></Attribute></Attributes><ChildElements/><ElementName>mesh</ElementName><required>false</required><FilenameAttribute z:Ref="i102"/></URDFElement></ChildElements><ElementName>geometry</ElementName><required>true</required><Mesh z:Ref="i101"/></URDFElement></ChildElements><ElementName>collision</ElementName><required>false</required><Geometry z:Ref="i100"/><Origin z:Ref="i97"/></URDFElement><URDFElement z:Id="i103" i:type="Joint"><Attributes><Attribute z:Id="i104"><AttributeType>name</AttributeType><IsRequired>true</IsRequired><Value i:type="a:string" xmlns:a="http://www.w3.org/2001/XMLSchema">Slide_1_Joint</Value></Attribute><Attribute z:Id="i105"><AttributeType>type</AttributeType><IsRequired>true</IsRequired><Value i:type="a:string" xmlns:a="http://www.w3.org/2001/XMLSchema">prismatic</Value></Attribute></Attributes><ChildElements><URDFElement z:Id="i106" i:type="Origin"><Attributes><Attribute z:Id="i107"><AttributeType>xyz</AttributeType><IsRequired>true</IsRequired><Value i:type="a:ArrayOfdouble" xmlns:a="http://schemas.microsoft.com/2003/10/Serialization/Arrays"><a:double>0</a:double><a:double>0</a:double><a:double>0</a:double></Value></Attribute><Attribute z:Id="i108"><AttributeType>rpy</AttributeType><IsRequired>true</IsRequired><Value i:type="a:ArrayOfdouble" xmlns:a="http://schemas.microsoft.com/2003/10/Serialization/Arrays"><a:double>0</a:double><a:double>0</a:double><a:double>0</a:double></Value></Attribute></Attributes><ChildElements/><ElementName>origin</ElementName><required>false</required><RPYAttribute z:Ref="i108"/><XYZAttribute z:Ref="i107"/><isCustomized>false</isCustomized></URDFElement><URDFElement z:Id="i109" i:type="ParentLink"><Attributes><Attribute z:Id="i110"><AttributeType>link</AttributeType><IsRequired>true</IsRequired><Value i:type="a:string" xmlns:a="http://www.w3.org/2001/XMLSchema"/></Attribute></Attributes><ChildElements/><ElementName>parent</ElementName><required>true</required><NameAttribute z:Ref="i110"/></URDFElement><URDFElement z:Id="i111" i:type="ChildLink"><Attributes><Attribute z:Id="i112"><AttributeType>link</AttributeType><IsRequired>true</IsRequired><Value i:type="a:string" xmlns:a="http://www.w3.org/2001/XMLSchema"/></Attribute></Attributes><ChildElements/><ElementName>child</ElementName><required>true</required><NameAttribute z:Ref="i112"/></URDFElement><URDFElement z:Id="i113" i:type="Axis"><Attributes><Attribute z:Id="i114"><AttributeType>xyz</AttributeType><IsRequired>true</IsRequired><Value i:type="a:ArrayOfdouble" xmlns:a="http://schemas.microsoft.com/2003/10/Serialization/Arrays"><a:double>0</a:double><a:double>0</a:double><a:double>0</a:double></Value></Attribute></Attributes><ChildElements/><ElementName>axis</ElementName><required>false</required><XYZAttribute z:Ref="i114"/></URDFElement><URDFElement z:Id="i115" i:type="Limit"><Attributes><Attribute z:Id="i116"><AttributeType>lower</AttributeType><IsRequired>true</IsRequired><Value i:nil="true"/></Attribute><Attribute z:Id="i117"><AttributeType>upper</AttributeType><IsRequired>true</IsRequired><Value i:nil="true"/></Attribute><Attribute z:Id="i118"><AttributeType>effort</AttributeType><IsRequired>true</IsRequired><Value i:nil="true"/></Attribute><Attribute z:Id="i119"><AttributeType>velocity</AttributeType><IsRequired>true</IsRequired><Value i:nil="true"/></Attribute></Attributes><ChildElements/><ElementName>limit</ElementName><required>true</required><EffortAttribute z:Ref="i118"/><LowerAttribute z:Ref="i116"/><UpperAttribute z:Ref="i117"/><VelocityAttribute z:Ref="i119"/></URDFElement><URDFElement z:Id="i120" i:type="Calibration"><Attributes><Attribute z:Id="i121"><AttributeType>rising</AttributeType><IsRequired>false</IsRequired><Value i:nil="true"/></Attribute><Attribute z:Id="i122"><AttributeType>falling</AttributeType><IsRequired>false</IsRequired><Value i:nil="true"/></Attribute></Attributes><ChildElements/><ElementName>calibration</ElementName><required>false</required><FallingAttribute z:Ref="i122"/><RisingAttribute z:Ref="i121"/></URDFElement><URDFElement z:Id="i123" i:type="Dynamics"><Attributes><Attribute z:Id="i124"><AttributeType>damping</AttributeType><IsRequired>false</IsRequired><Value i:nil="true"/></Attribute><Attribute z:Id="i125"><AttributeType>friction</AttributeType><IsRequired>false</IsRequired><Value i:nil="true"/></Attribute></Attributes><ChildElements/><ElementName>dynamics</ElementName><required>false</required><DampingAttribute z:Ref="i124"/><FrictionAttribute z:Ref="i125"/></URDFElement><URDFElement z:Id="i126" i:type="SafetyController"><Attributes><Attribute z:Id="i127"><AttributeType>soft_upper_limit</AttributeType><IsRequired>false</IsRequired><Value i:nil="true"/></Attribute><Attribute z:Id="i128"><AttributeType>soft_lower_limit</AttributeType><IsRequired>false</IsRequired><Value i:nil="true"/></Attribute><Attribute z:Id="i129"><AttributeType>k_position</AttributeType><IsRequired>false</IsRequired><Value i:nil="true"/></Attribute><Attribute z:Id="i130"><AttributeType>k_velocity</AttributeType><IsRequired>true</IsRequired><Value i:nil="true"/></Attribute></Attributes><ChildElements/><ElementName>safety_controller</ElementName><required>false</required><KPositionAttribute z:Ref="i129"/><KVelocityAttribute z:Ref="i130"/><SoftLowerAttribute z:Ref="i128"/><SoftUpperAttribute z:Ref="i127"/></URDFElement><URDFElement z:Id="i131" i:type="Mimic"><Attributes><Attribute z:Id="i132"><AttributeType>joint</AttributeType><IsRequired>true</IsRequired><Value i:nil="true"/></Attribute><Attribute z:Id="i133"><AttributeType>multiplier</AttributeType><IsRequired>false</IsRequired><Value i:nil="true"/></Attribute><Attribute z:Id="i134"><AttributeType>offset</AttributeType><IsRequired>false</IsRequired><Value i:nil="true"/></Attribute></Attributes><ChildElements/><ElementName>mimic</ElementName><required>false</required><JointNameAttribute z:Ref="i132"/><MultiplierAttribute z:Ref="i133"/><OffsetAttribute z:Ref="i134"/></URDFElement></ChildElements><ElementName>joint</ElementName><required>false</required><Axis z:Ref="i113"/><AxisName>Automatically Generate</AxisName><Calibration z:Ref="i120"/><Child z:Ref="i111"/><CoordinateSystemName>Automatically Generate</CoordinateSystemName><Dynamics z:Ref="i123"/><Limit z:Ref="i115"/><Mimic z:Ref="i131"/><NameAttribute z:Ref="i104"/><Origin z:Ref="i106"/><Parent z:Ref="i109"/><Safety z:Ref="i126"/><TypeAttribute z:Ref="i105"/></URDFElement></ChildElements><ElementName>link</ElementName><required>true</required><Children/><Collision z:Ref="i96"/><Inertial z:Ref="i70"/><Joint z:Ref="i103"/><NameAttribute z:Ref="i69"/><Parent z:Ref="i1"/><STLQualityFine>false</STLQualityFine><SWComponentPIDs xmlns:a="http://schemas.microsoft.com/2003/10/Serialization/Arrays"><a:base64Binary>UEYAAAUAAAD//v+RSwBLAEMAVABQAE0AMwBGADIAMAAuADAAMgBfAPR2v378W2iPxH72Ti0AMQA0AEAASwBLAEMAVABQAE0AMwBGADIAMABFAF8AMgAwAHNeqFIJTgdjS2IoAHp681ghaotXKQAvAEsASwBDAFQAUAAzAE0AMgAwAC4AMAAyAC4ALgAwADIAXwDRbldXxH72Ti0AMQBAAEsASwBDAFQAUABNADMARgAyADAALgAwADIAXwD0dr9+/Ftoj8R+9k4vAEsASwBDAFQAUABNADMARgAyADAALgAwADIALgAwADIALgAwADEAXwDabuBz/Ftoj9FuV1ctADEAQABLAEsAQwBUAFAAMwBNADIAMAAuADAAMgAuAC4AMAAyAF8A0W5XV8R+9k4EAAAAEAAAAAEAAAADAAAAKAMAABoAAABCAAAA</a:base64Binary><a:base64Binary>UEYAAAUAAAD//v+RSwBLAEMAVABQAE0AMwBGADIAMAAuADAAMgBfAPR2v378W2iPxH72Ti0AMQA0AEAASwBLAEMAVABQAE0AMwBGADIAMABFAF8AMgAwAHNeqFIJTgdjS2IoAHp681ghaotXKQAvAEsASwBDAFQAUAAzAE0AMgAwAC4AMAAyAC4ALgAwADIAXwDRbldXxH72Ti0AMQBAAEsASwBDAFQAUABNADMARgAyADAALgAwADIAXwD0dr9+/Ftoj8R+9k4vAEsASwBDAFQAUABNADMARgAyADAALgAwADIALgAwADIALgAwADIAXwD8W2iP0W5XVyFjf2ctADQAQABLAEsAQwBUAFAAMwBNADIAMAAuADAAMgAuAC4AMAAyAF8A0W5XV8R+9k4EAAAAEAAAAAEAAAADAAAAKAMAABoAAABEAAAA</a:base64Binary><a:base64Binary>UEYAAAUAAAD//v+RSwBLAEMAVABQAE0AMwBGADIAMAAuADAAMgBfAPR2v378W2iPxH72Ti0AMQA0AEAASwBLAEMAVABQAE0AMwBGADIAMABFAF8AMgAwAHNeqFIJTgdjS2IoAHp681ghaotXKQAvAEsASwBDAFQAUAAzAE0AMgAwAC4AMAAyAC4ALgAwADIAXwDRbldXxH72Ti0AMQBAAEsASwBDAFQAUABNADMARgAyADAALgAwADIAXwD0dr9+/Ftoj8R+9k4vAEsASwBDAFQAUABNADMARgAyADAALgAwADIALgAwADIALgAwADIAXwD8W2iP0W5XVyFjf2ctADMAQABLAEsAQwBUAFAAMwBNADIAMAAuADAAMgAuAC4AMAAyAF8A0W5XV8R+9k4EAAAAEAAAAAEAAAADAAAAKAMAABoAAABDAAAA</a:base64Binary><a:base64Binary>UEYAAAUAAAD//v+TSwBLAEMAVABQAE0AMwBGADIAMAAuADAAMgBfAPR2v378W2iPxH72Ti0AMQA0AEAASwBLAEMAVABQAE0AMwBGADIAMABFAF8AMgAwAHNeqFIJTgdjS2IoAHp681ghaotXKQAvAEsASwBDAFQAUAAzAE0AMgAwAC4AMAAyAC4ALgAwADIAXwDRbldXxH72Ti0AMQBAAEsASwBDAFQAUABNADMARgAyADAALgAwADIAXwD0dr9+/Ftoj8R+9k4vAEsASwBHAEIAVAA4ADEAOQAuADEAIABNADIAWAA0AF8AQVNXW/1piWw0WbqHiZQgAE0AMgBYADQALQA3AEAASwBLAEMAVABQADMATQAyADAALgAwADIALgAuADAAMgBfANFuV1fEfvZOBAAAABAAAAABAAAAAwAAACgDAAAaAAAAagAAAA==</a:base64Binary><a:base64Binary>UEYAAAUAAAD//v+TSwBLAEMAVABQAE0AMwBGADIAMAAuADAAMgBfAPR2v378W2iPxH72Ti0AMQA0AEAASwBLAEMAVABQAE0AMwBGADIAMABFAF8AMgAwAHNeqFIJTgdjS2IoAHp681ghaotXKQAvAEsASwBDAFQAUAAzAE0AMgAwAC4AMAAyAC4ALgAwADIAXwDRbldXxH72Ti0AMQBAAEsASwBDAFQAUABNADMARgAyADAALgAwADIAXwD0dr9+/Ftoj8R+9k4vAEsASwBHAEIAVAA4ADEAOQAuADEAIABNADIAWAA0AF8AQVNXW/1piWw0WbqHiZQgAE0AMgBYADQALQA2AEAASwBLAEMAVABQADMATQAyADAALgAwADIALgAuADAAMgBfANFuV1fEfvZOBAAAABAAAAABAAAAAwAAACgDAAAaAAAAawAAAA==</a:base64Binary><a:base64Binary>UEYAAAUAAAD//v+TSwBLAEMAVABQAE0AMwBGADIAMAAuADAAMgBfAPR2v378W2iPxH72Ti0AMQA0AEAASwBLAEMAVABQAE0AMwBGADIAMABFAF8AMgAwAHNeqFIJTgdjS2IoAHp681ghaotXKQAvAEsASwBDAFQAUAAzAE0AMgAwAC4AMAAyAC4ALgAwADIAXwDRbldXxH72Ti0AMQBAAEsASwBDAFQAUABNADMARgAyADAALgAwADIAXwD0dr9+/Ftoj8R+9k4vAEsASwBHAEIAVAA4ADEAOQAuADEAIABNADIAWAA0AF8AQVNXW/1piWw0WbqHiZQgAE0AMgBYADQALQAyAEAASwBLAEMAVABQADMATQAyADAALgAwADIALgAuADAAMgBfANFuV1fEfvZOBAAAABAAAAABAAAAAwAAACgDAAAaAAAAYQAAAA==</a:base64Binary><a:base64Binary>UEYAAAUAAAD//v+TSwBLAEMAVABQAE0AMwBGADIAMAAuADAAMgBfAPR2v378W2iPxH72Ti0AMQA0AEAASwBLAEMAVABQAE0AMwBGADIAMABFAF8AMgAwAHNeqFIJTgdjS2IoAHp681ghaotXKQAvAEsASwBDAFQAUAAzAE0AMgAwAC4AMAAyAC4ALgAwADIAXwDRbldXxH72Ti0AMQBAAEsASwBDAFQAUABNADMARgAyADAALgAwADIAXwD0dr9+/Ftoj8R+9k4vAEsASwBHAEIAVAA4ADEAOQAuADEAIABNADIAWAA0AF8AQVNXW/1piWw0WbqHiZQgAE0AMgBYADQALQA0AEAASwBLAEMAVABQADMATQAyADAALgAwADIALgAuADAAMgBfANFuV1fEfvZOBAAAABAAAAABAAAAAwAAACgDAAAaAAAAaAAAAA==</a:base64Binary></SWComponentPIDs><SWMainComponentPID i:nil="true"/><Visual z:Ref="i83"/><isFixedFrame>false</isFixedFrame><isIncomplete>false</isIncomplete></Link><Link z:Id="i135"><Attributes><Attribute z:Id="i136"><AttributeType>name</AttributeType><IsRequired>true</IsRequired><Value i:type="a:string" xmlns:a="http://www.w3.org/2001/XMLSchema">Slide_2_Link</Value></Attribute></Attributes><ChildElements><URDFElement z:Id="i137" i:type="Inertial"><Attributes/><ChildElements><URDFElement z:Id="i138" i:type="Origin"><Attributes><Attribute z:Id="i139"><AttributeType>xyz</AttributeType><IsRequired>true</IsRequired><Value i:type="a:ArrayOfdouble" xmlns:a="http://schemas.microsoft.com/2003/10/Serialization/Arrays"><a:double>0</a:double><a:double>0</a:double><a:double>0</a:double></Value></Attribute><Attribute z:Id="i140"><AttributeType>rpy</AttributeType><IsRequired>true</IsRequired><Value i:type="a:ArrayOfdouble" xmlns:a="http://schemas.microsoft.com/2003/10/Serialization/Arrays"><a:double>0</a:double><a:double>0</a:double><a:double>0</a:double></Value></Attribute></Attributes><ChildElements/><ElementName>origin</ElementName><required>false</required><RPYAttribute z:Ref="i140"/><XYZAttribute z:Ref="i139"/><isCustomized>false</isCustomized></URDFElement><URDFElement z:Id="i141" i:type="Mass"><Attributes><Attribute z:Id="i142"><AttributeType>value</AttributeType><IsRequired>true</IsRequired><Value i:type="a:double" xmlns:a="http://www.w3.org/2001/XMLSchema">0</Value></Attribute></Attributes><ChildElements/><ElementName>mass</ElementName><required>false</required><ValueAttribute z:Ref="i142"/></URDFElement><URDFElement z:Id="i143" i:type="Inertia"><Attributes><Attribute z:Id="i144"><AttributeType>ixx</AttributeType><IsRequired>true</IsRequired><Value i:type="a:double" xmlns:a="http://www.w3.org/2001/XMLSchema">0</Value></Attribute><Attribute z:Id="i145"><AttributeType>ixy</AttributeType><IsRequired>true</IsRequired><Value i:type="a:double" xmlns:a="http://www.w3.org/2001/XMLSchema">0</Value></Attribute><Attribute z:Id="i146"><AttributeType>ixz</AttributeType><IsRequired>true</IsRequired><Value i:type="a:double" xmlns:a="http://www.w3.org/2001/XMLSchema">0</Value></Attribute><Attribute z:Id="i147"><AttributeType>iyy</AttributeType><IsRequired>true</IsRequired><Value i:type="a:double" xmlns:a="http://www.w3.org/2001/XMLSchema">0</Value></Attribute><Attribute z:Id="i148"><AttributeType>iyz</AttributeType><IsRequired>true</IsRequired><Value i:type="a:double" xmlns:a="http://www.w3.org/2001/XMLSchema">0</Value></Attribute><Attribute z:Id="i149"><AttributeType>izz</AttributeType><IsRequired>true</IsRequired><Value i:type="a:double" xmlns:a="http://www.w3.org/2001/XMLSchema">0</Value></Attribute></Attributes><ChildElements/><ElementName>inertia</ElementName><required>false</required><IxxAttribute z:Ref="i144"/><IxyAttribute z:Ref="i145"/><IxzAttribute z:Ref="i146"/><IyyAttribute z:Ref="i147"/><IyzAttribute z:Ref="i148"/><IzzAttribute z:Ref="i149"/></URDFElement></ChildElements><ElementName>inertial</ElementName><required>false</required><Inertia z:Ref="i143"/><Mass z:Ref="i141"/><Origin z:Ref="i138"/></URDFElement><URDFElement z:Id="i150" i:type="Visual"><Attributes/><ChildElements><URDFElement z:Id="i151" i:type="Origin"><Attributes><Attribute z:Id="i152"><AttributeType>xyz</AttributeType><IsRequired>true</IsRequired><Value i:type="a:ArrayOfdouble" xmlns:a="http://schemas.microsoft.com/2003/10/Serialization/Arrays"><a:double>0</a:double><a:double>0</a:double><a:double>0</a:double></Value></Attribute><Attribute z:Id="i153"><AttributeType>rpy</AttributeType><IsRequired>true</IsRequired><Value i:type="a:ArrayOfdouble" xmlns:a="http://schemas.microsoft.com/2003/10/Serialization/Arrays"><a:double>0</a:double><a:double>0</a:double><a:double>0</a:double></Value></Attribute></Attributes><ChildElements/><ElementName>origin</ElementName><required>false</required><RPYAttribute z:Ref="i153"/><XYZAttribute z:Ref="i152"/><isCustomized>false</isCustomized></URDFElement><URDFElement z:Id="i154" i:type="Geometry"><Attributes/><ChildElements><URDFElement z:Id="i155" i:type="Mesh"><Attributes><Attribute z:Id="i156"><AttributeType>filename</AttributeType><IsRequired>true</IsRequired><Value i:nil="true"/></Attribute></Attributes><ChildElements/><ElementName>mesh</ElementName><required>false</required><FilenameAttribute z:Ref="i156"/></URDFElement></ChildElements><ElementName>geometry</ElementName><required>true</required><Mesh z:Ref="i155"/></URDFElement><URDFElement z:Id="i157" i:type="Material"><Attributes><Attribute z:Id="i158"><AttributeType>name</AttributeType><IsRequired>true</IsRequired><Value i:type="a:string" xmlns:a="http://www.w3.org/2001/XMLSchema"/></Attribute></Attributes><ChildElements><URDFElement z:Id="i159" i:type="Color"><Attributes><Attribute z:Id="i160"><AttributeType>rgba</AttributeType><IsRequired>true</IsRequired><Value i:type="a:ArrayOfdouble" xmlns:a="http://schemas.microsoft.com/2003/10/Serialization/Arrays"><a:double>1</a:double><a:double>1</a:double><a:double>1</a:double><a:double>1</a:double></Value></Attribute></Attributes><ChildElements/><ElementName>color</ElementName><required>false</required><RGBAAttribute z:Ref="i160"/></URDFElement><URDFElement z:Id="i161" i:type="Texture"><Attributes><Attribute z:Id="i162"><AttributeType>filename</AttributeType><IsRequired>true</IsRequired><Value i:nil="true"/></Attribute></Attributes><ChildElements/><ElementName>texture</ElementName><required>false</required><FilenameAttribute z:Ref="i162"/><wFilename/></URDFElement></ChildElements><ElementName>material</ElementName><required>false</required><Color z:Ref="i159"/><NameAttribute z:Ref="i158"/><Texture z:Ref="i161"/></URDFElement></ChildElements><ElementName>visual</ElementName><required>false</required><Geometry z:Ref="i154"/><Material z:Ref="i157"/><Origin z:Ref="i151"/></URDFElement><URDFElement z:Id="i163" i:type="Collision"><Attributes/><ChildElements><URDFElement z:Id="i164" i:type="Origin"><Attributes><Attribute z:Id="i165"><AttributeType>xyz</AttributeType><IsRequired>true</IsRequired><Value i:type="a:ArrayOfdouble" xmlns:a="http://schemas.microsoft.com/2003/10/Serialization/Arrays"><a:double>0</a:double><a:double>0</a:double><a:double>0</a:double></Value></Attribute><Attribute z:Id="i166"><AttributeType>rpy</AttributeType><IsRequired>true</IsRequired><Value i:type="a:ArrayOfdouble" xmlns:a="http://schemas.microsoft.com/2003/10/Serialization/Arrays"><a:double>0</a:double><a:double>0</a:double><a:double>0</a:double></Value></Attribute></Attributes><ChildElements/><ElementName>origin</ElementName><required>false</required><RPYAttribute z:Ref="i166"/><XYZAttribute z:Ref="i165"/><isCustomized>false</isCustomized></URDFElement><URDFElement z:Id="i167" i:type="Geometry"><Attributes/><ChildElements><URDFElement z:Id="i168" i:type="Mesh"><Attributes><Attribute z:Id="i169"><AttributeType>filename</AttributeType><IsRequired>true</IsRequired><Value i:nil="true"/></Attribute></Attributes><ChildElements/><ElementName>mesh</ElementName><required>false</required><FilenameAttribute z:Ref="i169"/></URDFElement></ChildElements><ElementName>geometry</ElementName><required>true</required><Mesh z:Ref="i168"/></URDFElement></ChildElements><ElementName>collision</ElementName><required>false</required><Geometry z:Ref="i167"/><Origin z:Ref="i164"/></URDFElement><URDFElement z:Id="i170" i:type="Joint"><Attributes><Attribute z:Id="i171"><AttributeType>name</AttributeType><IsRequired>true</IsRequired><Value i:type="a:string" xmlns:a="http://www.w3.org/2001/XMLSchema">Slide_2_Joint</Value></Attribute><Attribute z:Id="i172"><AttributeType>type</AttributeType><IsRequired>true</IsRequired><Value i:type="a:string" xmlns:a="http://www.w3.org/2001/XMLSchema">prismatic</Value></Attribute></Attributes><ChildElements><URDFElement z:Id="i173" i:type="Origin"><Attributes><Attribute z:Id="i174"><AttributeType>xyz</AttributeType><IsRequired>true</IsRequired><Value i:type="a:ArrayOfdouble" xmlns:a="http://schemas.microsoft.com/2003/10/Serialization/Arrays"><a:double>0</a:double><a:double>0</a:double><a:double>0</a:double></Value></Attribute><Attribute z:Id="i175"><AttributeType>rpy</AttributeType><IsRequired>true</IsRequired><Value i:type="a:ArrayOfdouble" xmlns:a="http://schemas.microsoft.com/2003/10/Serialization/Arrays"><a:double>0</a:double><a:double>0</a:double><a:double>0</a:double></Value></Attribute></Attributes><ChildElements/><ElementName>origin</ElementName><required>false</required><RPYAttribute z:Ref="i175"/><XYZAttribute z:Ref="i174"/><isCustomized>false</isCustomized></URDFElement><URDFElement z:Id="i176" i:type="ParentLink"><Attributes><Attribute z:Id="i177"><AttributeType>link</AttributeType><IsRequired>true</IsRequired><Value i:type="a:string" xmlns:a="http://www.w3.org/2001/XMLSchema"/></Attribute></Attributes><ChildElements/><ElementName>parent</ElementName><required>true</required><NameAttribute z:Ref="i177"/></URDFElement><URDFElement z:Id="i178" i:type="ChildLink"><Attributes><Attribute z:Id="i179"><AttributeType>link</AttributeType><IsRequired>true</IsRequired><Value i:type="a:string" xmlns:a="http://www.w3.org/2001/XMLSchema"/></Attribute></Attributes><ChildElements/><ElementName>child</ElementName><required>true</required><NameAttribute z:Ref="i179"/></URDFElement><URDFElement z:Id="i180" i:type="Axis"><Attributes><Attribute z:Id="i181"><AttributeType>xyz</AttributeType><IsRequired>true</IsRequired><Value i:type="a:ArrayOfdouble" xmlns:a="http://schemas.microsoft.com/2003/10/Serialization/Arrays"><a:double>0</a:double><a:double>0</a:double><a:double>0</a:double></Value></Attribute></Attributes><ChildElements/><ElementName>axis</ElementName><required>false</required><XYZAttribute z:Ref="i181"/></URDFElement><URDFElement z:Id="i182" i:type="Limit"><Attributes><Attribute z:Id="i183"><AttributeType>lower</AttributeType><IsRequired>false</IsRequired><Value i:nil="true"/></Attribute><Attribute z:Id="i184"><AttributeType>upper</AttributeType><IsRequired>false</IsRequired><Value i:nil="true"/></Attribute><Attribute z:Id="i185"><AttributeType>effort</AttributeType><IsRequired>true</IsRequired><Value i:nil="true"/></Attribute><Attribute z:Id="i186"><AttributeType>velocity</AttributeType><IsRequired>true</IsRequired><Value i:nil="true"/></Attribute></Attributes><ChildElements/><ElementName>limit</ElementName><required>false</required><EffortAttribute z:Ref="i185"/><LowerAttribute z:Ref="i183"/><UpperAttribute z:Ref="i184"/><VelocityAttribute z:Ref="i186"/></URDFElement><URDFElement z:Id="i187" i:type="Calibration"><Attributes><Attribute z:Id="i188"><AttributeType>rising</AttributeType><IsRequired>false</IsRequired><Value i:nil="true"/></Attribute><Attribute z:Id="i189"><AttributeType>falling</AttributeType><IsRequired>false</IsRequired><Value i:nil="true"/></Attribute></Attributes><ChildElements/><ElementName>calibration</ElementName><required>false</required><FallingAttribute z:Ref="i189"/><RisingAttribute z:Ref="i188"/></URDFElement><URDFElement z:Id="i190" i:type="Dynamics"><Attributes><Attribute z:Id="i191"><AttributeType>damping</AttributeType><IsRequired>false</IsRequired><Value i:nil="true"/></Attribute><Attribute z:Id="i192"><AttributeType>friction</AttributeType><IsRequired>false</IsRequired><Value i:nil="true"/></Attribute></Attributes><ChildElements/><ElementName>dynamics</ElementName><required>false</required><DampingAttribute z:Ref="i191"/><FrictionAttribute z:Ref="i192"/></URDFElement><URDFElement z:Id="i193" i:type="SafetyController"><Attributes><Attribute z:Id="i194"><AttributeType>soft_upper_limit</AttributeType><IsRequired>false</IsRequired><Value i:nil="true"/></Attribute><Attribute z:Id="i195"><AttributeType>soft_lower_limit</AttributeType><IsRequired>false</IsRequired><Value i:nil="true"/></Attribute><Attribute z:Id="i196"><AttributeType>k_position</AttributeType><IsRequired>false</IsRequired><Value i:nil="true"/></Attribute><Attribute z:Id="i197"><AttributeType>k_velocity</AttributeType><IsRequired>true</IsRequired><Value i:nil="true"/></Attribute></Attributes><ChildElements/><ElementName>safety_controller</ElementName><required>false</required><KPositionAttribute z:Ref="i196"/><KVelocityAttribute z:Ref="i197"/><SoftLowerAttribute z:Ref="i195"/><SoftUpperAttribute z:Ref="i194"/></URDFElement><URDFElement z:Id="i198" i:type="Mimic"><Attributes><Attribute z:Id="i199"><AttributeType>joint</AttributeType><IsRequired>true</IsRequired><Value i:nil="true"/></Attribute><Attribute z:Id="i200"><AttributeType>multiplier</AttributeType><IsRequired>false</IsRequired><Value i:nil="true"/></Attribute><Attribute z:Id="i201"><AttributeType>offset</AttributeType><IsRequired>false</IsRequired><Value i:nil="true"/></Attribute></Attributes><ChildElements/><ElementName>mimic</ElementName><required>false</required><JointNameAttribute z:Ref="i199"/><MultiplierAttribute z:Ref="i200"/><OffsetAttribute z:Ref="i201"/></URDFElement></ChildElements><ElementName>joint</ElementName><required>false</required><Axis z:Ref="i180"/><AxisName>Automatically Generate</AxisName><Calibration z:Ref="i187"/><Child z:Ref="i178"/><CoordinateSystemName>Automatically Generate</CoordinateSystemName><Dynamics z:Ref="i190"/><Limit z:Ref="i182"/><Mimic z:Ref="i198"/><NameAttribute z:Ref="i171"/><Origin z:Ref="i173"/><Parent z:Ref="i176"/><Safety z:Ref="i193"/><TypeAttribute z:Ref="i172"/></URDFElement></ChildElements><ElementName>link</ElementName><required>true</required><Children/><Collision z:Ref="i163"/><Inertial z:Ref="i137"/><Joint z:Ref="i170"/><NameAttribute z:Ref="i136"/><Parent z:Ref="i1"/><STLQualityFine>false</STLQualityFine><SWComponentPIDs xmlns:a="http://schemas.microsoft.com/2003/10/Serialization/Arrays"><a:base64Binary>UEYAAAUAAAD//v+RSwBLAEMAVABQAE0AMwBGADIAMAAuADAAMgBfAPR2v378W2iPxH72Ti0AMQAxAEAASwBLAEMAVABQAE0AMwBGADIAMABFAF8AMgAwAHNeqFIJTgdjS2IoAHp681ghaotXKQAvAEsASwBDAFQAUAAzAE0AMgAwAC4AMAAyAC4ALgAwADIAXwDRbldXxH72Ti0AMQBAAEsASwBDAFQAUABNADMARgAyADAALgAwADIAXwD0dr9+/Ftoj8R+9k4vAEsASwBDAFQAUABNADMARgAyADAALgAwADIALgAwADIALgAwADEAXwDabuBz/Ftoj9FuV1ctADEAQABLAEsAQwBUAFAAMwBNADIAMAAuADAAMgAuAC4AMAAyAF8A0W5XV8R+9k4EAAAAEAAAAAEAAAADAAAADAMAABoAAABCAAAA</a:base64Binary><a:base64Binary>UEYAAAUAAAD//v+RSwBLAEMAVABQAE0AMwBGADIAMAAuADAAMgBfAPR2v378W2iPxH72Ti0AMQAxAEAASwBLAEMAVABQAE0AMwBGADIAMABFAF8AMgAwAHNeqFIJTgdjS2IoAHp681ghaotXKQAvAEsASwBDAFQAUAAzAE0AMgAwAC4AMAAyAC4ALgAwADIAXwDRbldXxH72Ti0AMQBAAEsASwBDAFQAUABNADMARgAyADAALgAwADIAXwD0dr9+/Ftoj8R+9k4vAEsASwBDAFQAUABNADMARgAyADAALgAwADIALgAwADIALgAwADIAXwD8W2iP0W5XVyFjf2ctADQAQABLAEsAQwBUAFAAMwBNADIAMAAuADAAMgAuAC4AMAAyAF8A0W5XV8R+9k4EAAAAEAAAAAEAAAADAAAADAMAABoAAABEAAAA</a:base64Binary><a:base64Binary>UEYAAAUAAAD//v+TSwBLAEMAVABQAE0AMwBGADIAMAAuADAAMgBfAPR2v378W2iPxH72Ti0AMQAxAEAASwBLAEMAVABQAE0AMwBGADIAMABFAF8AMgAwAHNeqFIJTgdjS2IoAHp681ghaotXKQAvAEsASwBDAFQAUAAzAE0AMgAwAC4AMAAyAC4ALgAwADIAXwDRbldXxH72Ti0AMQBAAEsASwBDAFQAUABNADMARgAyADAALgAwADIAXwD0dr9+/Ftoj8R+9k4vAEsASwBHAEIAVAA4ADEAOQAuADEAIABNADIAWAA0AF8AQVNXW/1piWw0WbqHiZQgAE0AMgBYADQALQAyAEAASwBLAEMAVABQADMATQAyADAALgAwADIALgAuADAAMgBfANFuV1fEfvZOBAAAABAAAAABAAAAAwAAAAwDAAAaAAAAYQAAAA==</a:base64Binary><a:base64Binary>UEYAAAUAAAD//v+TSwBLAEMAVABQAE0AMwBGADIAMAAuADAAMgBfAPR2v378W2iPxH72Ti0AMQAxAEAASwBLAEMAVABQAE0AMwBGADIAMABFAF8AMgAwAHNeqFIJTgdjS2IoAHp681ghaotXKQAvAEsASwBDAFQAUAAzAE0AMgAwAC4AMAAyAC4ALgAwADIAXwDRbldXxH72Ti0AMQBAAEsASwBDAFQAUABNADMARgAyADAALgAwADIAXwD0dr9+/Ftoj8R+9k4vAEsASwBHAEIAVAA4ADEAOQAuADEAIABNADIAWAA0AF8AQVNXW/1piWw0WbqHiZQgAE0AMgBYADQALQA0AEAASwBLAEMAVABQADMATQAyADAALgAwADIALgAuADAAMgBfANFuV1fEfvZOBAAAABAAAAABAAAAAwAAAAwDAAAaAAAAaAAAAA==</a:base64Binary><a:base64Binary>UEYAAAUAAAD//v+RSwBLAEMAVABQAE0AMwBGADIAMAAuADAAMgBfAPR2v378W2iPxH72Ti0AMQAxAEAASwBLAEMAVABQAE0AMwBGADIAMABFAF8AMgAwAHNeqFIJTgdjS2IoAHp681ghaotXKQAvAEsASwBDAFQAUAAzAE0AMgAwAC4AMAAyAC4ALgAwADIAXwDRbldXxH72Ti0AMQBAAEsASwBDAFQAUABNADMARgAyADAALgAwADIAXwD0dr9+/Ftoj8R+9k4vAEsASwBDAFQAUABNADMARgAyADAALgAwADIALgAwADIALgAwADIAXwD8W2iP0W5XVyFjf2ctADMAQABLAEsAQwBUAFAAMwBNADIAMAAuADAAMgAuAC4AMAAyAF8A0W5XV8R+9k4EAAAAEAAAAAEAAAADAAAADAMAABoAAABDAAAA</a:base64Binary><a:base64Binary>UEYAAAUAAAD//v+TSwBLAEMAVABQAE0AMwBGADIAMAAuADAAMgBfAPR2v378W2iPxH72Ti0AMQAxAEAASwBLAEMAVABQAE0AMwBGADIAMABFAF8AMgAwAHNeqFIJTgdjS2IoAHp681ghaotXKQAvAEsASwBDAFQAUAAzAE0AMgAwAC4AMAAyAC4ALgAwADIAXwDRbldXxH72Ti0AMQBAAEsASwBDAFQAUABNADMARgAyADAALgAwADIAXwD0dr9+/Ftoj8R+9k4vAEsASwBHAEIAVAA4ADEAOQAuADEAIABNADIAWAA0AF8AQVNXW/1piWw0WbqHiZQgAE0AMgBYADQALQA2AEAASwBLAEMAVABQADMATQAyADAALgAwADIALgAuADAAMgBfANFuV1fEfvZOBAAAABAAAAABAAAAAwAAAAwDAAAaAAAAawAAAA==</a:base64Binary><a:base64Binary>UEYAAAUAAAD//v+TSwBLAEMAVABQAE0AMwBGADIAMAAuADAAMgBfAPR2v378W2iPxH72Ti0AMQAxAEAASwBLAEMAVABQAE0AMwBGADIAMABFAF8AMgAwAHNeqFIJTgdjS2IoAHp681ghaotXKQAvAEsASwBDAFQAUAAzAE0AMgAwAC4AMAAyAC4ALgAwADIAXwDRbldXxH72Ti0AMQBAAEsASwBDAFQAUABNADMARgAyADAALgAwADIAXwD0dr9+/Ftoj8R+9k4vAEsASwBHAEIAVAA4ADEAOQAuADEAIABNADIAWAA0AF8AQVNXW/1piWw0WbqHiZQgAE0AMgBYADQALQA3AEAASwBLAEMAVABQADMATQAyADAALgAwADIALgAuADAAMgBfANFuV1fEfvZOBAAAABAAAAABAAAAAwAAAAwDAAAaAAAAagAAAA==</a:base64Binary></SWComponentPIDs><SWMainComponentPID i:nil="true"/><Visual z:Ref="i150"/><isFixedFrame>false</isFixedFrame><isIncomplete>false</isIncomplete></Link><Link z:Id="i202"><Attributes><Attribute z:Id="i203"><AttributeType>name</AttributeType><IsRequired>true</IsRequired><Value i:type="a:string" xmlns:a="http://www.w3.org/2001/XMLSchema">Empty_Link</Value></Attribute></Attributes><ChildElements><URDFElement z:Id="i204" i:type="Inertial"><Attributes/><ChildElements><URDFElement z:Id="i205" i:type="Origin"><Attributes><Attribute z:Id="i206"><AttributeType>xyz</AttributeType><IsRequired>true</IsRequired><Value i:type="a:ArrayOfdouble" xmlns:a="http://schemas.microsoft.com/2003/10/Serialization/Arrays"><a:double>0</a:double><a:double>0</a:double><a:double>0</a:double></Value></Attribute><Attribute z:Id="i207"><AttributeType>rpy</AttributeType><IsRequired>true</IsRequired><Value i:type="a:ArrayOfdouble" xmlns:a="http://schemas.microsoft.com/2003/10/Serialization/Arrays"><a:double>0</a:double><a:double>0</a:double><a:double>0</a:double></Value></Attribute></Attributes><ChildElements/><ElementName>origin</ElementName><required>false</required><RPYAttribute z:Ref="i207"/><XYZAttribute z:Ref="i206"/><isCustomized>false</isCustomized></URDFElement><URDFElement z:Id="i208" i:type="Mass"><Attributes><Attribute z:Id="i209"><AttributeType>value</AttributeType><IsRequired>true</IsRequired><Value i:type="a:double" xmlns:a="http://www.w3.org/2001/XMLSchema">0</Value></Attribute></Attributes><ChildElements/><ElementName>mass</ElementName><required>false</required><ValueAttribute z:Ref="i209"/></URDFElement><URDFElement z:Id="i210" i:type="Inertia"><Attributes><Attribute z:Id="i211"><AttributeType>ixx</AttributeType><IsRequired>true</IsRequired><Value i:type="a:double" xmlns:a="http://www.w3.org/2001/XMLSchema">0</Value></Attribute><Attribute z:Id="i212"><AttributeType>ixy</AttributeType><IsRequired>true</IsRequired><Value i:type="a:double" xmlns:a="http://www.w3.org/2001/XMLSchema">0</Value></Attribute><Attribute z:Id="i213"><AttributeType>ixz</AttributeType><IsRequired>true</IsRequired><Value i:type="a:double" xmlns:a="http://www.w3.org/2001/XMLSchema">0</Value></Attribute><Attribute z:Id="i214"><AttributeType>iyy</AttributeType><IsRequired>true</IsRequired><Value i:type="a:double" xmlns:a="http://www.w3.org/2001/XMLSchema">0</Value></Attribute><Attribute z:Id="i215"><AttributeType>iyz</AttributeType><IsRequired>true</IsRequired><Value i:type="a:double" xmlns:a="http://www.w3.org/2001/XMLSchema">0</Value></Attribute><Attribute z:Id="i216"><AttributeType>izz</AttributeType><IsRequired>true</IsRequired><Value i:type="a:double" xmlns:a="http://www.w3.org/2001/XMLSchema">0</Value></Attribute></Attributes><ChildElements/><ElementName>inertia</ElementName><required>false</required><IxxAttribute z:Ref="i211"/><IxyAttribute z:Ref="i212"/><IxzAttribute z:Ref="i213"/><IyyAttribute z:Ref="i214"/><IyzAttribute z:Ref="i215"/><IzzAttribute z:Ref="i216"/></URDFElement></ChildElements><ElementName>inertial</ElementName><required>false</required><Inertia z:Ref="i210"/><Mass z:Ref="i208"/><Origin z:Ref="i205"/></URDFElement><URDFElement z:Id="i217" i:type="Visual"><Attributes/><ChildElements><URDFElement z:Id="i218" i:type="Origin"><Attributes><Attribute z:Id="i219"><AttributeType>xyz</AttributeType><IsRequired>true</IsRequired><Value i:type="a:ArrayOfdouble" xmlns:a="http://schemas.microsoft.com/2003/10/Serialization/Arrays"><a:double>0</a:double><a:double>0</a:double><a:double>0</a:double></Value></Attribute><Attribute z:Id="i220"><AttributeType>rpy</AttributeType><IsRequired>true</IsRequired><Value i:type="a:ArrayOfdouble" xmlns:a="http://schemas.microsoft.com/2003/10/Serialization/Arrays"><a:double>0</a:double><a:double>0</a:double><a:double>0</a:double></Value></Attribute></Attributes><ChildElements/><ElementName>origin</ElementName><required>false</required><RPYAttribute z:Ref="i220"/><XYZAttribute z:Ref="i219"/><isCustomized>false</isCustomized></URDFElement><URDFElement z:Id="i221" i:type="Geometry"><Attributes/><ChildElements><URDFElement z:Id="i222" i:type="Mesh"><Attributes><Attribute z:Id="i223"><AttributeType>filename</AttributeType><IsRequired>true</IsRequired><Value i:nil="true"/></Attribute></Attributes><ChildElements/><ElementName>mesh</ElementName><required>false</required><FilenameAttribute z:Ref="i223"/></URDFElement></ChildElements><ElementName>geometry</ElementName><required>true</required><Mesh z:Ref="i222"/></URDFElement><URDFElement z:Id="i224" i:type="Material"><Attributes><Attribute z:Id="i225"><AttributeType>name</AttributeType><IsRequired>true</IsRequired><Value i:type="a:string" xmlns:a="http://www.w3.org/2001/XMLSchema"/></Attribute></Attributes><ChildElements><URDFElement z:Id="i226" i:type="Color"><Attributes><Attribute z:Id="i227"><AttributeType>rgba</AttributeType><IsRequired>true</IsRequired><Value i:type="a:ArrayOfdouble" xmlns:a="http://schemas.microsoft.com/2003/10/Serialization/Arrays"><a:double>1</a:double><a:double>1</a:double><a:double>1</a:double><a:double>1</a:double></Value></Attribute></Attributes><ChildElements/><ElementName>color</ElementName><required>false</required><RGBAAttribute z:Ref="i227"/></URDFElement><URDFElement z:Id="i228" i:type="Texture"><Attributes><Attribute z:Id="i229"><AttributeType>filename</AttributeType><IsRequired>true</IsRequired><Value i:nil="true"/></Attribute></Attributes><ChildElements/><ElementName>texture</ElementName><required>false</required><FilenameAttribute z:Ref="i229"/><wFilename/></URDFElement></ChildElements><ElementName>material</ElementName><required>false</required><Color z:Ref="i226"/><NameAttribute z:Ref="i225"/><Texture z:Ref="i228"/></URDFElement></ChildElements><ElementName>visual</ElementName><required>false</required><Geometry z:Ref="i221"/><Material z:Ref="i224"/><Origin z:Ref="i218"/></URDFElement><URDFElement z:Id="i230" i:type="Collision"><Attributes/><ChildElements><URDFElement z:Id="i231" i:type="Origin"><Attributes><Attribute z:Id="i232"><AttributeType>xyz</AttributeType><IsRequired>true</IsRequired><Value i:type="a:ArrayOfdouble" xmlns:a="http://schemas.microsoft.com/2003/10/Serialization/Arrays"><a:double>0</a:double><a:double>0</a:double><a:double>0</a:double></Value></Attribute><Attribute z:Id="i233"><AttributeType>rpy</AttributeType><IsRequired>true</IsRequired><Value i:type="a:ArrayOfdouble" xmlns:a="http://schemas.microsoft.com/2003/10/Serialization/Arrays"><a:double>0</a:double><a:double>0</a:double><a:double>0</a:double></Value></Attribute></Attributes><ChildElements/><ElementName>origin</ElementName><required>false</required><RPYAttribute z:Ref="i233"/><XYZAttribute z:Ref="i232"/><isCustomized>false</isCustomized></URDFElement><URDFElement z:Id="i234" i:type="Geometry"><Attributes/><ChildElements><URDFElement z:Id="i235" i:type="Mesh"><Attributes><Attribute z:Id="i236"><AttributeType>filename</AttributeType><IsRequired>true</IsRequired><Value i:nil="true"/></Attribute></Attributes><ChildElements/><ElementName>mesh</ElementName><required>false</required><FilenameAttribute z:Ref="i236"/></URDFElement></ChildElements><ElementName>geometry</ElementName><required>true</required><Mesh z:Ref="i235"/></URDFElement></ChildElements><ElementName>collision</ElementName><required>false</required><Geometry z:Ref="i234"/><Origin z:Ref="i231"/></URDFElement><URDFElement z:Id="i237" i:type="Joint"><Attributes><Attribute z:Id="i238"><AttributeType>name</AttributeType><IsRequired>true</IsRequired><Value i:type="a:string" xmlns:a="http://www.w3.org/2001/XMLSchema"/></Attribute><Attribute z:Id="i239"><AttributeType>type</AttributeType><IsRequired>true</IsRequired><Value i:type="a:string" xmlns:a="http://www.w3.org/2001/XMLSchema">Automatically Detect</Value></Attribute></Attributes><ChildElements><URDFElement z:Id="i240" i:type="Origin"><Attributes><Attribute z:Id="i241"><AttributeType>xyz</AttributeType><IsRequired>true</IsRequired><Value i:type="a:ArrayOfdouble" xmlns:a="http://schemas.microsoft.com/2003/10/Serialization/Arrays"><a:double>0</a:double><a:double>0</a:double><a:double>0</a:double></Value></Attribute><Attribute z:Id="i242"><AttributeType>rpy</AttributeType><IsRequired>true</IsRequired><Value i:type="a:ArrayOfdouble" xmlns:a="http://schemas.microsoft.com/2003/10/Serialization/Arrays"><a:double>0</a:double><a:double>0</a:double><a:double>0</a:double></Value></Attribute></Attributes><ChildElements/><ElementName>origin</ElementName><required>false</required><RPYAttribute z:Ref="i242"/><XYZAttribute z:Ref="i241"/><isCustomized>false</isCustomized></URDFElement><URDFElement z:Id="i243" i:type="ParentLink"><Attributes><Attribute z:Id="i244"><AttributeType>link</AttributeType><IsRequired>true</IsRequired><Value i:type="a:string" xmlns:a="http://www.w3.org/2001/XMLSchema"/></Attribute></Attributes><ChildElements/><ElementName>parent</ElementName><required>true</required><NameAttribute z:Ref="i244"/></URDFElement><URDFElement z:Id="i245" i:type="ChildLink"><Attributes><Attribute z:Id="i246"><AttributeType>link</AttributeType><IsRequired>true</IsRequired><Value i:type="a:string" xmlns:a="http://www.w3.org/2001/XMLSchema"/></Attribute></Attributes><ChildElements/><ElementName>child</ElementName><required>true</required><NameAttribute z:Ref="i246"/></URDFElement><URDFElement z:Id="i247" i:type="Axis"><Attributes><Attribute z:Id="i248"><AttributeType>xyz</AttributeType><IsRequired>true</IsRequired><Value i:type="a:ArrayOfdouble" xmlns:a="http://schemas.microsoft.com/2003/10/Serialization/Arrays"><a:double>0</a:double><a:double>0</a:double><a:double>0</a:double></Value></Attribute></Attributes><ChildElements/><ElementName>axis</ElementName><required>false</required><XYZAttribute z:Ref="i248"/></URDFElement><URDFElement z:Id="i249" i:type="Limit"><Attributes><Attribute z:Id="i250"><AttributeType>lower</AttributeType><IsRequired>false</IsRequired><Value i:nil="true"/></Attribute><Attribute z:Id="i251"><AttributeType>upper</AttributeType><IsRequired>false</IsRequired><Value i:nil="true"/></Attribute><Attribute z:Id="i252"><AttributeType>effort</AttributeType><IsRequired>true</IsRequired><Value i:nil="true"/></Attribute><Attribute z:Id="i253"><AttributeType>velocity</AttributeType><IsRequired>true</IsRequired><Value i:nil="true"/></Attribute></Attributes><ChildElements/><ElementName>limit</ElementName><required>false</required><EffortAttribute z:Ref="i252"/><LowerAttribute z:Ref="i250"/><UpperAttribute z:Ref="i251"/><VelocityAttribute z:Ref="i253"/></URDFElement><URDFElement z:Id="i254" i:type="Calibration"><Attributes><Attribute z:Id="i255"><AttributeType>rising</AttributeType><IsRequired>false</IsRequired><Value i:nil="true"/></Attribute><Attribute z:Id="i256"><AttributeType>falling</AttributeType><IsRequired>false</IsRequired><Value i:nil="true"/></Attribute></Attributes><ChildElements/><ElementName>calibration</ElementName><required>false</required><FallingAttribute z:Ref="i256"/><RisingAttribute z:Ref="i255"/></URDFElement><URDFElement z:Id="i257" i:type="Dynamics"><Attributes><Attribute z:Id="i258"><AttributeType>damping</AttributeType><IsRequired>false</IsRequired><Value i:nil="true"/></Attribute><Attribute z:Id="i259"><AttributeType>friction</AttributeType><IsRequired>false</IsRequired><Value i:nil="true"/></Attribute></Attributes><ChildElements/><ElementName>dynamics</ElementName><required>false</required><DampingAttribute z:Ref="i258"/><FrictionAttribute z:Ref="i259"/></URDFElement><URDFElement z:Id="i260" i:type="SafetyController"><Attributes><Attribute z:Id="i261"><AttributeType>soft_upper_limit</AttributeType><IsRequired>false</IsRequired><Value i:nil="true"/></Attribute><Attribute z:Id="i262"><AttributeType>soft_lower_limit</AttributeType><IsRequired>false</IsRequired><Value i:nil="true"/></Attribute><Attribute z:Id="i263"><AttributeType>k_position</AttributeType><IsRequired>false</IsRequired><Value i:nil="true"/></Attribute><Attribute z:Id="i264"><AttributeType>k_velocity</AttributeType><IsRequired>true</IsRequired><Value i:nil="true"/></Attribute></Attributes><ChildElements/><ElementName>safety_controller</ElementName><required>false</required><KPositionAttribute z:Ref="i263"/><KVelocityAttribute z:Ref="i264"/><SoftLowerAttribute z:Ref="i262"/><SoftUpperAttribute z:Ref="i261"/></URDFElement><URDFElement z:Id="i265" i:type="Mimic"><Attributes><Attribute z:Id="i266"><AttributeType>joint</AttributeType><IsRequired>true</IsRequired><Value i:nil="true"/></Attribute><Attribute z:Id="i267"><AttributeType>multiplier</AttributeType><IsRequired>false</IsRequired><Value i:nil="true"/></Attribute><Attribute z:Id="i268"><AttributeType>offset</AttributeType><IsRequired>false</IsRequired><Value i:nil="true"/></Attribute></Attributes><ChildElements/><ElementName>mimic</ElementName><required>false</required><JointNameAttribute z:Ref="i266"/><MultiplierAttribute z:Ref="i267"/><OffsetAttribute z:Ref="i268"/></URDFElement></ChildElements><ElementName>joint</ElementName><required>false</required><Axis z:Ref="i247"/><AxisName>Automatically Generate</AxisName><Calibration z:Ref="i254"/><Child z:Ref="i245"/><CoordinateSystemName>Automatically Generate</CoordinateSystemName><Dynamics z:Ref="i257"/><Limit z:Ref="i249"/><Mimic z:Ref="i265"/><NameAttribute z:Ref="i238"/><Origin z:Ref="i240"/><Parent z:Ref="i243"/><Safety z:Ref="i260"/><TypeAttribute z:Ref="i239"/></URDFElement></ChildElements><ElementName>link</ElementName><required>true</required><Children/><Collision z:Ref="i230"/><Inertial z:Ref="i204"/><Joint z:Ref="i237"/><NameAttribute z:Ref="i203"/><Parent z:Ref="i1"/><STLQualityFine>false</STLQualityFine><SWComponentPIDs xmlns:a="http://schemas.microsoft.com/2003/10/Serialization/Arrays"/><SWMainComponentPID i:nil="true"/><Visual z:Ref="i217"/><isFixedFrame>false</isFixedFrame><isIncomplete>false</isIncomplete></Link></Children><Collision z:Ref="i29"/><Inertial z:Ref="i3"/><Joint z:Ref="i36"/><NameAttribute z:Ref="i2"/><Parent i:nil="true"/><STLQualityFine>false</STLQualityFine><SWComponentPIDs xmlns:a="http://schemas.microsoft.com/2003/10/Serialization/Arrays"><a:base64Binary>UEYAAAUAAAD//v8xSwBLAEMAVABQAE0AMwBGADIAMAAuADAAMQAuADEANQBfAN6PpWPVbHBRLQAxAEAASwBLAEMAVABQAE0AMwBGADIAMABFAF8AMgAwAHNeqFIJTgdjS2IoAHp681ghaotXKQAEAAAAEAAAAAEAAAABAAAAZAMAAA==</a:base64Binary><a:base64Binary>UEYAAAUAAAD//v86SwBLAEcAQgBUADcAMAAuADEAIABNADQAWAAxADYAXwCFUW1R0okGV/FnNFm6h4mUIABNADQAWAAxADYALQA5AEAASwBLAEMAVABQAE0AMwBGADIAMABFAF8AMgAwAHNeqFIJTgdjS2IoAHp681ghaotXKQAEAAAAEAAAAAEAAAABAAAAYQQAAA==</a:base64Binary><a:base64Binary>UEYAAAUAAAD//v86SwBLAEcAQgBUADcAMAAuADEAIABNADQAWAAxADYAXwCFUW1R0okGV/FnNFm6h4mUIABNADQAWAAxADYALQA4AEAASwBLAEMAVABQAE0AMwBGADIAMABFAF8AMgAwAHNeqFIJTgdjS2IoAHp681ghaotXKQAEAAAAEAAAAAEAAAABAAAAYAQAAA==</a:base64Binary><a:base64Binary>UEYAAAUAAAD//v86SwBLAEcAQgBUADcAMAAuADEAIABNADQAWAAxADYAXwCFUW1R0okGV/FnNFm6h4mUIABNADQAWAAxADYALQA3AEAASwBLAEMAVABQAE0AMwBGADIAMABFAF8AMgAwAHNeqFIJTgdjS2IoAHp681ghaotXKQAEAAAAEAAAAAEAAAABAAAAXwQAAA==</a:base64Binary><a:base64Binary>UEYAAAUAAAD//v86SwBLAEcAQgBUADcAMAAuADEAIABNADQAWAAxADYAXwCFUW1R0okGV/FnNFm6h4mUIABNADQAWAAxADYALQAxAEAASwBLAEMAVABQAE0AMwBGADIAMABFAF8AMgAwAHNeqFIJTgdjS2IoAHp681ghaotXKQAEAAAAEAAAAAEAAAABAAAAowMAAA==</a:base64Binary><a:base64Binary>UEYAAAUAAAD//v87SwBLAEcAQgBUADcAMAAuADEAIABNADQAWAAxADYAXwCFUW1R0okGV/FnNFm6h4mUIABNADQAWAAxADYALQAxADEAQABLAEsAQwBUAFAATQAzAEYAMgAwAEUAXwAyADAAc16oUglOB2NLYigAenrzWCFqi1cpAAQAAAAQAAAAAQAAAAEAAABjBAAA</a:base64Binary><a:base64Binary>UEYAAAUAAAD//v87SwBLAEcAQgBUADcAMAAuADEAIABNADQAWAAxADYAXwCFUW1R0okGV/FnNFm6h4mUIABNADQAWAAxADYALQAxADAAQABLAEsAQwBUAFAATQAzAEYAMgAwAEUAXwAyADAAc16oUglOB2NLYigAenrzWCFqi1cpAAQAAAAQAAAAAQAAAAEAAABiBAAA</a:base64Binary><a:base64Binary>UEYAAAUAAAD//v8vSwBLAEMAVABQAE0AMwBGADIAMAAuADAAMQAuADAAMwBfABZZ81gtADMAQABLAEsAQwBUAFAATQAzAEYAMgAwAEUAXwAyADAAc16oUglOB2NLYigAenrzWCFqi1cpAAQAAAAQAAAAAQAAAAEAAACYAwAA</a:base64Binary><a:base64Binary>UEYAAAUAAAD//v8vSwBLAEMAVABQAE0AMwBGADIAMAAuADAAMQAuADAANwBfANZ2f2ctADIAQABLAEsAQwBUAFAATQAzAEYAMgAwAEUAXwAyADAAc16oUglOB2NLYigAenrzWCFqi1cpAAQAAAAQAAAAAQAAAAEAAAAHAwAA</a:base64Binary><a:base64Binary>UEYAAAUAAAD//v9eSwBLAEMAVABQAE0AMwBGADIAMAAuADAAMgBfAPR2v378W2iPxH72Ti0AMQA1AEAASwBLAEMAVABQAE0AMwBGADIAMABFAF8AMgAwAHNeqFIJTgdjS2IoAHp681ghaotXKQAvAEsASwBDAFQAUABNADMARgAyADAALgAwADEALgAxADEAXwD8W2iPaI9TkC0AMgBAAEsASwBDAFQAUABNADMARgAyADAALgAwADIAXwD0dr9+/Ftoj8R+9k4EAAAAEAAAAAEAAAACAAAAKQMAABYAAAA=</a:base64Binary><a:base64Binary>UEYAAAUAAAD//v9eSwBLAEMAVABQAE0AMwBGADIAMAAuADAAMgBfAPR2v378W2iPxH72Ti0AMQA0AEAASwBLAEMAVABQAE0AMwBGADIAMABFAF8AMgAwAHNeqFIJTgdjS2IoAHp681ghaotXKQAvAEsASwBDAFQAUABNADMARgAyADAALgAwADEALgAxADEAXwD8W2iPaI9TkC0AMgBAAEsASwBDAFQAUABNADMARgAyADAALgAwADIAXwD0dr9+/Ftoj8R+9k4EAAAAEAAAAAEAAAACAAAAKAMAABYAAAA=</a:base64Binary><a:base64Binary>UEYAAAUAAAD//v8ySwBLAEMAVABQAE0AMwBGADIAMAAuADAAMQAuADAANQBfADV1OmeJW8WIf2ctADMAQABLAEsAQwBUAFAATQAzAEYAMgAwAEUAXwAyADAAc16oUglOB2NLYigAenrzWCFqi1cpAAQAAAAQAAAAAQAAAAEAAABEAwAA</a:base64Binary><a:base64Binary>UEYAAAUAAAD//v9eSwBLAEMAVABQAE0AMwBGADIAMAAuADAAMgBfAPR2v378W2iPxH72Ti0AMQAxAEAASwBLAEMAVABQAE0AMwBGADIAMABFAF8AMgAwAHNeqFIJTgdjS2IoAHp681ghaotXKQAvAEsASwBDAFQAUABNADMARgAyADAALgAwADEALgAxADEAXwD8W2iPaI9TkC0AMgBAAEsASwBDAFQAUABNADMARgAyADAALgAwADIAXwD0dr9+/Ftoj8R+9k4EAAAAEAAAAAEAAAACAAAADAMAABYAAAA=</a:base64Binary><a:base64Binary>UEYAAAUAAAD//v9lSwBLAEMAVABQAE0AMwBGADIAMAAuADAAMgBfAPR2v378W2iPxH72Ti0AMQA0AEAASwBLAEMAVABQAE0AMwBGADIAMABFAF8AMgAwAHNeqFIJTgdjS2IoAHp681ghaotXKQAvAEsASwBHAEIAVAA3ADAALgAxACAATQAzAFgAOABfAIVRbVHSiQZX8Wc0WbqHiZQgAE0AMwBYADgALQAzAEAASwBLAEMAVABQAE0AMwBGADIAMAAuADAAMgBfAPR2v378W2iPxH72TgQAAAAQAAAAAQAAAAIAAAAoAwAANgAAAA==</a:base64Binary><a:base64Binary>UEYAAAUAAAD//v9lSwBLAEMAVABQAE0AMwBGADIAMAAuADAAMgBfAPR2v378W2iPxH72Ti0AMQA0AEAASwBLAEMAVABQAE0AMwBGADIAMABFAF8AMgAwAHNeqFIJTgdjS2IoAHp681ghaotXKQAvAEsASwBHAEIAVAA3ADAALgAxACAATQAzAFgAOABfAIVRbVHSiQZX8Wc0WbqHiZQgAE0AMwBYADgALQAxAEAASwBLAEMAVABQAE0AMwBGADIAMAAuADAAMgBfAPR2v378W2iPxH72TgQAAAAQAAAAAQAAAAIAAAAoAwAAMAAAAA==</a:base64Binary><a:base64Binary>UEYAAAUAAAD//v9lSwBLAEMAVABQAE0AMwBGADIAMAAuADAAMgBfAPR2v378W2iPxH72Ti0AMQA0AEAASwBLAEMAVABQAE0AMwBGADIAMABFAF8AMgAwAHNeqFIJTgdjS2IoAHp681ghaotXKQAvAEsASwBHAEIAVAA3ADAALgAxACAATQAzAFgAOABfAIVRbVHSiQZX8Wc0WbqHiZQgAE0AMwBYADgALQAyAEAASwBLAEMAVABQAE0AMwBGADIAMAAuADAAMgBfAPR2v378W2iPxH72TgQAAAAQAAAAAQAAAAIAAAAoAwAANQAAAA==</a:base64Binary><a:base64Binary>UEYAAAUAAAD//v9lSwBLAEMAVABQAE0AMwBGADIAMAAuADAAMgBfAPR2v378W2iPxH72Ti0AMQA0AEAASwBLAEMAVABQAE0AMwBGADIAMABFAF8AMgAwAHNeqFIJTgdjS2IoAHp681ghaotXKQAvAEsASwBHAEIAVAA3ADAALgAxACAATQAzAFgAOABfAIVRbVHSiQZX8Wc0WbqHiZQgAE0AMwBYADgALQA0AEAASwBLAEMAVABQAE0AMwBGADIAMAAuADAAMgBfAPR2v378W2iPxH72TgQAAAAQAAAAAQAAAAIAAAAoAwAANwAAAA==</a:base64Binary><a:base64Binary>UEYAAAUAAAD//v9lSwBLAEMAVABQAE0AMwBGADIAMAAuADAAMgBfAPR2v378W2iPxH72Ti0AMQAxAEAASwBLAEMAVABQAE0AMwBGADIAMABFAF8AMgAwAHNeqFIJTgdjS2IoAHp681ghaotXKQAvAEsASwBHAEIAVAA3ADAALgAxACAATQAzAFgAOABfAIVRbVHSiQZX8Wc0WbqHiZQgAE0AMwBYADgALQA0AEAASwBLAEMAVABQAE0AMwBGADIAMAAuADAAMgBfAPR2v378W2iPxH72TgQAAAAQAAAAAQAAAAIAAAAMAwAANwAAAA==</a:base64Binary><a:base64Binary>UEYAAAUAAAD//v9lSwBLAEMAVABQAE0AMwBGADIAMAAuADAAMgBfAPR2v378W2iPxH72Ti0AMQAxAEAASwBLAEMAVABQAE0AMwBGADIAMABFAF8AMgAwAHNeqFIJTgdjS2IoAHp681ghaotXKQAvAEsASwBHAEIAVAA3ADAALgAxACAATQAzAFgAOABfAIVRbVHSiQZX8Wc0WbqHiZQgAE0AMwBYADgALQAzAEAASwBLAEMAVABQAE0AMwBGADIAMAAuADAAMgBfAPR2v378W2iPxH72TgQAAAAQAAAAAQAAAAIAAAAMAwAANgAAAA==</a:base64Binary><a:base64Binary>UEYAAAUAAAD//v9lSwBLAEMAVABQAE0AMwBGADIAMAAuADAAMgBfAPR2v378W2iPxH72Ti0AMQAxAEAASwBLAEMAVABQAE0AMwBGADIAMABFAF8AMgAwAHNeqFIJTgdjS2IoAHp681ghaotXKQAvAEsASwBHAEIAVAA3ADAALgAxACAATQAzAFgAOABfAIVRbVHSiQZX8Wc0WbqHiZQgAE0AMwBYADgALQAxAEAASwBLAEMAVABQAE0AMwBGADIAMAAuADAAMgBfAPR2v378W2iPxH72TgQAAAAQAAAAAQAAAAIAAAAMAwAAMAAAAA==</a:base64Binary><a:base64Binary>UEYAAAUAAAD//v9lSwBLAEMAVABQAE0AMwBGADIAMAAuADAAMgBfAPR2v378W2iPxH72Ti0AMQAxAEAASwBLAEMAVABQAE0AMwBGADIAMABFAF8AMgAwAHNeqFIJTgdjS2IoAHp681ghaotXKQAvAEsASwBHAEIAVAA3ADAALgAxACAATQAzAFgAOABfAIVRbVHSiQZX8Wc0WbqHiZQgAE0AMwBYADgALQAyAEAASwBLAEMAVABQAE0AMwBGADIAMAAuADAAMgBfAPR2v378W2iPxH72TgQAAAAQAAAAAQAAAAIAAAAMAwAANQAAAA==</a:base64Binary><a:base64Binary>UEYAAAUAAAD//v9lSwBLAEMAVABQAE0AMwBGADIAMAAuADAAMgBfAPR2v378W2iPxH72Ti0AMQA1AEAASwBLAEMAVABQAE0AMwBGADIAMABFAF8AMgAwAHNeqFIJTgdjS2IoAHp681ghaotXKQAvAEsASwBHAEIAVAA3ADAALgAxACAATQAzAFgAOABfAIVRbVHSiQZX8Wc0WbqHiZQgAE0AMwBYADgALQA0AEAASwBLAEMAVABQAE0AMwBGADIAMAAuADAAMgBfAPR2v378W2iPxH72TgQAAAAQAAAAAQAAAAIAAAApAwAANwAAAA==</a:base64Binary><a:base64Binary>UEYAAAUAAAD//v9lSwBLAEMAVABQAE0AMwBGADIAMAAuADAAMgBfAPR2v378W2iPxH72Ti0AMQA1AEAASwBLAEMAVABQAE0AMwBGADIAMABFAF8AMgAwAHNeqFIJTgdjS2IoAHp681ghaotXKQAvAEsASwBHAEIAVAA3ADAALgAxACAATQAzAFgAOABfAIVRbVHSiQZX8Wc0WbqHiZQgAE0AMwBYADgALQAyAEAASwBLAEMAVABQAE0AMwBGADIAMAAuADAAMgBfAPR2v378W2iPxH72TgQAAAAQAAAAAQAAAAIAAAApAwAANQAAAA==</a:base64Binary><a:base64Binary>UEYAAAUAAAD//v9lSwBLAEMAVABQAE0AMwBGADIAMAAuADAAMgBfAPR2v378W2iPxH72Ti0AMQA1AEAASwBLAEMAVABQAE0AMwBGADIAMABFAF8AMgAwAHNeqFIJTgdjS2IoAHp681ghaotXKQAvAEsASwBHAEIAVAA3ADAALgAxACAATQAzAFgAOABfAIVRbVHSiQZX8Wc0WbqHiZQgAE0AMwBYADgALQAzAEAASwBLAEMAVABQAE0AMwBGADIAMAAuADAAMgBfAPR2v378W2iPxH72TgQAAAAQAAAAAQAAAAIAAAApAwAANgAAAA==</a:base64Binary><a:base64Binary>UEYAAAUAAAD//v9lSwBLAEMAVABQAE0AMwBGADIAMAAuADAAMgBfAPR2v378W2iPxH72Ti0AMQA1AEAASwBLAEMAVABQAE0AMwBGADIAMABFAF8AMgAwAHNeqFIJTgdjS2IoAHp681ghaotXKQAvAEsASwBHAEIAVAA3ADAALgAxACAATQAzAFgAOABfAIVRbVHSiQZX8Wc0WbqHiZQgAE0AMwBYADgALQAxAEAASwBLAEMAVABQAE0AMwBGADIAMAAuADAAMgBfAPR2v378W2iPxH72TgQAAAAQAAAAAQAAAAIAAAApAwAAMAAAAA==</a:base64Binary></SWComponentPIDs><SWMainComponentPID i:nil="true"/><Visual z:Ref="i16"/><isFixedFrame>false</isFixedFrame><isIncomplete>false</isIncomplete></Link>
2026-03-16 16:05:38,863 INFO  LinkNode.cs: 35 - Building node base_link
2026-03-16 16:05:38,863 INFO  LinkNode.cs: 35 - Building node Slide_1_Link
2026-03-16 16:05:38,863 INFO  LinkNode.cs: 35 - Building node Slide_2_Link
2026-03-16 16:05:38,864 INFO  LinkNode.cs: 35 - Building node Empty_Link
2026-03-16 16:05:38,864 INFO  CommonSwOperations.cs: 221 - Loading SolidWorks components for base_link from C:\Users\shawn\Desktop\CTPM3F20E_20平动三指手可动数模\KKCTPM3F20E_20平动三指手(空壳模型).SLDASM
2026-03-16 16:05:38,864 INFO  CommonSwOperations.cs: 245 - Loading component with PID PF     ???1K K C T P M 3 F 2 0 . 0 1 . 1 5 _ ???c?lpQ- 1 @ K K C T P M 3 F 2 0 E _ 2 0 s^?R	NcKb( zz?X!j?W)             d  
2026-03-16 16:05:38,864 INFO  CommonSwOperations.cs: 254 - Successfully loaded component C:\Users\shawn\Desktop\CTPM3F20E_20平动三指手可动数模\KKCTPM3F20.01.15_连接法兰.SLDPRT
2026-03-16 16:05:38,865 INFO  CommonSwOperations.cs: 245 - Loading component with PID PF     ???:K K G B T 7 0 . 1   M 4 X 1 6 _ ?QmQ??W?g4Y????  M 4 X 1 6 - 9 @ K K C T P M 3 F 2 0 E _ 2 0 s^?R	NcKb( zz?X!j?W)             a  
2026-03-16 16:05:38,865 INFO  CommonSwOperations.cs: 254 - Successfully loaded component C:\Users\shawn\Desktop\CTPM3F20E_20平动三指手可动数模\KKGBT70.1 M4X16_内六角圆柱头螺钉 M4X16.SLDPRT
2026-03-16 16:05:38,865 INFO  CommonSwOperations.cs: 245 - Loading component with PID PF     ???:K K G B T 7 0 . 1   M 4 X 1 6 _ ?QmQ??W?g4Y????  M 4 X 1 6 - 8 @ K K C T P M 3 F 2 0 E _ 2 0 s^?R	NcKb( zz?X!j?W)             `  
2026-03-16 16:05:38,865 INFO  CommonSwOperations.cs: 254 - Successfully loaded component C:\Users\shawn\Desktop\CTPM3F20E_20平动三指手可动数模\KKGBT70.1 M4X16_内六角圆柱头螺钉 M4X16.SLDPRT
2026-03-16 16:05:38,866 INFO  CommonSwOperations.cs: 245 - Loading component with PID PF     ???:K K G B T 7 0 . 1   M 4 X 1 6 _ ?QmQ??W?g4Y????  M 4 X 1 6 - 7 @ K K C T P M 3 F 2 0 E _ 2 0 s^?R	NcKb( zz?X!j?W)             _  
2026-03-16 16:05:38,866 INFO  CommonSwOperations.cs: 254 - Successfully loaded component C:\Users\shawn\Desktop\CTPM3F20E_20平动三指手可动数模\KKGBT70.1 M4X16_内六角圆柱头螺钉 M4X16.SLDPRT
2026-03-16 16:05:38,866 INFO  CommonSwOperations.cs: 245 - Loading component with PID PF     ???:K K G B T 7 0 . 1   M 4 X 1 6 _ ?QmQ??W?g4Y????  M 4 X 1 6 - 1 @ K K C T P M 3 F 2 0 E _ 2 0 s^?R	NcKb( zz?X!j?W)             ?  
2026-03-16 16:05:38,867 INFO  CommonSwOperations.cs: 254 - Successfully loaded component C:\Users\shawn\Desktop\CTPM3F20E_20平动三指手可动数模\KKGBT70.1 M4X16_内六角圆柱头螺钉 M4X16.SLDPRT
2026-03-16 16:05:38,867 INFO  CommonSwOperations.cs: 245 - Loading component with PID PF     ???;K K G B T 7 0 . 1   M 4 X 1 6 _ ?QmQ??W?g4Y????  M 4 X 1 6 - 1 1 @ K K C T P M 3 F 2 0 E _ 2 0 s^?R	NcKb( zz?X!j?W)             c  
2026-03-16 16:05:38,868 INFO  CommonSwOperations.cs: 254 - Successfully loaded component C:\Users\shawn\Desktop\CTPM3F20E_20平动三指手可动数模\KKGBT70.1 M4X16_内六角圆柱头螺钉 M4X16.SLDPRT
2026-03-16 16:05:38,868 INFO  CommonSwOperations.cs: 245 - Loading component with PID PF     ???;K K G B T 7 0 . 1   M 4 X 1 6 _ ?QmQ??W?g4Y????  M 4 X 1 6 - 1 0 @ K K C T P M 3 F 2 0 E _ 2 0 s^?R	NcKb( zz?X!j?W)             b  
2026-03-16 16:05:38,868 INFO  CommonSwOperations.cs: 254 - Successfully loaded component C:\Users\shawn\Desktop\CTPM3F20E_20平动三指手可动数模\KKGBT70.1 M4X16_内六角圆柱头螺钉 M4X16.SLDPRT
2026-03-16 16:05:38,868 INFO  CommonSwOperations.cs: 245 - Loading component with PID PF     ???/K K C T P M 3 F 2 0 . 0 1 . 0 3 _ Y?X- 3 @ K K C T P M 3 F 2 0 E _ 2 0 s^?R	NcKb( zz?X!j?W)             ?  
2026-03-16 16:05:38,869 INFO  CommonSwOperations.cs: 254 - Successfully loaded component C:\Users\shawn\Desktop\CTPM3F20E_20平动三指手可动数模\KKCTPM3F20.01.03_外壳.SLDPRT
2026-03-16 16:05:38,869 INFO  CommonSwOperations.cs: 245 - Loading component with PID PF     ???/K K C T P M 3 F 2 0 . 0 1 . 0 7 _ ?vg- 2 @ K K C T P M 3 F 2 0 E _ 2 0 s^?R	NcKb( zz?X!j?W)               
2026-03-16 16:05:38,869 INFO  CommonSwOperations.cs: 254 - Successfully loaded component C:\Users\shawn\Desktop\CTPM3F20E_20平动三指手可动数模\KKCTPM3F20.01.07_盖板.SLDPRT
2026-03-16 16:05:38,869 INFO  CommonSwOperations.cs: 245 - Loading component with PID PF     ???^K K C T P M 3 F 2 0 . 0 2 _ ?v?~?[h??~?N- 1 5 @ K K C T P M 3 F 2 0 E _ 2 0 s^?R	NcKb( zz?X!j?W) / K K C T P M 3 F 2 0 . 0 1 . 1 1 _ ?[h?h?S?- 2 @ K K C T P M 3 F 2 0 . 0 2 _ ?v?~?[h??~?N            )     
2026-03-16 16:05:38,869 INFO  CommonSwOperations.cs: 254 - Successfully loaded component C:\Users\shawn\Desktop\CTPM3F20E_20平动三指手可动数模\KKCTPM3F20.01.11_导轨轨道.SLDPRT
2026-03-16 16:05:38,870 INFO  CommonSwOperations.cs: 245 - Loading component with PID PF     ???^K K C T P M 3 F 2 0 . 0 2 _ ?v?~?[h??~?N- 1 4 @ K K C T P M 3 F 2 0 E _ 2 0 s^?R	NcKb( zz?X!j?W) / K K C T P M 3 F 2 0 . 0 1 . 1 1 _ ?[h?h?S?- 2 @ K K C T P M 3 F 2 0 . 0 2 _ ?v?~?[h??~?N            (     
2026-03-16 16:05:38,870 INFO  CommonSwOperations.cs: 254 - Successfully loaded component C:\Users\shawn\Desktop\CTPM3F20E_20平动三指手可动数模\KKCTPM3F20.01.11_导轨轨道.SLDPRT
2026-03-16 16:05:38,870 INFO  CommonSwOperations.cs: 245 - Loading component with PID PF     ???2K K C T P M 3 F 2 0 . 0 1 . 0 5 _ 5u:g?[??g- 3 @ K K C T P M 3 F 2 0 E _ 2 0 s^?R	NcKb( zz?X!j?W)             D  
2026-03-16 16:05:38,871 INFO  CommonSwOperations.cs: 254 - Successfully loaded component C:\Users\shawn\Desktop\CTPM3F20E_20平动三指手可动数模\KKCTPM3F20.01.05_电机安装板.SLDPRT
2026-03-16 16:05:38,871 INFO  CommonSwOperations.cs: 245 - Loading component with PID PF     ???^K K C T P M 3 F 2 0 . 0 2 _ ?v?~?[h??~?N- 1 1 @ K K C T P M 3 F 2 0 E _ 2 0 s^?R	NcKb( zz?X!j?W) / K K C T P M 3 F 2 0 . 0 1 . 1 1 _ ?[h?h?S?- 2 @ K K C T P M 3 F 2 0 . 0 2 _ ?v?~?[h??~?N                 
2026-03-16 16:05:38,972 INFO  CommonSwOperations.cs: 254 - Successfully loaded component C:\Users\shawn\Desktop\CTPM3F20E_20平动三指手可动数模\KKCTPM3F20.01.11_导轨轨道.SLDPRT
2026-03-16 16:05:38,973 INFO  CommonSwOperations.cs: 245 - Loading component with PID PF     ???eK K C T P M 3 F 2 0 . 0 2 _ ?v?~?[h??~?N- 1 4 @ K K C T P M 3 F 2 0 E _ 2 0 s^?R	NcKb( zz?X!j?W) / K K G B T 7 0 . 1   M 3 X 8 _ ?QmQ??W?g4Y????  M 3 X 8 - 3 @ K K C T P M 3 F 2 0 . 0 2 _ ?v?~?[h??~?N            (  6   
2026-03-16 16:05:38,973 INFO  CommonSwOperations.cs: 254 - Successfully loaded component C:\Users\shawn\Desktop\CTPM3F20E_20平动三指手可动数模\KKGBT70.1 M3X8_内六角圆柱头螺钉 M3X8.SLDPRT
2026-03-16 16:05:38,974 INFO  CommonSwOperations.cs: 245 - Loading component with PID PF     ???eK K C T P M 3 F 2 0 . 0 2 _ ?v?~?[h??~?N- 1 4 @ K K C T P M 3 F 2 0 E _ 2 0 s^?R	NcKb( zz?X!j?W) / K K G B T 7 0 . 1   M 3 X 8 _ ?QmQ??W?g4Y????  M 3 X 8 - 1 @ K K C T P M 3 F 2 0 . 0 2 _ ?v?~?[h??~?N            (  0   
2026-03-16 16:05:38,974 INFO  CommonSwOperations.cs: 254 - Successfully loaded component C:\Users\shawn\Desktop\CTPM3F20E_20平动三指手可动数模\KKGBT70.1 M3X8_内六角圆柱头螺钉 M3X8.SLDPRT
2026-03-16 16:05:38,975 INFO  CommonSwOperations.cs: 245 - Loading component with PID PF     ???eK K C T P M 3 F 2 0 . 0 2 _ ?v?~?[h??~?N- 1 4 @ K K C T P M 3 F 2 0 E _ 2 0 s^?R	NcKb( zz?X!j?W) / K K G B T 7 0 . 1   M 3 X 8 _ ?QmQ??W?g4Y????  M 3 X 8 - 2 @ K K C T P M 3 F 2 0 . 0 2 _ ?v?~?[h??~?N            (  5   
2026-03-16 16:05:38,975 INFO  CommonSwOperations.cs: 254 - Successfully loaded component C:\Users\shawn\Desktop\CTPM3F20E_20平动三指手可动数模\KKGBT70.1 M3X8_内六角圆柱头螺钉 M3X8.SLDPRT
2026-03-16 16:05:38,975 INFO  CommonSwOperations.cs: 245 - Loading component with PID PF     ???eK K C T P M 3 F 2 0 . 0 2 _ ?v?~?[h??~?N- 1 4 @ K K C T P M 3 F 2 0 E _ 2 0 s^?R	NcKb( zz?X!j?W) / K K G B T 7 0 . 1   M 3 X 8 _ ?QmQ??W?g4Y????  M 3 X 8 - 4 @ K K C T P M 3 F 2 0 . 0 2 _ ?v?~?[h??~?N            (  7   
2026-03-16 16:05:38,976 INFO  CommonSwOperations.cs: 254 - Successfully loaded component C:\Users\shawn\Desktop\CTPM3F20E_20平动三指手可动数模\KKGBT70.1 M3X8_内六角圆柱头螺钉 M3X8.SLDPRT
2026-03-16 16:05:38,976 INFO  CommonSwOperations.cs: 245 - Loading component with PID PF     ???eK K C T P M 3 F 2 0 . 0 2 _ ?v?~?[h??~?N- 1 1 @ K K C T P M 3 F 2 0 E _ 2 0 s^?R	NcKb( zz?X!j?W) / K K G B T 7 0 . 1   M 3 X 8 _ ?QmQ??W?g4Y????  M 3 X 8 - 4 @ K K C T P M 3 F 2 0 . 0 2 _ ?v?~?[h??~?N              7   
2026-03-16 16:05:38,976 INFO  CommonSwOperations.cs: 254 - Successfully loaded component C:\Users\shawn\Desktop\CTPM3F20E_20平动三指手可动数模\KKGBT70.1 M3X8_内六角圆柱头螺钉 M3X8.SLDPRT
2026-03-16 16:05:38,976 INFO  CommonSwOperations.cs: 245 - Loading component with PID PF     ???eK K C T P M 3 F 2 0 . 0 2 _ ?v?~?[h??~?N- 1 1 @ K K C T P M 3 F 2 0 E _ 2 0 s^?R	NcKb( zz?X!j?W) / K K G B T 7 0 . 1   M 3 X 8 _ ?QmQ??W?g4Y????  M 3 X 8 - 3 @ K K C T P M 3 F 2 0 . 0 2 _ ?v?~?[h??~?N              6   
2026-03-16 16:05:38,977 INFO  CommonSwOperations.cs: 254 - Successfully loaded component C:\Users\shawn\Desktop\CTPM3F20E_20平动三指手可动数模\KKGBT70.1 M3X8_内六角圆柱头螺钉 M3X8.SLDPRT
2026-03-16 16:05:38,977 INFO  CommonSwOperations.cs: 245 - Loading component with PID PF     ???eK K C T P M 3 F 2 0 . 0 2 _ ?v?~?[h??~?N- 1 1 @ K K C T P M 3 F 2 0 E _ 2 0 s^?R	NcKb( zz?X!j?W) / K K G B T 7 0 . 1   M 3 X 8 _ ?QmQ??W?g4Y????  M 3 X 8 - 1 @ K K C T P M 3 F 2 0 . 0 2 _ ?v?~?[h??~?N              0   
2026-03-16 16:05:38,977 INFO  CommonSwOperations.cs: 254 - Successfully loaded component C:\Users\shawn\Desktop\CTPM3F20E_20平动三指手可动数模\KKGBT70.1 M3X8_内六角圆柱头螺钉 M3X8.SLDPRT
2026-03-16 16:05:38,977 INFO  CommonSwOperations.cs: 245 - Loading component with PID PF     ???eK K C T P M 3 F 2 0 . 0 2 _ ?v?~?[h??~?N- 1 1 @ K K C T P M 3 F 2 0 E _ 2 0 s^?R	NcKb( zz?X!j?W) / K K G B T 7 0 . 1   M 3 X 8 _ ?QmQ??W?g4Y????  M 3 X 8 - 2 @ K K C T P M 3 F 2 0 . 0 2 _ ?v?~?[h??~?N              5   
2026-03-16 16:05:38,978 INFO  CommonSwOperations.cs: 254 - Successfully loaded component C:\Users\shawn\Desktop\CTPM3F20E_20平动三指手可动数模\KKGBT70.1 M3X8_内六角圆柱头螺钉 M3X8.SLDPRT
2026-03-16 16:05:38,978 INFO  CommonSwOperations.cs: 245 - Loading component with PID PF     ???eK K C T P M 3 F 2 0 . 0 2 _ ?v?~?[h??~?N- 1 5 @ K K C T P M 3 F 2 0 E _ 2 0 s^?R	NcKb( zz?X!j?W) / K K G B T 7 0 . 1   M 3 X 8 _ ?QmQ??W?g4Y????  M 3 X 8 - 4 @ K K C T P M 3 F 2 0 . 0 2 _ ?v?~?[h??~?N            )  7   
2026-03-16 16:05:38,978 INFO  CommonSwOperations.cs: 254 - Successfully loaded component C:\Users\shawn\Desktop\CTPM3F20E_20平动三指手可动数模\KKGBT70.1 M3X8_内六角圆柱头螺钉 M3X8.SLDPRT
2026-03-16 16:05:38,978 INFO  CommonSwOperations.cs: 245 - Loading component with PID PF     ???eK K C T P M 3 F 2 0 . 0 2 _ ?v?~?[h??~?N- 1 5 @ K K C T P M 3 F 2 0 E _ 2 0 s^?R	NcKb( zz?X!j?W) / K K G B T 7 0 . 1   M 3 X 8 _ ?QmQ??W?g4Y????  M 3 X 8 - 2 @ K K C T P M 3 F 2 0 . 0 2 _ ?v?~?[h??~?N            )  5   
2026-03-16 16:05:38,979 INFO  CommonSwOperations.cs: 254 - Successfully loaded component C:\Users\shawn\Desktop\CTPM3F20E_20平动三指手可动数模\KKGBT70.1 M3X8_内六角圆柱头螺钉 M3X8.SLDPRT
2026-03-16 16:05:38,979 INFO  CommonSwOperations.cs: 245 - Loading component with PID PF     ???eK K C T P M 3 F 2 0 . 0 2 _ ?v?~?[h??~?N- 1 5 @ K K C T P M 3 F 2 0 E _ 2 0 s^?R	NcKb( zz?X!j?W) / K K G B T 7 0 . 1   M 3 X 8 _ ?QmQ??W?g4Y????  M 3 X 8 - 3 @ K K C T P M 3 F 2 0 . 0 2 _ ?v?~?[h??~?N            )  6   
2026-03-16 16:05:38,979 INFO  CommonSwOperations.cs: 254 - Successfully loaded component C:\Users\shawn\Desktop\CTPM3F20E_20平动三指手可动数模\KKGBT70.1 M3X8_内六角圆柱头螺钉 M3X8.SLDPRT
2026-03-16 16:05:38,980 INFO  CommonSwOperations.cs: 245 - Loading component with PID PF     ???eK K C T P M 3 F 2 0 . 0 2 _ ?v?~?[h??~?N- 1 5 @ K K C T P M 3 F 2 0 E _ 2 0 s^?R	NcKb( zz?X!j?W) / K K G B T 7 0 . 1   M 3 X 8 _ ?QmQ??W?g4Y????  M 3 X 8 - 1 @ K K C T P M 3 F 2 0 . 0 2 _ ?v?~?[h??~?N            )  0   
2026-03-16 16:05:38,980 INFO  CommonSwOperations.cs: 254 - Successfully loaded component C:\Users\shawn\Desktop\CTPM3F20E_20平动三指手可动数模\KKGBT70.1 M3X8_内六角圆柱头螺钉 M3X8.SLDPRT
2026-03-16 16:05:38,981 INFO  CommonSwOperations.cs: 230 - Loaded 25 components for link base_link
2026-03-16 16:05:38,981 INFO  CommonSwOperations.cs: 221 - Loading SolidWorks components for Slide_1_Link from C:\Users\shawn\Desktop\CTPM3F20E_20平动三指手可动数模\KKCTPM3F20E_20平动三指手(空壳模型).SLDASM
2026-03-16 16:05:38,981 INFO  CommonSwOperations.cs: 245 - Loading component with PID PF     ????K K C T P M 3 F 2 0 . 0 2 _ ?v?~?[h??~?N- 1 4 @ K K C T P M 3 F 2 0 E _ 2 0 s^?R	NcKb( zz?X!j?W) / K K C T P 3 M 2 0 . 0 2 . . 0 2 _ ?nWW?~?N- 1 @ K K C T P M 3 F 2 0 . 0 2 _ ?v?~?[h??~?N/ K K C T P M 3 F 2 0 . 0 2 . 0 2 . 0 1 _ ?n?s?[h??nWW- 1 @ K K C T P 3 M 2 0 . 0 2 . . 0 2 _ ?nWW?~?N            (     B   
2026-03-16 16:05:38,981 INFO  CommonSwOperations.cs: 254 - Successfully loaded component C:\Users\shawn\Desktop\CTPM3F20E_20平动三指手可动数模\KKCTPM3F20.02.02.01_滚珠导轨滑块.SLDPRT
2026-03-16 16:05:38,982 INFO  CommonSwOperations.cs: 245 - Loading component with PID PF     ????K K C T P M 3 F 2 0 . 0 2 _ ?v?~?[h??~?N- 1 4 @ K K C T P M 3 F 2 0 E _ 2 0 s^?R	NcKb( zz?X!j?W) / K K C T P 3 M 2 0 . 0 2 . . 0 2 _ ?nWW?~?N- 1 @ K K C T P M 3 F 2 0 . 0 2 _ ?v?~?[h??~?N/ K K C T P M 3 F 2 0 . 0 2 . 0 2 . 0 2 _ ?[h??nWW!cg- 4 @ K K C T P 3 M 2 0 . 0 2 . . 0 2 _ ?nWW?~?N            (     D   
2026-03-16 16:05:38,982 INFO  CommonSwOperations.cs: 254 - Successfully loaded component C:\Users\shawn\Desktop\CTPM3F20E_20平动三指手可动数模\KKCTPM3F20.02.02.02_导轨滑块挡板.SLDPRT
2026-03-16 16:05:38,982 INFO  CommonSwOperations.cs: 245 - Loading component with PID PF     ????K K C T P M 3 F 2 0 . 0 2 _ ?v?~?[h??~?N- 1 4 @ K K C T P M 3 F 2 0 E _ 2 0 s^?R	NcKb( zz?X!j?W) / K K C T P 3 M 2 0 . 0 2 . . 0 2 _ ?nWW?~?N- 1 @ K K C T P M 3 F 2 0 . 0 2 _ ?v?~?[h??~?N/ K K C T P M 3 F 2 0 . 0 2 . 0 2 . 0 2 _ ?[h??nWW!cg- 3 @ K K C T P 3 M 2 0 . 0 2 . . 0 2 _ ?nWW?~?N            (     C   
2026-03-16 16:05:38,983 INFO  CommonSwOperations.cs: 254 - Successfully loaded component C:\Users\shawn\Desktop\CTPM3F20E_20平动三指手可动数模\KKCTPM3F20.02.02.02_导轨滑块挡板.SLDPRT
2026-03-16 16:05:38,983 INFO  CommonSwOperations.cs: 245 - Loading component with PID PF     ????K K C T P M 3 F 2 0 . 0 2 _ ?v?~?[h??~?N- 1 4 @ K K C T P M 3 F 2 0 E _ 2 0 s^?R	NcKb( zz?X!j?W) / K K C T P 3 M 2 0 . 0 2 . . 0 2 _ ?nWW?~?N- 1 @ K K C T P M 3 F 2 0 . 0 2 _ ?v?~?[h??~?N/ K K G B T 8 1 9 . 1   M 2 X 4 _ ASW[?i?l4Y????  M 2 X 4 - 7 @ K K C T P 3 M 2 0 . 0 2 . . 0 2 _ ?nWW?~?N            (     j   
2026-03-16 16:05:38,983 INFO  CommonSwOperations.cs: 254 - Successfully loaded component C:\Users\shawn\Desktop\CTPM3F20E_20平动三指手可动数模\KKGBT819.1 M2X4_十字槽沉头螺钉 M2X4.SLDPRT
2026-03-16 16:05:38,983 INFO  CommonSwOperations.cs: 245 - Loading component with PID PF     ????K K C T P M 3 F 2 0 . 0 2 _ ?v?~?[h??~?N- 1 4 @ K K C T P M 3 F 2 0 E _ 2 0 s^?R	NcKb( zz?X!j?W) / K K C T P 3 M 2 0 . 0 2 . . 0 2 _ ?nWW?~?N- 1 @ K K C T P M 3 F 2 0 . 0 2 _ ?v?~?[h??~?N/ K K G B T 8 1 9 . 1   M 2 X 4 _ ASW[?i?l4Y????  M 2 X 4 - 6 @ K K C T P 3 M 2 0 . 0 2 . . 0 2 _ ?nWW?~?N            (     k   
2026-03-16 16:05:38,983 INFO  CommonSwOperations.cs: 254 - Successfully loaded component C:\Users\shawn\Desktop\CTPM3F20E_20平动三指手可动数模\KKGBT819.1 M2X4_十字槽沉头螺钉 M2X4.SLDPRT
2026-03-16 16:05:38,984 INFO  CommonSwOperations.cs: 245 - Loading component with PID PF     ????K K C T P M 3 F 2 0 . 0 2 _ ?v?~?[h??~?N- 1 4 @ K K C T P M 3 F 2 0 E _ 2 0 s^?R	NcKb( zz?X!j?W) / K K C T P 3 M 2 0 . 0 2 . . 0 2 _ ?nWW?~?N- 1 @ K K C T P M 3 F 2 0 . 0 2 _ ?v?~?[h??~?N/ K K G B T 8 1 9 . 1   M 2 X 4 _ ASW[?i?l4Y????  M 2 X 4 - 2 @ K K C T P 3 M 2 0 . 0 2 . . 0 2 _ ?nWW?~?N            (     a   
2026-03-16 16:05:38,984 INFO  CommonSwOperations.cs: 254 - Successfully loaded component C:\Users\shawn\Desktop\CTPM3F20E_20平动三指手可动数模\KKGBT819.1 M2X4_十字槽沉头螺钉 M2X4.SLDPRT
2026-03-16 16:05:38,984 INFO  CommonSwOperations.cs: 245 - Loading component with PID PF     ????K K C T P M 3 F 2 0 . 0 2 _ ?v?~?[h??~?N- 1 4 @ K K C T P M 3 F 2 0 E _ 2 0 s^?R	NcKb( zz?X!j?W) / K K C T P 3 M 2 0 . 0 2 . . 0 2 _ ?nWW?~?N- 1 @ K K C T P M 3 F 2 0 . 0 2 _ ?v?~?[h??~?N/ K K G B T 8 1 9 . 1   M 2 X 4 _ ASW[?i?l4Y????  M 2 X 4 - 4 @ K K C T P 3 M 2 0 . 0 2 . . 0 2 _ ?nWW?~?N            (     h   
2026-03-16 16:05:38,984 INFO  CommonSwOperations.cs: 254 - Successfully loaded component C:\Users\shawn\Desktop\CTPM3F20E_20平动三指手可动数模\KKGBT819.1 M2X4_十字槽沉头螺钉 M2X4.SLDPRT
2026-03-16 16:05:38,985 INFO  CommonSwOperations.cs: 230 - Loaded 7 components for link Slide_1_Link
2026-03-16 16:05:38,985 INFO  CommonSwOperations.cs: 221 - Loading SolidWorks components for Slide_2_Link from C:\Users\shawn\Desktop\CTPM3F20E_20平动三指手可动数模\KKCTPM3F20E_20平动三指手(空壳模型).SLDASM
2026-03-16 16:05:38,985 INFO  CommonSwOperations.cs: 245 - Loading component with PID PF     ????K K C T P M 3 F 2 0 . 0 2 _ ?v?~?[h??~?N- 1 1 @ K K C T P M 3 F 2 0 E _ 2 0 s^?R	NcKb( zz?X!j?W) / K K C T P 3 M 2 0 . 0 2 . . 0 2 _ ?nWW?~?N- 1 @ K K C T P M 3 F 2 0 . 0 2 _ ?v?~?[h??~?N/ K K C T P M 3 F 2 0 . 0 2 . 0 2 . 0 1 _ ?n?s?[h??nWW- 1 @ K K C T P 3 M 2 0 . 0 2 . . 0 2 _ ?nWW?~?N                 B   
2026-03-16 16:05:38,985 INFO  CommonSwOperations.cs: 254 - Successfully loaded component C:\Users\shawn\Desktop\CTPM3F20E_20平动三指手可动数模\KKCTPM3F20.02.02.01_滚珠导轨滑块.SLDPRT
2026-03-16 16:05:38,986 INFO  CommonSwOperations.cs: 245 - Loading component with PID PF     ????K K C T P M 3 F 2 0 . 0 2 _ ?v?~?[h??~?N- 1 1 @ K K C T P M 3 F 2 0 E _ 2 0 s^?R	NcKb( zz?X!j?W) / K K C T P 3 M 2 0 . 0 2 . . 0 2 _ ?nWW?~?N- 1 @ K K C T P M 3 F 2 0 . 0 2 _ ?v?~?[h??~?N/ K K C T P M 3 F 2 0 . 0 2 . 0 2 . 0 2 _ ?[h??nWW!cg- 4 @ K K C T P 3 M 2 0 . 0 2 . . 0 2 _ ?nWW?~?N                 D   
2026-03-16 16:05:38,986 INFO  CommonSwOperations.cs: 254 - Successfully loaded component C:\Users\shawn\Desktop\CTPM3F20E_20平动三指手可动数模\KKCTPM3F20.02.02.02_导轨滑块挡板.SLDPRT
2026-03-16 16:05:38,986 INFO  CommonSwOperations.cs: 245 - Loading component with PID PF     ????K K C T P M 3 F 2 0 . 0 2 _ ?v?~?[h??~?N- 1 1 @ K K C T P M 3 F 2 0 E _ 2 0 s^?R	NcKb( zz?X!j?W) / K K C T P 3 M 2 0 . 0 2 . . 0 2 _ ?nWW?~?N- 1 @ K K C T P M 3 F 2 0 . 0 2 _ ?v?~?[h??~?N/ K K G B T 8 1 9 . 1   M 2 X 4 _ ASW[?i?l4Y????  M 2 X 4 - 2 @ K K C T P 3 M 2 0 . 0 2 . . 0 2 _ ?nWW?~?N                 a   
2026-03-16 16:05:38,987 INFO  CommonSwOperations.cs: 254 - Successfully loaded component C:\Users\shawn\Desktop\CTPM3F20E_20平动三指手可动数模\KKGBT819.1 M2X4_十字槽沉头螺钉 M2X4.SLDPRT
2026-03-16 16:05:38,987 INFO  CommonSwOperations.cs: 245 - Loading component with PID PF     ????K K C T P M 3 F 2 0 . 0 2 _ ?v?~?[h??~?N- 1 1 @ K K C T P M 3 F 2 0 E _ 2 0 s^?R	NcKb( zz?X!j?W) / K K C T P 3 M 2 0 . 0 2 . . 0 2 _ ?nWW?~?N- 1 @ K K C T P M 3 F 2 0 . 0 2 _ ?v?~?[h??~?N/ K K G B T 8 1 9 . 1   M 2 X 4 _ ASW[?i?l4Y????  M 2 X 4 - 4 @ K K C T P 3 M 2 0 . 0 2 . . 0 2 _ ?nWW?~?N                 h   
2026-03-16 16:05:38,987 INFO  CommonSwOperations.cs: 254 - Successfully loaded component C:\Users\shawn\Desktop\CTPM3F20E_20平动三指手可动数模\KKGBT819.1 M2X4_十字槽沉头螺钉 M2X4.SLDPRT
2026-03-16 16:05:38,987 INFO  CommonSwOperations.cs: 245 - Loading component with PID PF     ????K K C T P M 3 F 2 0 . 0 2 _ ?v?~?[h??~?N- 1 1 @ K K C T P M 3 F 2 0 E _ 2 0 s^?R	NcKb( zz?X!j?W) / K K C T P 3 M 2 0 . 0 2 . . 0 2 _ ?nWW?~?N- 1 @ K K C T P M 3 F 2 0 . 0 2 _ ?v?~?[h??~?N/ K K C T P M 3 F 2 0 . 0 2 . 0 2 . 0 2 _ ?[h??nWW!cg- 3 @ K K C T P 3 M 2 0 . 0 2 . . 0 2 _ ?nWW?~?N                 C   
2026-03-16 16:05:38,988 INFO  CommonSwOperations.cs: 254 - Successfully loaded component C:\Users\shawn\Desktop\CTPM3F20E_20平动三指手可动数模\KKCTPM3F20.02.02.02_导轨滑块挡板.SLDPRT
2026-03-16 16:05:38,988 INFO  CommonSwOperations.cs: 245 - Loading component with PID PF     ????K K C T P M 3 F 2 0 . 0 2 _ ?v?~?[h??~?N- 1 1 @ K K C T P M 3 F 2 0 E _ 2 0 s^?R	NcKb( zz?X!j?W) / K K C T P 3 M 2 0 . 0 2 . . 0 2 _ ?nWW?~?N- 1 @ K K C T P M 3 F 2 0 . 0 2 _ ?v?~?[h??~?N/ K K G B T 8 1 9 . 1   M 2 X 4 _ ASW[?i?l4Y????  M 2 X 4 - 6 @ K K C T P 3 M 2 0 . 0 2 . . 0 2 _ ?nWW?~?N                 k   
2026-03-16 16:05:38,988 INFO  CommonSwOperations.cs: 254 - Successfully loaded component C:\Users\shawn\Desktop\CTPM3F20E_20平动三指手可动数模\KKGBT819.1 M2X4_十字槽沉头螺钉 M2X4.SLDPRT
2026-03-16 16:05:38,988 INFO  CommonSwOperations.cs: 245 - Loading component with PID PF     ????K K C T P M 3 F 2 0 . 0 2 _ ?v?~?[h??~?N- 1 1 @ K K C T P M 3 F 2 0 E _ 2 0 s^?R	NcKb( zz?X!j?W) / K K C T P 3 M 2 0 . 0 2 . . 0 2 _ ?nWW?~?N- 1 @ K K C T P M 3 F 2 0 . 0 2 _ ?v?~?[h??~?N/ K K G B T 8 1 9 . 1   M 2 X 4 _ ASW[?i?l4Y????  M 2 X 4 - 7 @ K K C T P 3 M 2 0 . 0 2 . . 0 2 _ ?nWW?~?N                 j   
2026-03-16 16:05:38,989 INFO  CommonSwOperations.cs: 254 - Successfully loaded component C:\Users\shawn\Desktop\CTPM3F20E_20平动三指手可动数模\KKGBT819.1 M2X4_十字槽沉头螺钉 M2X4.SLDPRT
2026-03-16 16:05:38,989 INFO  CommonSwOperations.cs: 230 - Loaded 7 components for link Slide_2_Link
2026-03-16 16:05:38,989 INFO  CommonSwOperations.cs: 221 - Loading SolidWorks components for Empty_Link from C:\Users\shawn\Desktop\CTPM3F20E_20平动三指手可动数模\KKCTPM3F20E_20平动三指手(空壳模型).SLDASM
2026-03-16 16:05:38,989 INFO  CommonSwOperations.cs: 230 - Loaded 0 components for link Empty_Link
2026-03-16 16:05:39,368 INFO  SwAddin.cs: 344 - Showing property manager
2026-03-16 16:07:50,002 INFO  ExportPropertyManager.cs: 1018 - OnComboboxSelectionChanged called. This method no longer throws an Exception. It just silently does nothing. Ok, except for this logging message
2026-03-16 16:07:51,952 INFO  ExportPropertyManager.cs: 1018 - OnComboboxSelectionChanged called. This method no longer throws an Exception. It just silently does nothing. Ok, except for this logging message
2026-03-16 16:08:00,100 INFO  ExportPropertyManager.cs: 1018 - OnComboboxSelectionChanged called. This method no longer throws an Exception. It just silently does nothing. Ok, except for this logging message
2026-03-16 16:08:02,204 INFO  ExportPropertyManager.cs: 1018 - OnComboboxSelectionChanged called. This method no longer throws an Exception. It just silently does nothing. Ok, except for this logging message
2026-03-16 16:08:04,915 INFO  ExportPropertyManager.cs: 1018 - OnComboboxSelectionChanged called. This method no longer throws an Exception. It just silently does nothing. Ok, except for this logging message
2026-03-16 16:08:15,932 INFO  ExportPropertyManager.cs: 1018 - OnComboboxSelectionChanged called. This method no longer throws an Exception. It just silently does nothing. Ok, except for this logging message
2026-03-16 16:08:17,970 INFO  ExportPropertyManager.cs: 1018 - OnComboboxSelectionChanged called. This method no longer throws an Exception. It just silently does nothing. Ok, except for this logging message
2026-03-16 16:09:33,922 INFO  ExportPropertyManager.cs: 422 - Configuration saved
2026-03-16 16:09:33,925 INFO  ConfigurationSerialization.cs: 276 - URDF Configuration found
<Link z:Id="i1" xmlns="http://schemas.datacontract.org/2004/07/SW2URDF" xmlns:i="http://www.w3.org/2001/XMLSchema-instance" xmlns:z="http://schemas.microsoft.com/2003/10/Serialization/"><Attributes><Attribute z:Id="i2"><AttributeType>name</AttributeType><IsRequired>true</IsRequired><Value i:type="a:string" xmlns:a="http://www.w3.org/2001/XMLSchema">base_link</Value></Attribute></Attributes><ChildElements><URDFElement z:Id="i3" i:type="Inertial"><Attributes/><ChildElements><URDFElement z:Id="i4" i:type="Origin"><Attributes><Attribute z:Id="i5"><AttributeType>xyz</AttributeType><IsRequired>true</IsRequired><Value i:type="a:ArrayOfdouble" xmlns:a="http://schemas.microsoft.com/2003/10/Serialization/Arrays"><a:double>0</a:double><a:double>0</a:double><a:double>0</a:double></Value></Attribute><Attribute z:Id="i6"><AttributeType>rpy</AttributeType><IsRequired>true</IsRequired><Value i:type="a:ArrayOfdouble" xmlns:a="http://schemas.microsoft.com/2003/10/Serialization/Arrays"><a:double>0</a:double><a:double>0</a:double><a:double>0</a:double></Value></Attribute></Attributes><ChildElements/><ElementName>origin</ElementName><required>false</required><RPYAttribute z:Ref="i6"/><XYZAttribute z:Ref="i5"/><isCustomized>false</isCustomized></URDFElement><URDFElement z:Id="i7" i:type="Mass"><Attributes><Attribute z:Id="i8"><AttributeType>value</AttributeType><IsRequired>true</IsRequired><Value i:type="a:double" xmlns:a="http://www.w3.org/2001/XMLSchema">0</Value></Attribute></Attributes><ChildElements/><ElementName>mass</ElementName><required>false</required><ValueAttribute z:Ref="i8"/></URDFElement><URDFElement z:Id="i9" i:type="Inertia"><Attributes><Attribute z:Id="i10"><AttributeType>ixx</AttributeType><IsRequired>true</IsRequired><Value i:type="a:double" xmlns:a="http://www.w3.org/2001/XMLSchema">0</Value></Attribute><Attribute z:Id="i11"><AttributeType>ixy</AttributeType><IsRequired>true</IsRequired><Value i:type="a:double" xmlns:a="http://www.w3.org/2001/XMLSchema">0</Value></Attribute><Attribute z:Id="i12"><AttributeType>ixz</AttributeType><IsRequired>true</IsRequired><Value i:type="a:double" xmlns:a="http://www.w3.org/2001/XMLSchema">0</Value></Attribute><Attribute z:Id="i13"><AttributeType>iyy</AttributeType><IsRequired>true</IsRequired><Value i:type="a:double" xmlns:a="http://www.w3.org/2001/XMLSchema">0</Value></Attribute><Attribute z:Id="i14"><AttributeType>iyz</AttributeType><IsRequired>true</IsRequired><Value i:type="a:double" xmlns:a="http://www.w3.org/2001/XMLSchema">0</Value></Attribute><Attribute z:Id="i15"><AttributeType>izz</AttributeType><IsRequired>true</IsRequired><Value i:type="a:double" xmlns:a="http://www.w3.org/2001/XMLSchema">0</Value></Attribute></Attributes><ChildElements/><ElementName>inertia</ElementName><required>false</required><IxxAttribute z:Ref="i10"/><IxyAttribute z:Ref="i11"/><IxzAttribute z:Ref="i12"/><IyyAttribute z:Ref="i13"/><IyzAttribute z:Ref="i14"/><IzzAttribute z:Ref="i15"/></URDFElement></ChildElements><ElementName>inertial</ElementName><required>false</required><Inertia z:Ref="i9"/><Mass z:Ref="i7"/><Origin z:Ref="i4"/></URDFElement><URDFElement z:Id="i16" i:type="Visual"><Attributes/><ChildElements><URDFElement z:Id="i17" i:type="Origin"><Attributes><Attribute z:Id="i18"><AttributeType>xyz</AttributeType><IsRequired>true</IsRequired><Value i:type="a:ArrayOfdouble" xmlns:a="http://schemas.microsoft.com/2003/10/Serialization/Arrays"><a:double>0</a:double><a:double>0</a:double><a:double>0</a:double></Value></Attribute><Attribute z:Id="i19"><AttributeType>rpy</AttributeType><IsRequired>true</IsRequired><Value i:type="a:ArrayOfdouble" xmlns:a="http://schemas.microsoft.com/2003/10/Serialization/Arrays"><a:double>0</a:double><a:double>0</a:double><a:double>0</a:double></Value></Attribute></Attributes><ChildElements/><ElementName>origin</ElementName><required>false</required><RPYAttribute z:Ref="i19"/><XYZAttribute z:Ref="i18"/><isCustomized>false</isCustomized></URDFElement><URDFElement z:Id="i20" i:type="Geometry"><Attributes/><ChildElements><URDFElement z:Id="i21" i:type="Mesh"><Attributes><Attribute z:Id="i22"><AttributeType>filename</AttributeType><IsRequired>true</IsRequired><Value i:nil="true"/></Attribute></Attributes><ChildElements/><ElementName>mesh</ElementName><required>false</required><FilenameAttribute z:Ref="i22"/></URDFElement></ChildElements><ElementName>geometry</ElementName><required>true</required><Mesh z:Ref="i21"/></URDFElement><URDFElement z:Id="i23" i:type="Material"><Attributes><Attribute z:Id="i24"><AttributeType>name</AttributeType><IsRequired>true</IsRequired><Value i:type="a:string" xmlns:a="http://www.w3.org/2001/XMLSchema"/></Attribute></Attributes><ChildElements><URDFElement z:Id="i25" i:type="Color"><Attributes><Attribute z:Id="i26"><AttributeType>rgba</AttributeType><IsRequired>true</IsRequired><Value i:type="a:ArrayOfdouble" xmlns:a="http://schemas.microsoft.com/2003/10/Serialization/Arrays"><a:double>1</a:double><a:double>1</a:double><a:double>1</a:double><a:double>1</a:double></Value></Attribute></Attributes><ChildElements/><ElementName>color</ElementName><required>false</required><RGBAAttribute z:Ref="i26"/></URDFElement><URDFElement z:Id="i27" i:type="Texture"><Attributes><Attribute z:Id="i28"><AttributeType>filename</AttributeType><IsRequired>true</IsRequired><Value i:nil="true"/></Attribute></Attributes><ChildElements/><ElementName>texture</ElementName><required>false</required><FilenameAttribute z:Ref="i28"/><wFilename/></URDFElement></ChildElements><ElementName>material</ElementName><required>false</required><Color z:Ref="i25"/><NameAttribute z:Ref="i24"/><Texture z:Ref="i27"/></URDFElement></ChildElements><ElementName>visual</ElementName><required>false</required><Geometry z:Ref="i20"/><Material z:Ref="i23"/><Origin z:Ref="i17"/></URDFElement><URDFElement z:Id="i29" i:type="Collision"><Attributes/><ChildElements><URDFElement z:Id="i30" i:type="Origin"><Attributes><Attribute z:Id="i31"><AttributeType>xyz</AttributeType><IsRequired>true</IsRequired><Value i:type="a:ArrayOfdouble" xmlns:a="http://schemas.microsoft.com/2003/10/Serialization/Arrays"><a:double>0</a:double><a:double>0</a:double><a:double>0</a:double></Value></Attribute><Attribute z:Id="i32"><AttributeType>rpy</AttributeType><IsRequired>true</IsRequired><Value i:type="a:ArrayOfdouble" xmlns:a="http://schemas.microsoft.com/2003/10/Serialization/Arrays"><a:double>0</a:double><a:double>0</a:double><a:double>0</a:double></Value></Attribute></Attributes><ChildElements/><ElementName>origin</ElementName><required>false</required><RPYAttribute z:Ref="i32"/><XYZAttribute z:Ref="i31"/><isCustomized>false</isCustomized></URDFElement><URDFElement z:Id="i33" i:type="Geometry"><Attributes/><ChildElements><URDFElement z:Id="i34" i:type="Mesh"><Attributes><Attribute z:Id="i35"><AttributeType>filename</AttributeType><IsRequired>true</IsRequired><Value i:nil="true"/></Attribute></Attributes><ChildElements/><ElementName>mesh</ElementName><required>false</required><FilenameAttribute z:Ref="i35"/></URDFElement></ChildElements><ElementName>geometry</ElementName><required>true</required><Mesh z:Ref="i34"/></URDFElement></ChildElements><ElementName>collision</ElementName><required>false</required><Geometry z:Ref="i33"/><Origin z:Ref="i30"/></URDFElement><URDFElement z:Id="i36" i:type="Joint"><Attributes><Attribute z:Id="i37"><AttributeType>name</AttributeType><IsRequired>true</IsRequired><Value i:type="a:string" xmlns:a="http://www.w3.org/2001/XMLSchema"/></Attribute><Attribute z:Id="i38"><AttributeType>type</AttributeType><IsRequired>true</IsRequired><Value i:type="a:string" xmlns:a="http://www.w3.org/2001/XMLSchema"/></Attribute></Attributes><ChildElements><URDFElement z:Id="i39" i:type="Origin"><Attributes><Attribute z:Id="i40"><AttributeType>xyz</AttributeType><IsRequired>true</IsRequired><Value i:type="a:ArrayOfdouble" xmlns:a="http://schemas.microsoft.com/2003/10/Serialization/Arrays"><a:double>0</a:double><a:double>0</a:double><a:double>0</a:double></Value></Attribute><Attribute z:Id="i41"><AttributeType>rpy</AttributeType><IsRequired>true</IsRequired><Value i:type="a:ArrayOfdouble" xmlns:a="http://schemas.microsoft.com/2003/10/Serialization/Arrays"><a:double>0</a:double><a:double>0</a:double><a:double>0</a:double></Value></Attribute></Attributes><ChildElements/><ElementName>origin</ElementName><required>false</required><RPYAttribute z:Ref="i41"/><XYZAttribute z:Ref="i40"/><isCustomized>false</isCustomized></URDFElement><URDFElement z:Id="i42" i:type="ParentLink"><Attributes><Attribute z:Id="i43"><AttributeType>link</AttributeType><IsRequired>true</IsRequired><Value i:type="a:string" xmlns:a="http://www.w3.org/2001/XMLSchema"/></Attribute></Attributes><ChildElements/><ElementName>parent</ElementName><required>true</required><NameAttribute z:Ref="i43"/></URDFElement><URDFElement z:Id="i44" i:type="ChildLink"><Attributes><Attribute z:Id="i45"><AttributeType>link</AttributeType><IsRequired>true</IsRequired><Value i:type="a:string" xmlns:a="http://www.w3.org/2001/XMLSchema"/></Attribute></Attributes><ChildElements/><ElementName>child</ElementName><required>true</required><NameAttribute z:Ref="i45"/></URDFElement><URDFElement z:Id="i46" i:type="Axis"><Attributes><Attribute z:Id="i47"><AttributeType>xyz</AttributeType><IsRequired>true</IsRequired><Value i:type="a:ArrayOfdouble" xmlns:a="http://schemas.microsoft.com/2003/10/Serialization/Arrays"><a:double>0</a:double><a:double>0</a:double><a:double>0</a:double></Value></Attribute></Attributes><ChildElements/><ElementName>axis</ElementName><required>false</required><XYZAttribute z:Ref="i47"/></URDFElement><URDFElement z:Id="i48" i:type="Limit"><Attributes><Attribute z:Id="i49"><AttributeType>lower</AttributeType><IsRequired>false</IsRequired><Value i:nil="true"/></Attribute><Attribute z:Id="i50"><AttributeType>upper</AttributeType><IsRequired>false</IsRequired><Value i:nil="true"/></Attribute><Attribute z:Id="i51"><AttributeType>effort</AttributeType><IsRequired>true</IsRequired><Value i:nil="true"/></Attribute><Attribute z:Id="i52"><AttributeType>velocity</AttributeType><IsRequired>true</IsRequired><Value i:nil="true"/></Attribute></Attributes><ChildElements/><ElementName>limit</ElementName><required>false</required><EffortAttribute z:Ref="i51"/><LowerAttribute z:Ref="i49"/><UpperAttribute z:Ref="i50"/><VelocityAttribute z:Ref="i52"/></URDFElement><URDFElement z:Id="i53" i:type="Calibration"><Attributes><Attribute z:Id="i54"><AttributeType>rising</AttributeType><IsRequired>false</IsRequired><Value i:nil="true"/></Attribute><Attribute z:Id="i55"><AttributeType>falling</AttributeType><IsRequired>false</IsRequired><Value i:nil="true"/></Attribute></Attributes><ChildElements/><ElementName>calibration</ElementName><required>false</required><FallingAttribute z:Ref="i55"/><RisingAttribute z:Ref="i54"/></URDFElement><URDFElement z:Id="i56" i:type="Dynamics"><Attributes><Attribute z:Id="i57"><AttributeType>damping</AttributeType><IsRequired>false</IsRequired><Value i:nil="true"/></Attribute><Attribute z:Id="i58"><AttributeType>friction</AttributeType><IsRequired>false</IsRequired><Value i:nil="true"/></Attribute></Attributes><ChildElements/><ElementName>dynamics</ElementName><required>false</required><DampingAttribute z:Ref="i57"/><FrictionAttribute z:Ref="i58"/></URDFElement><URDFElement z:Id="i59" i:type="SafetyController"><Attributes><Attribute z:Id="i60"><AttributeType>soft_upper_limit</AttributeType><IsRequired>false</IsRequired><Value i:nil="true"/></Attribute><Attribute z:Id="i61"><AttributeType>soft_lower_limit</AttributeType><IsRequired>false</IsRequired><Value i:nil="true"/></Attribute><Attribute z:Id="i62"><AttributeType>k_position</AttributeType><IsRequired>false</IsRequired><Value i:nil="true"/></Attribute><Attribute z:Id="i63"><AttributeType>k_velocity</AttributeType><IsRequired>true</IsRequired><Value i:nil="true"/></Attribute></Attributes><ChildElements/><ElementName>safety_controller</ElementName><required>false</required><KPositionAttribute z:Ref="i62"/><KVelocityAttribute z:Ref="i63"/><SoftLowerAttribute z:Ref="i61"/><SoftUpperAttribute z:Ref="i60"/></URDFElement><URDFElement z:Id="i64" i:type="Mimic"><Attributes><Attribute z:Id="i65"><AttributeType>joint</AttributeType><IsRequired>true</IsRequired><Value i:nil="true"/></Attribute><Attribute z:Id="i66"><AttributeType>multiplier</AttributeType><IsRequired>false</IsRequired><Value i:nil="true"/></Attribute><Attribute z:Id="i67"><AttributeType>offset</AttributeType><IsRequired>false</IsRequired><Value i:nil="true"/></Attribute></Attributes><ChildElements/><ElementName>mimic</ElementName><required>false</required><JointNameAttribute z:Ref="i65"/><MultiplierAttribute z:Ref="i66"/><OffsetAttribute z:Ref="i67"/></URDFElement></ChildElements><ElementName>joint</ElementName><required>false</required><Axis z:Ref="i46"/><AxisName/><Calibration z:Ref="i53"/><Child z:Ref="i44"/><CoordinateSystemName>Automatically Generate</CoordinateSystemName><Dynamics z:Ref="i56"/><Limit z:Ref="i48"/><Mimic z:Ref="i64"/><NameAttribute z:Ref="i37"/><Origin z:Ref="i39"/><Parent z:Ref="i42"/><Safety z:Ref="i59"/><TypeAttribute z:Ref="i38"/></URDFElement></ChildElements><ElementName>link</ElementName><required>true</required><Children><Link z:Id="i68"><Attributes><Attribute z:Id="i69"><AttributeType>name</AttributeType><IsRequired>true</IsRequired><Value i:type="a:string" xmlns:a="http://www.w3.org/2001/XMLSchema">Slide_1_Link</Value></Attribute></Attributes><ChildElements><URDFElement z:Id="i70" i:type="Inertial"><Attributes/><ChildElements><URDFElement z:Id="i71" i:type="Origin"><Attributes><Attribute z:Id="i72"><AttributeType>xyz</AttributeType><IsRequired>true</IsRequired><Value i:type="a:ArrayOfdouble" xmlns:a="http://schemas.microsoft.com/2003/10/Serialization/Arrays"><a:double>0</a:double><a:double>0</a:double><a:double>0</a:double></Value></Attribute><Attribute z:Id="i73"><AttributeType>rpy</AttributeType><IsRequired>true</IsRequired><Value i:type="a:ArrayOfdouble" xmlns:a="http://schemas.microsoft.com/2003/10/Serialization/Arrays"><a:double>0</a:double><a:double>0</a:double><a:double>0</a:double></Value></Attribute></Attributes><ChildElements/><ElementName>origin</ElementName><required>false</required><RPYAttribute z:Ref="i73"/><XYZAttribute z:Ref="i72"/><isCustomized>false</isCustomized></URDFElement><URDFElement z:Id="i74" i:type="Mass"><Attributes><Attribute z:Id="i75"><AttributeType>value</AttributeType><IsRequired>true</IsRequired><Value i:type="a:double" xmlns:a="http://www.w3.org/2001/XMLSchema">0</Value></Attribute></Attributes><ChildElements/><ElementName>mass</ElementName><required>false</required><ValueAttribute z:Ref="i75"/></URDFElement><URDFElement z:Id="i76" i:type="Inertia"><Attributes><Attribute z:Id="i77"><AttributeType>ixx</AttributeType><IsRequired>true</IsRequired><Value i:type="a:double" xmlns:a="http://www.w3.org/2001/XMLSchema">0</Value></Attribute><Attribute z:Id="i78"><AttributeType>ixy</AttributeType><IsRequired>true</IsRequired><Value i:type="a:double" xmlns:a="http://www.w3.org/2001/XMLSchema">0</Value></Attribute><Attribute z:Id="i79"><AttributeType>ixz</AttributeType><IsRequired>true</IsRequired><Value i:type="a:double" xmlns:a="http://www.w3.org/2001/XMLSchema">0</Value></Attribute><Attribute z:Id="i80"><AttributeType>iyy</AttributeType><IsRequired>true</IsRequired><Value i:type="a:double" xmlns:a="http://www.w3.org/2001/XMLSchema">0</Value></Attribute><Attribute z:Id="i81"><AttributeType>iyz</AttributeType><IsRequired>true</IsRequired><Value i:type="a:double" xmlns:a="http://www.w3.org/2001/XMLSchema">0</Value></Attribute><Attribute z:Id="i82"><AttributeType>izz</AttributeType><IsRequired>true</IsRequired><Value i:type="a:double" xmlns:a="http://www.w3.org/2001/XMLSchema">0</Value></Attribute></Attributes><ChildElements/><ElementName>inertia</ElementName><required>false</required><IxxAttribute z:Ref="i77"/><IxyAttribute z:Ref="i78"/><IxzAttribute z:Ref="i79"/><IyyAttribute z:Ref="i80"/><IyzAttribute z:Ref="i81"/><IzzAttribute z:Ref="i82"/></URDFElement></ChildElements><ElementName>inertial</ElementName><required>false</required><Inertia z:Ref="i76"/><Mass z:Ref="i74"/><Origin z:Ref="i71"/></URDFElement><URDFElement z:Id="i83" i:type="Visual"><Attributes/><ChildElements><URDFElement z:Id="i84" i:type="Origin"><Attributes><Attribute z:Id="i85"><AttributeType>xyz</AttributeType><IsRequired>true</IsRequired><Value i:type="a:ArrayOfdouble" xmlns:a="http://schemas.microsoft.com/2003/10/Serialization/Arrays"><a:double>0</a:double><a:double>0</a:double><a:double>0</a:double></Value></Attribute><Attribute z:Id="i86"><AttributeType>rpy</AttributeType><IsRequired>true</IsRequired><Value i:type="a:ArrayOfdouble" xmlns:a="http://schemas.microsoft.com/2003/10/Serialization/Arrays"><a:double>0</a:double><a:double>0</a:double><a:double>0</a:double></Value></Attribute></Attributes><ChildElements/><ElementName>origin</ElementName><required>false</required><RPYAttribute z:Ref="i86"/><XYZAttribute z:Ref="i85"/><isCustomized>false</isCustomized></URDFElement><URDFElement z:Id="i87" i:type="Geometry"><Attributes/><ChildElements><URDFElement z:Id="i88" i:type="Mesh"><Attributes><Attribute z:Id="i89"><AttributeType>filename</AttributeType><IsRequired>true</IsRequired><Value i:nil="true"/></Attribute></Attributes><ChildElements/><ElementName>mesh</ElementName><required>false</required><FilenameAttribute z:Ref="i89"/></URDFElement></ChildElements><ElementName>geometry</ElementName><required>true</required><Mesh z:Ref="i88"/></URDFElement><URDFElement z:Id="i90" i:type="Material"><Attributes><Attribute z:Id="i91"><AttributeType>name</AttributeType><IsRequired>true</IsRequired><Value i:type="a:string" xmlns:a="http://www.w3.org/2001/XMLSchema"/></Attribute></Attributes><ChildElements><URDFElement z:Id="i92" i:type="Color"><Attributes><Attribute z:Id="i93"><AttributeType>rgba</AttributeType><IsRequired>true</IsRequired><Value i:type="a:ArrayOfdouble" xmlns:a="http://schemas.microsoft.com/2003/10/Serialization/Arrays"><a:double>1</a:double><a:double>1</a:double><a:double>1</a:double><a:double>1</a:double></Value></Attribute></Attributes><ChildElements/><ElementName>color</ElementName><required>false</required><RGBAAttribute z:Ref="i93"/></URDFElement><URDFElement z:Id="i94" i:type="Texture"><Attributes><Attribute z:Id="i95"><AttributeType>filename</AttributeType><IsRequired>true</IsRequired><Value i:nil="true"/></Attribute></Attributes><ChildElements/><ElementName>texture</ElementName><required>false</required><FilenameAttribute z:Ref="i95"/><wFilename/></URDFElement></ChildElements><ElementName>material</ElementName><required>false</required><Color z:Ref="i92"/><NameAttribute z:Ref="i91"/><Texture z:Ref="i94"/></URDFElement></ChildElements><ElementName>visual</ElementName><required>false</required><Geometry z:Ref="i87"/><Material z:Ref="i90"/><Origin z:Ref="i84"/></URDFElement><URDFElement z:Id="i96" i:type="Collision"><Attributes/><ChildElements><URDFElement z:Id="i97" i:type="Origin"><Attributes><Attribute z:Id="i98"><AttributeType>xyz</AttributeType><IsRequired>true</IsRequired><Value i:type="a:ArrayOfdouble" xmlns:a="http://schemas.microsoft.com/2003/10/Serialization/Arrays"><a:double>0</a:double><a:double>0</a:double><a:double>0</a:double></Value></Attribute><Attribute z:Id="i99"><AttributeType>rpy</AttributeType><IsRequired>true</IsRequired><Value i:type="a:ArrayOfdouble" xmlns:a="http://schemas.microsoft.com/2003/10/Serialization/Arrays"><a:double>0</a:double><a:double>0</a:double><a:double>0</a:double></Value></Attribute></Attributes><ChildElements/><ElementName>origin</ElementName><required>false</required><RPYAttribute z:Ref="i99"/><XYZAttribute z:Ref="i98"/><isCustomized>false</isCustomized></URDFElement><URDFElement z:Id="i100" i:type="Geometry"><Attributes/><ChildElements><URDFElement z:Id="i101" i:type="Mesh"><Attributes><Attribute z:Id="i102"><AttributeType>filename</AttributeType><IsRequired>true</IsRequired><Value i:nil="true"/></Attribute></Attributes><ChildElements/><ElementName>mesh</ElementName><required>false</required><FilenameAttribute z:Ref="i102"/></URDFElement></ChildElements><ElementName>geometry</ElementName><required>true</required><Mesh z:Ref="i101"/></URDFElement></ChildElements><ElementName>collision</ElementName><required>false</required><Geometry z:Ref="i100"/><Origin z:Ref="i97"/></URDFElement><URDFElement z:Id="i103" i:type="Joint"><Attributes><Attribute z:Id="i104"><AttributeType>name</AttributeType><IsRequired>true</IsRequired><Value i:type="a:string" xmlns:a="http://www.w3.org/2001/XMLSchema">Slide_1_Joint</Value></Attribute><Attribute z:Id="i105"><AttributeType>type</AttributeType><IsRequired>true</IsRequired><Value i:type="a:string" xmlns:a="http://www.w3.org/2001/XMLSchema">prismatic</Value></Attribute></Attributes><ChildElements><URDFElement z:Id="i106" i:type="Origin"><Attributes><Attribute z:Id="i107"><AttributeType>xyz</AttributeType><IsRequired>true</IsRequired><Value i:type="a:ArrayOfdouble" xmlns:a="http://schemas.microsoft.com/2003/10/Serialization/Arrays"><a:double>0</a:double><a:double>0</a:double><a:double>0</a:double></Value></Attribute><Attribute z:Id="i108"><AttributeType>rpy</AttributeType><IsRequired>true</IsRequired><Value i:type="a:ArrayOfdouble" xmlns:a="http://schemas.microsoft.com/2003/10/Serialization/Arrays"><a:double>0</a:double><a:double>0</a:double><a:double>0</a:double></Value></Attribute></Attributes><ChildElements/><ElementName>origin</ElementName><required>false</required><RPYAttribute z:Ref="i108"/><XYZAttribute z:Ref="i107"/><isCustomized>false</isCustomized></URDFElement><URDFElement z:Id="i109" i:type="ParentLink"><Attributes><Attribute z:Id="i110"><AttributeType>link</AttributeType><IsRequired>true</IsRequired><Value i:type="a:string" xmlns:a="http://www.w3.org/2001/XMLSchema"/></Attribute></Attributes><ChildElements/><ElementName>parent</ElementName><required>true</required><NameAttribute z:Ref="i110"/></URDFElement><URDFElement z:Id="i111" i:type="ChildLink"><Attributes><Attribute z:Id="i112"><AttributeType>link</AttributeType><IsRequired>true</IsRequired><Value i:type="a:string" xmlns:a="http://www.w3.org/2001/XMLSchema"/></Attribute></Attributes><ChildElements/><ElementName>child</ElementName><required>true</required><NameAttribute z:Ref="i112"/></URDFElement><URDFElement z:Id="i113" i:type="Axis"><Attributes><Attribute z:Id="i114"><AttributeType>xyz</AttributeType><IsRequired>true</IsRequired><Value i:type="a:ArrayOfdouble" xmlns:a="http://schemas.microsoft.com/2003/10/Serialization/Arrays"><a:double>0</a:double><a:double>0</a:double><a:double>0</a:double></Value></Attribute></Attributes><ChildElements/><ElementName>axis</ElementName><required>false</required><XYZAttribute z:Ref="i114"/></URDFElement><URDFElement z:Id="i115" i:type="Limit"><Attributes><Attribute z:Id="i116"><AttributeType>lower</AttributeType><IsRequired>true</IsRequired><Value i:nil="true"/></Attribute><Attribute z:Id="i117"><AttributeType>upper</AttributeType><IsRequired>true</IsRequired><Value i:nil="true"/></Attribute><Attribute z:Id="i118"><AttributeType>effort</AttributeType><IsRequired>true</IsRequired><Value i:nil="true"/></Attribute><Attribute z:Id="i119"><AttributeType>velocity</AttributeType><IsRequired>true</IsRequired><Value i:nil="true"/></Attribute></Attributes><ChildElements/><ElementName>limit</ElementName><required>true</required><EffortAttribute z:Ref="i118"/><LowerAttribute z:Ref="i116"/><UpperAttribute z:Ref="i117"/><VelocityAttribute z:Ref="i119"/></URDFElement><URDFElement z:Id="i120" i:type="Calibration"><Attributes><Attribute z:Id="i121"><AttributeType>rising</AttributeType><IsRequired>false</IsRequired><Value i:nil="true"/></Attribute><Attribute z:Id="i122"><AttributeType>falling</AttributeType><IsRequired>false</IsRequired><Value i:nil="true"/></Attribute></Attributes><ChildElements/><ElementName>calibration</ElementName><required>false</required><FallingAttribute z:Ref="i122"/><RisingAttribute z:Ref="i121"/></URDFElement><URDFElement z:Id="i123" i:type="Dynamics"><Attributes><Attribute z:Id="i124"><AttributeType>damping</AttributeType><IsRequired>false</IsRequired><Value i:nil="true"/></Attribute><Attribute z:Id="i125"><AttributeType>friction</AttributeType><IsRequired>false</IsRequired><Value i:nil="true"/></Attribute></Attributes><ChildElements/><ElementName>dynamics</ElementName><required>false</required><DampingAttribute z:Ref="i124"/><FrictionAttribute z:Ref="i125"/></URDFElement><URDFElement z:Id="i126" i:type="SafetyController"><Attributes><Attribute z:Id="i127"><AttributeType>soft_upper_limit</AttributeType><IsRequired>false</IsRequired><Value i:nil="true"/></Attribute><Attribute z:Id="i128"><AttributeType>soft_lower_limit</AttributeType><IsRequired>false</IsRequired><Value i:nil="true"/></Attribute><Attribute z:Id="i129"><AttributeType>k_position</AttributeType><IsRequired>false</IsRequired><Value i:nil="true"/></Attribute><Attribute z:Id="i130"><AttributeType>k_velocity</AttributeType><IsRequired>true</IsRequired><Value i:nil="true"/></Attribute></Attributes><ChildElements/><ElementName>safety_controller</ElementName><required>false</required><KPositionAttribute z:Ref="i129"/><KVelocityAttribute z:Ref="i130"/><SoftLowerAttribute z:Ref="i128"/><SoftUpperAttribute z:Ref="i127"/></URDFElement><URDFElement z:Id="i131" i:type="Mimic"><Attributes><Attribute z:Id="i132"><AttributeType>joint</AttributeType><IsRequired>true</IsRequired><Value i:nil="true"/></Attribute><Attribute z:Id="i133"><AttributeType>multiplier</AttributeType><IsRequired>false</IsRequired><Value i:nil="true"/></Attribute><Attribute z:Id="i134"><AttributeType>offset</AttributeType><IsRequired>false</IsRequired><Value i:nil="true"/></Attribute></Attributes><ChildElements/><ElementName>mimic</ElementName><required>false</required><JointNameAttribute z:Ref="i132"/><MultiplierAttribute z:Ref="i133"/><OffsetAttribute z:Ref="i134"/></URDFElement></ChildElements><ElementName>joint</ElementName><required>false</required><Axis z:Ref="i113"/><AxisName>Automatically Generate</AxisName><Calibration z:Ref="i120"/><Child z:Ref="i111"/><CoordinateSystemName>Automatically Generate</CoordinateSystemName><Dynamics z:Ref="i123"/><Limit z:Ref="i115"/><Mimic z:Ref="i131"/><NameAttribute z:Ref="i104"/><Origin z:Ref="i106"/><Parent z:Ref="i109"/><Safety z:Ref="i126"/><TypeAttribute z:Ref="i105"/></URDFElement></ChildElements><ElementName>link</ElementName><required>true</required><Children/><Collision z:Ref="i96"/><Inertial z:Ref="i70"/><Joint z:Ref="i103"/><NameAttribute z:Ref="i69"/><Parent z:Ref="i1"/><STLQualityFine>false</STLQualityFine><SWComponentPIDs xmlns:a="http://schemas.microsoft.com/2003/10/Serialization/Arrays"><a:base64Binary>UEYAAAUAAAD//v+RSwBLAEMAVABQAE0AMwBGADIAMAAuADAAMgBfAPR2v378W2iPxH72Ti0AMQA0AEAASwBLAEMAVABQAE0AMwBGADIAMABFAF8AMgAwAHNeqFIJTgdjS2IoAHp681ghaotXKQAvAEsASwBDAFQAUAAzAE0AMgAwAC4AMAAyAC4ALgAwADIAXwDRbldXxH72Ti0AMQBAAEsASwBDAFQAUABNADMARgAyADAALgAwADIAXwD0dr9+/Ftoj8R+9k4vAEsASwBDAFQAUABNADMARgAyADAALgAwADIALgAwADIALgAwADEAXwDabuBz/Ftoj9FuV1ctADEAQABLAEsAQwBUAFAAMwBNADIAMAAuADAAMgAuAC4AMAAyAF8A0W5XV8R+9k4EAAAAEAAAAAEAAAADAAAAKAMAABoAAABCAAAA</a:base64Binary><a:base64Binary>UEYAAAUAAAD//v+RSwBLAEMAVABQAE0AMwBGADIAMAAuADAAMgBfAPR2v378W2iPxH72Ti0AMQA0AEAASwBLAEMAVABQAE0AMwBGADIAMABFAF8AMgAwAHNeqFIJTgdjS2IoAHp681ghaotXKQAvAEsASwBDAFQAUAAzAE0AMgAwAC4AMAAyAC4ALgAwADIAXwDRbldXxH72Ti0AMQBAAEsASwBDAFQAUABNADMARgAyADAALgAwADIAXwD0dr9+/Ftoj8R+9k4vAEsASwBDAFQAUABNADMARgAyADAALgAwADIALgAwADIALgAwADIAXwD8W2iP0W5XVyFjf2ctADQAQABLAEsAQwBUAFAAMwBNADIAMAAuADAAMgAuAC4AMAAyAF8A0W5XV8R+9k4EAAAAEAAAAAEAAAADAAAAKAMAABoAAABEAAAA</a:base64Binary><a:base64Binary>UEYAAAUAAAD//v+RSwBLAEMAVABQAE0AMwBGADIAMAAuADAAMgBfAPR2v378W2iPxH72Ti0AMQA0AEAASwBLAEMAVABQAE0AMwBGADIAMABFAF8AMgAwAHNeqFIJTgdjS2IoAHp681ghaotXKQAvAEsASwBDAFQAUAAzAE0AMgAwAC4AMAAyAC4ALgAwADIAXwDRbldXxH72Ti0AMQBAAEsASwBDAFQAUABNADMARgAyADAALgAwADIAXwD0dr9+/Ftoj8R+9k4vAEsASwBDAFQAUABNADMARgAyADAALgAwADIALgAwADIALgAwADIAXwD8W2iP0W5XVyFjf2ctADMAQABLAEsAQwBUAFAAMwBNADIAMAAuADAAMgAuAC4AMAAyAF8A0W5XV8R+9k4EAAAAEAAAAAEAAAADAAAAKAMAABoAAABDAAAA</a:base64Binary><a:base64Binary>UEYAAAUAAAD//v+TSwBLAEMAVABQAE0AMwBGADIAMAAuADAAMgBfAPR2v378W2iPxH72Ti0AMQA0AEAASwBLAEMAVABQAE0AMwBGADIAMABFAF8AMgAwAHNeqFIJTgdjS2IoAHp681ghaotXKQAvAEsASwBDAFQAUAAzAE0AMgAwAC4AMAAyAC4ALgAwADIAXwDRbldXxH72Ti0AMQBAAEsASwBDAFQAUABNADMARgAyADAALgAwADIAXwD0dr9+/Ftoj8R+9k4vAEsASwBHAEIAVAA4ADEAOQAuADEAIABNADIAWAA0AF8AQVNXW/1piWw0WbqHiZQgAE0AMgBYADQALQA3AEAASwBLAEMAVABQADMATQAyADAALgAwADIALgAuADAAMgBfANFuV1fEfvZOBAAAABAAAAABAAAAAwAAACgDAAAaAAAAagAAAA==</a:base64Binary><a:base64Binary>UEYAAAUAAAD//v+TSwBLAEMAVABQAE0AMwBGADIAMAAuADAAMgBfAPR2v378W2iPxH72Ti0AMQA0AEAASwBLAEMAVABQAE0AMwBGADIAMABFAF8AMgAwAHNeqFIJTgdjS2IoAHp681ghaotXKQAvAEsASwBDAFQAUAAzAE0AMgAwAC4AMAAyAC4ALgAwADIAXwDRbldXxH72Ti0AMQBAAEsASwBDAFQAUABNADMARgAyADAALgAwADIAXwD0dr9+/Ftoj8R+9k4vAEsASwBHAEIAVAA4ADEAOQAuADEAIABNADIAWAA0AF8AQVNXW/1piWw0WbqHiZQgAE0AMgBYADQALQA2AEAASwBLAEMAVABQADMATQAyADAALgAwADIALgAuADAAMgBfANFuV1fEfvZOBAAAABAAAAABAAAAAwAAACgDAAAaAAAAawAAAA==</a:base64Binary><a:base64Binary>UEYAAAUAAAD//v+TSwBLAEMAVABQAE0AMwBGADIAMAAuADAAMgBfAPR2v378W2iPxH72Ti0AMQA0AEAASwBLAEMAVABQAE0AMwBGADIAMABFAF8AMgAwAHNeqFIJTgdjS2IoAHp681ghaotXKQAvAEsASwBDAFQAUAAzAE0AMgAwAC4AMAAyAC4ALgAwADIAXwDRbldXxH72Ti0AMQBAAEsASwBDAFQAUABNADMARgAyADAALgAwADIAXwD0dr9+/Ftoj8R+9k4vAEsASwBHAEIAVAA4ADEAOQAuADEAIABNADIAWAA0AF8AQVNXW/1piWw0WbqHiZQgAE0AMgBYADQALQAyAEAASwBLAEMAVABQADMATQAyADAALgAwADIALgAuADAAMgBfANFuV1fEfvZOBAAAABAAAAABAAAAAwAAACgDAAAaAAAAYQAAAA==</a:base64Binary><a:base64Binary>UEYAAAUAAAD//v+TSwBLAEMAVABQAE0AMwBGADIAMAAuADAAMgBfAPR2v378W2iPxH72Ti0AMQA0AEAASwBLAEMAVABQAE0AMwBGADIAMABFAF8AMgAwAHNeqFIJTgdjS2IoAHp681ghaotXKQAvAEsASwBDAFQAUAAzAE0AMgAwAC4AMAAyAC4ALgAwADIAXwDRbldXxH72Ti0AMQBAAEsASwBDAFQAUABNADMARgAyADAALgAwADIAXwD0dr9+/Ftoj8R+9k4vAEsASwBHAEIAVAA4ADEAOQAuADEAIABNADIAWAA0AF8AQVNXW/1piWw0WbqHiZQgAE0AMgBYADQALQA0AEAASwBLAEMAVABQADMATQAyADAALgAwADIALgAuADAAMgBfANFuV1fEfvZOBAAAABAAAAABAAAAAwAAACgDAAAaAAAAaAAAAA==</a:base64Binary></SWComponentPIDs><SWMainComponentPID i:nil="true"/><Visual z:Ref="i83"/><isFixedFrame>false</isFixedFrame><isIncomplete>false</isIncomplete></Link><Link z:Id="i135"><Attributes><Attribute z:Id="i136"><AttributeType>name</AttributeType><IsRequired>true</IsRequired><Value i:type="a:string" xmlns:a="http://www.w3.org/2001/XMLSchema">Slide_2_Link</Value></Attribute></Attributes><ChildElements><URDFElement z:Id="i137" i:type="Inertial"><Attributes/><ChildElements><URDFElement z:Id="i138" i:type="Origin"><Attributes><Attribute z:Id="i139"><AttributeType>xyz</AttributeType><IsRequired>true</IsRequired><Value i:type="a:ArrayOfdouble" xmlns:a="http://schemas.microsoft.com/2003/10/Serialization/Arrays"><a:double>0</a:double><a:double>0</a:double><a:double>0</a:double></Value></Attribute><Attribute z:Id="i140"><AttributeType>rpy</AttributeType><IsRequired>true</IsRequired><Value i:type="a:ArrayOfdouble" xmlns:a="http://schemas.microsoft.com/2003/10/Serialization/Arrays"><a:double>0</a:double><a:double>0</a:double><a:double>0</a:double></Value></Attribute></Attributes><ChildElements/><ElementName>origin</ElementName><required>false</required><RPYAttribute z:Ref="i140"/><XYZAttribute z:Ref="i139"/><isCustomized>false</isCustomized></URDFElement><URDFElement z:Id="i141" i:type="Mass"><Attributes><Attribute z:Id="i142"><AttributeType>value</AttributeType><IsRequired>true</IsRequired><Value i:type="a:double" xmlns:a="http://www.w3.org/2001/XMLSchema">0</Value></Attribute></Attributes><ChildElements/><ElementName>mass</ElementName><required>false</required><ValueAttribute z:Ref="i142"/></URDFElement><URDFElement z:Id="i143" i:type="Inertia"><Attributes><Attribute z:Id="i144"><AttributeType>ixx</AttributeType><IsRequired>true</IsRequired><Value i:type="a:double" xmlns:a="http://www.w3.org/2001/XMLSchema">0</Value></Attribute><Attribute z:Id="i145"><AttributeType>ixy</AttributeType><IsRequired>true</IsRequired><Value i:type="a:double" xmlns:a="http://www.w3.org/2001/XMLSchema">0</Value></Attribute><Attribute z:Id="i146"><AttributeType>ixz</AttributeType><IsRequired>true</IsRequired><Value i:type="a:double" xmlns:a="http://www.w3.org/2001/XMLSchema">0</Value></Attribute><Attribute z:Id="i147"><AttributeType>iyy</AttributeType><IsRequired>true</IsRequired><Value i:type="a:double" xmlns:a="http://www.w3.org/2001/XMLSchema">0</Value></Attribute><Attribute z:Id="i148"><AttributeType>iyz</AttributeType><IsRequired>true</IsRequired><Value i:type="a:double" xmlns:a="http://www.w3.org/2001/XMLSchema">0</Value></Attribute><Attribute z:Id="i149"><AttributeType>izz</AttributeType><IsRequired>true</IsRequired><Value i:type="a:double" xmlns:a="http://www.w3.org/2001/XMLSchema">0</Value></Attribute></Attributes><ChildElements/><ElementName>inertia</ElementName><required>false</required><IxxAttribute z:Ref="i144"/><IxyAttribute z:Ref="i145"/><IxzAttribute z:Ref="i146"/><IyyAttribute z:Ref="i147"/><IyzAttribute z:Ref="i148"/><IzzAttribute z:Ref="i149"/></URDFElement></ChildElements><ElementName>inertial</ElementName><required>false</required><Inertia z:Ref="i143"/><Mass z:Ref="i141"/><Origin z:Ref="i138"/></URDFElement><URDFElement z:Id="i150" i:type="Visual"><Attributes/><ChildElements><URDFElement z:Id="i151" i:type="Origin"><Attributes><Attribute z:Id="i152"><AttributeType>xyz</AttributeType><IsRequired>true</IsRequired><Value i:type="a:ArrayOfdouble" xmlns:a="http://schemas.microsoft.com/2003/10/Serialization/Arrays"><a:double>0</a:double><a:double>0</a:double><a:double>0</a:double></Value></Attribute><Attribute z:Id="i153"><AttributeType>rpy</AttributeType><IsRequired>true</IsRequired><Value i:type="a:ArrayOfdouble" xmlns:a="http://schemas.microsoft.com/2003/10/Serialization/Arrays"><a:double>0</a:double><a:double>0</a:double><a:double>0</a:double></Value></Attribute></Attributes><ChildElements/><ElementName>origin</ElementName><required>false</required><RPYAttribute z:Ref="i153"/><XYZAttribute z:Ref="i152"/><isCustomized>false</isCustomized></URDFElement><URDFElement z:Id="i154" i:type="Geometry"><Attributes/><ChildElements><URDFElement z:Id="i155" i:type="Mesh"><Attributes><Attribute z:Id="i156"><AttributeType>filename</AttributeType><IsRequired>true</IsRequired><Value i:nil="true"/></Attribute></Attributes><ChildElements/><ElementName>mesh</ElementName><required>false</required><FilenameAttribute z:Ref="i156"/></URDFElement></ChildElements><ElementName>geometry</ElementName><required>true</required><Mesh z:Ref="i155"/></URDFElement><URDFElement z:Id="i157" i:type="Material"><Attributes><Attribute z:Id="i158"><AttributeType>name</AttributeType><IsRequired>true</IsRequired><Value i:type="a:string" xmlns:a="http://www.w3.org/2001/XMLSchema"/></Attribute></Attributes><ChildElements><URDFElement z:Id="i159" i:type="Color"><Attributes><Attribute z:Id="i160"><AttributeType>rgba</AttributeType><IsRequired>true</IsRequired><Value i:type="a:ArrayOfdouble" xmlns:a="http://schemas.microsoft.com/2003/10/Serialization/Arrays"><a:double>1</a:double><a:double>1</a:double><a:double>1</a:double><a:double>1</a:double></Value></Attribute></Attributes><ChildElements/><ElementName>color</ElementName><required>false</required><RGBAAttribute z:Ref="i160"/></URDFElement><URDFElement z:Id="i161" i:type="Texture"><Attributes><Attribute z:Id="i162"><AttributeType>filename</AttributeType><IsRequired>true</IsRequired><Value i:nil="true"/></Attribute></Attributes><ChildElements/><ElementName>texture</ElementName><required>false</required><FilenameAttribute z:Ref="i162"/><wFilename/></URDFElement></ChildElements><ElementName>material</ElementName><required>false</required><Color z:Ref="i159"/><NameAttribute z:Ref="i158"/><Texture z:Ref="i161"/></URDFElement></ChildElements><ElementName>visual</ElementName><required>false</required><Geometry z:Ref="i154"/><Material z:Ref="i157"/><Origin z:Ref="i151"/></URDFElement><URDFElement z:Id="i163" i:type="Collision"><Attributes/><ChildElements><URDFElement z:Id="i164" i:type="Origin"><Attributes><Attribute z:Id="i165"><AttributeType>xyz</AttributeType><IsRequired>true</IsRequired><Value i:type="a:ArrayOfdouble" xmlns:a="http://schemas.microsoft.com/2003/10/Serialization/Arrays"><a:double>0</a:double><a:double>0</a:double><a:double>0</a:double></Value></Attribute><Attribute z:Id="i166"><AttributeType>rpy</AttributeType><IsRequired>true</IsRequired><Value i:type="a:ArrayOfdouble" xmlns:a="http://schemas.microsoft.com/2003/10/Serialization/Arrays"><a:double>0</a:double><a:double>0</a:double><a:double>0</a:double></Value></Attribute></Attributes><ChildElements/><ElementName>origin</ElementName><required>false</required><RPYAttribute z:Ref="i166"/><XYZAttribute z:Ref="i165"/><isCustomized>false</isCustomized></URDFElement><URDFElement z:Id="i167" i:type="Geometry"><Attributes/><ChildElements><URDFElement z:Id="i168" i:type="Mesh"><Attributes><Attribute z:Id="i169"><AttributeType>filename</AttributeType><IsRequired>true</IsRequired><Value i:nil="true"/></Attribute></Attributes><ChildElements/><ElementName>mesh</ElementName><required>false</required><FilenameAttribute z:Ref="i169"/></URDFElement></ChildElements><ElementName>geometry</ElementName><required>true</required><Mesh z:Ref="i168"/></URDFElement></ChildElements><ElementName>collision</ElementName><required>false</required><Geometry z:Ref="i167"/><Origin z:Ref="i164"/></URDFElement><URDFElement z:Id="i170" i:type="Joint"><Attributes><Attribute z:Id="i171"><AttributeType>name</AttributeType><IsRequired>true</IsRequired><Value i:type="a:string" xmlns:a="http://www.w3.org/2001/XMLSchema">Slide_2_Joint</Value></Attribute><Attribute z:Id="i172"><AttributeType>type</AttributeType><IsRequired>true</IsRequired><Value i:type="a:string" xmlns:a="http://www.w3.org/2001/XMLSchema">prismatic</Value></Attribute></Attributes><ChildElements><URDFElement z:Id="i173" i:type="Origin"><Attributes><Attribute z:Id="i174"><AttributeType>xyz</AttributeType><IsRequired>true</IsRequired><Value i:type="a:ArrayOfdouble" xmlns:a="http://schemas.microsoft.com/2003/10/Serialization/Arrays"><a:double>0</a:double><a:double>0</a:double><a:double>0</a:double></Value></Attribute><Attribute z:Id="i175"><AttributeType>rpy</AttributeType><IsRequired>true</IsRequired><Value i:type="a:ArrayOfdouble" xmlns:a="http://schemas.microsoft.com/2003/10/Serialization/Arrays"><a:double>0</a:double><a:double>0</a:double><a:double>0</a:double></Value></Attribute></Attributes><ChildElements/><ElementName>origin</ElementName><required>false</required><RPYAttribute z:Ref="i175"/><XYZAttribute z:Ref="i174"/><isCustomized>false</isCustomized></URDFElement><URDFElement z:Id="i176" i:type="ParentLink"><Attributes><Attribute z:Id="i177"><AttributeType>link</AttributeType><IsRequired>true</IsRequired><Value i:type="a:string" xmlns:a="http://www.w3.org/2001/XMLSchema"/></Attribute></Attributes><ChildElements/><ElementName>parent</ElementName><required>true</required><NameAttribute z:Ref="i177"/></URDFElement><URDFElement z:Id="i178" i:type="ChildLink"><Attributes><Attribute z:Id="i179"><AttributeType>link</AttributeType><IsRequired>true</IsRequired><Value i:type="a:string" xmlns:a="http://www.w3.org/2001/XMLSchema"/></Attribute></Attributes><ChildElements/><ElementName>child</ElementName><required>true</required><NameAttribute z:Ref="i179"/></URDFElement><URDFElement z:Id="i180" i:type="Axis"><Attributes><Attribute z:Id="i181"><AttributeType>xyz</AttributeType><IsRequired>true</IsRequired><Value i:type="a:ArrayOfdouble" xmlns:a="http://schemas.microsoft.com/2003/10/Serialization/Arrays"><a:double>0</a:double><a:double>0</a:double><a:double>0</a:double></Value></Attribute></Attributes><ChildElements/><ElementName>axis</ElementName><required>false</required><XYZAttribute z:Ref="i181"/></URDFElement><URDFElement z:Id="i182" i:type="Limit"><Attributes><Attribute z:Id="i183"><AttributeType>lower</AttributeType><IsRequired>false</IsRequired><Value i:nil="true"/></Attribute><Attribute z:Id="i184"><AttributeType>upper</AttributeType><IsRequired>false</IsRequired><Value i:nil="true"/></Attribute><Attribute z:Id="i185"><AttributeType>effort</AttributeType><IsRequired>true</IsRequired><Value i:nil="true"/></Attribute><Attribute z:Id="i186"><AttributeType>velocity</AttributeType><IsRequired>true</IsRequired><Value i:nil="true"/></Attribute></Attributes><ChildElements/><ElementName>limit</ElementName><required>false</required><EffortAttribute z:Ref="i185"/><LowerAttribute z:Ref="i183"/><UpperAttribute z:Ref="i184"/><VelocityAttribute z:Ref="i186"/></URDFElement><URDFElement z:Id="i187" i:type="Calibration"><Attributes><Attribute z:Id="i188"><AttributeType>rising</AttributeType><IsRequired>false</IsRequired><Value i:nil="true"/></Attribute><Attribute z:Id="i189"><AttributeType>falling</AttributeType><IsRequired>false</IsRequired><Value i:nil="true"/></Attribute></Attributes><ChildElements/><ElementName>calibration</ElementName><required>false</required><FallingAttribute z:Ref="i189"/><RisingAttribute z:Ref="i188"/></URDFElement><URDFElement z:Id="i190" i:type="Dynamics"><Attributes><Attribute z:Id="i191"><AttributeType>damping</AttributeType><IsRequired>false</IsRequired><Value i:nil="true"/></Attribute><Attribute z:Id="i192"><AttributeType>friction</AttributeType><IsRequired>false</IsRequired><Value i:nil="true"/></Attribute></Attributes><ChildElements/><ElementName>dynamics</ElementName><required>false</required><DampingAttribute z:Ref="i191"/><FrictionAttribute z:Ref="i192"/></URDFElement><URDFElement z:Id="i193" i:type="SafetyController"><Attributes><Attribute z:Id="i194"><AttributeType>soft_upper_limit</AttributeType><IsRequired>false</IsRequired><Value i:nil="true"/></Attribute><Attribute z:Id="i195"><AttributeType>soft_lower_limit</AttributeType><IsRequired>false</IsRequired><Value i:nil="true"/></Attribute><Attribute z:Id="i196"><AttributeType>k_position</AttributeType><IsRequired>false</IsRequired><Value i:nil="true"/></Attribute><Attribute z:Id="i197"><AttributeType>k_velocity</AttributeType><IsRequired>true</IsRequired><Value i:nil="true"/></Attribute></Attributes><ChildElements/><ElementName>safety_controller</ElementName><required>false</required><KPositionAttribute z:Ref="i196"/><KVelocityAttribute z:Ref="i197"/><SoftLowerAttribute z:Ref="i195"/><SoftUpperAttribute z:Ref="i194"/></URDFElement><URDFElement z:Id="i198" i:type="Mimic"><Attributes><Attribute z:Id="i199"><AttributeType>joint</AttributeType><IsRequired>true</IsRequired><Value i:nil="true"/></Attribute><Attribute z:Id="i200"><AttributeType>multiplier</AttributeType><IsRequired>false</IsRequired><Value i:nil="true"/></Attribute><Attribute z:Id="i201"><AttributeType>offset</AttributeType><IsRequired>false</IsRequired><Value i:nil="true"/></Attribute></Attributes><ChildElements/><ElementName>mimic</ElementName><required>false</required><JointNameAttribute z:Ref="i199"/><MultiplierAttribute z:Ref="i200"/><OffsetAttribute z:Ref="i201"/></URDFElement></ChildElements><ElementName>joint</ElementName><required>false</required><Axis z:Ref="i180"/><AxisName>Automatically Generate</AxisName><Calibration z:Ref="i187"/><Child z:Ref="i178"/><CoordinateSystemName>Automatically Generate</CoordinateSystemName><Dynamics z:Ref="i190"/><Limit z:Ref="i182"/><Mimic z:Ref="i198"/><NameAttribute z:Ref="i171"/><Origin z:Ref="i173"/><Parent z:Ref="i176"/><Safety z:Ref="i193"/><TypeAttribute z:Ref="i172"/></URDFElement></ChildElements><ElementName>link</ElementName><required>true</required><Children/><Collision z:Ref="i163"/><Inertial z:Ref="i137"/><Joint z:Ref="i170"/><NameAttribute z:Ref="i136"/><Parent z:Ref="i1"/><STLQualityFine>false</STLQualityFine><SWComponentPIDs xmlns:a="http://schemas.microsoft.com/2003/10/Serialization/Arrays"><a:base64Binary>UEYAAAUAAAD//v+RSwBLAEMAVABQAE0AMwBGADIAMAAuADAAMgBfAPR2v378W2iPxH72Ti0AMQAxAEAASwBLAEMAVABQAE0AMwBGADIAMABFAF8AMgAwAHNeqFIJTgdjS2IoAHp681ghaotXKQAvAEsASwBDAFQAUAAzAE0AMgAwAC4AMAAyAC4ALgAwADIAXwDRbldXxH72Ti0AMQBAAEsASwBDAFQAUABNADMARgAyADAALgAwADIAXwD0dr9+/Ftoj8R+9k4vAEsASwBDAFQAUABNADMARgAyADAALgAwADIALgAwADIALgAwADEAXwDabuBz/Ftoj9FuV1ctADEAQABLAEsAQwBUAFAAMwBNADIAMAAuADAAMgAuAC4AMAAyAF8A0W5XV8R+9k4EAAAAEAAAAAEAAAADAAAADAMAABoAAABCAAAA</a:base64Binary><a:base64Binary>UEYAAAUAAAD//v+RSwBLAEMAVABQAE0AMwBGADIAMAAuADAAMgBfAPR2v378W2iPxH72Ti0AMQAxAEAASwBLAEMAVABQAE0AMwBGADIAMABFAF8AMgAwAHNeqFIJTgdjS2IoAHp681ghaotXKQAvAEsASwBDAFQAUAAzAE0AMgAwAC4AMAAyAC4ALgAwADIAXwDRbldXxH72Ti0AMQBAAEsASwBDAFQAUABNADMARgAyADAALgAwADIAXwD0dr9+/Ftoj8R+9k4vAEsASwBDAFQAUABNADMARgAyADAALgAwADIALgAwADIALgAwADIAXwD8W2iP0W5XVyFjf2ctADQAQABLAEsAQwBUAFAAMwBNADIAMAAuADAAMgAuAC4AMAAyAF8A0W5XV8R+9k4EAAAAEAAAAAEAAAADAAAADAMAABoAAABEAAAA</a:base64Binary><a:base64Binary>UEYAAAUAAAD//v+TSwBLAEMAVABQAE0AMwBGADIAMAAuADAAMgBfAPR2v378W2iPxH72Ti0AMQAxAEAASwBLAEMAVABQAE0AMwBGADIAMABFAF8AMgAwAHNeqFIJTgdjS2IoAHp681ghaotXKQAvAEsASwBDAFQAUAAzAE0AMgAwAC4AMAAyAC4ALgAwADIAXwDRbldXxH72Ti0AMQBAAEsASwBDAFQAUABNADMARgAyADAALgAwADIAXwD0dr9+/Ftoj8R+9k4vAEsASwBHAEIAVAA4ADEAOQAuADEAIABNADIAWAA0AF8AQVNXW/1piWw0WbqHiZQgAE0AMgBYADQALQAyAEAASwBLAEMAVABQADMATQAyADAALgAwADIALgAuADAAMgBfANFuV1fEfvZOBAAAABAAAAABAAAAAwAAAAwDAAAaAAAAYQAAAA==</a:base64Binary><a:base64Binary>UEYAAAUAAAD//v+TSwBLAEMAVABQAE0AMwBGADIAMAAuADAAMgBfAPR2v378W2iPxH72Ti0AMQAxAEAASwBLAEMAVABQAE0AMwBGADIAMABFAF8AMgAwAHNeqFIJTgdjS2IoAHp681ghaotXKQAvAEsASwBDAFQAUAAzAE0AMgAwAC4AMAAyAC4ALgAwADIAXwDRbldXxH72Ti0AMQBAAEsASwBDAFQAUABNADMARgAyADAALgAwADIAXwD0dr9+/Ftoj8R+9k4vAEsASwBHAEIAVAA4ADEAOQAuADEAIABNADIAWAA0AF8AQVNXW/1piWw0WbqHiZQgAE0AMgBYADQALQA0AEAASwBLAEMAVABQADMATQAyADAALgAwADIALgAuADAAMgBfANFuV1fEfvZOBAAAABAAAAABAAAAAwAAAAwDAAAaAAAAaAAAAA==</a:base64Binary><a:base64Binary>UEYAAAUAAAD//v+RSwBLAEMAVABQAE0AMwBGADIAMAAuADAAMgBfAPR2v378W2iPxH72Ti0AMQAxAEAASwBLAEMAVABQAE0AMwBGADIAMABFAF8AMgAwAHNeqFIJTgdjS2IoAHp681ghaotXKQAvAEsASwBDAFQAUAAzAE0AMgAwAC4AMAAyAC4ALgAwADIAXwDRbldXxH72Ti0AMQBAAEsASwBDAFQAUABNADMARgAyADAALgAwADIAXwD0dr9+/Ftoj8R+9k4vAEsASwBDAFQAUABNADMARgAyADAALgAwADIALgAwADIALgAwADIAXwD8W2iP0W5XVyFjf2ctADMAQABLAEsAQwBUAFAAMwBNADIAMAAuADAAMgAuAC4AMAAyAF8A0W5XV8R+9k4EAAAAEAAAAAEAAAADAAAADAMAABoAAABDAAAA</a:base64Binary><a:base64Binary>UEYAAAUAAAD//v+TSwBLAEMAVABQAE0AMwBGADIAMAAuADAAMgBfAPR2v378W2iPxH72Ti0AMQAxAEAASwBLAEMAVABQAE0AMwBGADIAMABFAF8AMgAwAHNeqFIJTgdjS2IoAHp681ghaotXKQAvAEsASwBDAFQAUAAzAE0AMgAwAC4AMAAyAC4ALgAwADIAXwDRbldXxH72Ti0AMQBAAEsASwBDAFQAUABNADMARgAyADAALgAwADIAXwD0dr9+/Ftoj8R+9k4vAEsASwBHAEIAVAA4ADEAOQAuADEAIABNADIAWAA0AF8AQVNXW/1piWw0WbqHiZQgAE0AMgBYADQALQA2AEAASwBLAEMAVABQADMATQAyADAALgAwADIALgAuADAAMgBfANFuV1fEfvZOBAAAABAAAAABAAAAAwAAAAwDAAAaAAAAawAAAA==</a:base64Binary><a:base64Binary>UEYAAAUAAAD//v+TSwBLAEMAVABQAE0AMwBGADIAMAAuADAAMgBfAPR2v378W2iPxH72Ti0AMQAxAEAASwBLAEMAVABQAE0AMwBGADIAMABFAF8AMgAwAHNeqFIJTgdjS2IoAHp681ghaotXKQAvAEsASwBDAFQAUAAzAE0AMgAwAC4AMAAyAC4ALgAwADIAXwDRbldXxH72Ti0AMQBAAEsASwBDAFQAUABNADMARgAyADAALgAwADIAXwD0dr9+/Ftoj8R+9k4vAEsASwBHAEIAVAA4ADEAOQAuADEAIABNADIAWAA0AF8AQVNXW/1piWw0WbqHiZQgAE0AMgBYADQALQA3AEAASwBLAEMAVABQADMATQAyADAALgAwADIALgAuADAAMgBfANFuV1fEfvZOBAAAABAAAAABAAAAAwAAAAwDAAAaAAAAagAAAA==</a:base64Binary></SWComponentPIDs><SWMainComponentPID i:nil="true"/><Visual z:Ref="i150"/><isFixedFrame>false</isFixedFrame><isIncomplete>false</isIncomplete></Link><Link z:Id="i202"><Attributes><Attribute z:Id="i203"><AttributeType>name</AttributeType><IsRequired>true</IsRequired><Value i:type="a:string" xmlns:a="http://www.w3.org/2001/XMLSchema">Empty_Link</Value></Attribute></Attributes><ChildElements><URDFElement z:Id="i204" i:type="Inertial"><Attributes/><ChildElements><URDFElement z:Id="i205" i:type="Origin"><Attributes><Attribute z:Id="i206"><AttributeType>xyz</AttributeType><IsRequired>true</IsRequired><Value i:type="a:ArrayOfdouble" xmlns:a="http://schemas.microsoft.com/2003/10/Serialization/Arrays"><a:double>0</a:double><a:double>0</a:double><a:double>0</a:double></Value></Attribute><Attribute z:Id="i207"><AttributeType>rpy</AttributeType><IsRequired>true</IsRequired><Value i:type="a:ArrayOfdouble" xmlns:a="http://schemas.microsoft.com/2003/10/Serialization/Arrays"><a:double>0</a:double><a:double>0</a:double><a:double>0</a:double></Value></Attribute></Attributes><ChildElements/><ElementName>origin</ElementName><required>false</required><RPYAttribute z:Ref="i207"/><XYZAttribute z:Ref="i206"/><isCustomized>false</isCustomized></URDFElement><URDFElement z:Id="i208" i:type="Mass"><Attributes><Attribute z:Id="i209"><AttributeType>value</AttributeType><IsRequired>true</IsRequired><Value i:type="a:double" xmlns:a="http://www.w3.org/2001/XMLSchema">0</Value></Attribute></Attributes><ChildElements/><ElementName>mass</ElementName><required>false</required><ValueAttribute z:Ref="i209"/></URDFElement><URDFElement z:Id="i210" i:type="Inertia"><Attributes><Attribute z:Id="i211"><AttributeType>ixx</AttributeType><IsRequired>true</IsRequired><Value i:type="a:double" xmlns:a="http://www.w3.org/2001/XMLSchema">0</Value></Attribute><Attribute z:Id="i212"><AttributeType>ixy</AttributeType><IsRequired>true</IsRequired><Value i:type="a:double" xmlns:a="http://www.w3.org/2001/XMLSchema">0</Value></Attribute><Attribute z:Id="i213"><AttributeType>ixz</AttributeType><IsRequired>true</IsRequired><Value i:type="a:double" xmlns:a="http://www.w3.org/2001/XMLSchema">0</Value></Attribute><Attribute z:Id="i214"><AttributeType>iyy</AttributeType><IsRequired>true</IsRequired><Value i:type="a:double" xmlns:a="http://www.w3.org/2001/XMLSchema">0</Value></Attribute><Attribute z:Id="i215"><AttributeType>iyz</AttributeType><IsRequired>true</IsRequired><Value i:type="a:double" xmlns:a="http://www.w3.org/2001/XMLSchema">0</Value></Attribute><Attribute z:Id="i216"><AttributeType>izz</AttributeType><IsRequired>true</IsRequired><Value i:type="a:double" xmlns:a="http://www.w3.org/2001/XMLSchema">0</Value></Attribute></Attributes><ChildElements/><ElementName>inertia</ElementName><required>false</required><IxxAttribute z:Ref="i211"/><IxyAttribute z:Ref="i212"/><IxzAttribute z:Ref="i213"/><IyyAttribute z:Ref="i214"/><IyzAttribute z:Ref="i215"/><IzzAttribute z:Ref="i216"/></URDFElement></ChildElements><ElementName>inertial</ElementName><required>false</required><Inertia z:Ref="i210"/><Mass z:Ref="i208"/><Origin z:Ref="i205"/></URDFElement><URDFElement z:Id="i217" i:type="Visual"><Attributes/><ChildElements><URDFElement z:Id="i218" i:type="Origin"><Attributes><Attribute z:Id="i219"><AttributeType>xyz</AttributeType><IsRequired>true</IsRequired><Value i:type="a:ArrayOfdouble" xmlns:a="http://schemas.microsoft.com/2003/10/Serialization/Arrays"><a:double>0</a:double><a:double>0</a:double><a:double>0</a:double></Value></Attribute><Attribute z:Id="i220"><AttributeType>rpy</AttributeType><IsRequired>true</IsRequired><Value i:type="a:ArrayOfdouble" xmlns:a="http://schemas.microsoft.com/2003/10/Serialization/Arrays"><a:double>0</a:double><a:double>0</a:double><a:double>0</a:double></Value></Attribute></Attributes><ChildElements/><ElementName>origin</ElementName><required>false</required><RPYAttribute z:Ref="i220"/><XYZAttribute z:Ref="i219"/><isCustomized>false</isCustomized></URDFElement><URDFElement z:Id="i221" i:type="Geometry"><Attributes/><ChildElements><URDFElement z:Id="i222" i:type="Mesh"><Attributes><Attribute z:Id="i223"><AttributeType>filename</AttributeType><IsRequired>true</IsRequired><Value i:nil="true"/></Attribute></Attributes><ChildElements/><ElementName>mesh</ElementName><required>false</required><FilenameAttribute z:Ref="i223"/></URDFElement></ChildElements><ElementName>geometry</ElementName><required>true</required><Mesh z:Ref="i222"/></URDFElement><URDFElement z:Id="i224" i:type="Material"><Attributes><Attribute z:Id="i225"><AttributeType>name</AttributeType><IsRequired>true</IsRequired><Value i:type="a:string" xmlns:a="http://www.w3.org/2001/XMLSchema"/></Attribute></Attributes><ChildElements><URDFElement z:Id="i226" i:type="Color"><Attributes><Attribute z:Id="i227"><AttributeType>rgba</AttributeType><IsRequired>true</IsRequired><Value i:type="a:ArrayOfdouble" xmlns:a="http://schemas.microsoft.com/2003/10/Serialization/Arrays"><a:double>1</a:double><a:double>1</a:double><a:double>1</a:double><a:double>1</a:double></Value></Attribute></Attributes><ChildElements/><ElementName>color</ElementName><required>false</required><RGBAAttribute z:Ref="i227"/></URDFElement><URDFElement z:Id="i228" i:type="Texture"><Attributes><Attribute z:Id="i229"><AttributeType>filename</AttributeType><IsRequired>true</IsRequired><Value i:nil="true"/></Attribute></Attributes><ChildElements/><ElementName>texture</ElementName><required>false</required><FilenameAttribute z:Ref="i229"/><wFilename/></URDFElement></ChildElements><ElementName>material</ElementName><required>false</required><Color z:Ref="i226"/><NameAttribute z:Ref="i225"/><Texture z:Ref="i228"/></URDFElement></ChildElements><ElementName>visual</ElementName><required>false</required><Geometry z:Ref="i221"/><Material z:Ref="i224"/><Origin z:Ref="i218"/></URDFElement><URDFElement z:Id="i230" i:type="Collision"><Attributes/><ChildElements><URDFElement z:Id="i231" i:type="Origin"><Attributes><Attribute z:Id="i232"><AttributeType>xyz</AttributeType><IsRequired>true</IsRequired><Value i:type="a:ArrayOfdouble" xmlns:a="http://schemas.microsoft.com/2003/10/Serialization/Arrays"><a:double>0</a:double><a:double>0</a:double><a:double>0</a:double></Value></Attribute><Attribute z:Id="i233"><AttributeType>rpy</AttributeType><IsRequired>true</IsRequired><Value i:type="a:ArrayOfdouble" xmlns:a="http://schemas.microsoft.com/2003/10/Serialization/Arrays"><a:double>0</a:double><a:double>0</a:double><a:double>0</a:double></Value></Attribute></Attributes><ChildElements/><ElementName>origin</ElementName><required>false</required><RPYAttribute z:Ref="i233"/><XYZAttribute z:Ref="i232"/><isCustomized>false</isCustomized></URDFElement><URDFElement z:Id="i234" i:type="Geometry"><Attributes/><ChildElements><URDFElement z:Id="i235" i:type="Mesh"><Attributes><Attribute z:Id="i236"><AttributeType>filename</AttributeType><IsRequired>true</IsRequired><Value i:nil="true"/></Attribute></Attributes><ChildElements/><ElementName>mesh</ElementName><required>false</required><FilenameAttribute z:Ref="i236"/></URDFElement></ChildElements><ElementName>geometry</ElementName><required>true</required><Mesh z:Ref="i235"/></URDFElement></ChildElements><ElementName>collision</ElementName><required>false</required><Geometry z:Ref="i234"/><Origin z:Ref="i231"/></URDFElement><URDFElement z:Id="i237" i:type="Joint"><Attributes><Attribute z:Id="i238"><AttributeType>name</AttributeType><IsRequired>true</IsRequired><Value i:type="a:string" xmlns:a="http://www.w3.org/2001/XMLSchema"/></Attribute><Attribute z:Id="i239"><AttributeType>type</AttributeType><IsRequired>true</IsRequired><Value i:type="a:string" xmlns:a="http://www.w3.org/2001/XMLSchema">Automatically Detect</Value></Attribute></Attributes><ChildElements><URDFElement z:Id="i240" i:type="Origin"><Attributes><Attribute z:Id="i241"><AttributeType>xyz</AttributeType><IsRequired>true</IsRequired><Value i:type="a:ArrayOfdouble" xmlns:a="http://schemas.microsoft.com/2003/10/Serialization/Arrays"><a:double>0</a:double><a:double>0</a:double><a:double>0</a:double></Value></Attribute><Attribute z:Id="i242"><AttributeType>rpy</AttributeType><IsRequired>true</IsRequired><Value i:type="a:ArrayOfdouble" xmlns:a="http://schemas.microsoft.com/2003/10/Serialization/Arrays"><a:double>0</a:double><a:double>0</a:double><a:double>0</a:double></Value></Attribute></Attributes><ChildElements/><ElementName>origin</ElementName><required>false</required><RPYAttribute z:Ref="i242"/><XYZAttribute z:Ref="i241"/><isCustomized>false</isCustomized></URDFElement><URDFElement z:Id="i243" i:type="ParentLink"><Attributes><Attribute z:Id="i244"><AttributeType>link</AttributeType><IsRequired>true</IsRequired><Value i:type="a:string" xmlns:a="http://www.w3.org/2001/XMLSchema"/></Attribute></Attributes><ChildElements/><ElementName>parent</ElementName><required>true</required><NameAttribute z:Ref="i244"/></URDFElement><URDFElement z:Id="i245" i:type="ChildLink"><Attributes><Attribute z:Id="i246"><AttributeType>link</AttributeType><IsRequired>true</IsRequired><Value i:type="a:string" xmlns:a="http://www.w3.org/2001/XMLSchema"/></Attribute></Attributes><ChildElements/><ElementName>child</ElementName><required>true</required><NameAttribute z:Ref="i246"/></URDFElement><URDFElement z:Id="i247" i:type="Axis"><Attributes><Attribute z:Id="i248"><AttributeType>xyz</AttributeType><IsRequired>true</IsRequired><Value i:type="a:ArrayOfdouble" xmlns:a="http://schemas.microsoft.com/2003/10/Serialization/Arrays"><a:double>0</a:double><a:double>0</a:double><a:double>0</a:double></Value></Attribute></Attributes><ChildElements/><ElementName>axis</ElementName><required>false</required><XYZAttribute z:Ref="i248"/></URDFElement><URDFElement z:Id="i249" i:type="Limit"><Attributes><Attribute z:Id="i250"><AttributeType>lower</AttributeType><IsRequired>false</IsRequired><Value i:nil="true"/></Attribute><Attribute z:Id="i251"><AttributeType>upper</AttributeType><IsRequired>false</IsRequired><Value i:nil="true"/></Attribute><Attribute z:Id="i252"><AttributeType>effort</AttributeType><IsRequired>true</IsRequired><Value i:nil="true"/></Attribute><Attribute z:Id="i253"><AttributeType>velocity</AttributeType><IsRequired>true</IsRequired><Value i:nil="true"/></Attribute></Attributes><ChildElements/><ElementName>limit</ElementName><required>false</required><EffortAttribute z:Ref="i252"/><LowerAttribute z:Ref="i250"/><UpperAttribute z:Ref="i251"/><VelocityAttribute z:Ref="i253"/></URDFElement><URDFElement z:Id="i254" i:type="Calibration"><Attributes><Attribute z:Id="i255"><AttributeType>rising</AttributeType><IsRequired>false</IsRequired><Value i:nil="true"/></Attribute><Attribute z:Id="i256"><AttributeType>falling</AttributeType><IsRequired>false</IsRequired><Value i:nil="true"/></Attribute></Attributes><ChildElements/><ElementName>calibration</ElementName><required>false</required><FallingAttribute z:Ref="i256"/><RisingAttribute z:Ref="i255"/></URDFElement><URDFElement z:Id="i257" i:type="Dynamics"><Attributes><Attribute z:Id="i258"><AttributeType>damping</AttributeType><IsRequired>false</IsRequired><Value i:nil="true"/></Attribute><Attribute z:Id="i259"><AttributeType>friction</AttributeType><IsRequired>false</IsRequired><Value i:nil="true"/></Attribute></Attributes><ChildElements/><ElementName>dynamics</ElementName><required>false</required><DampingAttribute z:Ref="i258"/><FrictionAttribute z:Ref="i259"/></URDFElement><URDFElement z:Id="i260" i:type="SafetyController"><Attributes><Attribute z:Id="i261"><AttributeType>soft_upper_limit</AttributeType><IsRequired>false</IsRequired><Value i:nil="true"/></Attribute><Attribute z:Id="i262"><AttributeType>soft_lower_limit</AttributeType><IsRequired>false</IsRequired><Value i:nil="true"/></Attribute><Attribute z:Id="i263"><AttributeType>k_position</AttributeType><IsRequired>false</IsRequired><Value i:nil="true"/></Attribute><Attribute z:Id="i264"><AttributeType>k_velocity</AttributeType><IsRequired>true</IsRequired><Value i:nil="true"/></Attribute></Attributes><ChildElements/><ElementName>safety_controller</ElementName><required>false</required><KPositionAttribute z:Ref="i263"/><KVelocityAttribute z:Ref="i264"/><SoftLowerAttribute z:Ref="i262"/><SoftUpperAttribute z:Ref="i261"/></URDFElement><URDFElement z:Id="i265" i:type="Mimic"><Attributes><Attribute z:Id="i266"><AttributeType>joint</AttributeType><IsRequired>true</IsRequired><Value i:nil="true"/></Attribute><Attribute z:Id="i267"><AttributeType>multiplier</AttributeType><IsRequired>false</IsRequired><Value i:nil="true"/></Attribute><Attribute z:Id="i268"><AttributeType>offset</AttributeType><IsRequired>false</IsRequired><Value i:nil="true"/></Attribute></Attributes><ChildElements/><ElementName>mimic</ElementName><required>false</required><JointNameAttribute z:Ref="i266"/><MultiplierAttribute z:Ref="i267"/><OffsetAttribute z:Ref="i268"/></URDFElement></ChildElements><ElementName>joint</ElementName><required>false</required><Axis z:Ref="i247"/><AxisName>Automatically Generate</AxisName><Calibration z:Ref="i254"/><Child z:Ref="i245"/><CoordinateSystemName>Automatically Generate</CoordinateSystemName><Dynamics z:Ref="i257"/><Limit z:Ref="i249"/><Mimic z:Ref="i265"/><NameAttribute z:Ref="i238"/><Origin z:Ref="i240"/><Parent z:Ref="i243"/><Safety z:Ref="i260"/><TypeAttribute z:Ref="i239"/></URDFElement></ChildElements><ElementName>link</ElementName><required>true</required><Children/><Collision z:Ref="i230"/><Inertial z:Ref="i204"/><Joint z:Ref="i237"/><NameAttribute z:Ref="i203"/><Parent z:Ref="i1"/><STLQualityFine>false</STLQualityFine><SWComponentPIDs xmlns:a="http://schemas.microsoft.com/2003/10/Serialization/Arrays"/><SWMainComponentPID i:nil="true"/><Visual z:Ref="i217"/><isFixedFrame>false</isFixedFrame><isIncomplete>false</isIncomplete></Link></Children><Collision z:Ref="i29"/><Inertial z:Ref="i3"/><Joint z:Ref="i36"/><NameAttribute z:Ref="i2"/><Parent i:nil="true"/><STLQualityFine>false</STLQualityFine><SWComponentPIDs xmlns:a="http://schemas.microsoft.com/2003/10/Serialization/Arrays"><a:base64Binary>UEYAAAUAAAD//v8xSwBLAEMAVABQAE0AMwBGADIAMAAuADAAMQAuADEANQBfAN6PpWPVbHBRLQAxAEAASwBLAEMAVABQAE0AMwBGADIAMABFAF8AMgAwAHNeqFIJTgdjS2IoAHp681ghaotXKQAEAAAAEAAAAAEAAAABAAAAZAMAAA==</a:base64Binary><a:base64Binary>UEYAAAUAAAD//v86SwBLAEcAQgBUADcAMAAuADEAIABNADQAWAAxADYAXwCFUW1R0okGV/FnNFm6h4mUIABNADQAWAAxADYALQA5AEAASwBLAEMAVABQAE0AMwBGADIAMABFAF8AMgAwAHNeqFIJTgdjS2IoAHp681ghaotXKQAEAAAAEAAAAAEAAAABAAAAYQQAAA==</a:base64Binary><a:base64Binary>UEYAAAUAAAD//v86SwBLAEcAQgBUADcAMAAuADEAIABNADQAWAAxADYAXwCFUW1R0okGV/FnNFm6h4mUIABNADQAWAAxADYALQA4AEAASwBLAEMAVABQAE0AMwBGADIAMABFAF8AMgAwAHNeqFIJTgdjS2IoAHp681ghaotXKQAEAAAAEAAAAAEAAAABAAAAYAQAAA==</a:base64Binary><a:base64Binary>UEYAAAUAAAD//v86SwBLAEcAQgBUADcAMAAuADEAIABNADQAWAAxADYAXwCFUW1R0okGV/FnNFm6h4mUIABNADQAWAAxADYALQA3AEAASwBLAEMAVABQAE0AMwBGADIAMABFAF8AMgAwAHNeqFIJTgdjS2IoAHp681ghaotXKQAEAAAAEAAAAAEAAAABAAAAXwQAAA==</a:base64Binary><a:base64Binary>UEYAAAUAAAD//v86SwBLAEcAQgBUADcAMAAuADEAIABNADQAWAAxADYAXwCFUW1R0okGV/FnNFm6h4mUIABNADQAWAAxADYALQAxAEAASwBLAEMAVABQAE0AMwBGADIAMABFAF8AMgAwAHNeqFIJTgdjS2IoAHp681ghaotXKQAEAAAAEAAAAAEAAAABAAAAowMAAA==</a:base64Binary><a:base64Binary>UEYAAAUAAAD//v87SwBLAEcAQgBUADcAMAAuADEAIABNADQAWAAxADYAXwCFUW1R0okGV/FnNFm6h4mUIABNADQAWAAxADYALQAxADEAQABLAEsAQwBUAFAATQAzAEYAMgAwAEUAXwAyADAAc16oUglOB2NLYigAenrzWCFqi1cpAAQAAAAQAAAAAQAAAAEAAABjBAAA</a:base64Binary><a:base64Binary>UEYAAAUAAAD//v87SwBLAEcAQgBUADcAMAAuADEAIABNADQAWAAxADYAXwCFUW1R0okGV/FnNFm6h4mUIABNADQAWAAxADYALQAxADAAQABLAEsAQwBUAFAATQAzAEYAMgAwAEUAXwAyADAAc16oUglOB2NLYigAenrzWCFqi1cpAAQAAAAQAAAAAQAAAAEAAABiBAAA</a:base64Binary><a:base64Binary>UEYAAAUAAAD//v8vSwBLAEMAVABQAE0AMwBGADIAMAAuADAAMQAuADAAMwBfABZZ81gtADMAQABLAEsAQwBUAFAATQAzAEYAMgAwAEUAXwAyADAAc16oUglOB2NLYigAenrzWCFqi1cpAAQAAAAQAAAAAQAAAAEAAACYAwAA</a:base64Binary><a:base64Binary>UEYAAAUAAAD//v8vSwBLAEMAVABQAE0AMwBGADIAMAAuADAAMQAuADAANwBfANZ2f2ctADIAQABLAEsAQwBUAFAATQAzAEYAMgAwAEUAXwAyADAAc16oUglOB2NLYigAenrzWCFqi1cpAAQAAAAQAAAAAQAAAAEAAAAHAwAA</a:base64Binary><a:base64Binary>UEYAAAUAAAD//v9eSwBLAEMAVABQAE0AMwBGADIAMAAuADAAMgBfAPR2v378W2iPxH72Ti0AMQA1AEAASwBLAEMAVABQAE0AMwBGADIAMABFAF8AMgAwAHNeqFIJTgdjS2IoAHp681ghaotXKQAvAEsASwBDAFQAUABNADMARgAyADAALgAwADEALgAxADEAXwD8W2iPaI9TkC0AMgBAAEsASwBDAFQAUABNADMARgAyADAALgAwADIAXwD0dr9+/Ftoj8R+9k4EAAAAEAAAAAEAAAACAAAAKQMAABYAAAA=</a:base64Binary><a:base64Binary>UEYAAAUAAAD//v9eSwBLAEMAVABQAE0AMwBGADIAMAAuADAAMgBfAPR2v378W2iPxH72Ti0AMQA0AEAASwBLAEMAVABQAE0AMwBGADIAMABFAF8AMgAwAHNeqFIJTgdjS2IoAHp681ghaotXKQAvAEsASwBDAFQAUABNADMARgAyADAALgAwADEALgAxADEAXwD8W2iPaI9TkC0AMgBAAEsASwBDAFQAUABNADMARgAyADAALgAwADIAXwD0dr9+/Ftoj8R+9k4EAAAAEAAAAAEAAAACAAAAKAMAABYAAAA=</a:base64Binary><a:base64Binary>UEYAAAUAAAD//v8ySwBLAEMAVABQAE0AMwBGADIAMAAuADAAMQAuADAANQBfADV1OmeJW8WIf2ctADMAQABLAEsAQwBUAFAATQAzAEYAMgAwAEUAXwAyADAAc16oUglOB2NLYigAenrzWCFqi1cpAAQAAAAQAAAAAQAAAAEAAABEAwAA</a:base64Binary><a:base64Binary>UEYAAAUAAAD//v9eSwBLAEMAVABQAE0AMwBGADIAMAAuADAAMgBfAPR2v378W2iPxH72Ti0AMQAxAEAASwBLAEMAVABQAE0AMwBGADIAMABFAF8AMgAwAHNeqFIJTgdjS2IoAHp681ghaotXKQAvAEsASwBDAFQAUABNADMARgAyADAALgAwADEALgAxADEAXwD8W2iPaI9TkC0AMgBAAEsASwBDAFQAUABNADMARgAyADAALgAwADIAXwD0dr9+/Ftoj8R+9k4EAAAAEAAAAAEAAAACAAAADAMAABYAAAA=</a:base64Binary><a:base64Binary>UEYAAAUAAAD//v9lSwBLAEMAVABQAE0AMwBGADIAMAAuADAAMgBfAPR2v378W2iPxH72Ti0AMQA0AEAASwBLAEMAVABQAE0AMwBGADIAMABFAF8AMgAwAHNeqFIJTgdjS2IoAHp681ghaotXKQAvAEsASwBHAEIAVAA3ADAALgAxACAATQAzAFgAOABfAIVRbVHSiQZX8Wc0WbqHiZQgAE0AMwBYADgALQAzAEAASwBLAEMAVABQAE0AMwBGADIAMAAuADAAMgBfAPR2v378W2iPxH72TgQAAAAQAAAAAQAAAAIAAAAoAwAANgAAAA==</a:base64Binary><a:base64Binary>UEYAAAUAAAD//v9lSwBLAEMAVABQAE0AMwBGADIAMAAuADAAMgBfAPR2v378W2iPxH72Ti0AMQA0AEAASwBLAEMAVABQAE0AMwBGADIAMABFAF8AMgAwAHNeqFIJTgdjS2IoAHp681ghaotXKQAvAEsASwBHAEIAVAA3ADAALgAxACAATQAzAFgAOABfAIVRbVHSiQZX8Wc0WbqHiZQgAE0AMwBYADgALQAxAEAASwBLAEMAVABQAE0AMwBGADIAMAAuADAAMgBfAPR2v378W2iPxH72TgQAAAAQAAAAAQAAAAIAAAAoAwAAMAAAAA==</a:base64Binary><a:base64Binary>UEYAAAUAAAD//v9lSwBLAEMAVABQAE0AMwBGADIAMAAuADAAMgBfAPR2v378W2iPxH72Ti0AMQA0AEAASwBLAEMAVABQAE0AMwBGADIAMABFAF8AMgAwAHNeqFIJTgdjS2IoAHp681ghaotXKQAvAEsASwBHAEIAVAA3ADAALgAxACAATQAzAFgAOABfAIVRbVHSiQZX8Wc0WbqHiZQgAE0AMwBYADgALQAyAEAASwBLAEMAVABQAE0AMwBGADIAMAAuADAAMgBfAPR2v378W2iPxH72TgQAAAAQAAAAAQAAAAIAAAAoAwAANQAAAA==</a:base64Binary><a:base64Binary>UEYAAAUAAAD//v9lSwBLAEMAVABQAE0AMwBGADIAMAAuADAAMgBfAPR2v378W2iPxH72Ti0AMQA0AEAASwBLAEMAVABQAE0AMwBGADIAMABFAF8AMgAwAHNeqFIJTgdjS2IoAHp681ghaotXKQAvAEsASwBHAEIAVAA3ADAALgAxACAATQAzAFgAOABfAIVRbVHSiQZX8Wc0WbqHiZQgAE0AMwBYADgALQA0AEAASwBLAEMAVABQAE0AMwBGADIAMAAuADAAMgBfAPR2v378W2iPxH72TgQAAAAQAAAAAQAAAAIAAAAoAwAANwAAAA==</a:base64Binary><a:base64Binary>UEYAAAUAAAD//v9lSwBLAEMAVABQAE0AMwBGADIAMAAuADAAMgBfAPR2v378W2iPxH72Ti0AMQAxAEAASwBLAEMAVABQAE0AMwBGADIAMABFAF8AMgAwAHNeqFIJTgdjS2IoAHp681ghaotXKQAvAEsASwBHAEIAVAA3ADAALgAxACAATQAzAFgAOABfAIVRbVHSiQZX8Wc0WbqHiZQgAE0AMwBYADgALQA0AEAASwBLAEMAVABQAE0AMwBGADIAMAAuADAAMgBfAPR2v378W2iPxH72TgQAAAAQAAAAAQAAAAIAAAAMAwAANwAAAA==</a:base64Binary><a:base64Binary>UEYAAAUAAAD//v9lSwBLAEMAVABQAE0AMwBGADIAMAAuADAAMgBfAPR2v378W2iPxH72Ti0AMQAxAEAASwBLAEMAVABQAE0AMwBGADIAMABFAF8AMgAwAHNeqFIJTgdjS2IoAHp681ghaotXKQAvAEsASwBHAEIAVAA3ADAALgAxACAATQAzAFgAOABfAIVRbVHSiQZX8Wc0WbqHiZQgAE0AMwBYADgALQAzAEAASwBLAEMAVABQAE0AMwBGADIAMAAuADAAMgBfAPR2v378W2iPxH72TgQAAAAQAAAAAQAAAAIAAAAMAwAANgAAAA==</a:base64Binary><a:base64Binary>UEYAAAUAAAD//v9lSwBLAEMAVABQAE0AMwBGADIAMAAuADAAMgBfAPR2v378W2iPxH72Ti0AMQAxAEAASwBLAEMAVABQAE0AMwBGADIAMABFAF8AMgAwAHNeqFIJTgdjS2IoAHp681ghaotXKQAvAEsASwBHAEIAVAA3ADAALgAxACAATQAzAFgAOABfAIVRbVHSiQZX8Wc0WbqHiZQgAE0AMwBYADgALQAxAEAASwBLAEMAVABQAE0AMwBGADIAMAAuADAAMgBfAPR2v378W2iPxH72TgQAAAAQAAAAAQAAAAIAAAAMAwAAMAAAAA==</a:base64Binary><a:base64Binary>UEYAAAUAAAD//v9lSwBLAEMAVABQAE0AMwBGADIAMAAuADAAMgBfAPR2v378W2iPxH72Ti0AMQAxAEAASwBLAEMAVABQAE0AMwBGADIAMABFAF8AMgAwAHNeqFIJTgdjS2IoAHp681ghaotXKQAvAEsASwBHAEIAVAA3ADAALgAxACAATQAzAFgAOABfAIVRbVHSiQZX8Wc0WbqHiZQgAE0AMwBYADgALQAyAEAASwBLAEMAVABQAE0AMwBGADIAMAAuADAAMgBfAPR2v378W2iPxH72TgQAAAAQAAAAAQAAAAIAAAAMAwAANQAAAA==</a:base64Binary><a:base64Binary>UEYAAAUAAAD//v9lSwBLAEMAVABQAE0AMwBGADIAMAAuADAAMgBfAPR2v378W2iPxH72Ti0AMQA1AEAASwBLAEMAVABQAE0AMwBGADIAMABFAF8AMgAwAHNeqFIJTgdjS2IoAHp681ghaotXKQAvAEsASwBHAEIAVAA3ADAALgAxACAATQAzAFgAOABfAIVRbVHSiQZX8Wc0WbqHiZQgAE0AMwBYADgALQA0AEAASwBLAEMAVABQAE0AMwBGADIAMAAuADAAMgBfAPR2v378W2iPxH72TgQAAAAQAAAAAQAAAAIAAAApAwAANwAAAA==</a:base64Binary><a:base64Binary>UEYAAAUAAAD//v9lSwBLAEMAVABQAE0AMwBGADIAMAAuADAAMgBfAPR2v378W2iPxH72Ti0AMQA1AEAASwBLAEMAVABQAE0AMwBGADIAMABFAF8AMgAwAHNeqFIJTgdjS2IoAHp681ghaotXKQAvAEsASwBHAEIAVAA3ADAALgAxACAATQAzAFgAOABfAIVRbVHSiQZX8Wc0WbqHiZQgAE0AMwBYADgALQAyAEAASwBLAEMAVABQAE0AMwBGADIAMAAuADAAMgBfAPR2v378W2iPxH72TgQAAAAQAAAAAQAAAAIAAAApAwAANQAAAA==</a:base64Binary><a:base64Binary>UEYAAAUAAAD//v9lSwBLAEMAVABQAE0AMwBGADIAMAAuADAAMgBfAPR2v378W2iPxH72Ti0AMQA1AEAASwBLAEMAVABQAE0AMwBGADIAMABFAF8AMgAwAHNeqFIJTgdjS2IoAHp681ghaotXKQAvAEsASwBHAEIAVAA3ADAALgAxACAATQAzAFgAOABfAIVRbVHSiQZX8Wc0WbqHiZQgAE0AMwBYADgALQAzAEAASwBLAEMAVABQAE0AMwBGADIAMAAuADAAMgBfAPR2v378W2iPxH72TgQAAAAQAAAAAQAAAAIAAAApAwAANgAAAA==</a:base64Binary><a:base64Binary>UEYAAAUAAAD//v9lSwBLAEMAVABQAE0AMwBGADIAMAAuADAAMgBfAPR2v378W2iPxH72Ti0AMQA1AEAASwBLAEMAVABQAE0AMwBGADIAMABFAF8AMgAwAHNeqFIJTgdjS2IoAHp681ghaotXKQAvAEsASwBHAEIAVAA3ADAALgAxACAATQAzAFgAOABfAIVRbVHSiQZX8Wc0WbqHiZQgAE0AMwBYADgALQAxAEAASwBLAEMAVABQAE0AMwBGADIAMAAuADAAMgBfAPR2v378W2iPxH72TgQAAAAQAAAAAQAAAAIAAAApAwAAMAAAAA==</a:base64Binary></SWComponentPIDs><SWMainComponentPID i:nil="true"/><Visual z:Ref="i16"/><isFixedFrame>false</isFixedFrame><isIncomplete>false</isIncomplete></Link>
2026-03-16 16:09:36,981 INFO  ExportHelperExtension.cs: 347 - Creating joint Slide_1_Link
2026-03-16 16:09:37,161 WARN  ExportHelperExtension.cs: 351 - Creating joint from parent base_link to child Slide_1_Link failed
2026-03-16 16:09:37,228 INFO  ExportHelperExtension.cs: 347 - Creating joint Slide_2_Link
2026-03-16 16:09:37,275 WARN  ExportHelperExtension.cs: 351 - Creating joint from parent base_link to child Slide_2_Link failed
2026-03-16 16:09:37,323 INFO  ExportHelperExtension.cs: 347 - Creating joint Slide_3_Link
2026-03-16 16:09:37,368 WARN  ExportHelperExtension.cs: 351 - Creating joint from parent base_link to child Slide_3_Link failed
2026-03-16 16:09:37,547 INFO  ExportHelperExtension.cs: 1125 - Retrieving features of type [CoordSys] from KKCTPM3F20E_20平动三指手(空壳模型).SLDASM
2026-03-16 16:09:37,550 INFO  ExportHelperExtension.cs: 1136 - Found 89 in KKCTPM3F20E_20平动三指手(空壳模型).SLDASM
2026-03-16 16:09:37,550 INFO  ExportHelperExtension.cs: 1145 - Found 5 features of type [CoordSys] in KKCTPM3F20E_20平动三指手(空壳模型).SLDASM
2026-03-16 16:09:37,550 INFO  ExportHelperExtension.cs: 1148 - Proceeding through assembly components
2026-03-16 16:09:37,551 INFO  ExportHelperExtension.cs: 1160 - 18 components to check
2026-03-16 16:09:37,551 INFO  ExportHelperExtension.cs: 1125 - Retrieving features of type [CoordSys] from KKCTPM3F20.02_直线导轨组件-14
2026-03-16 16:09:37,551 INFO  ExportHelperExtension.cs: 1136 - Found 50 in KKCTPM3F20.02_直线导轨组件-14
2026-03-16 16:09:37,551 INFO  ExportHelperExtension.cs: 1145 - Found 0 features of type [CoordSys] in KKCTPM3F20.02_直线导轨组件-14
2026-03-16 16:09:37,551 INFO  ExportHelperExtension.cs: 1125 - Retrieving features of type [CoordSys] from KKCTPM3F20.02_直线导轨组件-15
2026-03-16 16:09:37,553 INFO  ExportHelperExtension.cs: 1136 - Found 50 in KKCTPM3F20.02_直线导轨组件-15
2026-03-16 16:09:37,553 INFO  ExportHelperExtension.cs: 1145 - Found 0 features of type [CoordSys] in KKCTPM3F20.02_直线导轨组件-15
2026-03-16 16:09:37,553 INFO  ExportHelperExtension.cs: 1125 - Retrieving features of type [CoordSys] from KKGBT70.1 M4X16_内六角圆柱头螺钉 M4X16-11
2026-03-16 16:09:37,553 INFO  ExportHelperExtension.cs: 1136 - Found 27 in KKGBT70.1 M4X16_内六角圆柱头螺钉 M4X16-11
2026-03-16 16:09:37,554 INFO  ExportHelperExtension.cs: 1145 - Found 0 features of type [CoordSys] in KKGBT70.1 M4X16_内六角圆柱头螺钉 M4X16-11
2026-03-16 16:09:37,554 INFO  ExportHelperExtension.cs: 1125 - Retrieving features of type [CoordSys] from KKGBT70.1 M4X16_内六角圆柱头螺钉 M4X16-7
2026-03-16 16:09:37,554 INFO  ExportHelperExtension.cs: 1136 - Found 27 in KKGBT70.1 M4X16_内六角圆柱头螺钉 M4X16-7
2026-03-16 16:09:37,554 INFO  ExportHelperExtension.cs: 1145 - Found 0 features of type [CoordSys] in KKGBT70.1 M4X16_内六角圆柱头螺钉 M4X16-7
2026-03-16 16:09:37,556 INFO  ExportHelperExtension.cs: 1125 - Retrieving features of type [CoordSys] from KKGBT70.1 M4X16_内六角圆柱头螺钉 M4X16-8
2026-03-16 16:09:37,556 INFO  ExportHelperExtension.cs: 1136 - Found 27 in KKGBT70.1 M4X16_内六角圆柱头螺钉 M4X16-8
2026-03-16 16:09:37,556 INFO  ExportHelperExtension.cs: 1145 - Found 0 features of type [CoordSys] in KKGBT70.1 M4X16_内六角圆柱头螺钉 M4X16-8
2026-03-16 16:09:37,556 INFO  ExportHelperExtension.cs: 1125 - Retrieving features of type [CoordSys] from KKGBT70.1 M4X16_内六角圆柱头螺钉 M4X16-10
2026-03-16 16:09:37,557 INFO  ExportHelperExtension.cs: 1136 - Found 27 in KKGBT70.1 M4X16_内六角圆柱头螺钉 M4X16-10
2026-03-16 16:09:37,557 INFO  ExportHelperExtension.cs: 1145 - Found 0 features of type [CoordSys] in KKGBT70.1 M4X16_内六角圆柱头螺钉 M4X16-10
2026-03-16 16:09:37,557 INFO  ExportHelperExtension.cs: 1125 - Retrieving features of type [CoordSys] from KKGBT70.1 M4X16_内六角圆柱头螺钉 M4X16-9
2026-03-16 16:09:37,557 INFO  ExportHelperExtension.cs: 1136 - Found 27 in KKGBT70.1 M4X16_内六角圆柱头螺钉 M4X16-9
2026-03-16 16:09:37,558 INFO  ExportHelperExtension.cs: 1145 - Found 0 features of type [CoordSys] in KKGBT70.1 M4X16_内六角圆柱头螺钉 M4X16-9
2026-03-16 16:09:37,558 INFO  ExportHelperExtension.cs: 1125 - Retrieving features of type [CoordSys] from KKCTPM3F20.01.15_连接法兰-1
2026-03-16 16:09:37,558 INFO  ExportHelperExtension.cs: 1136 - Found 109 in KKCTPM3F20.01.15_连接法兰-1
2026-03-16 16:09:37,559 INFO  ExportHelperExtension.cs: 1145 - Found 0 features of type [CoordSys] in KKCTPM3F20.01.15_连接法兰-1
2026-03-16 16:09:37,559 INFO  ExportHelperExtension.cs: 1125 - Retrieving features of type [CoordSys] from KKCTPM3F20.01.07_盖板-2
2026-03-16 16:09:37,559 INFO  ExportHelperExtension.cs: 1136 - Found 50 in KKCTPM3F20.01.07_盖板-2
2026-03-16 16:09:37,560 INFO  ExportHelperExtension.cs: 1145 - Found 0 features of type [CoordSys] in KKCTPM3F20.01.07_盖板-2
2026-03-16 16:09:37,560 INFO  ExportHelperExtension.cs: 1125 - Retrieving features of type [CoordSys] from KKGBT70.1 M4X16_内六角圆柱头螺钉 M4X16-1
2026-03-16 16:09:37,560 INFO  ExportHelperExtension.cs: 1136 - Found 27 in KKGBT70.1 M4X16_内六角圆柱头螺钉 M4X16-1
2026-03-16 16:09:37,560 INFO  ExportHelperExtension.cs: 1145 - Found 0 features of type [CoordSys] in KKGBT70.1 M4X16_内六角圆柱头螺钉 M4X16-1
2026-03-16 16:09:37,560 INFO  ExportHelperExtension.cs: 1125 - Retrieving features of type [CoordSys] from KKCTPM3F20.02_直线导轨组件-11
2026-03-16 16:09:37,560 INFO  ExportHelperExtension.cs: 1136 - Found 50 in KKCTPM3F20.02_直线导轨组件-11
2026-03-16 16:09:37,561 INFO  ExportHelperExtension.cs: 1145 - Found 0 features of type [CoordSys] in KKCTPM3F20.02_直线导轨组件-11
2026-03-16 16:09:37,561 INFO  ExportHelperExtension.cs: 1125 - Retrieving features of type [CoordSys] from KKCTPM3F20.01.05_电机安装板-3
2026-03-16 16:09:37,561 INFO  ExportHelperExtension.cs: 1136 - Found 44 in KKCTPM3F20.01.05_电机安装板-3
2026-03-16 16:09:37,562 INFO  ExportHelperExtension.cs: 1145 - Found 0 features of type [CoordSys] in KKCTPM3F20.01.05_电机安装板-3
2026-03-16 16:09:37,562 INFO  ExportHelperExtension.cs: 1125 - Retrieving features of type [CoordSys] from KKCTPM3F20.01.03_外壳-3
2026-03-16 16:09:37,562 INFO  ExportHelperExtension.cs: 1136 - Found 117 in KKCTPM3F20.01.03_外壳-3
2026-03-16 16:09:37,563 INFO  ExportHelperExtension.cs: 1145 - Found 0 features of type [CoordSys] in KKCTPM3F20.01.03_外壳-3
2026-03-16 16:09:37,563 INFO  ExportHelperExtension.cs: 1125 - Retrieving features of type [RefAxis] from KKCTPM3F20E_20平动三指手(空壳模型).SLDASM
2026-03-16 16:09:37,563 INFO  ExportHelperExtension.cs: 1136 - Found 89 in KKCTPM3F20E_20平动三指手(空壳模型).SLDASM
2026-03-16 16:09:37,563 INFO  ExportHelperExtension.cs: 1145 - Found 3 features of type [RefAxis] in KKCTPM3F20E_20平动三指手(空壳模型).SLDASM
2026-03-16 16:09:37,565 INFO  ExportHelperExtension.cs: 1148 - Proceeding through assembly components
2026-03-16 16:09:37,565 INFO  ExportHelperExtension.cs: 1160 - 18 components to check
2026-03-16 16:09:37,565 INFO  ExportHelperExtension.cs: 1125 - Retrieving features of type [RefAxis] from KKCTPM3F20.02_直线导轨组件-14
2026-03-16 16:09:37,565 INFO  ExportHelperExtension.cs: 1136 - Found 50 in KKCTPM3F20.02_直线导轨组件-14
2026-03-16 16:09:37,566 INFO  ExportHelperExtension.cs: 1145 - Found 0 features of type [RefAxis] in KKCTPM3F20.02_直线导轨组件-14
2026-03-16 16:09:37,566 INFO  ExportHelperExtension.cs: 1125 - Retrieving features of type [RefAxis] from KKCTPM3F20.02_直线导轨组件-15
2026-03-16 16:09:37,566 INFO  ExportHelperExtension.cs: 1136 - Found 50 in KKCTPM3F20.02_直线导轨组件-15
2026-03-16 16:09:37,567 INFO  ExportHelperExtension.cs: 1145 - Found 0 features of type [RefAxis] in KKCTPM3F20.02_直线导轨组件-15
2026-03-16 16:09:37,567 INFO  ExportHelperExtension.cs: 1125 - Retrieving features of type [RefAxis] from KKGBT70.1 M4X16_内六角圆柱头螺钉 M4X16-11
2026-03-16 16:09:37,567 INFO  ExportHelperExtension.cs: 1136 - Found 27 in KKGBT70.1 M4X16_内六角圆柱头螺钉 M4X16-11
2026-03-16 16:09:37,567 INFO  ExportHelperExtension.cs: 1145 - Found 0 features of type [RefAxis] in KKGBT70.1 M4X16_内六角圆柱头螺钉 M4X16-11
2026-03-16 16:09:37,568 INFO  ExportHelperExtension.cs: 1125 - Retrieving features of type [RefAxis] from KKGBT70.1 M4X16_内六角圆柱头螺钉 M4X16-7
2026-03-16 16:09:37,568 INFO  ExportHelperExtension.cs: 1136 - Found 27 in KKGBT70.1 M4X16_内六角圆柱头螺钉 M4X16-7
2026-03-16 16:09:37,568 INFO  ExportHelperExtension.cs: 1145 - Found 0 features of type [RefAxis] in KKGBT70.1 M4X16_内六角圆柱头螺钉 M4X16-7
2026-03-16 16:09:37,568 INFO  ExportHelperExtension.cs: 1125 - Retrieving features of type [RefAxis] from KKGBT70.1 M4X16_内六角圆柱头螺钉 M4X16-8
2026-03-16 16:09:37,569 INFO  ExportHelperExtension.cs: 1136 - Found 27 in KKGBT70.1 M4X16_内六角圆柱头螺钉 M4X16-8
2026-03-16 16:09:37,569 INFO  ExportHelperExtension.cs: 1145 - Found 0 features of type [RefAxis] in KKGBT70.1 M4X16_内六角圆柱头螺钉 M4X16-8
2026-03-16 16:09:37,569 INFO  ExportHelperExtension.cs: 1125 - Retrieving features of type [RefAxis] from KKGBT70.1 M4X16_内六角圆柱头螺钉 M4X16-10
2026-03-16 16:09:37,569 INFO  ExportHelperExtension.cs: 1136 - Found 27 in KKGBT70.1 M4X16_内六角圆柱头螺钉 M4X16-10
2026-03-16 16:09:37,570 INFO  ExportHelperExtension.cs: 1145 - Found 0 features of type [RefAxis] in KKGBT70.1 M4X16_内六角圆柱头螺钉 M4X16-10
2026-03-16 16:09:37,570 INFO  ExportHelperExtension.cs: 1125 - Retrieving features of type [RefAxis] from KKGBT70.1 M4X16_内六角圆柱头螺钉 M4X16-9
2026-03-16 16:09:37,570 INFO  ExportHelperExtension.cs: 1136 - Found 27 in KKGBT70.1 M4X16_内六角圆柱头螺钉 M4X16-9
2026-03-16 16:09:37,570 INFO  ExportHelperExtension.cs: 1145 - Found 0 features of type [RefAxis] in KKGBT70.1 M4X16_内六角圆柱头螺钉 M4X16-9
2026-03-16 16:09:37,570 INFO  ExportHelperExtension.cs: 1125 - Retrieving features of type [RefAxis] from KKCTPM3F20.01.15_连接法兰-1
2026-03-16 16:09:37,571 INFO  ExportHelperExtension.cs: 1136 - Found 109 in KKCTPM3F20.01.15_连接法兰-1
2026-03-16 16:09:37,571 INFO  ExportHelperExtension.cs: 1145 - Found 1 features of type [RefAxis] in KKCTPM3F20.01.15_连接法兰-1
2026-03-16 16:09:37,572 INFO  ExportHelperExtension.cs: 1125 - Retrieving features of type [RefAxis] from KKCTPM3F20.01.07_盖板-2
2026-03-16 16:09:37,572 INFO  ExportHelperExtension.cs: 1136 - Found 50 in KKCTPM3F20.01.07_盖板-2
2026-03-16 16:09:37,572 INFO  ExportHelperExtension.cs: 1145 - Found 0 features of type [RefAxis] in KKCTPM3F20.01.07_盖板-2
2026-03-16 16:09:37,576 INFO  ExportHelperExtension.cs: 1125 - Retrieving features of type [RefAxis] from KKGBT70.1 M4X16_内六角圆柱头螺钉 M4X16-1
2026-03-16 16:09:37,582 INFO  ExportHelperExtension.cs: 1136 - Found 27 in KKGBT70.1 M4X16_内六角圆柱头螺钉 M4X16-1
2026-03-16 16:09:37,582 INFO  ExportHelperExtension.cs: 1145 - Found 0 features of type [RefAxis] in KKGBT70.1 M4X16_内六角圆柱头螺钉 M4X16-1
2026-03-16 16:09:37,583 INFO  ExportHelperExtension.cs: 1125 - Retrieving features of type [RefAxis] from KKCTPM3F20.02_直线导轨组件-11
2026-03-16 16:09:37,583 INFO  ExportHelperExtension.cs: 1136 - Found 50 in KKCTPM3F20.02_直线导轨组件-11
2026-03-16 16:09:37,583 INFO  ExportHelperExtension.cs: 1145 - Found 0 features of type [RefAxis] in KKCTPM3F20.02_直线导轨组件-11
2026-03-16 16:09:37,583 INFO  ExportHelperExtension.cs: 1125 - Retrieving features of type [RefAxis] from KKCTPM3F20.01.05_电机安装板-3
2026-03-16 16:09:37,584 INFO  ExportHelperExtension.cs: 1136 - Found 44 in KKCTPM3F20.01.05_电机安装板-3
2026-03-16 16:09:37,584 INFO  ExportHelperExtension.cs: 1145 - Found 0 features of type [RefAxis] in KKCTPM3F20.01.05_电机安装板-3
2026-03-16 16:09:37,584 INFO  ExportHelperExtension.cs: 1125 - Retrieving features of type [RefAxis] from KKCTPM3F20.01.03_外壳-3
2026-03-16 16:09:37,584 INFO  ExportHelperExtension.cs: 1136 - Found 117 in KKCTPM3F20.01.03_外壳-3
2026-03-16 16:09:37,585 INFO  ExportHelperExtension.cs: 1145 - Found 1 features of type [RefAxis] in KKCTPM3F20.01.03_外壳-3
2026-03-16 16:09:37,664 INFO  ExportPropertyManager.cs: 1142 - AfterClose called. This method no longer throws an Exception. It just silently does nothing. Ok, except for this logging message
2026-03-16 16:10:38,701 INFO  AssemblyExportForm.cs: 253 - Completing URDF export
2026-03-16 16:10:38,705 INFO  ConfigurationSerialization.cs: 276 - URDF Configuration found
<Link z:Id="i1" xmlns="http://schemas.datacontract.org/2004/07/SW2URDF" xmlns:i="http://www.w3.org/2001/XMLSchema-instance" xmlns:z="http://schemas.microsoft.com/2003/10/Serialization/"><Attributes><Attribute z:Id="i2"><AttributeType>name</AttributeType><IsRequired>true</IsRequired><Value i:type="a:string" xmlns:a="http://www.w3.org/2001/XMLSchema">base_link</Value></Attribute></Attributes><ChildElements><URDFElement z:Id="i3" i:type="Inertial"><Attributes/><ChildElements><URDFElement z:Id="i4" i:type="Origin"><Attributes><Attribute z:Id="i5"><AttributeType>xyz</AttributeType><IsRequired>true</IsRequired><Value i:type="a:ArrayOfdouble" xmlns:a="http://schemas.microsoft.com/2003/10/Serialization/Arrays"><a:double>0</a:double><a:double>0</a:double><a:double>0</a:double></Value></Attribute><Attribute z:Id="i6"><AttributeType>rpy</AttributeType><IsRequired>true</IsRequired><Value i:type="a:ArrayOfdouble" xmlns:a="http://schemas.microsoft.com/2003/10/Serialization/Arrays"><a:double>0</a:double><a:double>0</a:double><a:double>0</a:double></Value></Attribute></Attributes><ChildElements/><ElementName>origin</ElementName><required>false</required><RPYAttribute z:Ref="i6"/><XYZAttribute z:Ref="i5"/><isCustomized>false</isCustomized></URDFElement><URDFElement z:Id="i7" i:type="Mass"><Attributes><Attribute z:Id="i8"><AttributeType>value</AttributeType><IsRequired>true</IsRequired><Value i:type="a:double" xmlns:a="http://www.w3.org/2001/XMLSchema">0</Value></Attribute></Attributes><ChildElements/><ElementName>mass</ElementName><required>false</required><ValueAttribute z:Ref="i8"/></URDFElement><URDFElement z:Id="i9" i:type="Inertia"><Attributes><Attribute z:Id="i10"><AttributeType>ixx</AttributeType><IsRequired>true</IsRequired><Value i:type="a:double" xmlns:a="http://www.w3.org/2001/XMLSchema">0</Value></Attribute><Attribute z:Id="i11"><AttributeType>ixy</AttributeType><IsRequired>true</IsRequired><Value i:type="a:double" xmlns:a="http://www.w3.org/2001/XMLSchema">0</Value></Attribute><Attribute z:Id="i12"><AttributeType>ixz</AttributeType><IsRequired>true</IsRequired><Value i:type="a:double" xmlns:a="http://www.w3.org/2001/XMLSchema">0</Value></Attribute><Attribute z:Id="i13"><AttributeType>iyy</AttributeType><IsRequired>true</IsRequired><Value i:type="a:double" xmlns:a="http://www.w3.org/2001/XMLSchema">0</Value></Attribute><Attribute z:Id="i14"><AttributeType>iyz</AttributeType><IsRequired>true</IsRequired><Value i:type="a:double" xmlns:a="http://www.w3.org/2001/XMLSchema">0</Value></Attribute><Attribute z:Id="i15"><AttributeType>izz</AttributeType><IsRequired>true</IsRequired><Value i:type="a:double" xmlns:a="http://www.w3.org/2001/XMLSchema">0</Value></Attribute></Attributes><ChildElements/><ElementName>inertia</ElementName><required>false</required><IxxAttribute z:Ref="i10"/><IxyAttribute z:Ref="i11"/><IxzAttribute z:Ref="i12"/><IyyAttribute z:Ref="i13"/><IyzAttribute z:Ref="i14"/><IzzAttribute z:Ref="i15"/></URDFElement></ChildElements><ElementName>inertial</ElementName><required>false</required><Inertia z:Ref="i9"/><Mass z:Ref="i7"/><Origin z:Ref="i4"/></URDFElement><URDFElement z:Id="i16" i:type="Visual"><Attributes/><ChildElements><URDFElement z:Id="i17" i:type="Origin"><Attributes><Attribute z:Id="i18"><AttributeType>xyz</AttributeType><IsRequired>true</IsRequired><Value i:type="a:ArrayOfdouble" xmlns:a="http://schemas.microsoft.com/2003/10/Serialization/Arrays"><a:double>0</a:double><a:double>0</a:double><a:double>0</a:double></Value></Attribute><Attribute z:Id="i19"><AttributeType>rpy</AttributeType><IsRequired>true</IsRequired><Value i:type="a:ArrayOfdouble" xmlns:a="http://schemas.microsoft.com/2003/10/Serialization/Arrays"><a:double>0</a:double><a:double>0</a:double><a:double>0</a:double></Value></Attribute></Attributes><ChildElements/><ElementName>origin</ElementName><required>false</required><RPYAttribute z:Ref="i19"/><XYZAttribute z:Ref="i18"/><isCustomized>false</isCustomized></URDFElement><URDFElement z:Id="i20" i:type="Geometry"><Attributes/><ChildElements><URDFElement z:Id="i21" i:type="Mesh"><Attributes><Attribute z:Id="i22"><AttributeType>filename</AttributeType><IsRequired>true</IsRequired><Value i:nil="true"/></Attribute></Attributes><ChildElements/><ElementName>mesh</ElementName><required>false</required><FilenameAttribute z:Ref="i22"/></URDFElement></ChildElements><ElementName>geometry</ElementName><required>true</required><Mesh z:Ref="i21"/></URDFElement><URDFElement z:Id="i23" i:type="Material"><Attributes><Attribute z:Id="i24"><AttributeType>name</AttributeType><IsRequired>true</IsRequired><Value i:type="a:string" xmlns:a="http://www.w3.org/2001/XMLSchema"/></Attribute></Attributes><ChildElements><URDFElement z:Id="i25" i:type="Color"><Attributes><Attribute z:Id="i26"><AttributeType>rgba</AttributeType><IsRequired>true</IsRequired><Value i:type="a:ArrayOfdouble" xmlns:a="http://schemas.microsoft.com/2003/10/Serialization/Arrays"><a:double>1</a:double><a:double>1</a:double><a:double>1</a:double><a:double>1</a:double></Value></Attribute></Attributes><ChildElements/><ElementName>color</ElementName><required>false</required><RGBAAttribute z:Ref="i26"/></URDFElement><URDFElement z:Id="i27" i:type="Texture"><Attributes><Attribute z:Id="i28"><AttributeType>filename</AttributeType><IsRequired>true</IsRequired><Value i:nil="true"/></Attribute></Attributes><ChildElements/><ElementName>texture</ElementName><required>false</required><FilenameAttribute z:Ref="i28"/><wFilename/></URDFElement></ChildElements><ElementName>material</ElementName><required>false</required><Color z:Ref="i25"/><NameAttribute z:Ref="i24"/><Texture z:Ref="i27"/></URDFElement></ChildElements><ElementName>visual</ElementName><required>false</required><Geometry z:Ref="i20"/><Material z:Ref="i23"/><Origin z:Ref="i17"/></URDFElement><URDFElement z:Id="i29" i:type="Collision"><Attributes/><ChildElements><URDFElement z:Id="i30" i:type="Origin"><Attributes><Attribute z:Id="i31"><AttributeType>xyz</AttributeType><IsRequired>true</IsRequired><Value i:type="a:ArrayOfdouble" xmlns:a="http://schemas.microsoft.com/2003/10/Serialization/Arrays"><a:double>0</a:double><a:double>0</a:double><a:double>0</a:double></Value></Attribute><Attribute z:Id="i32"><AttributeType>rpy</AttributeType><IsRequired>true</IsRequired><Value i:type="a:ArrayOfdouble" xmlns:a="http://schemas.microsoft.com/2003/10/Serialization/Arrays"><a:double>0</a:double><a:double>0</a:double><a:double>0</a:double></Value></Attribute></Attributes><ChildElements/><ElementName>origin</ElementName><required>false</required><RPYAttribute z:Ref="i32"/><XYZAttribute z:Ref="i31"/><isCustomized>false</isCustomized></URDFElement><URDFElement z:Id="i33" i:type="Geometry"><Attributes/><ChildElements><URDFElement z:Id="i34" i:type="Mesh"><Attributes><Attribute z:Id="i35"><AttributeType>filename</AttributeType><IsRequired>true</IsRequired><Value i:nil="true"/></Attribute></Attributes><ChildElements/><ElementName>mesh</ElementName><required>false</required><FilenameAttribute z:Ref="i35"/></URDFElement></ChildElements><ElementName>geometry</ElementName><required>true</required><Mesh z:Ref="i34"/></URDFElement></ChildElements><ElementName>collision</ElementName><required>false</required><Geometry z:Ref="i33"/><Origin z:Ref="i30"/></URDFElement><URDFElement z:Id="i36" i:type="Joint"><Attributes><Attribute z:Id="i37"><AttributeType>name</AttributeType><IsRequired>true</IsRequired><Value i:type="a:string" xmlns:a="http://www.w3.org/2001/XMLSchema"/></Attribute><Attribute z:Id="i38"><AttributeType>type</AttributeType><IsRequired>true</IsRequired><Value i:type="a:string" xmlns:a="http://www.w3.org/2001/XMLSchema"/></Attribute></Attributes><ChildElements><URDFElement z:Id="i39" i:type="Origin"><Attributes><Attribute z:Id="i40"><AttributeType>xyz</AttributeType><IsRequired>true</IsRequired><Value i:type="a:ArrayOfdouble" xmlns:a="http://schemas.microsoft.com/2003/10/Serialization/Arrays"><a:double>0</a:double><a:double>0</a:double><a:double>0</a:double></Value></Attribute><Attribute z:Id="i41"><AttributeType>rpy</AttributeType><IsRequired>true</IsRequired><Value i:type="a:ArrayOfdouble" xmlns:a="http://schemas.microsoft.com/2003/10/Serialization/Arrays"><a:double>0</a:double><a:double>0</a:double><a:double>0</a:double></Value></Attribute></Attributes><ChildElements/><ElementName>origin</ElementName><required>false</required><RPYAttribute z:Ref="i41"/><XYZAttribute z:Ref="i40"/><isCustomized>false</isCustomized></URDFElement><URDFElement z:Id="i42" i:type="ParentLink"><Attributes><Attribute z:Id="i43"><AttributeType>link</AttributeType><IsRequired>true</IsRequired><Value i:type="a:string" xmlns:a="http://www.w3.org/2001/XMLSchema"/></Attribute></Attributes><ChildElements/><ElementName>parent</ElementName><required>true</required><NameAttribute z:Ref="i43"/></URDFElement><URDFElement z:Id="i44" i:type="ChildLink"><Attributes><Attribute z:Id="i45"><AttributeType>link</AttributeType><IsRequired>true</IsRequired><Value i:type="a:string" xmlns:a="http://www.w3.org/2001/XMLSchema"/></Attribute></Attributes><ChildElements/><ElementName>child</ElementName><required>true</required><NameAttribute z:Ref="i45"/></URDFElement><URDFElement z:Id="i46" i:type="Axis"><Attributes><Attribute z:Id="i47"><AttributeType>xyz</AttributeType><IsRequired>true</IsRequired><Value i:type="a:ArrayOfdouble" xmlns:a="http://schemas.microsoft.com/2003/10/Serialization/Arrays"><a:double>0</a:double><a:double>0</a:double><a:double>0</a:double></Value></Attribute></Attributes><ChildElements/><ElementName>axis</ElementName><required>false</required><XYZAttribute z:Ref="i47"/></URDFElement><URDFElement z:Id="i48" i:type="Limit"><Attributes><Attribute z:Id="i49"><AttributeType>lower</AttributeType><IsRequired>false</IsRequired><Value i:nil="true"/></Attribute><Attribute z:Id="i50"><AttributeType>upper</AttributeType><IsRequired>false</IsRequired><Value i:nil="true"/></Attribute><Attribute z:Id="i51"><AttributeType>effort</AttributeType><IsRequired>true</IsRequired><Value i:nil="true"/></Attribute><Attribute z:Id="i52"><AttributeType>velocity</AttributeType><IsRequired>true</IsRequired><Value i:nil="true"/></Attribute></Attributes><ChildElements/><ElementName>limit</ElementName><required>false</required><EffortAttribute z:Ref="i51"/><LowerAttribute z:Ref="i49"/><UpperAttribute z:Ref="i50"/><VelocityAttribute z:Ref="i52"/></URDFElement><URDFElement z:Id="i53" i:type="Calibration"><Attributes><Attribute z:Id="i54"><AttributeType>rising</AttributeType><IsRequired>false</IsRequired><Value i:nil="true"/></Attribute><Attribute z:Id="i55"><AttributeType>falling</AttributeType><IsRequired>false</IsRequired><Value i:nil="true"/></Attribute></Attributes><ChildElements/><ElementName>calibration</ElementName><required>false</required><FallingAttribute z:Ref="i55"/><RisingAttribute z:Ref="i54"/></URDFElement><URDFElement z:Id="i56" i:type="Dynamics"><Attributes><Attribute z:Id="i57"><AttributeType>damping</AttributeType><IsRequired>false</IsRequired><Value i:nil="true"/></Attribute><Attribute z:Id="i58"><AttributeType>friction</AttributeType><IsRequired>false</IsRequired><Value i:nil="true"/></Attribute></Attributes><ChildElements/><ElementName>dynamics</ElementName><required>false</required><DampingAttribute z:Ref="i57"/><FrictionAttribute z:Ref="i58"/></URDFElement><URDFElement z:Id="i59" i:type="SafetyController"><Attributes><Attribute z:Id="i60"><AttributeType>soft_upper_limit</AttributeType><IsRequired>false</IsRequired><Value i:nil="true"/></Attribute><Attribute z:Id="i61"><AttributeType>soft_lower_limit</AttributeType><IsRequired>false</IsRequired><Value i:nil="true"/></Attribute><Attribute z:Id="i62"><AttributeType>k_position</AttributeType><IsRequired>false</IsRequired><Value i:nil="true"/></Attribute><Attribute z:Id="i63"><AttributeType>k_velocity</AttributeType><IsRequired>true</IsRequired><Value i:nil="true"/></Attribute></Attributes><ChildElements/><ElementName>safety_controller</ElementName><required>false</required><KPositionAttribute z:Ref="i62"/><KVelocityAttribute z:Ref="i63"/><SoftLowerAttribute z:Ref="i61"/><SoftUpperAttribute z:Ref="i60"/></URDFElement><URDFElement z:Id="i64" i:type="Mimic"><Attributes><Attribute z:Id="i65"><AttributeType>joint</AttributeType><IsRequired>true</IsRequired><Value i:nil="true"/></Attribute><Attribute z:Id="i66"><AttributeType>multiplier</AttributeType><IsRequired>false</IsRequired><Value i:nil="true"/></Attribute><Attribute z:Id="i67"><AttributeType>offset</AttributeType><IsRequired>false</IsRequired><Value i:nil="true"/></Attribute></Attributes><ChildElements/><ElementName>mimic</ElementName><required>false</required><JointNameAttribute z:Ref="i65"/><MultiplierAttribute z:Ref="i66"/><OffsetAttribute z:Ref="i67"/></URDFElement></ChildElements><ElementName>joint</ElementName><required>false</required><Axis z:Ref="i46"/><AxisName/><Calibration z:Ref="i53"/><Child z:Ref="i44"/><CoordinateSystemName>Automatically Generate</CoordinateSystemName><Dynamics z:Ref="i56"/><Limit z:Ref="i48"/><Mimic z:Ref="i64"/><NameAttribute z:Ref="i37"/><Origin z:Ref="i39"/><Parent z:Ref="i42"/><Safety z:Ref="i59"/><TypeAttribute z:Ref="i38"/></URDFElement></ChildElements><ElementName>link</ElementName><required>true</required><Children><Link z:Id="i68"><Attributes><Attribute z:Id="i69"><AttributeType>name</AttributeType><IsRequired>true</IsRequired><Value i:type="a:string" xmlns:a="http://www.w3.org/2001/XMLSchema">Slide_1_Link</Value></Attribute></Attributes><ChildElements><URDFElement z:Id="i70" i:type="Inertial"><Attributes/><ChildElements><URDFElement z:Id="i71" i:type="Origin"><Attributes><Attribute z:Id="i72"><AttributeType>xyz</AttributeType><IsRequired>true</IsRequired><Value i:type="a:ArrayOfdouble" xmlns:a="http://schemas.microsoft.com/2003/10/Serialization/Arrays"><a:double>0</a:double><a:double>0</a:double><a:double>0</a:double></Value></Attribute><Attribute z:Id="i73"><AttributeType>rpy</AttributeType><IsRequired>true</IsRequired><Value i:type="a:ArrayOfdouble" xmlns:a="http://schemas.microsoft.com/2003/10/Serialization/Arrays"><a:double>0</a:double><a:double>0</a:double><a:double>0</a:double></Value></Attribute></Attributes><ChildElements/><ElementName>origin</ElementName><required>false</required><RPYAttribute z:Ref="i73"/><XYZAttribute z:Ref="i72"/><isCustomized>false</isCustomized></URDFElement><URDFElement z:Id="i74" i:type="Mass"><Attributes><Attribute z:Id="i75"><AttributeType>value</AttributeType><IsRequired>true</IsRequired><Value i:type="a:double" xmlns:a="http://www.w3.org/2001/XMLSchema">0</Value></Attribute></Attributes><ChildElements/><ElementName>mass</ElementName><required>false</required><ValueAttribute z:Ref="i75"/></URDFElement><URDFElement z:Id="i76" i:type="Inertia"><Attributes><Attribute z:Id="i77"><AttributeType>ixx</AttributeType><IsRequired>true</IsRequired><Value i:type="a:double" xmlns:a="http://www.w3.org/2001/XMLSchema">0</Value></Attribute><Attribute z:Id="i78"><AttributeType>ixy</AttributeType><IsRequired>true</IsRequired><Value i:type="a:double" xmlns:a="http://www.w3.org/2001/XMLSchema">0</Value></Attribute><Attribute z:Id="i79"><AttributeType>ixz</AttributeType><IsRequired>true</IsRequired><Value i:type="a:double" xmlns:a="http://www.w3.org/2001/XMLSchema">0</Value></Attribute><Attribute z:Id="i80"><AttributeType>iyy</AttributeType><IsRequired>true</IsRequired><Value i:type="a:double" xmlns:a="http://www.w3.org/2001/XMLSchema">0</Value></Attribute><Attribute z:Id="i81"><AttributeType>iyz</AttributeType><IsRequired>true</IsRequired><Value i:type="a:double" xmlns:a="http://www.w3.org/2001/XMLSchema">0</Value></Attribute><Attribute z:Id="i82"><AttributeType>izz</AttributeType><IsRequired>true</IsRequired><Value i:type="a:double" xmlns:a="http://www.w3.org/2001/XMLSchema">0</Value></Attribute></Attributes><ChildElements/><ElementName>inertia</ElementName><required>false</required><IxxAttribute z:Ref="i77"/><IxyAttribute z:Ref="i78"/><IxzAttribute z:Ref="i79"/><IyyAttribute z:Ref="i80"/><IyzAttribute z:Ref="i81"/><IzzAttribute z:Ref="i82"/></URDFElement></ChildElements><ElementName>inertial</ElementName><required>false</required><Inertia z:Ref="i76"/><Mass z:Ref="i74"/><Origin z:Ref="i71"/></URDFElement><URDFElement z:Id="i83" i:type="Visual"><Attributes/><ChildElements><URDFElement z:Id="i84" i:type="Origin"><Attributes><Attribute z:Id="i85"><AttributeType>xyz</AttributeType><IsRequired>true</IsRequired><Value i:type="a:ArrayOfdouble" xmlns:a="http://schemas.microsoft.com/2003/10/Serialization/Arrays"><a:double>0</a:double><a:double>0</a:double><a:double>0</a:double></Value></Attribute><Attribute z:Id="i86"><AttributeType>rpy</AttributeType><IsRequired>true</IsRequired><Value i:type="a:ArrayOfdouble" xmlns:a="http://schemas.microsoft.com/2003/10/Serialization/Arrays"><a:double>0</a:double><a:double>0</a:double><a:double>0</a:double></Value></Attribute></Attributes><ChildElements/><ElementName>origin</ElementName><required>false</required><RPYAttribute z:Ref="i86"/><XYZAttribute z:Ref="i85"/><isCustomized>false</isCustomized></URDFElement><URDFElement z:Id="i87" i:type="Geometry"><Attributes/><ChildElements><URDFElement z:Id="i88" i:type="Mesh"><Attributes><Attribute z:Id="i89"><AttributeType>filename</AttributeType><IsRequired>true</IsRequired><Value i:nil="true"/></Attribute></Attributes><ChildElements/><ElementName>mesh</ElementName><required>false</required><FilenameAttribute z:Ref="i89"/></URDFElement></ChildElements><ElementName>geometry</ElementName><required>true</required><Mesh z:Ref="i88"/></URDFElement><URDFElement z:Id="i90" i:type="Material"><Attributes><Attribute z:Id="i91"><AttributeType>name</AttributeType><IsRequired>true</IsRequired><Value i:type="a:string" xmlns:a="http://www.w3.org/2001/XMLSchema"/></Attribute></Attributes><ChildElements><URDFElement z:Id="i92" i:type="Color"><Attributes><Attribute z:Id="i93"><AttributeType>rgba</AttributeType><IsRequired>true</IsRequired><Value i:type="a:ArrayOfdouble" xmlns:a="http://schemas.microsoft.com/2003/10/Serialization/Arrays"><a:double>1</a:double><a:double>1</a:double><a:double>1</a:double><a:double>1</a:double></Value></Attribute></Attributes><ChildElements/><ElementName>color</ElementName><required>false</required><RGBAAttribute z:Ref="i93"/></URDFElement><URDFElement z:Id="i94" i:type="Texture"><Attributes><Attribute z:Id="i95"><AttributeType>filename</AttributeType><IsRequired>true</IsRequired><Value i:nil="true"/></Attribute></Attributes><ChildElements/><ElementName>texture</ElementName><required>false</required><FilenameAttribute z:Ref="i95"/><wFilename/></URDFElement></ChildElements><ElementName>material</ElementName><required>false</required><Color z:Ref="i92"/><NameAttribute z:Ref="i91"/><Texture z:Ref="i94"/></URDFElement></ChildElements><ElementName>visual</ElementName><required>false</required><Geometry z:Ref="i87"/><Material z:Ref="i90"/><Origin z:Ref="i84"/></URDFElement><URDFElement z:Id="i96" i:type="Collision"><Attributes/><ChildElements><URDFElement z:Id="i97" i:type="Origin"><Attributes><Attribute z:Id="i98"><AttributeType>xyz</AttributeType><IsRequired>true</IsRequired><Value i:type="a:ArrayOfdouble" xmlns:a="http://schemas.microsoft.com/2003/10/Serialization/Arrays"><a:double>0</a:double><a:double>0</a:double><a:double>0</a:double></Value></Attribute><Attribute z:Id="i99"><AttributeType>rpy</AttributeType><IsRequired>true</IsRequired><Value i:type="a:ArrayOfdouble" xmlns:a="http://schemas.microsoft.com/2003/10/Serialization/Arrays"><a:double>0</a:double><a:double>0</a:double><a:double>0</a:double></Value></Attribute></Attributes><ChildElements/><ElementName>origin</ElementName><required>false</required><RPYAttribute z:Ref="i99"/><XYZAttribute z:Ref="i98"/><isCustomized>false</isCustomized></URDFElement><URDFElement z:Id="i100" i:type="Geometry"><Attributes/><ChildElements><URDFElement z:Id="i101" i:type="Mesh"><Attributes><Attribute z:Id="i102"><AttributeType>filename</AttributeType><IsRequired>true</IsRequired><Value i:nil="true"/></Attribute></Attributes><ChildElements/><ElementName>mesh</ElementName><required>false</required><FilenameAttribute z:Ref="i102"/></URDFElement></ChildElements><ElementName>geometry</ElementName><required>true</required><Mesh z:Ref="i101"/></URDFElement></ChildElements><ElementName>collision</ElementName><required>false</required><Geometry z:Ref="i100"/><Origin z:Ref="i97"/></URDFElement><URDFElement z:Id="i103" i:type="Joint"><Attributes><Attribute z:Id="i104"><AttributeType>name</AttributeType><IsRequired>true</IsRequired><Value i:type="a:string" xmlns:a="http://www.w3.org/2001/XMLSchema">Slide_1_Joint</Value></Attribute><Attribute z:Id="i105"><AttributeType>type</AttributeType><IsRequired>true</IsRequired><Value i:type="a:string" xmlns:a="http://www.w3.org/2001/XMLSchema">prismatic</Value></Attribute></Attributes><ChildElements><URDFElement z:Id="i106" i:type="Origin"><Attributes><Attribute z:Id="i107"><AttributeType>xyz</AttributeType><IsRequired>true</IsRequired><Value i:type="a:ArrayOfdouble" xmlns:a="http://schemas.microsoft.com/2003/10/Serialization/Arrays"><a:double>0</a:double><a:double>0</a:double><a:double>0</a:double></Value></Attribute><Attribute z:Id="i108"><AttributeType>rpy</AttributeType><IsRequired>true</IsRequired><Value i:type="a:ArrayOfdouble" xmlns:a="http://schemas.microsoft.com/2003/10/Serialization/Arrays"><a:double>0</a:double><a:double>0</a:double><a:double>0</a:double></Value></Attribute></Attributes><ChildElements/><ElementName>origin</ElementName><required>false</required><RPYAttribute z:Ref="i108"/><XYZAttribute z:Ref="i107"/><isCustomized>false</isCustomized></URDFElement><URDFElement z:Id="i109" i:type="ParentLink"><Attributes><Attribute z:Id="i110"><AttributeType>link</AttributeType><IsRequired>true</IsRequired><Value i:type="a:string" xmlns:a="http://www.w3.org/2001/XMLSchema"/></Attribute></Attributes><ChildElements/><ElementName>parent</ElementName><required>true</required><NameAttribute z:Ref="i110"/></URDFElement><URDFElement z:Id="i111" i:type="ChildLink"><Attributes><Attribute z:Id="i112"><AttributeType>link</AttributeType><IsRequired>true</IsRequired><Value i:type="a:string" xmlns:a="http://www.w3.org/2001/XMLSchema"/></Attribute></Attributes><ChildElements/><ElementName>child</ElementName><required>true</required><NameAttribute z:Ref="i112"/></URDFElement><URDFElement z:Id="i113" i:type="Axis"><Attributes><Attribute z:Id="i114"><AttributeType>xyz</AttributeType><IsRequired>true</IsRequired><Value i:type="a:ArrayOfdouble" xmlns:a="http://schemas.microsoft.com/2003/10/Serialization/Arrays"><a:double>0</a:double><a:double>0</a:double><a:double>0</a:double></Value></Attribute></Attributes><ChildElements/><ElementName>axis</ElementName><required>false</required><XYZAttribute z:Ref="i114"/></URDFElement><URDFElement z:Id="i115" i:type="Limit"><Attributes><Attribute z:Id="i116"><AttributeType>lower</AttributeType><IsRequired>true</IsRequired><Value i:nil="true"/></Attribute><Attribute z:Id="i117"><AttributeType>upper</AttributeType><IsRequired>true</IsRequired><Value i:nil="true"/></Attribute><Attribute z:Id="i118"><AttributeType>effort</AttributeType><IsRequired>true</IsRequired><Value i:nil="true"/></Attribute><Attribute z:Id="i119"><AttributeType>velocity</AttributeType><IsRequired>true</IsRequired><Value i:nil="true"/></Attribute></Attributes><ChildElements/><ElementName>limit</ElementName><required>true</required><EffortAttribute z:Ref="i118"/><LowerAttribute z:Ref="i116"/><UpperAttribute z:Ref="i117"/><VelocityAttribute z:Ref="i119"/></URDFElement><URDFElement z:Id="i120" i:type="Calibration"><Attributes><Attribute z:Id="i121"><AttributeType>rising</AttributeType><IsRequired>false</IsRequired><Value i:nil="true"/></Attribute><Attribute z:Id="i122"><AttributeType>falling</AttributeType><IsRequired>false</IsRequired><Value i:nil="true"/></Attribute></Attributes><ChildElements/><ElementName>calibration</ElementName><required>false</required><FallingAttribute z:Ref="i122"/><RisingAttribute z:Ref="i121"/></URDFElement><URDFElement z:Id="i123" i:type="Dynamics"><Attributes><Attribute z:Id="i124"><AttributeType>damping</AttributeType><IsRequired>false</IsRequired><Value i:nil="true"/></Attribute><Attribute z:Id="i125"><AttributeType>friction</AttributeType><IsRequired>false</IsRequired><Value i:nil="true"/></Attribute></Attributes><ChildElements/><ElementName>dynamics</ElementName><required>false</required><DampingAttribute z:Ref="i124"/><FrictionAttribute z:Ref="i125"/></URDFElement><URDFElement z:Id="i126" i:type="SafetyController"><Attributes><Attribute z:Id="i127"><AttributeType>soft_upper_limit</AttributeType><IsRequired>false</IsRequired><Value i:nil="true"/></Attribute><Attribute z:Id="i128"><AttributeType>soft_lower_limit</AttributeType><IsRequired>false</IsRequired><Value i:nil="true"/></Attribute><Attribute z:Id="i129"><AttributeType>k_position</AttributeType><IsRequired>false</IsRequired><Value i:nil="true"/></Attribute><Attribute z:Id="i130"><AttributeType>k_velocity</AttributeType><IsRequired>true</IsRequired><Value i:nil="true"/></Attribute></Attributes><ChildElements/><ElementName>safety_controller</ElementName><required>false</required><KPositionAttribute z:Ref="i129"/><KVelocityAttribute z:Ref="i130"/><SoftLowerAttribute z:Ref="i128"/><SoftUpperAttribute z:Ref="i127"/></URDFElement><URDFElement z:Id="i131" i:type="Mimic"><Attributes><Attribute z:Id="i132"><AttributeType>joint</AttributeType><IsRequired>true</IsRequired><Value i:nil="true"/></Attribute><Attribute z:Id="i133"><AttributeType>multiplier</AttributeType><IsRequired>false</IsRequired><Value i:nil="true"/></Attribute><Attribute z:Id="i134"><AttributeType>offset</AttributeType><IsRequired>false</IsRequired><Value i:nil="true"/></Attribute></Attributes><ChildElements/><ElementName>mimic</ElementName><required>false</required><JointNameAttribute z:Ref="i132"/><MultiplierAttribute z:Ref="i133"/><OffsetAttribute z:Ref="i134"/></URDFElement></ChildElements><ElementName>joint</ElementName><required>false</required><Axis z:Ref="i113"/><AxisName>?????????1</AxisName><Calibration z:Ref="i120"/><Child z:Ref="i111"/><CoordinateSystemName>?????????1</CoordinateSystemName><Dynamics z:Ref="i123"/><Limit z:Ref="i115"/><Mimic z:Ref="i131"/><NameAttribute z:Ref="i104"/><Origin z:Ref="i106"/><Parent z:Ref="i109"/><Safety z:Ref="i126"/><TypeAttribute z:Ref="i105"/></URDFElement></ChildElements><ElementName>link</ElementName><required>true</required><Children/><Collision z:Ref="i96"/><Inertial z:Ref="i70"/><Joint z:Ref="i103"/><NameAttribute z:Ref="i69"/><Parent z:Ref="i1"/><STLQualityFine>false</STLQualityFine><SWComponentPIDs xmlns:a="http://schemas.microsoft.com/2003/10/Serialization/Arrays"><a:base64Binary>UEYAAAUAAAD//v+RSwBLAEMAVABQAE0AMwBGADIAMAAuADAAMgBfAPR2v378W2iPxH72Ti0AMQA0AEAASwBLAEMAVABQAE0AMwBGADIAMABFAF8AMgAwAHNeqFIJTgdjS2IoAHp681ghaotXKQAvAEsASwBDAFQAUAAzAE0AMgAwAC4AMAAyAC4ALgAwADIAXwDRbldXxH72Ti0AMQBAAEsASwBDAFQAUABNADMARgAyADAALgAwADIAXwD0dr9+/Ftoj8R+9k4vAEsASwBDAFQAUABNADMARgAyADAALgAwADIALgAwADIALgAwADEAXwDabuBz/Ftoj9FuV1ctADEAQABLAEsAQwBUAFAAMwBNADIAMAAuADAAMgAuAC4AMAAyAF8A0W5XV8R+9k4EAAAAEAAAAAEAAAADAAAAKAMAABoAAABCAAAA</a:base64Binary><a:base64Binary>UEYAAAUAAAD//v+RSwBLAEMAVABQAE0AMwBGADIAMAAuADAAMgBfAPR2v378W2iPxH72Ti0AMQA0AEAASwBLAEMAVABQAE0AMwBGADIAMABFAF8AMgAwAHNeqFIJTgdjS2IoAHp681ghaotXKQAvAEsASwBDAFQAUAAzAE0AMgAwAC4AMAAyAC4ALgAwADIAXwDRbldXxH72Ti0AMQBAAEsASwBDAFQAUABNADMARgAyADAALgAwADIAXwD0dr9+/Ftoj8R+9k4vAEsASwBDAFQAUABNADMARgAyADAALgAwADIALgAwADIALgAwADIAXwD8W2iP0W5XVyFjf2ctADQAQABLAEsAQwBUAFAAMwBNADIAMAAuADAAMgAuAC4AMAAyAF8A0W5XV8R+9k4EAAAAEAAAAAEAAAADAAAAKAMAABoAAABEAAAA</a:base64Binary><a:base64Binary>UEYAAAUAAAD//v+RSwBLAEMAVABQAE0AMwBGADIAMAAuADAAMgBfAPR2v378W2iPxH72Ti0AMQA0AEAASwBLAEMAVABQAE0AMwBGADIAMABFAF8AMgAwAHNeqFIJTgdjS2IoAHp681ghaotXKQAvAEsASwBDAFQAUAAzAE0AMgAwAC4AMAAyAC4ALgAwADIAXwDRbldXxH72Ti0AMQBAAEsASwBDAFQAUABNADMARgAyADAALgAwADIAXwD0dr9+/Ftoj8R+9k4vAEsASwBDAFQAUABNADMARgAyADAALgAwADIALgAwADIALgAwADIAXwD8W2iP0W5XVyFjf2ctADMAQABLAEsAQwBUAFAAMwBNADIAMAAuADAAMgAuAC4AMAAyAF8A0W5XV8R+9k4EAAAAEAAAAAEAAAADAAAAKAMAABoAAABDAAAA</a:base64Binary><a:base64Binary>UEYAAAUAAAD//v+TSwBLAEMAVABQAE0AMwBGADIAMAAuADAAMgBfAPR2v378W2iPxH72Ti0AMQA0AEAASwBLAEMAVABQAE0AMwBGADIAMABFAF8AMgAwAHNeqFIJTgdjS2IoAHp681ghaotXKQAvAEsASwBDAFQAUAAzAE0AMgAwAC4AMAAyAC4ALgAwADIAXwDRbldXxH72Ti0AMQBAAEsASwBDAFQAUABNADMARgAyADAALgAwADIAXwD0dr9+/Ftoj8R+9k4vAEsASwBHAEIAVAA4ADEAOQAuADEAIABNADIAWAA0AF8AQVNXW/1piWw0WbqHiZQgAE0AMgBYADQALQA3AEAASwBLAEMAVABQADMATQAyADAALgAwADIALgAuADAAMgBfANFuV1fEfvZOBAAAABAAAAABAAAAAwAAACgDAAAaAAAAagAAAA==</a:base64Binary><a:base64Binary>UEYAAAUAAAD//v+TSwBLAEMAVABQAE0AMwBGADIAMAAuADAAMgBfAPR2v378W2iPxH72Ti0AMQA0AEAASwBLAEMAVABQAE0AMwBGADIAMABFAF8AMgAwAHNeqFIJTgdjS2IoAHp681ghaotXKQAvAEsASwBDAFQAUAAzAE0AMgAwAC4AMAAyAC4ALgAwADIAXwDRbldXxH72Ti0AMQBAAEsASwBDAFQAUABNADMARgAyADAALgAwADIAXwD0dr9+/Ftoj8R+9k4vAEsASwBHAEIAVAA4ADEAOQAuADEAIABNADIAWAA0AF8AQVNXW/1piWw0WbqHiZQgAE0AMgBYADQALQA2AEAASwBLAEMAVABQADMATQAyADAALgAwADIALgAuADAAMgBfANFuV1fEfvZOBAAAABAAAAABAAAAAwAAACgDAAAaAAAAawAAAA==</a:base64Binary><a:base64Binary>UEYAAAUAAAD//v+TSwBLAEMAVABQAE0AMwBGADIAMAAuADAAMgBfAPR2v378W2iPxH72Ti0AMQA0AEAASwBLAEMAVABQAE0AMwBGADIAMABFAF8AMgAwAHNeqFIJTgdjS2IoAHp681ghaotXKQAvAEsASwBDAFQAUAAzAE0AMgAwAC4AMAAyAC4ALgAwADIAXwDRbldXxH72Ti0AMQBAAEsASwBDAFQAUABNADMARgAyADAALgAwADIAXwD0dr9+/Ftoj8R+9k4vAEsASwBHAEIAVAA4ADEAOQAuADEAIABNADIAWAA0AF8AQVNXW/1piWw0WbqHiZQgAE0AMgBYADQALQAyAEAASwBLAEMAVABQADMATQAyADAALgAwADIALgAuADAAMgBfANFuV1fEfvZOBAAAABAAAAABAAAAAwAAACgDAAAaAAAAYQAAAA==</a:base64Binary><a:base64Binary>UEYAAAUAAAD//v+TSwBLAEMAVABQAE0AMwBGADIAMAAuADAAMgBfAPR2v378W2iPxH72Ti0AMQA0AEAASwBLAEMAVABQAE0AMwBGADIAMABFAF8AMgAwAHNeqFIJTgdjS2IoAHp681ghaotXKQAvAEsASwBDAFQAUAAzAE0AMgAwAC4AMAAyAC4ALgAwADIAXwDRbldXxH72Ti0AMQBAAEsASwBDAFQAUABNADMARgAyADAALgAwADIAXwD0dr9+/Ftoj8R+9k4vAEsASwBHAEIAVAA4ADEAOQAuADEAIABNADIAWAA0AF8AQVNXW/1piWw0WbqHiZQgAE0AMgBYADQALQA0AEAASwBLAEMAVABQADMATQAyADAALgAwADIALgAuADAAMgBfANFuV1fEfvZOBAAAABAAAAABAAAAAwAAACgDAAAaAAAAaAAAAA==</a:base64Binary></SWComponentPIDs><SWMainComponentPID i:nil="true"/><Visual z:Ref="i83"/><isFixedFrame>false</isFixedFrame><isIncomplete>false</isIncomplete></Link><Link z:Id="i135"><Attributes><Attribute z:Id="i136"><AttributeType>name</AttributeType><IsRequired>true</IsRequired><Value i:type="a:string" xmlns:a="http://www.w3.org/2001/XMLSchema">Slide_2_Link</Value></Attribute></Attributes><ChildElements><URDFElement z:Id="i137" i:type="Inertial"><Attributes/><ChildElements><URDFElement z:Id="i138" i:type="Origin"><Attributes><Attribute z:Id="i139"><AttributeType>xyz</AttributeType><IsRequired>true</IsRequired><Value i:type="a:ArrayOfdouble" xmlns:a="http://schemas.microsoft.com/2003/10/Serialization/Arrays"><a:double>0</a:double><a:double>0</a:double><a:double>0</a:double></Value></Attribute><Attribute z:Id="i140"><AttributeType>rpy</AttributeType><IsRequired>true</IsRequired><Value i:type="a:ArrayOfdouble" xmlns:a="http://schemas.microsoft.com/2003/10/Serialization/Arrays"><a:double>0</a:double><a:double>0</a:double><a:double>0</a:double></Value></Attribute></Attributes><ChildElements/><ElementName>origin</ElementName><required>false</required><RPYAttribute z:Ref="i140"/><XYZAttribute z:Ref="i139"/><isCustomized>false</isCustomized></URDFElement><URDFElement z:Id="i141" i:type="Mass"><Attributes><Attribute z:Id="i142"><AttributeType>value</AttributeType><IsRequired>true</IsRequired><Value i:type="a:double" xmlns:a="http://www.w3.org/2001/XMLSchema">0</Value></Attribute></Attributes><ChildElements/><ElementName>mass</ElementName><required>false</required><ValueAttribute z:Ref="i142"/></URDFElement><URDFElement z:Id="i143" i:type="Inertia"><Attributes><Attribute z:Id="i144"><AttributeType>ixx</AttributeType><IsRequired>true</IsRequired><Value i:type="a:double" xmlns:a="http://www.w3.org/2001/XMLSchema">0</Value></Attribute><Attribute z:Id="i145"><AttributeType>ixy</AttributeType><IsRequired>true</IsRequired><Value i:type="a:double" xmlns:a="http://www.w3.org/2001/XMLSchema">0</Value></Attribute><Attribute z:Id="i146"><AttributeType>ixz</AttributeType><IsRequired>true</IsRequired><Value i:type="a:double" xmlns:a="http://www.w3.org/2001/XMLSchema">0</Value></Attribute><Attribute z:Id="i147"><AttributeType>iyy</AttributeType><IsRequired>true</IsRequired><Value i:type="a:double" xmlns:a="http://www.w3.org/2001/XMLSchema">0</Value></Attribute><Attribute z:Id="i148"><AttributeType>iyz</AttributeType><IsRequired>true</IsRequired><Value i:type="a:double" xmlns:a="http://www.w3.org/2001/XMLSchema">0</Value></Attribute><Attribute z:Id="i149"><AttributeType>izz</AttributeType><IsRequired>true</IsRequired><Value i:type="a:double" xmlns:a="http://www.w3.org/2001/XMLSchema">0</Value></Attribute></Attributes><ChildElements/><ElementName>inertia</ElementName><required>false</required><IxxAttribute z:Ref="i144"/><IxyAttribute z:Ref="i145"/><IxzAttribute z:Ref="i146"/><IyyAttribute z:Ref="i147"/><IyzAttribute z:Ref="i148"/><IzzAttribute z:Ref="i149"/></URDFElement></ChildElements><ElementName>inertial</ElementName><required>false</required><Inertia z:Ref="i143"/><Mass z:Ref="i141"/><Origin z:Ref="i138"/></URDFElement><URDFElement z:Id="i150" i:type="Visual"><Attributes/><ChildElements><URDFElement z:Id="i151" i:type="Origin"><Attributes><Attribute z:Id="i152"><AttributeType>xyz</AttributeType><IsRequired>true</IsRequired><Value i:type="a:ArrayOfdouble" xmlns:a="http://schemas.microsoft.com/2003/10/Serialization/Arrays"><a:double>0</a:double><a:double>0</a:double><a:double>0</a:double></Value></Attribute><Attribute z:Id="i153"><AttributeType>rpy</AttributeType><IsRequired>true</IsRequired><Value i:type="a:ArrayOfdouble" xmlns:a="http://schemas.microsoft.com/2003/10/Serialization/Arrays"><a:double>0</a:double><a:double>0</a:double><a:double>0</a:double></Value></Attribute></Attributes><ChildElements/><ElementName>origin</ElementName><required>false</required><RPYAttribute z:Ref="i153"/><XYZAttribute z:Ref="i152"/><isCustomized>false</isCustomized></URDFElement><URDFElement z:Id="i154" i:type="Geometry"><Attributes/><ChildElements><URDFElement z:Id="i155" i:type="Mesh"><Attributes><Attribute z:Id="i156"><AttributeType>filename</AttributeType><IsRequired>true</IsRequired><Value i:nil="true"/></Attribute></Attributes><ChildElements/><ElementName>mesh</ElementName><required>false</required><FilenameAttribute z:Ref="i156"/></URDFElement></ChildElements><ElementName>geometry</ElementName><required>true</required><Mesh z:Ref="i155"/></URDFElement><URDFElement z:Id="i157" i:type="Material"><Attributes><Attribute z:Id="i158"><AttributeType>name</AttributeType><IsRequired>true</IsRequired><Value i:type="a:string" xmlns:a="http://www.w3.org/2001/XMLSchema"/></Attribute></Attributes><ChildElements><URDFElement z:Id="i159" i:type="Color"><Attributes><Attribute z:Id="i160"><AttributeType>rgba</AttributeType><IsRequired>true</IsRequired><Value i:type="a:ArrayOfdouble" xmlns:a="http://schemas.microsoft.com/2003/10/Serialization/Arrays"><a:double>1</a:double><a:double>1</a:double><a:double>1</a:double><a:double>1</a:double></Value></Attribute></Attributes><ChildElements/><ElementName>color</ElementName><required>false</required><RGBAAttribute z:Ref="i160"/></URDFElement><URDFElement z:Id="i161" i:type="Texture"><Attributes><Attribute z:Id="i162"><AttributeType>filename</AttributeType><IsRequired>true</IsRequired><Value i:nil="true"/></Attribute></Attributes><ChildElements/><ElementName>texture</ElementName><required>false</required><FilenameAttribute z:Ref="i162"/><wFilename/></URDFElement></ChildElements><ElementName>material</ElementName><required>false</required><Color z:Ref="i159"/><NameAttribute z:Ref="i158"/><Texture z:Ref="i161"/></URDFElement></ChildElements><ElementName>visual</ElementName><required>false</required><Geometry z:Ref="i154"/><Material z:Ref="i157"/><Origin z:Ref="i151"/></URDFElement><URDFElement z:Id="i163" i:type="Collision"><Attributes/><ChildElements><URDFElement z:Id="i164" i:type="Origin"><Attributes><Attribute z:Id="i165"><AttributeType>xyz</AttributeType><IsRequired>true</IsRequired><Value i:type="a:ArrayOfdouble" xmlns:a="http://schemas.microsoft.com/2003/10/Serialization/Arrays"><a:double>0</a:double><a:double>0</a:double><a:double>0</a:double></Value></Attribute><Attribute z:Id="i166"><AttributeType>rpy</AttributeType><IsRequired>true</IsRequired><Value i:type="a:ArrayOfdouble" xmlns:a="http://schemas.microsoft.com/2003/10/Serialization/Arrays"><a:double>0</a:double><a:double>0</a:double><a:double>0</a:double></Value></Attribute></Attributes><ChildElements/><ElementName>origin</ElementName><required>false</required><RPYAttribute z:Ref="i166"/><XYZAttribute z:Ref="i165"/><isCustomized>false</isCustomized></URDFElement><URDFElement z:Id="i167" i:type="Geometry"><Attributes/><ChildElements><URDFElement z:Id="i168" i:type="Mesh"><Attributes><Attribute z:Id="i169"><AttributeType>filename</AttributeType><IsRequired>true</IsRequired><Value i:nil="true"/></Attribute></Attributes><ChildElements/><ElementName>mesh</ElementName><required>false</required><FilenameAttribute z:Ref="i169"/></URDFElement></ChildElements><ElementName>geometry</ElementName><required>true</required><Mesh z:Ref="i168"/></URDFElement></ChildElements><ElementName>collision</ElementName><required>false</required><Geometry z:Ref="i167"/><Origin z:Ref="i164"/></URDFElement><URDFElement z:Id="i170" i:type="Joint"><Attributes><Attribute z:Id="i171"><AttributeType>name</AttributeType><IsRequired>true</IsRequired><Value i:type="a:string" xmlns:a="http://www.w3.org/2001/XMLSchema">Slide_2_Joint</Value></Attribute><Attribute z:Id="i172"><AttributeType>type</AttributeType><IsRequired>true</IsRequired><Value i:type="a:string" xmlns:a="http://www.w3.org/2001/XMLSchema">prismatic</Value></Attribute></Attributes><ChildElements><URDFElement z:Id="i173" i:type="Origin"><Attributes><Attribute z:Id="i174"><AttributeType>xyz</AttributeType><IsRequired>true</IsRequired><Value i:type="a:ArrayOfdouble" xmlns:a="http://schemas.microsoft.com/2003/10/Serialization/Arrays"><a:double>0</a:double><a:double>0</a:double><a:double>0</a:double></Value></Attribute><Attribute z:Id="i175"><AttributeType>rpy</AttributeType><IsRequired>true</IsRequired><Value i:type="a:ArrayOfdouble" xmlns:a="http://schemas.microsoft.com/2003/10/Serialization/Arrays"><a:double>0</a:double><a:double>0</a:double><a:double>0</a:double></Value></Attribute></Attributes><ChildElements/><ElementName>origin</ElementName><required>false</required><RPYAttribute z:Ref="i175"/><XYZAttribute z:Ref="i174"/><isCustomized>false</isCustomized></URDFElement><URDFElement z:Id="i176" i:type="ParentLink"><Attributes><Attribute z:Id="i177"><AttributeType>link</AttributeType><IsRequired>true</IsRequired><Value i:type="a:string" xmlns:a="http://www.w3.org/2001/XMLSchema"/></Attribute></Attributes><ChildElements/><ElementName>parent</ElementName><required>true</required><NameAttribute z:Ref="i177"/></URDFElement><URDFElement z:Id="i178" i:type="ChildLink"><Attributes><Attribute z:Id="i179"><AttributeType>link</AttributeType><IsRequired>true</IsRequired><Value i:type="a:string" xmlns:a="http://www.w3.org/2001/XMLSchema"/></Attribute></Attributes><ChildElements/><ElementName>child</ElementName><required>true</required><NameAttribute z:Ref="i179"/></URDFElement><URDFElement z:Id="i180" i:type="Axis"><Attributes><Attribute z:Id="i181"><AttributeType>xyz</AttributeType><IsRequired>true</IsRequired><Value i:type="a:ArrayOfdouble" xmlns:a="http://schemas.microsoft.com/2003/10/Serialization/Arrays"><a:double>0</a:double><a:double>0</a:double><a:double>0</a:double></Value></Attribute></Attributes><ChildElements/><ElementName>axis</ElementName><required>false</required><XYZAttribute z:Ref="i181"/></URDFElement><URDFElement z:Id="i182" i:type="Limit"><Attributes><Attribute z:Id="i183"><AttributeType>lower</AttributeType><IsRequired>false</IsRequired><Value i:nil="true"/></Attribute><Attribute z:Id="i184"><AttributeType>upper</AttributeType><IsRequired>false</IsRequired><Value i:nil="true"/></Attribute><Attribute z:Id="i185"><AttributeType>effort</AttributeType><IsRequired>true</IsRequired><Value i:nil="true"/></Attribute><Attribute z:Id="i186"><AttributeType>velocity</AttributeType><IsRequired>true</IsRequired><Value i:nil="true"/></Attribute></Attributes><ChildElements/><ElementName>limit</ElementName><required>false</required><EffortAttribute z:Ref="i185"/><LowerAttribute z:Ref="i183"/><UpperAttribute z:Ref="i184"/><VelocityAttribute z:Ref="i186"/></URDFElement><URDFElement z:Id="i187" i:type="Calibration"><Attributes><Attribute z:Id="i188"><AttributeType>rising</AttributeType><IsRequired>false</IsRequired><Value i:nil="true"/></Attribute><Attribute z:Id="i189"><AttributeType>falling</AttributeType><IsRequired>false</IsRequired><Value i:nil="true"/></Attribute></Attributes><ChildElements/><ElementName>calibration</ElementName><required>false</required><FallingAttribute z:Ref="i189"/><RisingAttribute z:Ref="i188"/></URDFElement><URDFElement z:Id="i190" i:type="Dynamics"><Attributes><Attribute z:Id="i191"><AttributeType>damping</AttributeType><IsRequired>false</IsRequired><Value i:nil="true"/></Attribute><Attribute z:Id="i192"><AttributeType>friction</AttributeType><IsRequired>false</IsRequired><Value i:nil="true"/></Attribute></Attributes><ChildElements/><ElementName>dynamics</ElementName><required>false</required><DampingAttribute z:Ref="i191"/><FrictionAttribute z:Ref="i192"/></URDFElement><URDFElement z:Id="i193" i:type="SafetyController"><Attributes><Attribute z:Id="i194"><AttributeType>soft_upper_limit</AttributeType><IsRequired>false</IsRequired><Value i:nil="true"/></Attribute><Attribute z:Id="i195"><AttributeType>soft_lower_limit</AttributeType><IsRequired>false</IsRequired><Value i:nil="true"/></Attribute><Attribute z:Id="i196"><AttributeType>k_position</AttributeType><IsRequired>false</IsRequired><Value i:nil="true"/></Attribute><Attribute z:Id="i197"><AttributeType>k_velocity</AttributeType><IsRequired>true</IsRequired><Value i:nil="true"/></Attribute></Attributes><ChildElements/><ElementName>safety_controller</ElementName><required>false</required><KPositionAttribute z:Ref="i196"/><KVelocityAttribute z:Ref="i197"/><SoftLowerAttribute z:Ref="i195"/><SoftUpperAttribute z:Ref="i194"/></URDFElement><URDFElement z:Id="i198" i:type="Mimic"><Attributes><Attribute z:Id="i199"><AttributeType>joint</AttributeType><IsRequired>true</IsRequired><Value i:nil="true"/></Attribute><Attribute z:Id="i200"><AttributeType>multiplier</AttributeType><IsRequired>false</IsRequired><Value i:nil="true"/></Attribute><Attribute z:Id="i201"><AttributeType>offset</AttributeType><IsRequired>false</IsRequired><Value i:nil="true"/></Attribute></Attributes><ChildElements/><ElementName>mimic</ElementName><required>false</required><JointNameAttribute z:Ref="i199"/><MultiplierAttribute z:Ref="i200"/><OffsetAttribute z:Ref="i201"/></URDFElement></ChildElements><ElementName>joint</ElementName><required>false</required><Axis z:Ref="i180"/><AxisName>?????????2</AxisName><Calibration z:Ref="i187"/><Child z:Ref="i178"/><CoordinateSystemName>?????????2</CoordinateSystemName><Dynamics z:Ref="i190"/><Limit z:Ref="i182"/><Mimic z:Ref="i198"/><NameAttribute z:Ref="i171"/><Origin z:Ref="i173"/><Parent z:Ref="i176"/><Safety z:Ref="i193"/><TypeAttribute z:Ref="i172"/></URDFElement></ChildElements><ElementName>link</ElementName><required>true</required><Children/><Collision z:Ref="i163"/><Inertial z:Ref="i137"/><Joint z:Ref="i170"/><NameAttribute z:Ref="i136"/><Parent z:Ref="i1"/><STLQualityFine>false</STLQualityFine><SWComponentPIDs xmlns:a="http://schemas.microsoft.com/2003/10/Serialization/Arrays"><a:base64Binary>UEYAAAUAAAD//v+RSwBLAEMAVABQAE0AMwBGADIAMAAuADAAMgBfAPR2v378W2iPxH72Ti0AMQA1AEAASwBLAEMAVABQAE0AMwBGADIAMABFAF8AMgAwAHNeqFIJTgdjS2IoAHp681ghaotXKQAvAEsASwBDAFQAUAAzAE0AMgAwAC4AMAAyAC4ALgAwADIAXwDRbldXxH72Ti0AMQBAAEsASwBDAFQAUABNADMARgAyADAALgAwADIAXwD0dr9+/Ftoj8R+9k4vAEsASwBDAFQAUABNADMARgAyADAALgAwADIALgAwADIALgAwADEAXwDabuBz/Ftoj9FuV1ctADEAQABLAEsAQwBUAFAAMwBNADIAMAAuADAAMgAuAC4AMAAyAF8A0W5XV8R+9k4EAAAAEAAAAAEAAAADAAAAKQMAABoAAABCAAAA</a:base64Binary><a:base64Binary>UEYAAAUAAAD//v+RSwBLAEMAVABQAE0AMwBGADIAMAAuADAAMgBfAPR2v378W2iPxH72Ti0AMQA1AEAASwBLAEMAVABQAE0AMwBGADIAMABFAF8AMgAwAHNeqFIJTgdjS2IoAHp681ghaotXKQAvAEsASwBDAFQAUAAzAE0AMgAwAC4AMAAyAC4ALgAwADIAXwDRbldXxH72Ti0AMQBAAEsASwBDAFQAUABNADMARgAyADAALgAwADIAXwD0dr9+/Ftoj8R+9k4vAEsASwBDAFQAUABNADMARgAyADAALgAwADIALgAwADIALgAwADIAXwD8W2iP0W5XVyFjf2ctADQAQABLAEsAQwBUAFAAMwBNADIAMAAuADAAMgAuAC4AMAAyAF8A0W5XV8R+9k4EAAAAEAAAAAEAAAADAAAAKQMAABoAAABEAAAA</a:base64Binary><a:base64Binary>UEYAAAUAAAD//v+TSwBLAEMAVABQAE0AMwBGADIAMAAuADAAMgBfAPR2v378W2iPxH72Ti0AMQA1AEAASwBLAEMAVABQAE0AMwBGADIAMABFAF8AMgAwAHNeqFIJTgdjS2IoAHp681ghaotXKQAvAEsASwBDAFQAUAAzAE0AMgAwAC4AMAAyAC4ALgAwADIAXwDRbldXxH72Ti0AMQBAAEsASwBDAFQAUABNADMARgAyADAALgAwADIAXwD0dr9+/Ftoj8R+9k4vAEsASwBHAEIAVAA4ADEAOQAuADEAIABNADIAWAA0AF8AQVNXW/1piWw0WbqHiZQgAE0AMgBYADQALQA0AEAASwBLAEMAVABQADMATQAyADAALgAwADIALgAuADAAMgBfANFuV1fEfvZOBAAAABAAAAABAAAAAwAAACkDAAAaAAAAaAAAAA==</a:base64Binary><a:base64Binary>UEYAAAUAAAD//v+TSwBLAEMAVABQAE0AMwBGADIAMAAuADAAMgBfAPR2v378W2iPxH72Ti0AMQA1AEAASwBLAEMAVABQAE0AMwBGADIAMABFAF8AMgAwAHNeqFIJTgdjS2IoAHp681ghaotXKQAvAEsASwBDAFQAUAAzAE0AMgAwAC4AMAAyAC4ALgAwADIAXwDRbldXxH72Ti0AMQBAAEsASwBDAFQAUABNADMARgAyADAALgAwADIAXwD0dr9+/Ftoj8R+9k4vAEsASwBHAEIAVAA4ADEAOQAuADEAIABNADIAWAA0AF8AQVNXW/1piWw0WbqHiZQgAE0AMgBYADQALQAyAEAASwBLAEMAVABQADMATQAyADAALgAwADIALgAuADAAMgBfANFuV1fEfvZOBAAAABAAAAABAAAAAwAAACkDAAAaAAAAYQAAAA==</a:base64Binary><a:base64Binary>UEYAAAUAAAD//v+RSwBLAEMAVABQAE0AMwBGADIAMAAuADAAMgBfAPR2v378W2iPxH72Ti0AMQA1AEAASwBLAEMAVABQAE0AMwBGADIAMABFAF8AMgAwAHNeqFIJTgdjS2IoAHp681ghaotXKQAvAEsASwBDAFQAUAAzAE0AMgAwAC4AMAAyAC4ALgAwADIAXwDRbldXxH72Ti0AMQBAAEsASwBDAFQAUABNADMARgAyADAALgAwADIAXwD0dr9+/Ftoj8R+9k4vAEsASwBDAFQAUABNADMARgAyADAALgAwADIALgAwADIALgAwADIAXwD8W2iP0W5XVyFjf2ctADMAQABLAEsAQwBUAFAAMwBNADIAMAAuADAAMgAuAC4AMAAyAF8A0W5XV8R+9k4EAAAAEAAAAAEAAAADAAAAKQMAABoAAABDAAAA</a:base64Binary><a:base64Binary>UEYAAAUAAAD//v+TSwBLAEMAVABQAE0AMwBGADIAMAAuADAAMgBfAPR2v378W2iPxH72Ti0AMQA1AEAASwBLAEMAVABQAE0AMwBGADIAMABFAF8AMgAwAHNeqFIJTgdjS2IoAHp681ghaotXKQAvAEsASwBDAFQAUAAzAE0AMgAwAC4AMAAyAC4ALgAwADIAXwDRbldXxH72Ti0AMQBAAEsASwBDAFQAUABNADMARgAyADAALgAwADIAXwD0dr9+/Ftoj8R+9k4vAEsASwBHAEIAVAA4ADEAOQAuADEAIABNADIAWAA0AF8AQVNXW/1piWw0WbqHiZQgAE0AMgBYADQALQA3AEAASwBLAEMAVABQADMATQAyADAALgAwADIALgAuADAAMgBfANFuV1fEfvZOBAAAABAAAAABAAAAAwAAACkDAAAaAAAAagAAAA==</a:base64Binary><a:base64Binary>UEYAAAUAAAD//v+TSwBLAEMAVABQAE0AMwBGADIAMAAuADAAMgBfAPR2v378W2iPxH72Ti0AMQA1AEAASwBLAEMAVABQAE0AMwBGADIAMABFAF8AMgAwAHNeqFIJTgdjS2IoAHp681ghaotXKQAvAEsASwBDAFQAUAAzAE0AMgAwAC4AMAAyAC4ALgAwADIAXwDRbldXxH72Ti0AMQBAAEsASwBDAFQAUABNADMARgAyADAALgAwADIAXwD0dr9+/Ftoj8R+9k4vAEsASwBHAEIAVAA4ADEAOQAuADEAIABNADIAWAA0AF8AQVNXW/1piWw0WbqHiZQgAE0AMgBYADQALQA2AEAASwBLAEMAVABQADMATQAyADAALgAwADIALgAuADAAMgBfANFuV1fEfvZOBAAAABAAAAABAAAAAwAAACkDAAAaAAAAawAAAA==</a:base64Binary></SWComponentPIDs><SWMainComponentPID i:nil="true"/><Visual z:Ref="i150"/><isFixedFrame>false</isFixedFrame><isIncomplete>false</isIncomplete></Link><Link z:Id="i202"><Attributes><Attribute z:Id="i203"><AttributeType>name</AttributeType><IsRequired>true</IsRequired><Value i:type="a:string" xmlns:a="http://www.w3.org/2001/XMLSchema">Slide_3_Link</Value></Attribute></Attributes><ChildElements><URDFElement z:Id="i204" i:type="Inertial"><Attributes/><ChildElements><URDFElement z:Id="i205" i:type="Origin"><Attributes><Attribute z:Id="i206"><AttributeType>xyz</AttributeType><IsRequired>true</IsRequired><Value i:type="a:ArrayOfdouble" xmlns:a="http://schemas.microsoft.com/2003/10/Serialization/Arrays"><a:double>0</a:double><a:double>0</a:double><a:double>0</a:double></Value></Attribute><Attribute z:Id="i207"><AttributeType>rpy</AttributeType><IsRequired>true</IsRequired><Value i:type="a:ArrayOfdouble" xmlns:a="http://schemas.microsoft.com/2003/10/Serialization/Arrays"><a:double>0</a:double><a:double>0</a:double><a:double>0</a:double></Value></Attribute></Attributes><ChildElements/><ElementName>origin</ElementName><required>false</required><RPYAttribute z:Ref="i207"/><XYZAttribute z:Ref="i206"/><isCustomized>false</isCustomized></URDFElement><URDFElement z:Id="i208" i:type="Mass"><Attributes><Attribute z:Id="i209"><AttributeType>value</AttributeType><IsRequired>true</IsRequired><Value i:type="a:double" xmlns:a="http://www.w3.org/2001/XMLSchema">0</Value></Attribute></Attributes><ChildElements/><ElementName>mass</ElementName><required>false</required><ValueAttribute z:Ref="i209"/></URDFElement><URDFElement z:Id="i210" i:type="Inertia"><Attributes><Attribute z:Id="i211"><AttributeType>ixx</AttributeType><IsRequired>true</IsRequired><Value i:type="a:double" xmlns:a="http://www.w3.org/2001/XMLSchema">0</Value></Attribute><Attribute z:Id="i212"><AttributeType>ixy</AttributeType><IsRequired>true</IsRequired><Value i:type="a:double" xmlns:a="http://www.w3.org/2001/XMLSchema">0</Value></Attribute><Attribute z:Id="i213"><AttributeType>ixz</AttributeType><IsRequired>true</IsRequired><Value i:type="a:double" xmlns:a="http://www.w3.org/2001/XMLSchema">0</Value></Attribute><Attribute z:Id="i214"><AttributeType>iyy</AttributeType><IsRequired>true</IsRequired><Value i:type="a:double" xmlns:a="http://www.w3.org/2001/XMLSchema">0</Value></Attribute><Attribute z:Id="i215"><AttributeType>iyz</AttributeType><IsRequired>true</IsRequired><Value i:type="a:double" xmlns:a="http://www.w3.org/2001/XMLSchema">0</Value></Attribute><Attribute z:Id="i216"><AttributeType>izz</AttributeType><IsRequired>true</IsRequired><Value i:type="a:double" xmlns:a="http://www.w3.org/2001/XMLSchema">0</Value></Attribute></Attributes><ChildElements/><ElementName>inertia</ElementName><required>false</required><IxxAttribute z:Ref="i211"/><IxyAttribute z:Ref="i212"/><IxzAttribute z:Ref="i213"/><IyyAttribute z:Ref="i214"/><IyzAttribute z:Ref="i215"/><IzzAttribute z:Ref="i216"/></URDFElement></ChildElements><ElementName>inertial</ElementName><required>false</required><Inertia z:Ref="i210"/><Mass z:Ref="i208"/><Origin z:Ref="i205"/></URDFElement><URDFElement z:Id="i217" i:type="Visual"><Attributes/><ChildElements><URDFElement z:Id="i218" i:type="Origin"><Attributes><Attribute z:Id="i219"><AttributeType>xyz</AttributeType><IsRequired>true</IsRequired><Value i:type="a:ArrayOfdouble" xmlns:a="http://schemas.microsoft.com/2003/10/Serialization/Arrays"><a:double>0</a:double><a:double>0</a:double><a:double>0</a:double></Value></Attribute><Attribute z:Id="i220"><AttributeType>rpy</AttributeType><IsRequired>true</IsRequired><Value i:type="a:ArrayOfdouble" xmlns:a="http://schemas.microsoft.com/2003/10/Serialization/Arrays"><a:double>0</a:double><a:double>0</a:double><a:double>0</a:double></Value></Attribute></Attributes><ChildElements/><ElementName>origin</ElementName><required>false</required><RPYAttribute z:Ref="i220"/><XYZAttribute z:Ref="i219"/><isCustomized>false</isCustomized></URDFElement><URDFElement z:Id="i221" i:type="Geometry"><Attributes/><ChildElements><URDFElement z:Id="i222" i:type="Mesh"><Attributes><Attribute z:Id="i223"><AttributeType>filename</AttributeType><IsRequired>true</IsRequired><Value i:nil="true"/></Attribute></Attributes><ChildElements/><ElementName>mesh</ElementName><required>false</required><FilenameAttribute z:Ref="i223"/></URDFElement></ChildElements><ElementName>geometry</ElementName><required>true</required><Mesh z:Ref="i222"/></URDFElement><URDFElement z:Id="i224" i:type="Material"><Attributes><Attribute z:Id="i225"><AttributeType>name</AttributeType><IsRequired>true</IsRequired><Value i:type="a:string" xmlns:a="http://www.w3.org/2001/XMLSchema"/></Attribute></Attributes><ChildElements><URDFElement z:Id="i226" i:type="Color"><Attributes><Attribute z:Id="i227"><AttributeType>rgba</AttributeType><IsRequired>true</IsRequired><Value i:type="a:ArrayOfdouble" xmlns:a="http://schemas.microsoft.com/2003/10/Serialization/Arrays"><a:double>1</a:double><a:double>1</a:double><a:double>1</a:double><a:double>1</a:double></Value></Attribute></Attributes><ChildElements/><ElementName>color</ElementName><required>false</required><RGBAAttribute z:Ref="i227"/></URDFElement><URDFElement z:Id="i228" i:type="Texture"><Attributes><Attribute z:Id="i229"><AttributeType>filename</AttributeType><IsRequired>true</IsRequired><Value i:nil="true"/></Attribute></Attributes><ChildElements/><ElementName>texture</ElementName><required>false</required><FilenameAttribute z:Ref="i229"/><wFilename/></URDFElement></ChildElements><ElementName>material</ElementName><required>false</required><Color z:Ref="i226"/><NameAttribute z:Ref="i225"/><Texture z:Ref="i228"/></URDFElement></ChildElements><ElementName>visual</ElementName><required>false</required><Geometry z:Ref="i221"/><Material z:Ref="i224"/><Origin z:Ref="i218"/></URDFElement><URDFElement z:Id="i230" i:type="Collision"><Attributes/><ChildElements><URDFElement z:Id="i231" i:type="Origin"><Attributes><Attribute z:Id="i232"><AttributeType>xyz</AttributeType><IsRequired>true</IsRequired><Value i:type="a:ArrayOfdouble" xmlns:a="http://schemas.microsoft.com/2003/10/Serialization/Arrays"><a:double>0</a:double><a:double>0</a:double><a:double>0</a:double></Value></Attribute><Attribute z:Id="i233"><AttributeType>rpy</AttributeType><IsRequired>true</IsRequired><Value i:type="a:ArrayOfdouble" xmlns:a="http://schemas.microsoft.com/2003/10/Serialization/Arrays"><a:double>0</a:double><a:double>0</a:double><a:double>0</a:double></Value></Attribute></Attributes><ChildElements/><ElementName>origin</ElementName><required>false</required><RPYAttribute z:Ref="i233"/><XYZAttribute z:Ref="i232"/><isCustomized>false</isCustomized></URDFElement><URDFElement z:Id="i234" i:type="Geometry"><Attributes/><ChildElements><URDFElement z:Id="i235" i:type="Mesh"><Attributes><Attribute z:Id="i236"><AttributeType>filename</AttributeType><IsRequired>true</IsRequired><Value i:nil="true"/></Attribute></Attributes><ChildElements/><ElementName>mesh</ElementName><required>false</required><FilenameAttribute z:Ref="i236"/></URDFElement></ChildElements><ElementName>geometry</ElementName><required>true</required><Mesh z:Ref="i235"/></URDFElement></ChildElements><ElementName>collision</ElementName><required>false</required><Geometry z:Ref="i234"/><Origin z:Ref="i231"/></URDFElement><URDFElement z:Id="i237" i:type="Joint"><Attributes><Attribute z:Id="i238"><AttributeType>name</AttributeType><IsRequired>true</IsRequired><Value i:type="a:string" xmlns:a="http://www.w3.org/2001/XMLSchema">Slide_3_Joint</Value></Attribute><Attribute z:Id="i239"><AttributeType>type</AttributeType><IsRequired>true</IsRequired><Value i:type="a:string" xmlns:a="http://www.w3.org/2001/XMLSchema">prismatic</Value></Attribute></Attributes><ChildElements><URDFElement z:Id="i240" i:type="Origin"><Attributes><Attribute z:Id="i241"><AttributeType>xyz</AttributeType><IsRequired>true</IsRequired><Value i:type="a:ArrayOfdouble" xmlns:a="http://schemas.microsoft.com/2003/10/Serialization/Arrays"><a:double>0</a:double><a:double>0</a:double><a:double>0</a:double></Value></Attribute><Attribute z:Id="i242"><AttributeType>rpy</AttributeType><IsRequired>true</IsRequired><Value i:type="a:ArrayOfdouble" xmlns:a="http://schemas.microsoft.com/2003/10/Serialization/Arrays"><a:double>0</a:double><a:double>0</a:double><a:double>0</a:double></Value></Attribute></Attributes><ChildElements/><ElementName>origin</ElementName><required>false</required><RPYAttribute z:Ref="i242"/><XYZAttribute z:Ref="i241"/><isCustomized>false</isCustomized></URDFElement><URDFElement z:Id="i243" i:type="ParentLink"><Attributes><Attribute z:Id="i244"><AttributeType>link</AttributeType><IsRequired>true</IsRequired><Value i:type="a:string" xmlns:a="http://www.w3.org/2001/XMLSchema"/></Attribute></Attributes><ChildElements/><ElementName>parent</ElementName><required>true</required><NameAttribute z:Ref="i244"/></URDFElement><URDFElement z:Id="i245" i:type="ChildLink"><Attributes><Attribute z:Id="i246"><AttributeType>link</AttributeType><IsRequired>true</IsRequired><Value i:type="a:string" xmlns:a="http://www.w3.org/2001/XMLSchema"/></Attribute></Attributes><ChildElements/><ElementName>child</ElementName><required>true</required><NameAttribute z:Ref="i246"/></URDFElement><URDFElement z:Id="i247" i:type="Axis"><Attributes><Attribute z:Id="i248"><AttributeType>xyz</AttributeType><IsRequired>true</IsRequired><Value i:type="a:ArrayOfdouble" xmlns:a="http://schemas.microsoft.com/2003/10/Serialization/Arrays"><a:double>0</a:double><a:double>0</a:double><a:double>0</a:double></Value></Attribute></Attributes><ChildElements/><ElementName>axis</ElementName><required>false</required><XYZAttribute z:Ref="i248"/></URDFElement><URDFElement z:Id="i249" i:type="Limit"><Attributes><Attribute z:Id="i250"><AttributeType>lower</AttributeType><IsRequired>false</IsRequired><Value i:nil="true"/></Attribute><Attribute z:Id="i251"><AttributeType>upper</AttributeType><IsRequired>false</IsRequired><Value i:nil="true"/></Attribute><Attribute z:Id="i252"><AttributeType>effort</AttributeType><IsRequired>true</IsRequired><Value i:nil="true"/></Attribute><Attribute z:Id="i253"><AttributeType>velocity</AttributeType><IsRequired>true</IsRequired><Value i:nil="true"/></Attribute></Attributes><ChildElements/><ElementName>limit</ElementName><required>false</required><EffortAttribute z:Ref="i252"/><LowerAttribute z:Ref="i250"/><UpperAttribute z:Ref="i251"/><VelocityAttribute z:Ref="i253"/></URDFElement><URDFElement z:Id="i254" i:type="Calibration"><Attributes><Attribute z:Id="i255"><AttributeType>rising</AttributeType><IsRequired>false</IsRequired><Value i:nil="true"/></Attribute><Attribute z:Id="i256"><AttributeType>falling</AttributeType><IsRequired>false</IsRequired><Value i:nil="true"/></Attribute></Attributes><ChildElements/><ElementName>calibration</ElementName><required>false</required><FallingAttribute z:Ref="i256"/><RisingAttribute z:Ref="i255"/></URDFElement><URDFElement z:Id="i257" i:type="Dynamics"><Attributes><Attribute z:Id="i258"><AttributeType>damping</AttributeType><IsRequired>false</IsRequired><Value i:nil="true"/></Attribute><Attribute z:Id="i259"><AttributeType>friction</AttributeType><IsRequired>false</IsRequired><Value i:nil="true"/></Attribute></Attributes><ChildElements/><ElementName>dynamics</ElementName><required>false</required><DampingAttribute z:Ref="i258"/><FrictionAttribute z:Ref="i259"/></URDFElement><URDFElement z:Id="i260" i:type="SafetyController"><Attributes><Attribute z:Id="i261"><AttributeType>soft_upper_limit</AttributeType><IsRequired>false</IsRequired><Value i:nil="true"/></Attribute><Attribute z:Id="i262"><AttributeType>soft_lower_limit</AttributeType><IsRequired>false</IsRequired><Value i:nil="true"/></Attribute><Attribute z:Id="i263"><AttributeType>k_position</AttributeType><IsRequired>false</IsRequired><Value i:nil="true"/></Attribute><Attribute z:Id="i264"><AttributeType>k_velocity</AttributeType><IsRequired>true</IsRequired><Value i:nil="true"/></Attribute></Attributes><ChildElements/><ElementName>safety_controller</ElementName><required>false</required><KPositionAttribute z:Ref="i263"/><KVelocityAttribute z:Ref="i264"/><SoftLowerAttribute z:Ref="i262"/><SoftUpperAttribute z:Ref="i261"/></URDFElement><URDFElement z:Id="i265" i:type="Mimic"><Attributes><Attribute z:Id="i266"><AttributeType>joint</AttributeType><IsRequired>true</IsRequired><Value i:nil="true"/></Attribute><Attribute z:Id="i267"><AttributeType>multiplier</AttributeType><IsRequired>false</IsRequired><Value i:nil="true"/></Attribute><Attribute z:Id="i268"><AttributeType>offset</AttributeType><IsRequired>false</IsRequired><Value i:nil="true"/></Attribute></Attributes><ChildElements/><ElementName>mimic</ElementName><required>false</required><JointNameAttribute z:Ref="i266"/><MultiplierAttribute z:Ref="i267"/><OffsetAttribute z:Ref="i268"/></URDFElement></ChildElements><ElementName>joint</ElementName><required>false</required><Axis z:Ref="i247"/><AxisName>?????????3</AxisName><Calibration z:Ref="i254"/><Child z:Ref="i245"/><CoordinateSystemName>?????????3</CoordinateSystemName><Dynamics z:Ref="i257"/><Limit z:Ref="i249"/><Mimic z:Ref="i265"/><NameAttribute z:Ref="i238"/><Origin z:Ref="i240"/><Parent z:Ref="i243"/><Safety z:Ref="i260"/><TypeAttribute z:Ref="i239"/></URDFElement></ChildElements><ElementName>link</ElementName><required>true</required><Children/><Collision z:Ref="i230"/><Inertial z:Ref="i204"/><Joint z:Ref="i237"/><NameAttribute z:Ref="i203"/><Parent z:Ref="i1"/><STLQualityFine>false</STLQualityFine><SWComponentPIDs xmlns:a="http://schemas.microsoft.com/2003/10/Serialization/Arrays"><a:base64Binary>UEYAAAUAAAD//v+RSwBLAEMAVABQAE0AMwBGADIAMAAuADAAMgBfAPR2v378W2iPxH72Ti0AMQAxAEAASwBLAEMAVABQAE0AMwBGADIAMABFAF8AMgAwAHNeqFIJTgdjS2IoAHp681ghaotXKQAvAEsASwBDAFQAUAAzAE0AMgAwAC4AMAAyAC4ALgAwADIAXwDRbldXxH72Ti0AMQBAAEsASwBDAFQAUABNADMARgAyADAALgAwADIAXwD0dr9+/Ftoj8R+9k4vAEsASwBDAFQAUABNADMARgAyADAALgAwADIALgAwADIALgAwADEAXwDabuBz/Ftoj9FuV1ctADEAQABLAEsAQwBUAFAAMwBNADIAMAAuADAAMgAuAC4AMAAyAF8A0W5XV8R+9k4EAAAAEAAAAAEAAAADAAAADAMAABoAAABCAAAA</a:base64Binary><a:base64Binary>UEYAAAUAAAD//v+RSwBLAEMAVABQAE0AMwBGADIAMAAuADAAMgBfAPR2v378W2iPxH72Ti0AMQAxAEAASwBLAEMAVABQAE0AMwBGADIAMABFAF8AMgAwAHNeqFIJTgdjS2IoAHp681ghaotXKQAvAEsASwBDAFQAUAAzAE0AMgAwAC4AMAAyAC4ALgAwADIAXwDRbldXxH72Ti0AMQBAAEsASwBDAFQAUABNADMARgAyADAALgAwADIAXwD0dr9+/Ftoj8R+9k4vAEsASwBDAFQAUABNADMARgAyADAALgAwADIALgAwADIALgAwADIAXwD8W2iP0W5XVyFjf2ctADQAQABLAEsAQwBUAFAAMwBNADIAMAAuADAAMgAuAC4AMAAyAF8A0W5XV8R+9k4EAAAAEAAAAAEAAAADAAAADAMAABoAAABEAAAA</a:base64Binary><a:base64Binary>UEYAAAUAAAD//v+TSwBLAEMAVABQAE0AMwBGADIAMAAuADAAMgBfAPR2v378W2iPxH72Ti0AMQAxAEAASwBLAEMAVABQAE0AMwBGADIAMABFAF8AMgAwAHNeqFIJTgdjS2IoAHp681ghaotXKQAvAEsASwBDAFQAUAAzAE0AMgAwAC4AMAAyAC4ALgAwADIAXwDRbldXxH72Ti0AMQBAAEsASwBDAFQAUABNADMARgAyADAALgAwADIAXwD0dr9+/Ftoj8R+9k4vAEsASwBHAEIAVAA4ADEAOQAuADEAIABNADIAWAA0AF8AQVNXW/1piWw0WbqHiZQgAE0AMgBYADQALQAyAEAASwBLAEMAVABQADMATQAyADAALgAwADIALgAuADAAMgBfANFuV1fEfvZOBAAAABAAAAABAAAAAwAAAAwDAAAaAAAAYQAAAA==</a:base64Binary><a:base64Binary>UEYAAAUAAAD//v+TSwBLAEMAVABQAE0AMwBGADIAMAAuADAAMgBfAPR2v378W2iPxH72Ti0AMQAxAEAASwBLAEMAVABQAE0AMwBGADIAMABFAF8AMgAwAHNeqFIJTgdjS2IoAHp681ghaotXKQAvAEsASwBDAFQAUAAzAE0AMgAwAC4AMAAyAC4ALgAwADIAXwDRbldXxH72Ti0AMQBAAEsASwBDAFQAUABNADMARgAyADAALgAwADIAXwD0dr9+/Ftoj8R+9k4vAEsASwBHAEIAVAA4ADEAOQAuADEAIABNADIAWAA0AF8AQVNXW/1piWw0WbqHiZQgAE0AMgBYADQALQA0AEAASwBLAEMAVABQADMATQAyADAALgAwADIALgAuADAAMgBfANFuV1fEfvZOBAAAABAAAAABAAAAAwAAAAwDAAAaAAAAaAAAAA==</a:base64Binary><a:base64Binary>UEYAAAUAAAD//v+RSwBLAEMAVABQAE0AMwBGADIAMAAuADAAMgBfAPR2v378W2iPxH72Ti0AMQAxAEAASwBLAEMAVABQAE0AMwBGADIAMABFAF8AMgAwAHNeqFIJTgdjS2IoAHp681ghaotXKQAvAEsASwBDAFQAUAAzAE0AMgAwAC4AMAAyAC4ALgAwADIAXwDRbldXxH72Ti0AMQBAAEsASwBDAFQAUABNADMARgAyADAALgAwADIAXwD0dr9+/Ftoj8R+9k4vAEsASwBDAFQAUABNADMARgAyADAALgAwADIALgAwADIALgAwADIAXwD8W2iP0W5XVyFjf2ctADMAQABLAEsAQwBUAFAAMwBNADIAMAAuADAAMgAuAC4AMAAyAF8A0W5XV8R+9k4EAAAAEAAAAAEAAAADAAAADAMAABoAAABDAAAA</a:base64Binary><a:base64Binary>UEYAAAUAAAD//v+TSwBLAEMAVABQAE0AMwBGADIAMAAuADAAMgBfAPR2v378W2iPxH72Ti0AMQAxAEAASwBLAEMAVABQAE0AMwBGADIAMABFAF8AMgAwAHNeqFIJTgdjS2IoAHp681ghaotXKQAvAEsASwBDAFQAUAAzAE0AMgAwAC4AMAAyAC4ALgAwADIAXwDRbldXxH72Ti0AMQBAAEsASwBDAFQAUABNADMARgAyADAALgAwADIAXwD0dr9+/Ftoj8R+9k4vAEsASwBHAEIAVAA4ADEAOQAuADEAIABNADIAWAA0AF8AQVNXW/1piWw0WbqHiZQgAE0AMgBYADQALQA2AEAASwBLAEMAVABQADMATQAyADAALgAwADIALgAuADAAMgBfANFuV1fEfvZOBAAAABAAAAABAAAAAwAAAAwDAAAaAAAAawAAAA==</a:base64Binary><a:base64Binary>UEYAAAUAAAD//v+TSwBLAEMAVABQAE0AMwBGADIAMAAuADAAMgBfAPR2v378W2iPxH72Ti0AMQAxAEAASwBLAEMAVABQAE0AMwBGADIAMABFAF8AMgAwAHNeqFIJTgdjS2IoAHp681ghaotXKQAvAEsASwBDAFQAUAAzAE0AMgAwAC4AMAAyAC4ALgAwADIAXwDRbldXxH72Ti0AMQBAAEsASwBDAFQAUABNADMARgAyADAALgAwADIAXwD0dr9+/Ftoj8R+9k4vAEsASwBHAEIAVAA4ADEAOQAuADEAIABNADIAWAA0AF8AQVNXW/1piWw0WbqHiZQgAE0AMgBYADQALQA3AEAASwBLAEMAVABQADMATQAyADAALgAwADIALgAuADAAMgBfANFuV1fEfvZOBAAAABAAAAABAAAAAwAAAAwDAAAaAAAAagAAAA==</a:base64Binary></SWComponentPIDs><SWMainComponentPID i:nil="true"/><Visual z:Ref="i217"/><isFixedFrame>false</isFixedFrame><isIncomplete>false</isIncomplete></Link></Children><Collision z:Ref="i29"/><Inertial z:Ref="i3"/><Joint z:Ref="i36"/><NameAttribute z:Ref="i2"/><Parent i:nil="true"/><STLQualityFine>false</STLQualityFine><SWComponentPIDs xmlns:a="http://schemas.microsoft.com/2003/10/Serialization/Arrays"><a:base64Binary>UEYAAAUAAAD//v8xSwBLAEMAVABQAE0AMwBGADIAMAAuADAAMQAuADEANQBfAN6PpWPVbHBRLQAxAEAASwBLAEMAVABQAE0AMwBGADIAMABFAF8AMgAwAHNeqFIJTgdjS2IoAHp681ghaotXKQAEAAAAEAAAAAEAAAABAAAAZAMAAA==</a:base64Binary><a:base64Binary>UEYAAAUAAAD//v86SwBLAEcAQgBUADcAMAAuADEAIABNADQAWAAxADYAXwCFUW1R0okGV/FnNFm6h4mUIABNADQAWAAxADYALQA5AEAASwBLAEMAVABQAE0AMwBGADIAMABFAF8AMgAwAHNeqFIJTgdjS2IoAHp681ghaotXKQAEAAAAEAAAAAEAAAABAAAAYQQAAA==</a:base64Binary><a:base64Binary>UEYAAAUAAAD//v86SwBLAEcAQgBUADcAMAAuADEAIABNADQAWAAxADYAXwCFUW1R0okGV/FnNFm6h4mUIABNADQAWAAxADYALQA4AEAASwBLAEMAVABQAE0AMwBGADIAMABFAF8AMgAwAHNeqFIJTgdjS2IoAHp681ghaotXKQAEAAAAEAAAAAEAAAABAAAAYAQAAA==</a:base64Binary><a:base64Binary>UEYAAAUAAAD//v86SwBLAEcAQgBUADcAMAAuADEAIABNADQAWAAxADYAXwCFUW1R0okGV/FnNFm6h4mUIABNADQAWAAxADYALQA3AEAASwBLAEMAVABQAE0AMwBGADIAMABFAF8AMgAwAHNeqFIJTgdjS2IoAHp681ghaotXKQAEAAAAEAAAAAEAAAABAAAAXwQAAA==</a:base64Binary><a:base64Binary>UEYAAAUAAAD//v86SwBLAEcAQgBUADcAMAAuADEAIABNADQAWAAxADYAXwCFUW1R0okGV/FnNFm6h4mUIABNADQAWAAxADYALQAxAEAASwBLAEMAVABQAE0AMwBGADIAMABFAF8AMgAwAHNeqFIJTgdjS2IoAHp681ghaotXKQAEAAAAEAAAAAEAAAABAAAAowMAAA==</a:base64Binary><a:base64Binary>UEYAAAUAAAD//v87SwBLAEcAQgBUADcAMAAuADEAIABNADQAWAAxADYAXwCFUW1R0okGV/FnNFm6h4mUIABNADQAWAAxADYALQAxADEAQABLAEsAQwBUAFAATQAzAEYAMgAwAEUAXwAyADAAc16oUglOB2NLYigAenrzWCFqi1cpAAQAAAAQAAAAAQAAAAEAAABjBAAA</a:base64Binary><a:base64Binary>UEYAAAUAAAD//v87SwBLAEcAQgBUADcAMAAuADEAIABNADQAWAAxADYAXwCFUW1R0okGV/FnNFm6h4mUIABNADQAWAAxADYALQAxADAAQABLAEsAQwBUAFAATQAzAEYAMgAwAEUAXwAyADAAc16oUglOB2NLYigAenrzWCFqi1cpAAQAAAAQAAAAAQAAAAEAAABiBAAA</a:base64Binary><a:base64Binary>UEYAAAUAAAD//v8vSwBLAEMAVABQAE0AMwBGADIAMAAuADAAMQAuADAAMwBfABZZ81gtADMAQABLAEsAQwBUAFAATQAzAEYAMgAwAEUAXwAyADAAc16oUglOB2NLYigAenrzWCFqi1cpAAQAAAAQAAAAAQAAAAEAAACYAwAA</a:base64Binary><a:base64Binary>UEYAAAUAAAD//v8vSwBLAEMAVABQAE0AMwBGADIAMAAuADAAMQAuADAANwBfANZ2f2ctADIAQABLAEsAQwBUAFAATQAzAEYAMgAwAEUAXwAyADAAc16oUglOB2NLYigAenrzWCFqi1cpAAQAAAAQAAAAAQAAAAEAAAAHAwAA</a:base64Binary><a:base64Binary>UEYAAAUAAAD//v9eSwBLAEMAVABQAE0AMwBGADIAMAAuADAAMgBfAPR2v378W2iPxH72Ti0AMQA1AEAASwBLAEMAVABQAE0AMwBGADIAMABFAF8AMgAwAHNeqFIJTgdjS2IoAHp681ghaotXKQAvAEsASwBDAFQAUABNADMARgAyADAALgAwADEALgAxADEAXwD8W2iPaI9TkC0AMgBAAEsASwBDAFQAUABNADMARgAyADAALgAwADIAXwD0dr9+/Ftoj8R+9k4EAAAAEAAAAAEAAAACAAAAKQMAABYAAAA=</a:base64Binary><a:base64Binary>UEYAAAUAAAD//v9eSwBLAEMAVABQAE0AMwBGADIAMAAuADAAMgBfAPR2v378W2iPxH72Ti0AMQA0AEAASwBLAEMAVABQAE0AMwBGADIAMABFAF8AMgAwAHNeqFIJTgdjS2IoAHp681ghaotXKQAvAEsASwBDAFQAUABNADMARgAyADAALgAwADEALgAxADEAXwD8W2iPaI9TkC0AMgBAAEsASwBDAFQAUABNADMARgAyADAALgAwADIAXwD0dr9+/Ftoj8R+9k4EAAAAEAAAAAEAAAACAAAAKAMAABYAAAA=</a:base64Binary><a:base64Binary>UEYAAAUAAAD//v8ySwBLAEMAVABQAE0AMwBGADIAMAAuADAAMQAuADAANQBfADV1OmeJW8WIf2ctADMAQABLAEsAQwBUAFAATQAzAEYAMgAwAEUAXwAyADAAc16oUglOB2NLYigAenrzWCFqi1cpAAQAAAAQAAAAAQAAAAEAAABEAwAA</a:base64Binary><a:base64Binary>UEYAAAUAAAD//v9eSwBLAEMAVABQAE0AMwBGADIAMAAuADAAMgBfAPR2v378W2iPxH72Ti0AMQAxAEAASwBLAEMAVABQAE0AMwBGADIAMABFAF8AMgAwAHNeqFIJTgdjS2IoAHp681ghaotXKQAvAEsASwBDAFQAUABNADMARgAyADAALgAwADEALgAxADEAXwD8W2iPaI9TkC0AMgBAAEsASwBDAFQAUABNADMARgAyADAALgAwADIAXwD0dr9+/Ftoj8R+9k4EAAAAEAAAAAEAAAACAAAADAMAABYAAAA=</a:base64Binary><a:base64Binary>UEYAAAUAAAD//v9lSwBLAEMAVABQAE0AMwBGADIAMAAuADAAMgBfAPR2v378W2iPxH72Ti0AMQA0AEAASwBLAEMAVABQAE0AMwBGADIAMABFAF8AMgAwAHNeqFIJTgdjS2IoAHp681ghaotXKQAvAEsASwBHAEIAVAA3ADAALgAxACAATQAzAFgAOABfAIVRbVHSiQZX8Wc0WbqHiZQgAE0AMwBYADgALQAzAEAASwBLAEMAVABQAE0AMwBGADIAMAAuADAAMgBfAPR2v378W2iPxH72TgQAAAAQAAAAAQAAAAIAAAAoAwAANgAAAA==</a:base64Binary><a:base64Binary>UEYAAAUAAAD//v9lSwBLAEMAVABQAE0AMwBGADIAMAAuADAAMgBfAPR2v378W2iPxH72Ti0AMQA0AEAASwBLAEMAVABQAE0AMwBGADIAMABFAF8AMgAwAHNeqFIJTgdjS2IoAHp681ghaotXKQAvAEsASwBHAEIAVAA3ADAALgAxACAATQAzAFgAOABfAIVRbVHSiQZX8Wc0WbqHiZQgAE0AMwBYADgALQAxAEAASwBLAEMAVABQAE0AMwBGADIAMAAuADAAMgBfAPR2v378W2iPxH72TgQAAAAQAAAAAQAAAAIAAAAoAwAAMAAAAA==</a:base64Binary><a:base64Binary>UEYAAAUAAAD//v9lSwBLAEMAVABQAE0AMwBGADIAMAAuADAAMgBfAPR2v378W2iPxH72Ti0AMQA0AEAASwBLAEMAVABQAE0AMwBGADIAMABFAF8AMgAwAHNeqFIJTgdjS2IoAHp681ghaotXKQAvAEsASwBHAEIAVAA3ADAALgAxACAATQAzAFgAOABfAIVRbVHSiQZX8Wc0WbqHiZQgAE0AMwBYADgALQAyAEAASwBLAEMAVABQAE0AMwBGADIAMAAuADAAMgBfAPR2v378W2iPxH72TgQAAAAQAAAAAQAAAAIAAAAoAwAANQAAAA==</a:base64Binary><a:base64Binary>UEYAAAUAAAD//v9lSwBLAEMAVABQAE0AMwBGADIAMAAuADAAMgBfAPR2v378W2iPxH72Ti0AMQA0AEAASwBLAEMAVABQAE0AMwBGADIAMABFAF8AMgAwAHNeqFIJTgdjS2IoAHp681ghaotXKQAvAEsASwBHAEIAVAA3ADAALgAxACAATQAzAFgAOABfAIVRbVHSiQZX8Wc0WbqHiZQgAE0AMwBYADgALQA0AEAASwBLAEMAVABQAE0AMwBGADIAMAAuADAAMgBfAPR2v378W2iPxH72TgQAAAAQAAAAAQAAAAIAAAAoAwAANwAAAA==</a:base64Binary><a:base64Binary>UEYAAAUAAAD//v9lSwBLAEMAVABQAE0AMwBGADIAMAAuADAAMgBfAPR2v378W2iPxH72Ti0AMQAxAEAASwBLAEMAVABQAE0AMwBGADIAMABFAF8AMgAwAHNeqFIJTgdjS2IoAHp681ghaotXKQAvAEsASwBHAEIAVAA3ADAALgAxACAATQAzAFgAOABfAIVRbVHSiQZX8Wc0WbqHiZQgAE0AMwBYADgALQA0AEAASwBLAEMAVABQAE0AMwBGADIAMAAuADAAMgBfAPR2v378W2iPxH72TgQAAAAQAAAAAQAAAAIAAAAMAwAANwAAAA==</a:base64Binary><a:base64Binary>UEYAAAUAAAD//v9lSwBLAEMAVABQAE0AMwBGADIAMAAuADAAMgBfAPR2v378W2iPxH72Ti0AMQAxAEAASwBLAEMAVABQAE0AMwBGADIAMABFAF8AMgAwAHNeqFIJTgdjS2IoAHp681ghaotXKQAvAEsASwBHAEIAVAA3ADAALgAxACAATQAzAFgAOABfAIVRbVHSiQZX8Wc0WbqHiZQgAE0AMwBYADgALQAzAEAASwBLAEMAVABQAE0AMwBGADIAMAAuADAAMgBfAPR2v378W2iPxH72TgQAAAAQAAAAAQAAAAIAAAAMAwAANgAAAA==</a:base64Binary><a:base64Binary>UEYAAAUAAAD//v9lSwBLAEMAVABQAE0AMwBGADIAMAAuADAAMgBfAPR2v378W2iPxH72Ti0AMQAxAEAASwBLAEMAVABQAE0AMwBGADIAMABFAF8AMgAwAHNeqFIJTgdjS2IoAHp681ghaotXKQAvAEsASwBHAEIAVAA3ADAALgAxACAATQAzAFgAOABfAIVRbVHSiQZX8Wc0WbqHiZQgAE0AMwBYADgALQAxAEAASwBLAEMAVABQAE0AMwBGADIAMAAuADAAMgBfAPR2v378W2iPxH72TgQAAAAQAAAAAQAAAAIAAAAMAwAAMAAAAA==</a:base64Binary><a:base64Binary>UEYAAAUAAAD//v9lSwBLAEMAVABQAE0AMwBGADIAMAAuADAAMgBfAPR2v378W2iPxH72Ti0AMQAxAEAASwBLAEMAVABQAE0AMwBGADIAMABFAF8AMgAwAHNeqFIJTgdjS2IoAHp681ghaotXKQAvAEsASwBHAEIAVAA3ADAALgAxACAATQAzAFgAOABfAIVRbVHSiQZX8Wc0WbqHiZQgAE0AMwBYADgALQAyAEAASwBLAEMAVABQAE0AMwBGADIAMAAuADAAMgBfAPR2v378W2iPxH72TgQAAAAQAAAAAQAAAAIAAAAMAwAANQAAAA==</a:base64Binary><a:base64Binary>UEYAAAUAAAD//v9lSwBLAEMAVABQAE0AMwBGADIAMAAuADAAMgBfAPR2v378W2iPxH72Ti0AMQA1AEAASwBLAEMAVABQAE0AMwBGADIAMABFAF8AMgAwAHNeqFIJTgdjS2IoAHp681ghaotXKQAvAEsASwBHAEIAVAA3ADAALgAxACAATQAzAFgAOABfAIVRbVHSiQZX8Wc0WbqHiZQgAE0AMwBYADgALQA0AEAASwBLAEMAVABQAE0AMwBGADIAMAAuADAAMgBfAPR2v378W2iPxH72TgQAAAAQAAAAAQAAAAIAAAApAwAANwAAAA==</a:base64Binary><a:base64Binary>UEYAAAUAAAD//v9lSwBLAEMAVABQAE0AMwBGADIAMAAuADAAMgBfAPR2v378W2iPxH72Ti0AMQA1AEAASwBLAEMAVABQAE0AMwBGADIAMABFAF8AMgAwAHNeqFIJTgdjS2IoAHp681ghaotXKQAvAEsASwBHAEIAVAA3ADAALgAxACAATQAzAFgAOABfAIVRbVHSiQZX8Wc0WbqHiZQgAE0AMwBYADgALQAyAEAASwBLAEMAVABQAE0AMwBGADIAMAAuADAAMgBfAPR2v378W2iPxH72TgQAAAAQAAAAAQAAAAIAAAApAwAANQAAAA==</a:base64Binary><a:base64Binary>UEYAAAUAAAD//v9lSwBLAEMAVABQAE0AMwBGADIAMAAuADAAMgBfAPR2v378W2iPxH72Ti0AMQA1AEAASwBLAEMAVABQAE0AMwBGADIAMABFAF8AMgAwAHNeqFIJTgdjS2IoAHp681ghaotXKQAvAEsASwBHAEIAVAA3ADAALgAxACAATQAzAFgAOABfAIVRbVHSiQZX8Wc0WbqHiZQgAE0AMwBYADgALQAzAEAASwBLAEMAVABQAE0AMwBGADIAMAAuADAAMgBfAPR2v378W2iPxH72TgQAAAAQAAAAAQAAAAIAAAApAwAANgAAAA==</a:base64Binary><a:base64Binary>UEYAAAUAAAD//v9lSwBLAEMAVABQAE0AMwBGADIAMAAuADAAMgBfAPR2v378W2iPxH72Ti0AMQA1AEAASwBLAEMAVABQAE0AMwBGADIAMABFAF8AMgAwAHNeqFIJTgdjS2IoAHp681ghaotXKQAvAEsASwBHAEIAVAA3ADAALgAxACAATQAzAFgAOABfAIVRbVHSiQZX8Wc0WbqHiZQgAE0AMwBYADgALQAxAEAASwBLAEMAVABQAE0AMwBGADIAMAAuADAAMgBfAPR2v378W2iPxH72TgQAAAAQAAAAAQAAAAIAAAApAwAAMAAAAA==</a:base64Binary></SWComponentPIDs><SWMainComponentPID i:nil="true"/><Visual z:Ref="i16"/><isFixedFrame>false</isFixedFrame><isIncomplete>false</isIncomplete></Link>
2026-03-16 16:11:40,734 INFO  AssemblyExportForm.cs: 309 - Saving URDF package to C:\Users\shawn\Desktop\kkctpm3f20e
2026-03-16 16:11:40,736 INFO  ExportHelper.cs: 147 - Beginning the export process
2026-03-16 16:11:40,737 INFO  ExportHelper.cs: 153 - Creating package directories with name kkctpm3f20e and save path C:\Users\shawn\Desktop
2026-03-16 16:11:42,142 INFO  ExportHelper.cs: 162 - Creating CMakeLists.txt at C:\Users\shawn\Desktop\kkctpm3f20e\CMakeLists.txt
2026-03-16 16:11:42,143 INFO  ExportHelper.cs: 166 - Creating joint names config at C:\Users\shawn\Desktop\kkctpm3f20e\config\joint_names_kkctpm3f20e.yaml
2026-03-16 16:11:42,145 INFO  ExportHelper.cs: 170 - Creating package.xml at C:\Users\shawn\Desktop\kkctpm3f20e\package.xml
2026-03-16 16:11:42,146 INFO  PackageXMLWriter.cs: 21 - Creating package.xml at C:\Users\shawn\Desktop\kkctpm3f20e\package.xml
2026-03-16 16:11:42,148 INFO  ExportHelper.cs: 177 - Creating RVIZ launch file in C:\Users\shawn\Desktop\kkctpm3f20e\launch\
2026-03-16 16:11:42,150 INFO  ExportHelper.cs: 182 - Creating Gazebo launch file in C:\Users\shawn\Desktop\kkctpm3f20e\launch\
2026-03-16 16:11:42,151 INFO  ExportHelper.cs: 187 - Saving existing STL preferences
2026-03-16 16:11:42,151 INFO  ExportHelper.cs: 450 - Saving users preferences
2026-03-16 16:11:42,152 INFO  ExportHelper.cs: 190 - Modifying STL preferences
2026-03-16 16:11:42,153 INFO  ExportHelper.cs: 464 - Setting STL preferences
2026-03-16 16:11:42,158 INFO  ExportHelper.cs: 196 - Found 0 hidden components 
2026-03-16 16:11:42,158 INFO  ExportHelper.cs: 197 - Hiding all components
2026-03-16 16:11:42,551 INFO  ExportHelper.cs: 204 - Beginning individual files export
2026-03-16 16:11:42,554 INFO  ExportHelper.cs: 270 - Exporting link: base_link
2026-03-16 16:11:42,555 INFO  ExportHelper.cs: 272 - Link base_link has 3 children
2026-03-16 16:11:42,556 INFO  ExportHelper.cs: 270 - Exporting link: Slide_1_Link
2026-03-16 16:11:42,556 INFO  ExportHelper.cs: 272 - Link Slide_1_Link has 0 children
2026-03-16 16:11:42,556 INFO  ExportHelper.cs: 317 - Slide_1_Link: Exporting STL with coordinate frame 坐标系1
2026-03-16 16:11:42,557 INFO  ExportHelper.cs: 322 - Slide_1_Link: Reference geometry name 
2026-03-16 16:11:43,131 INFO  ExportHelper.cs: 330 - Saving STL to C:\Users\shawn\Desktop\kkctpm3f20e\meshes\Slide_1_Link.STL
2026-03-16 16:11:43,754 INFO  ExportHelper.cs: 405 - Removing SW header in STL file
2026-03-16 16:11:43,756 INFO  ExportHelper.cs: 270 - Exporting link: Slide_2_Link
2026-03-16 16:11:43,756 INFO  ExportHelper.cs: 272 - Link Slide_2_Link has 0 children
2026-03-16 16:11:43,756 INFO  ExportHelper.cs: 317 - Slide_2_Link: Exporting STL with coordinate frame 坐标系2
2026-03-16 16:11:43,756 INFO  ExportHelper.cs: 322 - Slide_2_Link: Reference geometry name 
2026-03-16 16:11:44,530 INFO  ExportHelper.cs: 330 - Saving STL to C:\Users\shawn\Desktop\kkctpm3f20e\meshes\Slide_2_Link.STL
2026-03-16 16:11:44,911 INFO  ExportHelper.cs: 405 - Removing SW header in STL file
2026-03-16 16:11:44,915 INFO  ExportHelper.cs: 270 - Exporting link: Slide_3_Link
2026-03-16 16:11:44,915 INFO  ExportHelper.cs: 272 - Link Slide_3_Link has 0 children
2026-03-16 16:11:44,916 INFO  ExportHelper.cs: 317 - Slide_3_Link: Exporting STL with coordinate frame 坐标系3
2026-03-16 16:11:44,916 INFO  ExportHelper.cs: 322 - Slide_3_Link: Reference geometry name 
2026-03-16 16:11:45,642 INFO  ExportHelper.cs: 330 - Saving STL to C:\Users\shawn\Desktop\kkctpm3f20e\meshes\Slide_3_Link.STL
2026-03-16 16:11:46,020 INFO  ExportHelper.cs: 405 - Removing SW header in STL file
2026-03-16 16:11:46,020 INFO  ExportHelper.cs: 317 - base_link: Exporting STL with coordinate frame Origin_global
2026-03-16 16:11:46,020 INFO  ExportHelper.cs: 322 - base_link: Reference geometry name 
2026-03-16 16:11:46,419 INFO  ExportHelper.cs: 330 - Saving STL to C:\Users\shawn\Desktop\kkctpm3f20e\meshes\base_link.STL
2026-03-16 16:11:47,330 INFO  ExportHelper.cs: 405 - Removing SW header in STL file
2026-03-16 16:11:47,331 INFO  ExportHelper.cs: 145 - Showing all components except previously hidden components
2026-03-16 16:11:49,128 INFO  ExportHelper.cs: 145 - Resetting STL preferences
2026-03-16 16:11:49,128 INFO  ExportHelper.cs: 478 - Returning STL preferences to user preferences
2026-03-16 16:11:49,128 INFO  ExportHelper.cs: 228 - Writing URDF file to C:\Users\shawn\Desktop\kkctpm3f20e\urdf\kkctpm3f20e.urdf
2026-03-16 16:11:49,142 INFO  CSVImportExport.cs: 32 - Writing CSV file C:\Users\shawn\Desktop\kkctpm3f20e\urdf\kkctpm3f20e.csv
2026-03-16 16:11:49,157 ERROR CSVImportExport.cs: 130 - The following columns were not written to the CSV: Link.Joint.ChildLink.link,
2026-03-16 16:11:49,158 ERROR CSVImportExport.cs: 130 - The following columns were not written to the CSV: Link.Joint.ChildLink.link,
2026-03-16 16:11:49,158 ERROR CSVImportExport.cs: 130 - The following columns were not written to the CSV: Link.Joint.ChildLink.link,Link.Joint.Mimic.joint,Link.Joint.Mimic.multiplier,Link.Joint.Mimic.offset,
2026-03-16 16:11:49,158 ERROR CSVImportExport.cs: 130 - The following columns were not written to the CSV: Link.Joint.ChildLink.link,Link.Joint.Mimic.joint,Link.Joint.Mimic.multiplier,Link.Joint.Mimic.offset,
2026-03-16 16:11:49,159 INFO  ExportHelper.cs: 234 - Copying log file
2026-03-16 16:11:49,161 INFO  ExportHelper.cs: 439 - Copying C:\Users\shawn\sw2urdf_logs\sw2urdf.log to C:\Users\shawn\Desktop\kkctpm3f20e\export.log
