2023-11-09 11:12:27,477 INFO  Logger.cs: 70 - 
--------------------------------------------------------------------------------
2023-11-09 11:12:27,502 INFO  Logger.cs: 71 - Logging commencing for SW2URDF exporter
2023-11-09 11:12:27,504 INFO  Logger.cs: 73 - Commit version 1.6.0-4-g7f85cfe
2023-11-09 11:12:27,504 INFO  Logger.cs: 74 - Build version 1.6.7995.38578
2023-11-09 11:12:27,512 INFO  SwAddin.cs: 192 - Attempting to connect to SW
2023-11-09 11:12:27,513 INFO  SwAddin.cs: 197 - Setting up callbacks
2023-11-09 11:12:27,514 INFO  SwAddin.cs: 201 - Setting up command manager
2023-11-09 11:12:27,515 INFO  SwAddin.cs: 204 - Adding command manager
2023-11-09 11:12:27,518 INFO  SwAddin.cs: 263 - Adding Assembly export to file menu
2023-11-09 11:12:27,519 INFO  SwAddin.cs: 272 - Adding Part export to file menu
2023-11-09 11:12:27,519 INFO  SwAddin.cs: 210 - Adding event handlers
2023-11-09 11:12:27,534 INFO  SwAddin.cs: 217 - Connecting plugin to SolidWorks
2023-11-09 11:42:27,276 INFO  SwAddin.cs: 294 - Assembly export called for file CTAG2F90-C-00 两指平动手.SLDASM
2023-11-09 11:42:27,277 INFO  SwAddin.cs: 299 - Save is required
2023-11-09 11:42:27,278 INFO  SwAddin.cs: 313 - Saving assembly
2023-11-09 11:42:27,932 INFO  SwAddin.cs: 316 - Opening property manager
2023-11-09 11:42:27,945 INFO  ExportHelperExtension.cs: 1125 - Retrieving features of type [CoordSys] from CTAG2F90-C-00 两指平动手.SLDASM
2023-11-09 11:42:27,949 INFO  ExportHelperExtension.cs: 1136 - Found 250 in CTAG2F90-C-00 两指平动手.SLDASM
2023-11-09 11:42:27,951 INFO  ExportHelperExtension.cs: 1145 - Found 9 features of type [CoordSys] in CTAG2F90-C-00 两指平动手.SLDASM
2023-11-09 11:42:27,951 INFO  ExportHelperExtension.cs: 1148 - Proceeding through assembly components
2023-11-09 11:42:27,952 INFO  ExportHelperExtension.cs: 1160 - 98 components to check
2023-11-09 11:42:27,953 INFO  ExportHelperExtension.cs: 1125 - Retrieving features of type [CoordSys] from CTAG2F90-13 圆柱销23-13
2023-11-09 11:42:27,958 INFO  ExportHelperExtension.cs: 1136 - Found 31 in CTAG2F90-13 圆柱销23-13
2023-11-09 11:42:27,959 INFO  ExportHelperExtension.cs: 1145 - Found 0 features of type [CoordSys] in CTAG2F90-13 圆柱销23-13
2023-11-09 11:42:27,959 INFO  ExportHelperExtension.cs: 1125 - Retrieving features of type [CoordSys] from CTAG2F90-13 圆柱销23-9
2023-11-09 11:42:27,960 INFO  ExportHelperExtension.cs: 1136 - Found 31 in CTAG2F90-13 圆柱销23-9
2023-11-09 11:42:27,960 INFO  ExportHelperExtension.cs: 1145 - Found 0 features of type [CoordSys] in CTAG2F90-13 圆柱销23-9
2023-11-09 11:42:27,960 INFO  ExportHelperExtension.cs: 1125 - Retrieving features of type [CoordSys] from CTAG2F90-05 随动连杆-2
2023-11-09 11:42:27,960 INFO  ExportHelperExtension.cs: 1136 - Found 44 in CTAG2F90-05 随动连杆-2
2023-11-09 11:42:27,961 INFO  ExportHelperExtension.cs: 1145 - Found 0 features of type [CoordSys] in CTAG2F90-05 随动连杆-2
2023-11-09 11:42:27,961 INFO  ExportHelperExtension.cs: 1125 - Retrieving features of type [CoordSys] from CTAG2F90-06 指端连杆-2
2023-11-09 11:42:27,962 INFO  ExportHelperExtension.cs: 1136 - Found 51 in CTAG2F90-06 指端连杆-2
2023-11-09 11:42:27,962 INFO  ExportHelperExtension.cs: 1145 - Found 0 features of type [CoordSys] in CTAG2F90-06 指端连杆-2
2023-11-09 11:42:27,963 INFO  ExportHelperExtension.cs: 1125 - Retrieving features of type [CoordSys] from CTAG2F90-09 摆动连杆-2
2023-11-09 11:42:27,963 INFO  ExportHelperExtension.cs: 1136 - Found 43 in CTAG2F90-09 摆动连杆-2
2023-11-09 11:42:27,964 INFO  ExportHelperExtension.cs: 1145 - Found 0 features of type [CoordSys] in CTAG2F90-09 摆动连杆-2
2023-11-09 11:42:27,964 INFO  ExportHelperExtension.cs: 1125 - Retrieving features of type [CoordSys] from CTAG2F90-05 随动连杆-3
2023-11-09 11:42:27,965 INFO  ExportHelperExtension.cs: 1136 - Found 44 in CTAG2F90-05 随动连杆-3
2023-11-09 11:42:27,966 INFO  ExportHelperExtension.cs: 1145 - Found 0 features of type [CoordSys] in CTAG2F90-05 随动连杆-3
2023-11-09 11:42:27,967 INFO  ExportHelperExtension.cs: 1125 - Retrieving features of type [CoordSys] from CTAG2F90-09 摆动连杆-3
2023-11-09 11:42:27,967 INFO  ExportHelperExtension.cs: 1136 - Found 43 in CTAG2F90-09 摆动连杆-3
2023-11-09 11:42:27,968 INFO  ExportHelperExtension.cs: 1145 - Found 0 features of type [CoordSys] in CTAG2F90-09 摆动连杆-3
2023-11-09 11:42:27,968 INFO  ExportHelperExtension.cs: 1125 - Retrieving features of type [CoordSys] from CTAG2F90-09 摆动连杆-4
2023-11-09 11:42:27,969 INFO  ExportHelperExtension.cs: 1136 - Found 43 in CTAG2F90-09 摆动连杆-4
2023-11-09 11:42:27,972 INFO  ExportHelperExtension.cs: 1145 - Found 0 features of type [CoordSys] in CTAG2F90-09 摆动连杆-4
2023-11-09 11:42:27,972 INFO  ExportHelperExtension.cs: 1125 - Retrieving features of type [CoordSys] from CTAG2F90-C-04 机体外壳-1
2023-11-09 11:42:28,208 INFO  ExportHelperExtension.cs: 1136 - Found 33 in CTAG2F90-C-04 机体外壳-1
2023-11-09 11:42:28,208 INFO  ExportHelperExtension.cs: 1145 - Found 0 features of type [CoordSys] in CTAG2F90-C-04 机体外壳-1
2023-11-09 11:42:28,209 INFO  ExportHelperExtension.cs: 1125 - Retrieving features of type [CoordSys] from 内六角紧定螺钉[M3×3]-8
2023-11-09 11:42:28,209 INFO  ExportHelperExtension.cs: 1136 - Found 33 in 内六角紧定螺钉[M3×3]-8
2023-11-09 11:42:28,210 INFO  ExportHelperExtension.cs: 1145 - Found 0 features of type [CoordSys] in 内六角紧定螺钉[M3×3]-8
2023-11-09 11:42:28,210 INFO  ExportHelperExtension.cs: 1125 - Retrieving features of type [CoordSys] from 调整垫片[4×10×0.5]-204
2023-11-09 11:42:28,211 INFO  ExportHelperExtension.cs: 1136 - Found 27 in 调整垫片[4×10×0.5]-204
2023-11-09 11:42:28,211 INFO  ExportHelperExtension.cs: 1145 - Found 0 features of type [CoordSys] in 调整垫片[4×10×0.5]-204
2023-11-09 11:42:28,211 INFO  ExportHelperExtension.cs: 1125 - Retrieving features of type [CoordSys] from 铜套[4×8×4]-94
2023-11-09 11:42:28,212 INFO  ExportHelperExtension.cs: 1136 - Found 28 in 铜套[4×8×4]-94
2023-11-09 11:42:28,212 INFO  ExportHelperExtension.cs: 1145 - Found 0 features of type [CoordSys] in 铜套[4×8×4]-94
2023-11-09 11:42:28,212 INFO  ExportHelperExtension.cs: 1125 - Retrieving features of type [CoordSys] from 铜套[4×8×4]-95
2023-11-09 11:42:28,213 INFO  ExportHelperExtension.cs: 1136 - Found 28 in 铜套[4×8×4]-95
2023-11-09 11:42:28,213 INFO  ExportHelperExtension.cs: 1145 - Found 0 features of type [CoordSys] in 铜套[4×8×4]-95
2023-11-09 11:42:28,213 INFO  ExportHelperExtension.cs: 1125 - Retrieving features of type [CoordSys] from 铜套[4×8×4]-63
2023-11-09 11:42:28,214 INFO  ExportHelperExtension.cs: 1136 - Found 28 in 铜套[4×8×4]-63
2023-11-09 11:42:28,214 INFO  ExportHelperExtension.cs: 1145 - Found 0 features of type [CoordSys] in 铜套[4×8×4]-63
2023-11-09 11:42:28,214 INFO  ExportHelperExtension.cs: 1125 - Retrieving features of type [CoordSys] from CTAG2F90-05 随动连杆-4
2023-11-09 11:42:28,215 INFO  ExportHelperExtension.cs: 1136 - Found 44 in CTAG2F90-05 随动连杆-4
2023-11-09 11:42:28,215 INFO  ExportHelperExtension.cs: 1145 - Found 0 features of type [CoordSys] in CTAG2F90-05 随动连杆-4
2023-11-09 11:42:28,215 INFO  ExportHelperExtension.cs: 1125 - Retrieving features of type [CoordSys] from 内六角紧定螺钉[M3×3]-7
2023-11-09 11:42:28,216 INFO  ExportHelperExtension.cs: 1136 - Found 33 in 内六角紧定螺钉[M3×3]-7
2023-11-09 11:42:28,216 INFO  ExportHelperExtension.cs: 1145 - Found 0 features of type [CoordSys] in 内六角紧定螺钉[M3×3]-7
2023-11-09 11:42:28,216 INFO  ExportHelperExtension.cs: 1125 - Retrieving features of type [CoordSys] from 调整垫片[4×10×0.5]-205
2023-11-09 11:42:28,217 INFO  ExportHelperExtension.cs: 1136 - Found 27 in 调整垫片[4×10×0.5]-205
2023-11-09 11:42:28,217 INFO  ExportHelperExtension.cs: 1145 - Found 0 features of type [CoordSys] in 调整垫片[4×10×0.5]-205
2023-11-09 11:42:28,218 INFO  ExportHelperExtension.cs: 1125 - Retrieving features of type [CoordSys] from CTAG2F90-13 圆柱销23-14
2023-11-09 11:42:28,218 INFO  ExportHelperExtension.cs: 1136 - Found 31 in CTAG2F90-13 圆柱销23-14
2023-11-09 11:42:28,218 INFO  ExportHelperExtension.cs: 1145 - Found 0 features of type [CoordSys] in CTAG2F90-13 圆柱销23-14
2023-11-09 11:42:28,219 INFO  ExportHelperExtension.cs: 1125 - Retrieving features of type [CoordSys] from 调整垫片[4×10×0.5]-199
2023-11-09 11:42:28,219 INFO  ExportHelperExtension.cs: 1136 - Found 27 in 调整垫片[4×10×0.5]-199
2023-11-09 11:42:28,220 INFO  ExportHelperExtension.cs: 1145 - Found 0 features of type [CoordSys] in 调整垫片[4×10×0.5]-199
2023-11-09 11:42:28,220 INFO  ExportHelperExtension.cs: 1125 - Retrieving features of type [CoordSys] from 调整垫片[4×10×0.5]-200
2023-11-09 11:42:28,220 INFO  ExportHelperExtension.cs: 1136 - Found 27 in 调整垫片[4×10×0.5]-200
2023-11-09 11:42:28,221 INFO  ExportHelperExtension.cs: 1145 - Found 0 features of type [CoordSys] in 调整垫片[4×10×0.5]-200
2023-11-09 11:42:28,221 INFO  ExportHelperExtension.cs: 1125 - Retrieving features of type [CoordSys] from 铜套[4×8×4]-96
2023-11-09 11:42:28,221 INFO  ExportHelperExtension.cs: 1136 - Found 28 in 铜套[4×8×4]-96
2023-11-09 11:42:28,222 INFO  ExportHelperExtension.cs: 1145 - Found 0 features of type [CoordSys] in 铜套[4×8×4]-96
2023-11-09 11:42:28,222 INFO  ExportHelperExtension.cs: 1125 - Retrieving features of type [CoordSys] from 调整垫片[4×10×0.5]-203
2023-11-09 11:42:28,222 INFO  ExportHelperExtension.cs: 1136 - Found 27 in 调整垫片[4×10×0.5]-203
2023-11-09 11:42:28,223 INFO  ExportHelperExtension.cs: 1145 - Found 0 features of type [CoordSys] in 调整垫片[4×10×0.5]-203
2023-11-09 11:42:28,223 INFO  ExportHelperExtension.cs: 1125 - Retrieving features of type [CoordSys] from 调整垫片[4×10×0.5]-198
2023-11-09 11:42:28,223 INFO  ExportHelperExtension.cs: 1136 - Found 27 in 调整垫片[4×10×0.5]-198
2023-11-09 11:42:28,224 INFO  ExportHelperExtension.cs: 1145 - Found 0 features of type [CoordSys] in 调整垫片[4×10×0.5]-198
2023-11-09 11:42:28,224 INFO  ExportHelperExtension.cs: 1125 - Retrieving features of type [CoordSys] from 调整垫片[4×10×0.5]-195
2023-11-09 11:42:28,224 INFO  ExportHelperExtension.cs: 1136 - Found 27 in 调整垫片[4×10×0.5]-195
2023-11-09 11:42:28,224 INFO  ExportHelperExtension.cs: 1145 - Found 0 features of type [CoordSys] in 调整垫片[4×10×0.5]-195
2023-11-09 11:42:28,225 INFO  ExportHelperExtension.cs: 1125 - Retrieving features of type [CoordSys] from 调整垫片[4×10×0.5]-202
2023-11-09 11:42:28,225 INFO  ExportHelperExtension.cs: 1136 - Found 27 in 调整垫片[4×10×0.5]-202
2023-11-09 11:42:28,225 INFO  ExportHelperExtension.cs: 1145 - Found 0 features of type [CoordSys] in 调整垫片[4×10×0.5]-202
2023-11-09 11:42:28,226 INFO  ExportHelperExtension.cs: 1125 - Retrieving features of type [CoordSys] from 调整垫片[4×10×0.5]-197
2023-11-09 11:42:28,226 INFO  ExportHelperExtension.cs: 1136 - Found 27 in 调整垫片[4×10×0.5]-197
2023-11-09 11:42:28,226 INFO  ExportHelperExtension.cs: 1145 - Found 0 features of type [CoordSys] in 调整垫片[4×10×0.5]-197
2023-11-09 11:42:28,227 INFO  ExportHelperExtension.cs: 1125 - Retrieving features of type [CoordSys] from 铜套[4×8×4]-82
2023-11-09 11:42:28,227 INFO  ExportHelperExtension.cs: 1136 - Found 28 in 铜套[4×8×4]-82
2023-11-09 11:42:28,227 INFO  ExportHelperExtension.cs: 1145 - Found 0 features of type [CoordSys] in 铜套[4×8×4]-82
2023-11-09 11:42:28,228 INFO  ExportHelperExtension.cs: 1125 - Retrieving features of type [CoordSys] from 铜套[4×8×4]-87
2023-11-09 11:42:28,228 INFO  ExportHelperExtension.cs: 1136 - Found 28 in 铜套[4×8×4]-87
2023-11-09 11:42:28,228 INFO  ExportHelperExtension.cs: 1145 - Found 0 features of type [CoordSys] in 铜套[4×8×4]-87
2023-11-09 11:42:28,229 INFO  ExportHelperExtension.cs: 1125 - Retrieving features of type [CoordSys] from 铜套[4×8×4]-84
2023-11-09 11:42:28,229 INFO  ExportHelperExtension.cs: 1136 - Found 28 in 铜套[4×8×4]-84
2023-11-09 11:42:28,229 INFO  ExportHelperExtension.cs: 1145 - Found 0 features of type [CoordSys] in 铜套[4×8×4]-84
2023-11-09 11:42:28,230 INFO  ExportHelperExtension.cs: 1125 - Retrieving features of type [CoordSys] from 铜套[4×8×4]-86
2023-11-09 11:42:28,230 INFO  ExportHelperExtension.cs: 1136 - Found 28 in 铜套[4×8×4]-86
2023-11-09 11:42:28,230 INFO  ExportHelperExtension.cs: 1145 - Found 0 features of type [CoordSys] in 铜套[4×8×4]-86
2023-11-09 11:42:28,231 INFO  ExportHelperExtension.cs: 1125 - Retrieving features of type [CoordSys] from 铜套[4×8×4]-83
2023-11-09 11:42:28,231 INFO  ExportHelperExtension.cs: 1136 - Found 28 in 铜套[4×8×4]-83
2023-11-09 11:42:28,231 INFO  ExportHelperExtension.cs: 1145 - Found 0 features of type [CoordSys] in 铜套[4×8×4]-83
2023-11-09 11:42:28,232 INFO  ExportHelperExtension.cs: 1125 - Retrieving features of type [CoordSys] from 开口挡圈[M3]-30
2023-11-09 11:42:28,232 INFO  ExportHelperExtension.cs: 1136 - Found 27 in 开口挡圈[M3]-30
2023-11-09 11:42:28,233 INFO  ExportHelperExtension.cs: 1145 - Found 0 features of type [CoordSys] in 开口挡圈[M3]-30
2023-11-09 11:42:28,233 INFO  ExportHelperExtension.cs: 1125 - Retrieving features of type [CoordSys] from CTAG2F90-05 随动连杆-1
2023-11-09 11:42:28,233 INFO  ExportHelperExtension.cs: 1136 - Found 44 in CTAG2F90-05 随动连杆-1
2023-11-09 11:42:28,234 INFO  ExportHelperExtension.cs: 1145 - Found 0 features of type [CoordSys] in CTAG2F90-05 随动连杆-1
2023-11-09 11:42:28,234 INFO  ExportHelperExtension.cs: 1125 - Retrieving features of type [CoordSys] from CTAG2F90-C-12 航插连接板-1
2023-11-09 11:42:28,234 INFO  ExportHelperExtension.cs: 1136 - Found 48 in CTAG2F90-C-12 航插连接板-1
2023-11-09 11:42:28,235 INFO  ExportHelperExtension.cs: 1145 - Found 0 features of type [CoordSys] in CTAG2F90-C-12 航插连接板-1
2023-11-09 11:42:28,235 INFO  ExportHelperExtension.cs: 1125 - Retrieving features of type [CoordSys] from 钢套[4×6×8]-2
2023-11-09 11:42:28,247 INFO  ExportHelperExtension.cs: 1136 - Found 28 in 钢套[4×6×8]-2
2023-11-09 11:42:28,247 INFO  ExportHelperExtension.cs: 1145 - Found 0 features of type [CoordSys] in 钢套[4×6×8]-2
2023-11-09 11:42:28,247 INFO  ExportHelperExtension.cs: 1125 - Retrieving features of type [CoordSys] from CTAG2F90-09 摆动连杆-1
2023-11-09 11:42:28,248 INFO  ExportHelperExtension.cs: 1136 - Found 43 in CTAG2F90-09 摆动连杆-1
2023-11-09 11:42:28,248 INFO  ExportHelperExtension.cs: 1145 - Found 0 features of type [CoordSys] in CTAG2F90-09 摆动连杆-1
2023-11-09 11:42:28,249 INFO  ExportHelperExtension.cs: 1125 - Retrieving features of type [CoordSys] from 开口挡圈[M3]-32
2023-11-09 11:42:28,249 INFO  ExportHelperExtension.cs: 1136 - Found 27 in 开口挡圈[M3]-32
2023-11-09 11:42:28,249 INFO  ExportHelperExtension.cs: 1145 - Found 0 features of type [CoordSys] in 开口挡圈[M3]-32
2023-11-09 11:42:28,250 INFO  ExportHelperExtension.cs: 1125 - Retrieving features of type [CoordSys] from CTAG2F90-15 指端-1
2023-11-09 11:42:28,250 INFO  ExportHelperExtension.cs: 1136 - Found 40 in CTAG2F90-15 指端-1
2023-11-09 11:42:28,251 INFO  ExportHelperExtension.cs: 1145 - Found 0 features of type [CoordSys] in CTAG2F90-15 指端-1
2023-11-09 11:42:28,251 INFO  ExportHelperExtension.cs: 1125 - Retrieving features of type [CoordSys] from 调整垫片[4×10×0.5]-161
2023-11-09 11:42:28,251 INFO  ExportHelperExtension.cs: 1136 - Found 27 in 调整垫片[4×10×0.5]-161
2023-11-09 11:42:28,252 INFO  ExportHelperExtension.cs: 1145 - Found 0 features of type [CoordSys] in 调整垫片[4×10×0.5]-161
2023-11-09 11:42:28,252 INFO  ExportHelperExtension.cs: 1125 - Retrieving features of type [CoordSys] from 钢套[4×6×8]-1
2023-11-09 11:42:28,252 INFO  ExportHelperExtension.cs: 1136 - Found 28 in 钢套[4×6×8]-1
2023-11-09 11:42:28,253 INFO  ExportHelperExtension.cs: 1145 - Found 0 features of type [CoordSys] in 钢套[4×6×8]-1
2023-11-09 11:42:28,253 INFO  ExportHelperExtension.cs: 1125 - Retrieving features of type [CoordSys] from CTAG2F90-13 圆柱销23-10
2023-11-09 11:42:28,253 INFO  ExportHelperExtension.cs: 1136 - Found 31 in CTAG2F90-13 圆柱销23-10
2023-11-09 11:42:28,254 INFO  ExportHelperExtension.cs: 1145 - Found 0 features of type [CoordSys] in CTAG2F90-13 圆柱销23-10
2023-11-09 11:42:28,254 INFO  ExportHelperExtension.cs: 1125 - Retrieving features of type [CoordSys] from CTAG2F90-06 指端连杆-1
2023-11-09 11:42:28,255 INFO  ExportHelperExtension.cs: 1136 - Found 51 in CTAG2F90-06 指端连杆-1
2023-11-09 11:42:28,255 INFO  ExportHelperExtension.cs: 1145 - Found 0 features of type [CoordSys] in CTAG2F90-06 指端连杆-1
2023-11-09 11:42:28,255 INFO  ExportHelperExtension.cs: 1125 - Retrieving features of type [CoordSys] from 铜套[4×8×4]-59
2023-11-09 11:42:28,256 INFO  ExportHelperExtension.cs: 1136 - Found 28 in 铜套[4×8×4]-59
2023-11-09 11:42:28,256 INFO  ExportHelperExtension.cs: 1145 - Found 0 features of type [CoordSys] in 铜套[4×8×4]-59
2023-11-09 11:42:28,256 INFO  ExportHelperExtension.cs: 1125 - Retrieving features of type [CoordSys] from 圆柱销[M4×35]-1
2023-11-09 11:42:28,257 INFO  ExportHelperExtension.cs: 1136 - Found 28 in 圆柱销[M4×35]-1
2023-11-09 11:42:28,257 INFO  ExportHelperExtension.cs: 1145 - Found 0 features of type [CoordSys] in 圆柱销[M4×35]-1
2023-11-09 11:42:28,257 INFO  ExportHelperExtension.cs: 1125 - Retrieving features of type [CoordSys] from 调整垫片[4×10×0.5]-151
2023-11-09 11:42:28,258 INFO  ExportHelperExtension.cs: 1136 - Found 27 in 调整垫片[4×10×0.5]-151
2023-11-09 11:42:28,258 INFO  ExportHelperExtension.cs: 1145 - Found 0 features of type [CoordSys] in 调整垫片[4×10×0.5]-151
2023-11-09 11:42:28,258 INFO  ExportHelperExtension.cs: 1125 - Retrieving features of type [CoordSys] from 内六角紧定螺钉[M3×3]-2
2023-11-09 11:42:28,259 INFO  ExportHelperExtension.cs: 1136 - Found 33 in 内六角紧定螺钉[M3×3]-2
2023-11-09 11:42:28,259 INFO  ExportHelperExtension.cs: 1145 - Found 0 features of type [CoordSys] in 内六角紧定螺钉[M3×3]-2
2023-11-09 11:42:28,259 INFO  ExportHelperExtension.cs: 1125 - Retrieving features of type [CoordSys] from 调整垫片[4×10×0.5]-194
2023-11-09 11:42:28,259 INFO  ExportHelperExtension.cs: 1136 - Found 27 in 调整垫片[4×10×0.5]-194
2023-11-09 11:42:28,259 INFO  ExportHelperExtension.cs: 1145 - Found 0 features of type [CoordSys] in 调整垫片[4×10×0.5]-194
2023-11-09 11:42:28,260 INFO  ExportHelperExtension.cs: 1125 - Retrieving features of type [CoordSys] from 铜套[4×8×4]-93
2023-11-09 11:42:28,260 INFO  ExportHelperExtension.cs: 1136 - Found 28 in 铜套[4×8×4]-93
2023-11-09 11:42:28,260 INFO  ExportHelperExtension.cs: 1145 - Found 0 features of type [CoordSys] in 铜套[4×8×4]-93
2023-11-09 11:42:28,261 INFO  ExportHelperExtension.cs: 1125 - Retrieving features of type [CoordSys] from 圆柱销[M4×35]-2
2023-11-09 11:42:28,261 INFO  ExportHelperExtension.cs: 1136 - Found 28 in 圆柱销[M4×35]-2
2023-11-09 11:42:28,261 INFO  ExportHelperExtension.cs: 1145 - Found 0 features of type [CoordSys] in 圆柱销[M4×35]-2
2023-11-09 11:42:28,262 INFO  ExportHelperExtension.cs: 1125 - Retrieving features of type [CoordSys] from 铜套[4×8×4]-85
2023-11-09 11:42:28,262 INFO  ExportHelperExtension.cs: 1136 - Found 28 in 铜套[4×8×4]-85
2023-11-09 11:42:28,262 INFO  ExportHelperExtension.cs: 1145 - Found 0 features of type [CoordSys] in 铜套[4×8×4]-85
2023-11-09 11:42:28,263 INFO  ExportHelperExtension.cs: 1125 - Retrieving features of type [CoordSys] from 内六角紧定螺钉[M3×3]-4
2023-11-09 11:42:28,263 INFO  ExportHelperExtension.cs: 1136 - Found 33 in 内六角紧定螺钉[M3×3]-4
2023-11-09 11:42:28,263 INFO  ExportHelperExtension.cs: 1145 - Found 0 features of type [CoordSys] in 内六角紧定螺钉[M3×3]-4
2023-11-09 11:42:28,264 INFO  ExportHelperExtension.cs: 1125 - Retrieving features of type [CoordSys] from 无油复合轴承[4×6×8]-1
2023-11-09 11:42:28,264 INFO  ExportHelperExtension.cs: 1136 - Found 30 in 无油复合轴承[4×6×8]-1
2023-11-09 11:42:28,265 INFO  ExportHelperExtension.cs: 1145 - Found 0 features of type [CoordSys] in 无油复合轴承[4×6×8]-1
2023-11-09 11:42:28,265 INFO  ExportHelperExtension.cs: 1125 - Retrieving features of type [CoordSys] from 无油复合轴承[4×6×8]-2
2023-11-09 11:42:28,265 INFO  ExportHelperExtension.cs: 1136 - Found 30 in 无油复合轴承[4×6×8]-2
2023-11-09 11:42:28,266 INFO  ExportHelperExtension.cs: 1145 - Found 0 features of type [CoordSys] in 无油复合轴承[4×6×8]-2
2023-11-09 11:42:28,266 INFO  ExportHelperExtension.cs: 1125 - Retrieving features of type [CoordSys] from 调整垫片[4×10×0.5]-144
2023-11-09 11:42:28,266 INFO  ExportHelperExtension.cs: 1136 - Found 27 in 调整垫片[4×10×0.5]-144
2023-11-09 11:42:28,267 INFO  ExportHelperExtension.cs: 1145 - Found 0 features of type [CoordSys] in 调整垫片[4×10×0.5]-144
2023-11-09 11:42:28,267 INFO  ExportHelperExtension.cs: 1125 - Retrieving features of type [CoordSys] from 铜套[4×8×4]-81
2023-11-09 11:42:28,267 INFO  ExportHelperExtension.cs: 1136 - Found 28 in 铜套[4×8×4]-81
2023-11-09 11:42:28,268 INFO  ExportHelperExtension.cs: 1145 - Found 0 features of type [CoordSys] in 铜套[4×8×4]-81
2023-11-09 11:42:28,268 INFO  ExportHelperExtension.cs: 1125 - Retrieving features of type [CoordSys] from 开口挡圈[M3]-34
2023-11-09 11:42:28,268 INFO  ExportHelperExtension.cs: 1136 - Found 27 in 开口挡圈[M3]-34
2023-11-09 11:42:28,269 INFO  ExportHelperExtension.cs: 1145 - Found 0 features of type [CoordSys] in 开口挡圈[M3]-34
2023-11-09 11:42:28,269 INFO  ExportHelperExtension.cs: 1125 - Retrieving features of type [CoordSys] from 铜套[4×8×4]-88
2023-11-09 11:42:28,269 INFO  ExportHelperExtension.cs: 1136 - Found 28 in 铜套[4×8×4]-88
2023-11-09 11:42:28,270 INFO  ExportHelperExtension.cs: 1145 - Found 0 features of type [CoordSys] in 铜套[4×8×4]-88
2023-11-09 11:42:28,270 INFO  ExportHelperExtension.cs: 1125 - Retrieving features of type [CoordSys] from 圆柱销[M4×35]-7
2023-11-09 11:42:28,270 INFO  ExportHelperExtension.cs: 1136 - Found 28 in 圆柱销[M4×35]-7
2023-11-09 11:42:28,270 INFO  ExportHelperExtension.cs: 1145 - Found 0 features of type [CoordSys] in 圆柱销[M4×35]-7
2023-11-09 11:42:28,271 INFO  ExportHelperExtension.cs: 1125 - Retrieving features of type [CoordSys] from 铜套[4×8×4]-79
2023-11-09 11:42:28,271 INFO  ExportHelperExtension.cs: 1136 - Found 28 in 铜套[4×8×4]-79
2023-11-09 11:42:28,271 INFO  ExportHelperExtension.cs: 1145 - Found 0 features of type [CoordSys] in 铜套[4×8×4]-79
2023-11-09 11:42:28,272 INFO  ExportHelperExtension.cs: 1125 - Retrieving features of type [CoordSys] from 钢套[4×6×8]-5
2023-11-09 11:42:28,272 INFO  ExportHelperExtension.cs: 1136 - Found 28 in 钢套[4×6×8]-5
2023-11-09 11:42:28,272 INFO  ExportHelperExtension.cs: 1145 - Found 0 features of type [CoordSys] in 钢套[4×6×8]-5
2023-11-09 11:42:28,273 INFO  ExportHelperExtension.cs: 1125 - Retrieving features of type [CoordSys] from 无油复合轴承[4×6×8]-6
2023-11-09 11:42:28,273 INFO  ExportHelperExtension.cs: 1136 - Found 30 in 无油复合轴承[4×6×8]-6
2023-11-09 11:42:28,276 INFO  ExportHelperExtension.cs: 1145 - Found 0 features of type [CoordSys] in 无油复合轴承[4×6×8]-6
2023-11-09 11:42:28,276 INFO  ExportHelperExtension.cs: 1125 - Retrieving features of type [CoordSys] from 无油复合轴承[4×6×8]-7
2023-11-09 11:42:28,276 INFO  ExportHelperExtension.cs: 1136 - Found 30 in 无油复合轴承[4×6×8]-7
2023-11-09 11:42:28,277 INFO  ExportHelperExtension.cs: 1145 - Found 0 features of type [CoordSys] in 无油复合轴承[4×6×8]-7
2023-11-09 11:42:28,277 INFO  ExportHelperExtension.cs: 1125 - Retrieving features of type [CoordSys] from 开口挡圈[M3]-38
2023-11-09 11:42:28,278 INFO  ExportHelperExtension.cs: 1136 - Found 27 in 开口挡圈[M3]-38
2023-11-09 11:42:28,278 INFO  ExportHelperExtension.cs: 1145 - Found 0 features of type [CoordSys] in 开口挡圈[M3]-38
2023-11-09 11:42:28,279 INFO  ExportHelperExtension.cs: 1125 - Retrieving features of type [CoordSys] from 无油复合轴承[4×6×8]-4
2023-11-09 11:42:28,279 INFO  ExportHelperExtension.cs: 1136 - Found 30 in 无油复合轴承[4×6×8]-4
2023-11-09 11:42:28,279 INFO  ExportHelperExtension.cs: 1145 - Found 0 features of type [CoordSys] in 无油复合轴承[4×6×8]-4
2023-11-09 11:42:28,279 INFO  ExportHelperExtension.cs: 1125 - Retrieving features of type [CoordSys] from 无油复合轴承[4×6×8]-5
2023-11-09 11:42:28,281 INFO  ExportHelperExtension.cs: 1136 - Found 30 in 无油复合轴承[4×6×8]-5
2023-11-09 11:42:28,281 INFO  ExportHelperExtension.cs: 1145 - Found 0 features of type [CoordSys] in 无油复合轴承[4×6×8]-5
2023-11-09 11:42:28,282 INFO  ExportHelperExtension.cs: 1125 - Retrieving features of type [CoordSys] from 开口挡圈[M3]-35
2023-11-09 11:42:28,282 INFO  ExportHelperExtension.cs: 1136 - Found 27 in 开口挡圈[M3]-35
2023-11-09 11:42:28,282 INFO  ExportHelperExtension.cs: 1145 - Found 0 features of type [CoordSys] in 开口挡圈[M3]-35
2023-11-09 11:42:28,283 INFO  ExportHelperExtension.cs: 1125 - Retrieving features of type [CoordSys] from 开口挡圈[M3]-40
2023-11-09 11:42:28,283 INFO  ExportHelperExtension.cs: 1136 - Found 27 in 开口挡圈[M3]-40
2023-11-09 11:42:28,283 INFO  ExportHelperExtension.cs: 1145 - Found 0 features of type [CoordSys] in 开口挡圈[M3]-40
2023-11-09 11:42:28,284 INFO  ExportHelperExtension.cs: 1125 - Retrieving features of type [CoordSys] from CTAG2F90-15 指端-2
2023-11-09 11:42:28,284 INFO  ExportHelperExtension.cs: 1136 - Found 40 in CTAG2F90-15 指端-2
2023-11-09 11:42:28,285 INFO  ExportHelperExtension.cs: 1145 - Found 0 features of type [CoordSys] in CTAG2F90-15 指端-2
2023-11-09 11:42:28,285 INFO  ExportHelperExtension.cs: 1125 - Retrieving features of type [CoordSys] from 调整垫片[4×10×0.5]-207
2023-11-09 11:42:28,285 INFO  ExportHelperExtension.cs: 1136 - Found 27 in 调整垫片[4×10×0.5]-207
2023-11-09 11:42:28,285 INFO  ExportHelperExtension.cs: 1145 - Found 0 features of type [CoordSys] in 调整垫片[4×10×0.5]-207
2023-11-09 11:42:28,285 INFO  ExportHelperExtension.cs: 1125 - Retrieving features of type [CoordSys] from 调整垫片[4×10×0.5]-208
2023-11-09 11:42:28,285 INFO  ExportHelperExtension.cs: 1136 - Found 27 in 调整垫片[4×10×0.5]-208
2023-11-09 11:42:28,286 INFO  ExportHelperExtension.cs: 1145 - Found 0 features of type [CoordSys] in 调整垫片[4×10×0.5]-208
2023-11-09 11:42:28,286 INFO  ExportHelperExtension.cs: 1125 - Retrieving features of type [CoordSys] from 调整垫片[4×10×0.5]-209
2023-11-09 11:42:28,286 INFO  ExportHelperExtension.cs: 1136 - Found 27 in 调整垫片[4×10×0.5]-209
2023-11-09 11:42:28,287 INFO  ExportHelperExtension.cs: 1145 - Found 0 features of type [CoordSys] in 调整垫片[4×10×0.5]-209
2023-11-09 11:42:28,287 INFO  ExportHelperExtension.cs: 1125 - Retrieving features of type [CoordSys] from 钢套[4×6×8]-4
2023-11-09 11:42:28,287 INFO  ExportHelperExtension.cs: 1136 - Found 28 in 钢套[4×6×8]-4
2023-11-09 11:42:28,287 INFO  ExportHelperExtension.cs: 1145 - Found 0 features of type [CoordSys] in 钢套[4×6×8]-4
2023-11-09 11:42:28,289 INFO  ExportHelperExtension.cs: 1125 - Retrieving features of type [CoordSys] from 圆柱销[M4×35]-6
2023-11-09 11:42:28,289 INFO  ExportHelperExtension.cs: 1136 - Found 28 in 圆柱销[M4×35]-6
2023-11-09 11:42:28,290 INFO  ExportHelperExtension.cs: 1145 - Found 0 features of type [CoordSys] in 圆柱销[M4×35]-6
2023-11-09 11:42:28,290 INFO  ExportHelperExtension.cs: 1125 - Retrieving features of type [CoordSys] from 无油复合轴承[4×6×8]-8
2023-11-09 11:42:28,290 INFO  ExportHelperExtension.cs: 1136 - Found 30 in 无油复合轴承[4×6×8]-8
2023-11-09 11:42:28,291 INFO  ExportHelperExtension.cs: 1145 - Found 0 features of type [CoordSys] in 无油复合轴承[4×6×8]-8
2023-11-09 11:42:28,291 INFO  ExportHelperExtension.cs: 1125 - Retrieving features of type [CoordSys] from 无油复合轴承[4×6×8]-9
2023-11-09 11:42:28,291 INFO  ExportHelperExtension.cs: 1136 - Found 30 in 无油复合轴承[4×6×8]-9
2023-11-09 11:42:28,292 INFO  ExportHelperExtension.cs: 1145 - Found 0 features of type [CoordSys] in 无油复合轴承[4×6×8]-9
2023-11-09 11:42:28,292 INFO  ExportHelperExtension.cs: 1125 - Retrieving features of type [CoordSys] from 铜套[4×8×4]-80
2023-11-09 11:42:28,292 INFO  ExportHelperExtension.cs: 1136 - Found 28 in 铜套[4×8×4]-80
2023-11-09 11:42:28,293 INFO  ExportHelperExtension.cs: 1145 - Found 0 features of type [CoordSys] in 铜套[4×8×4]-80
2023-11-09 11:42:28,293 INFO  ExportHelperExtension.cs: 1125 - Retrieving features of type [CoordSys] from 开口挡圈[M3]-37
2023-11-09 11:42:28,293 INFO  ExportHelperExtension.cs: 1136 - Found 27 in 开口挡圈[M3]-37
2023-11-09 11:42:28,294 INFO  ExportHelperExtension.cs: 1145 - Found 0 features of type [CoordSys] in 开口挡圈[M3]-37
2023-11-09 11:42:28,294 INFO  ExportHelperExtension.cs: 1125 - Retrieving features of type [CoordSys] from 内六角圆柱头螺钉[M3×30]-1
2023-11-09 11:42:28,294 INFO  ExportHelperExtension.cs: 1136 - Found 35 in 内六角圆柱头螺钉[M3×30]-1
2023-11-09 11:42:28,295 INFO  ExportHelperExtension.cs: 1145 - Found 0 features of type [CoordSys] in 内六角圆柱头螺钉[M3×30]-1
2023-11-09 11:42:28,295 INFO  ExportHelperExtension.cs: 1125 - Retrieving features of type [CoordSys] from 十字槽沉头螺钉[M3×10]-6
2023-11-09 11:42:28,296 INFO  ExportHelperExtension.cs: 1136 - Found 81 in 十字槽沉头螺钉[M3×10]-6
2023-11-09 11:42:28,296 INFO  ExportHelperExtension.cs: 1145 - Found 0 features of type [CoordSys] in 十字槽沉头螺钉[M3×10]-6
2023-11-09 11:42:28,297 INFO  ExportHelperExtension.cs: 1125 - Retrieving features of type [CoordSys] from 调整垫片[4×6×0.5]-209
2023-11-09 11:42:28,297 INFO  ExportHelperExtension.cs: 1136 - Found 27 in 调整垫片[4×6×0.5]-209
2023-11-09 11:42:28,297 INFO  ExportHelperExtension.cs: 1145 - Found 0 features of type [CoordSys] in 调整垫片[4×6×0.5]-209
2023-11-09 11:42:28,297 INFO  ExportHelperExtension.cs: 1125 - Retrieving features of type [CoordSys] from 内六角圆柱头螺钉[M2×6]-4
2023-11-09 11:42:28,298 INFO  ExportHelperExtension.cs: 1136 - Found 35 in 内六角圆柱头螺钉[M2×6]-4
2023-11-09 11:42:28,298 INFO  ExportHelperExtension.cs: 1145 - Found 0 features of type [CoordSys] in 内六角圆柱头螺钉[M2×6]-4
2023-11-09 11:42:28,299 INFO  ExportHelperExtension.cs: 1125 - Retrieving features of type [CoordSys] from 内六角圆柱头螺钉[M3×30]-2
2023-11-09 11:42:28,299 INFO  ExportHelperExtension.cs: 1136 - Found 35 in 内六角圆柱头螺钉[M3×30]-2
2023-11-09 11:42:28,299 INFO  ExportHelperExtension.cs: 1145 - Found 0 features of type [CoordSys] in 内六角圆柱头螺钉[M3×30]-2
2023-11-09 11:42:28,300 INFO  ExportHelperExtension.cs: 1125 - Retrieving features of type [CoordSys] from 调整垫片[4×10×0.5]-210
2023-11-09 11:42:28,300 INFO  ExportHelperExtension.cs: 1136 - Found 27 in 调整垫片[4×10×0.5]-210
2023-11-09 11:42:28,301 INFO  ExportHelperExtension.cs: 1145 - Found 0 features of type [CoordSys] in 调整垫片[4×10×0.5]-210
2023-11-09 11:42:28,301 INFO  ExportHelperExtension.cs: 1125 - Retrieving features of type [CoordSys] from 内六角圆柱头螺钉[M2×6]-6
2023-11-09 11:42:28,301 INFO  ExportHelperExtension.cs: 1136 - Found 35 in 内六角圆柱头螺钉[M2×6]-6
2023-11-09 11:42:28,302 INFO  ExportHelperExtension.cs: 1145 - Found 0 features of type [CoordSys] in 内六角圆柱头螺钉[M2×6]-6
2023-11-09 11:42:28,302 INFO  ExportHelperExtension.cs: 1125 - Retrieving features of type [CoordSys] from 十字槽沉头螺钉[M3×10]-7
2023-11-09 11:42:28,302 INFO  ExportHelperExtension.cs: 1136 - Found 81 in 十字槽沉头螺钉[M3×10]-7
2023-11-09 11:42:28,302 INFO  ExportHelperExtension.cs: 1145 - Found 0 features of type [CoordSys] in 十字槽沉头螺钉[M3×10]-7
2023-11-09 11:42:28,304 INFO  ExportHelperExtension.cs: 1125 - Retrieving features of type [CoordSys] from CTPM3F20.01.15_连接法兰-1
2023-11-09 11:42:28,304 INFO  ExportHelperExtension.cs: 1136 - Found 99 in CTPM3F20.01.15_连接法兰-1
2023-11-09 11:42:28,305 INFO  ExportHelperExtension.cs: 1145 - Found 0 features of type [CoordSys] in CTPM3F20.01.15_连接法兰-1
2023-11-09 11:42:28,305 INFO  ExportHelperExtension.cs: 1125 - Retrieving features of type [CoordSys] from 内六角圆柱头螺钉[M2×6]-2
2023-11-09 11:42:28,305 INFO  ExportHelperExtension.cs: 1136 - Found 35 in 内六角圆柱头螺钉[M2×6]-2
2023-11-09 11:42:28,306 INFO  ExportHelperExtension.cs: 1145 - Found 0 features of type [CoordSys] in 内六角圆柱头螺钉[M2×6]-2
2023-11-09 11:42:28,306 INFO  ExportHelperExtension.cs: 1125 - Retrieving features of type [CoordSys] from 金属电缆防水接头[M10×1.5适用电缆3-6.5]-1
2023-11-09 11:42:28,307 INFO  ExportHelperExtension.cs: 1136 - Found 44 in 金属电缆防水接头[M10×1.5适用电缆3-6.5]-1
2023-11-09 11:42:28,307 INFO  ExportHelperExtension.cs: 1145 - Found 0 features of type [CoordSys] in 金属电缆防水接头[M10×1.5适用电缆3-6.5]-1
2023-11-09 11:42:28,307 INFO  ExportHelperExtension.cs: 1125 - Retrieving features of type [CoordSys] from 内六角圆柱头螺钉[M2×6]-1
2023-11-09 11:42:28,308 INFO  ExportHelperExtension.cs: 1136 - Found 35 in 内六角圆柱头螺钉[M2×6]-1
2023-11-09 11:42:28,308 INFO  ExportHelperExtension.cs: 1145 - Found 0 features of type [CoordSys] in 内六角圆柱头螺钉[M2×6]-1
2023-11-09 11:42:28,308 INFO  ExportHelperExtension.cs: 1125 - Retrieving features of type [CoordSys] from 调整垫片[4×10×0.5]-215
2023-11-09 11:42:28,309 INFO  ExportHelperExtension.cs: 1136 - Found 27 in 调整垫片[4×10×0.5]-215
2023-11-09 11:42:28,309 INFO  ExportHelperExtension.cs: 1145 - Found 0 features of type [CoordSys] in 调整垫片[4×10×0.5]-215
2023-11-09 11:42:28,309 INFO  ExportHelperExtension.cs: 1125 - Retrieving features of type [CoordSys] from 十字槽沉头螺钉[M3×10]-10
2023-11-09 11:42:28,310 INFO  ExportHelperExtension.cs: 1136 - Found 81 in 十字槽沉头螺钉[M3×10]-10
2023-11-09 11:42:28,310 INFO  ExportHelperExtension.cs: 1145 - Found 0 features of type [CoordSys] in 十字槽沉头螺钉[M3×10]-10
2023-11-09 11:42:28,311 INFO  ExportHelperExtension.cs: 1125 - Retrieving features of type [CoordSys] from 调整垫片[4×10×0.5]-212
2023-11-09 11:42:28,311 INFO  ExportHelperExtension.cs: 1136 - Found 27 in 调整垫片[4×10×0.5]-212
2023-11-09 11:42:28,311 INFO  ExportHelperExtension.cs: 1145 - Found 0 features of type [CoordSys] in 调整垫片[4×10×0.5]-212
2023-11-09 11:42:28,312 INFO  ExportHelperExtension.cs: 1125 - Retrieving features of type [CoordSys] from 调整垫片[4×6×0.5]-213
2023-11-09 11:42:28,312 INFO  ExportHelperExtension.cs: 1136 - Found 27 in 调整垫片[4×6×0.5]-213
2023-11-09 11:42:28,313 INFO  ExportHelperExtension.cs: 1145 - Found 0 features of type [CoordSys] in 调整垫片[4×6×0.5]-213
2023-11-09 11:42:28,313 INFO  ExportHelperExtension.cs: 1125 - Retrieving features of type [CoordSys] from 调整垫片[4×10×0.5]-216
2023-11-09 11:42:28,313 INFO  ExportHelperExtension.cs: 1136 - Found 27 in 调整垫片[4×10×0.5]-216
2023-11-09 11:42:28,314 INFO  ExportHelperExtension.cs: 1145 - Found 0 features of type [CoordSys] in 调整垫片[4×10×0.5]-216
2023-11-09 11:42:28,314 INFO  ExportHelperExtension.cs: 1125 - Retrieving features of type [CoordSys] from 调整垫片[4×6×0.5]-214
2023-11-09 11:42:28,314 INFO  ExportHelperExtension.cs: 1136 - Found 27 in 调整垫片[4×6×0.5]-214
2023-11-09 11:42:28,315 INFO  ExportHelperExtension.cs: 1145 - Found 0 features of type [CoordSys] in 调整垫片[4×6×0.5]-214
2023-11-09 11:42:28,315 INFO  ExportHelperExtension.cs: 1125 - Retrieving features of type [CoordSys] from 开口挡圈[M3]-42
2023-11-09 11:42:28,315 INFO  ExportHelperExtension.cs: 1136 - Found 27 in 开口挡圈[M3]-42
2023-11-09 11:42:28,316 INFO  ExportHelperExtension.cs: 1145 - Found 0 features of type [CoordSys] in 开口挡圈[M3]-42
2023-11-09 11:42:28,316 INFO  ExportHelperExtension.cs: 1125 - Retrieving features of type [CoordSys] from 调整垫片[4×6×0.5]-211
2023-11-09 11:42:28,317 INFO  ExportHelperExtension.cs: 1136 - Found 27 in 调整垫片[4×6×0.5]-211
2023-11-09 11:42:28,317 INFO  ExportHelperExtension.cs: 1145 - Found 0 features of type [CoordSys] in 调整垫片[4×6×0.5]-211
2023-11-09 11:42:28,317 INFO  ExportHelperExtension.cs: 1125 - Retrieving features of type [CoordSys] from 十字槽沉头螺钉[M3×10]-9
2023-11-09 11:42:28,318 INFO  ExportHelperExtension.cs: 1136 - Found 81 in 十字槽沉头螺钉[M3×10]-9
2023-11-09 11:42:28,318 INFO  ExportHelperExtension.cs: 1145 - Found 0 features of type [CoordSys] in 十字槽沉头螺钉[M3×10]-9
2023-11-09 11:42:28,319 INFO  ExportHelperExtension.cs: 1125 - Retrieving features of type [RefAxis] from CTAG2F90-C-00 两指平动手.SLDASM
2023-11-09 11:42:28,319 INFO  ExportHelperExtension.cs: 1136 - Found 250 in CTAG2F90-C-00 两指平动手.SLDASM
2023-11-09 11:42:28,320 INFO  ExportHelperExtension.cs: 1145 - Found 8 features of type [RefAxis] in CTAG2F90-C-00 两指平动手.SLDASM
2023-11-09 11:42:28,320 INFO  ExportHelperExtension.cs: 1148 - Proceeding through assembly components
2023-11-09 11:42:28,321 INFO  ExportHelperExtension.cs: 1160 - 98 components to check
2023-11-09 11:42:28,321 INFO  ExportHelperExtension.cs: 1125 - Retrieving features of type [RefAxis] from CTAG2F90-13 圆柱销23-13
2023-11-09 11:42:28,322 INFO  ExportHelperExtension.cs: 1136 - Found 31 in CTAG2F90-13 圆柱销23-13
2023-11-09 11:42:28,322 INFO  ExportHelperExtension.cs: 1145 - Found 0 features of type [RefAxis] in CTAG2F90-13 圆柱销23-13
2023-11-09 11:42:28,322 INFO  ExportHelperExtension.cs: 1125 - Retrieving features of type [RefAxis] from CTAG2F90-13 圆柱销23-9
2023-11-09 11:42:28,323 INFO  ExportHelperExtension.cs: 1136 - Found 31 in CTAG2F90-13 圆柱销23-9
2023-11-09 11:42:28,323 INFO  ExportHelperExtension.cs: 1145 - Found 0 features of type [RefAxis] in CTAG2F90-13 圆柱销23-9
2023-11-09 11:42:28,323 INFO  ExportHelperExtension.cs: 1125 - Retrieving features of type [RefAxis] from CTAG2F90-05 随动连杆-2
2023-11-09 11:42:28,323 INFO  ExportHelperExtension.cs: 1136 - Found 44 in CTAG2F90-05 随动连杆-2
2023-11-09 11:42:28,324 INFO  ExportHelperExtension.cs: 1145 - Found 0 features of type [RefAxis] in CTAG2F90-05 随动连杆-2
2023-11-09 11:42:28,324 INFO  ExportHelperExtension.cs: 1125 - Retrieving features of type [RefAxis] from CTAG2F90-06 指端连杆-2
2023-11-09 11:42:28,325 INFO  ExportHelperExtension.cs: 1136 - Found 51 in CTAG2F90-06 指端连杆-2
2023-11-09 11:42:28,325 INFO  ExportHelperExtension.cs: 1145 - Found 0 features of type [RefAxis] in CTAG2F90-06 指端连杆-2
2023-11-09 11:42:28,326 INFO  ExportHelperExtension.cs: 1125 - Retrieving features of type [RefAxis] from CTAG2F90-09 摆动连杆-2
2023-11-09 11:42:28,326 INFO  ExportHelperExtension.cs: 1136 - Found 43 in CTAG2F90-09 摆动连杆-2
2023-11-09 11:42:28,327 INFO  ExportHelperExtension.cs: 1145 - Found 0 features of type [RefAxis] in CTAG2F90-09 摆动连杆-2
2023-11-09 11:42:28,328 INFO  ExportHelperExtension.cs: 1125 - Retrieving features of type [RefAxis] from CTAG2F90-05 随动连杆-3
2023-11-09 11:42:28,328 INFO  ExportHelperExtension.cs: 1136 - Found 44 in CTAG2F90-05 随动连杆-3
2023-11-09 11:42:28,328 INFO  ExportHelperExtension.cs: 1145 - Found 0 features of type [RefAxis] in CTAG2F90-05 随动连杆-3
2023-11-09 11:42:28,329 INFO  ExportHelperExtension.cs: 1125 - Retrieving features of type [RefAxis] from CTAG2F90-09 摆动连杆-3
2023-11-09 11:42:28,329 INFO  ExportHelperExtension.cs: 1136 - Found 43 in CTAG2F90-09 摆动连杆-3
2023-11-09 11:42:28,330 INFO  ExportHelperExtension.cs: 1145 - Found 0 features of type [RefAxis] in CTAG2F90-09 摆动连杆-3
2023-11-09 11:42:28,330 INFO  ExportHelperExtension.cs: 1125 - Retrieving features of type [RefAxis] from CTAG2F90-09 摆动连杆-4
2023-11-09 11:42:28,330 INFO  ExportHelperExtension.cs: 1136 - Found 43 in CTAG2F90-09 摆动连杆-4
2023-11-09 11:42:28,331 INFO  ExportHelperExtension.cs: 1145 - Found 0 features of type [RefAxis] in CTAG2F90-09 摆动连杆-4
2023-11-09 11:42:28,331 INFO  ExportHelperExtension.cs: 1125 - Retrieving features of type [RefAxis] from CTAG2F90-C-04 机体外壳-1
2023-11-09 11:42:28,332 INFO  ExportHelperExtension.cs: 1136 - Found 33 in CTAG2F90-C-04 机体外壳-1
2023-11-09 11:42:28,332 INFO  ExportHelperExtension.cs: 1145 - Found 0 features of type [RefAxis] in CTAG2F90-C-04 机体外壳-1
2023-11-09 11:42:28,332 INFO  ExportHelperExtension.cs: 1125 - Retrieving features of type [RefAxis] from 内六角紧定螺钉[M3×3]-8
2023-11-09 11:42:28,333 INFO  ExportHelperExtension.cs: 1136 - Found 33 in 内六角紧定螺钉[M3×3]-8
2023-11-09 11:42:28,333 INFO  ExportHelperExtension.cs: 1145 - Found 0 features of type [RefAxis] in 内六角紧定螺钉[M3×3]-8
2023-11-09 11:42:28,334 INFO  ExportHelperExtension.cs: 1125 - Retrieving features of type [RefAxis] from 调整垫片[4×10×0.5]-204
2023-11-09 11:42:28,334 INFO  ExportHelperExtension.cs: 1136 - Found 27 in 调整垫片[4×10×0.5]-204
2023-11-09 11:42:28,334 INFO  ExportHelperExtension.cs: 1145 - Found 0 features of type [RefAxis] in 调整垫片[4×10×0.5]-204
2023-11-09 11:42:28,335 INFO  ExportHelperExtension.cs: 1125 - Retrieving features of type [RefAxis] from 铜套[4×8×4]-94
2023-11-09 11:42:28,335 INFO  ExportHelperExtension.cs: 1136 - Found 28 in 铜套[4×8×4]-94
2023-11-09 11:42:28,336 INFO  ExportHelperExtension.cs: 1145 - Found 0 features of type [RefAxis] in 铜套[4×8×4]-94
2023-11-09 11:42:28,336 INFO  ExportHelperExtension.cs: 1125 - Retrieving features of type [RefAxis] from 铜套[4×8×4]-95
2023-11-09 11:42:28,336 INFO  ExportHelperExtension.cs: 1136 - Found 28 in 铜套[4×8×4]-95
2023-11-09 11:42:28,336 INFO  ExportHelperExtension.cs: 1145 - Found 0 features of type [RefAxis] in 铜套[4×8×4]-95
2023-11-09 11:42:28,336 INFO  ExportHelperExtension.cs: 1125 - Retrieving features of type [RefAxis] from 铜套[4×8×4]-63
2023-11-09 11:42:28,337 INFO  ExportHelperExtension.cs: 1136 - Found 28 in 铜套[4×8×4]-63
2023-11-09 11:42:28,337 INFO  ExportHelperExtension.cs: 1145 - Found 0 features of type [RefAxis] in 铜套[4×8×4]-63
2023-11-09 11:42:28,341 INFO  ExportHelperExtension.cs: 1125 - Retrieving features of type [RefAxis] from CTAG2F90-05 随动连杆-4
2023-11-09 11:42:28,357 INFO  ExportHelperExtension.cs: 1136 - Found 44 in CTAG2F90-05 随动连杆-4
2023-11-09 11:42:28,357 INFO  ExportHelperExtension.cs: 1145 - Found 0 features of type [RefAxis] in CTAG2F90-05 随动连杆-4
2023-11-09 11:42:28,358 INFO  ExportHelperExtension.cs: 1125 - Retrieving features of type [RefAxis] from 内六角紧定螺钉[M3×3]-7
2023-11-09 11:42:28,358 INFO  ExportHelperExtension.cs: 1136 - Found 33 in 内六角紧定螺钉[M3×3]-7
2023-11-09 11:42:28,359 INFO  ExportHelperExtension.cs: 1145 - Found 0 features of type [RefAxis] in 内六角紧定螺钉[M3×3]-7
2023-11-09 11:42:28,359 INFO  ExportHelperExtension.cs: 1125 - Retrieving features of type [RefAxis] from 调整垫片[4×10×0.5]-205
2023-11-09 11:42:28,359 INFO  ExportHelperExtension.cs: 1136 - Found 27 in 调整垫片[4×10×0.5]-205
2023-11-09 11:42:28,360 INFO  ExportHelperExtension.cs: 1145 - Found 0 features of type [RefAxis] in 调整垫片[4×10×0.5]-205
2023-11-09 11:42:28,360 INFO  ExportHelperExtension.cs: 1125 - Retrieving features of type [RefAxis] from CTAG2F90-13 圆柱销23-14
2023-11-09 11:42:28,360 INFO  ExportHelperExtension.cs: 1136 - Found 31 in CTAG2F90-13 圆柱销23-14
2023-11-09 11:42:28,361 INFO  ExportHelperExtension.cs: 1145 - Found 0 features of type [RefAxis] in CTAG2F90-13 圆柱销23-14
2023-11-09 11:42:28,361 INFO  ExportHelperExtension.cs: 1125 - Retrieving features of type [RefAxis] from 调整垫片[4×10×0.5]-199
2023-11-09 11:42:28,361 INFO  ExportHelperExtension.cs: 1136 - Found 27 in 调整垫片[4×10×0.5]-199
2023-11-09 11:42:28,362 INFO  ExportHelperExtension.cs: 1145 - Found 0 features of type [RefAxis] in 调整垫片[4×10×0.5]-199
2023-11-09 11:42:28,362 INFO  ExportHelperExtension.cs: 1125 - Retrieving features of type [RefAxis] from 调整垫片[4×10×0.5]-200
2023-11-09 11:42:28,362 INFO  ExportHelperExtension.cs: 1136 - Found 27 in 调整垫片[4×10×0.5]-200
2023-11-09 11:42:28,363 INFO  ExportHelperExtension.cs: 1145 - Found 0 features of type [RefAxis] in 调整垫片[4×10×0.5]-200
2023-11-09 11:42:28,363 INFO  ExportHelperExtension.cs: 1125 - Retrieving features of type [RefAxis] from 铜套[4×8×4]-96
2023-11-09 11:42:28,363 INFO  ExportHelperExtension.cs: 1136 - Found 28 in 铜套[4×8×4]-96
2023-11-09 11:42:28,364 INFO  ExportHelperExtension.cs: 1145 - Found 0 features of type [RefAxis] in 铜套[4×8×4]-96
2023-11-09 11:42:28,364 INFO  ExportHelperExtension.cs: 1125 - Retrieving features of type [RefAxis] from 调整垫片[4×10×0.5]-203
2023-11-09 11:42:28,364 INFO  ExportHelperExtension.cs: 1136 - Found 27 in 调整垫片[4×10×0.5]-203
2023-11-09 11:42:28,365 INFO  ExportHelperExtension.cs: 1145 - Found 0 features of type [RefAxis] in 调整垫片[4×10×0.5]-203
2023-11-09 11:42:28,365 INFO  ExportHelperExtension.cs: 1125 - Retrieving features of type [RefAxis] from 调整垫片[4×10×0.5]-198
2023-11-09 11:42:28,365 INFO  ExportHelperExtension.cs: 1136 - Found 27 in 调整垫片[4×10×0.5]-198
2023-11-09 11:42:28,366 INFO  ExportHelperExtension.cs: 1145 - Found 0 features of type [RefAxis] in 调整垫片[4×10×0.5]-198
2023-11-09 11:42:28,366 INFO  ExportHelperExtension.cs: 1125 - Retrieving features of type [RefAxis] from 调整垫片[4×10×0.5]-195
2023-11-09 11:42:28,366 INFO  ExportHelperExtension.cs: 1136 - Found 27 in 调整垫片[4×10×0.5]-195
2023-11-09 11:42:28,367 INFO  ExportHelperExtension.cs: 1145 - Found 0 features of type [RefAxis] in 调整垫片[4×10×0.5]-195
2023-11-09 11:42:28,367 INFO  ExportHelperExtension.cs: 1125 - Retrieving features of type [RefAxis] from 调整垫片[4×10×0.5]-202
2023-11-09 11:42:28,368 INFO  ExportHelperExtension.cs: 1136 - Found 27 in 调整垫片[4×10×0.5]-202
2023-11-09 11:42:28,368 INFO  ExportHelperExtension.cs: 1145 - Found 0 features of type [RefAxis] in 调整垫片[4×10×0.5]-202
2023-11-09 11:42:28,368 INFO  ExportHelperExtension.cs: 1125 - Retrieving features of type [RefAxis] from 调整垫片[4×10×0.5]-197
2023-11-09 11:42:28,368 INFO  ExportHelperExtension.cs: 1136 - Found 27 in 调整垫片[4×10×0.5]-197
2023-11-09 11:42:28,369 INFO  ExportHelperExtension.cs: 1145 - Found 0 features of type [RefAxis] in 调整垫片[4×10×0.5]-197
2023-11-09 11:42:28,369 INFO  ExportHelperExtension.cs: 1125 - Retrieving features of type [RefAxis] from 铜套[4×8×4]-82
2023-11-09 11:42:28,369 INFO  ExportHelperExtension.cs: 1136 - Found 28 in 铜套[4×8×4]-82
2023-11-09 11:42:28,370 INFO  ExportHelperExtension.cs: 1145 - Found 0 features of type [RefAxis] in 铜套[4×8×4]-82
2023-11-09 11:42:28,370 INFO  ExportHelperExtension.cs: 1125 - Retrieving features of type [RefAxis] from 铜套[4×8×4]-87
2023-11-09 11:42:28,370 INFO  ExportHelperExtension.cs: 1136 - Found 28 in 铜套[4×8×4]-87
2023-11-09 11:42:28,371 INFO  ExportHelperExtension.cs: 1145 - Found 0 features of type [RefAxis] in 铜套[4×8×4]-87
2023-11-09 11:42:28,371 INFO  ExportHelperExtension.cs: 1125 - Retrieving features of type [RefAxis] from 铜套[4×8×4]-84
2023-11-09 11:42:28,371 INFO  ExportHelperExtension.cs: 1136 - Found 28 in 铜套[4×8×4]-84
2023-11-09 11:42:28,372 INFO  ExportHelperExtension.cs: 1145 - Found 0 features of type [RefAxis] in 铜套[4×8×4]-84
2023-11-09 11:42:28,372 INFO  ExportHelperExtension.cs: 1125 - Retrieving features of type [RefAxis] from 铜套[4×8×4]-86
2023-11-09 11:42:28,373 INFO  ExportHelperExtension.cs: 1136 - Found 28 in 铜套[4×8×4]-86
2023-11-09 11:42:28,373 INFO  ExportHelperExtension.cs: 1145 - Found 0 features of type [RefAxis] in 铜套[4×8×4]-86
2023-11-09 11:42:28,373 INFO  ExportHelperExtension.cs: 1125 - Retrieving features of type [RefAxis] from 铜套[4×8×4]-83
2023-11-09 11:42:28,374 INFO  ExportHelperExtension.cs: 1136 - Found 28 in 铜套[4×8×4]-83
2023-11-09 11:42:28,374 INFO  ExportHelperExtension.cs: 1145 - Found 0 features of type [RefAxis] in 铜套[4×8×4]-83
2023-11-09 11:42:28,374 INFO  ExportHelperExtension.cs: 1125 - Retrieving features of type [RefAxis] from 开口挡圈[M3]-30
2023-11-09 11:42:28,375 INFO  ExportHelperExtension.cs: 1136 - Found 27 in 开口挡圈[M3]-30
2023-11-09 11:42:28,375 INFO  ExportHelperExtension.cs: 1145 - Found 0 features of type [RefAxis] in 开口挡圈[M3]-30
2023-11-09 11:42:28,375 INFO  ExportHelperExtension.cs: 1125 - Retrieving features of type [RefAxis] from CTAG2F90-05 随动连杆-1
2023-11-09 11:42:28,376 INFO  ExportHelperExtension.cs: 1136 - Found 44 in CTAG2F90-05 随动连杆-1
2023-11-09 11:42:28,376 INFO  ExportHelperExtension.cs: 1145 - Found 0 features of type [RefAxis] in CTAG2F90-05 随动连杆-1
2023-11-09 11:42:28,377 INFO  ExportHelperExtension.cs: 1125 - Retrieving features of type [RefAxis] from CTAG2F90-C-12 航插连接板-1
2023-11-09 11:42:28,377 INFO  ExportHelperExtension.cs: 1136 - Found 48 in CTAG2F90-C-12 航插连接板-1
2023-11-09 11:42:28,378 INFO  ExportHelperExtension.cs: 1145 - Found 0 features of type [RefAxis] in CTAG2F90-C-12 航插连接板-1
2023-11-09 11:42:28,378 INFO  ExportHelperExtension.cs: 1125 - Retrieving features of type [RefAxis] from 钢套[4×6×8]-2
2023-11-09 11:42:28,378 INFO  ExportHelperExtension.cs: 1136 - Found 28 in 钢套[4×6×8]-2
2023-11-09 11:42:28,379 INFO  ExportHelperExtension.cs: 1145 - Found 0 features of type [RefAxis] in 钢套[4×6×8]-2
2023-11-09 11:42:28,379 INFO  ExportHelperExtension.cs: 1125 - Retrieving features of type [RefAxis] from CTAG2F90-09 摆动连杆-1
2023-11-09 11:42:28,379 INFO  ExportHelperExtension.cs: 1136 - Found 43 in CTAG2F90-09 摆动连杆-1
2023-11-09 11:42:28,380 INFO  ExportHelperExtension.cs: 1145 - Found 0 features of type [RefAxis] in CTAG2F90-09 摆动连杆-1
2023-11-09 11:42:28,380 INFO  ExportHelperExtension.cs: 1125 - Retrieving features of type [RefAxis] from 开口挡圈[M3]-32
2023-11-09 11:42:28,381 INFO  ExportHelperExtension.cs: 1136 - Found 27 in 开口挡圈[M3]-32
2023-11-09 11:42:28,382 INFO  ExportHelperExtension.cs: 1145 - Found 0 features of type [RefAxis] in 开口挡圈[M3]-32
2023-11-09 11:42:28,382 INFO  ExportHelperExtension.cs: 1125 - Retrieving features of type [RefAxis] from CTAG2F90-15 指端-1
2023-11-09 11:42:28,382 INFO  ExportHelperExtension.cs: 1136 - Found 40 in CTAG2F90-15 指端-1
2023-11-09 11:42:28,383 INFO  ExportHelperExtension.cs: 1145 - Found 0 features of type [RefAxis] in CTAG2F90-15 指端-1
2023-11-09 11:42:28,383 INFO  ExportHelperExtension.cs: 1125 - Retrieving features of type [RefAxis] from 调整垫片[4×10×0.5]-161
2023-11-09 11:42:28,384 INFO  ExportHelperExtension.cs: 1136 - Found 27 in 调整垫片[4×10×0.5]-161
2023-11-09 11:42:28,384 INFO  ExportHelperExtension.cs: 1145 - Found 0 features of type [RefAxis] in 调整垫片[4×10×0.5]-161
2023-11-09 11:42:28,384 INFO  ExportHelperExtension.cs: 1125 - Retrieving features of type [RefAxis] from 钢套[4×6×8]-1
2023-11-09 11:42:28,385 INFO  ExportHelperExtension.cs: 1136 - Found 28 in 钢套[4×6×8]-1
2023-11-09 11:42:28,385 INFO  ExportHelperExtension.cs: 1145 - Found 0 features of type [RefAxis] in 钢套[4×6×8]-1
2023-11-09 11:42:28,385 INFO  ExportHelperExtension.cs: 1125 - Retrieving features of type [RefAxis] from CTAG2F90-13 圆柱销23-10
2023-11-09 11:42:28,385 INFO  ExportHelperExtension.cs: 1136 - Found 31 in CTAG2F90-13 圆柱销23-10
2023-11-09 11:42:28,385 INFO  ExportHelperExtension.cs: 1145 - Found 0 features of type [RefAxis] in CTAG2F90-13 圆柱销23-10
2023-11-09 11:42:28,385 INFO  ExportHelperExtension.cs: 1125 - Retrieving features of type [RefAxis] from CTAG2F90-06 指端连杆-1
2023-11-09 11:42:28,386 INFO  ExportHelperExtension.cs: 1136 - Found 51 in CTAG2F90-06 指端连杆-1
2023-11-09 11:42:28,386 INFO  ExportHelperExtension.cs: 1145 - Found 0 features of type [RefAxis] in CTAG2F90-06 指端连杆-1
2023-11-09 11:42:28,387 INFO  ExportHelperExtension.cs: 1125 - Retrieving features of type [RefAxis] from 铜套[4×8×4]-59
2023-11-09 11:42:28,387 INFO  ExportHelperExtension.cs: 1136 - Found 28 in 铜套[4×8×4]-59
2023-11-09 11:42:28,387 INFO  ExportHelperExtension.cs: 1145 - Found 0 features of type [RefAxis] in 铜套[4×8×4]-59
2023-11-09 11:42:28,388 INFO  ExportHelperExtension.cs: 1125 - Retrieving features of type [RefAxis] from 圆柱销[M4×35]-1
2023-11-09 11:42:28,388 INFO  ExportHelperExtension.cs: 1136 - Found 28 in 圆柱销[M4×35]-1
2023-11-09 11:42:28,389 INFO  ExportHelperExtension.cs: 1145 - Found 0 features of type [RefAxis] in 圆柱销[M4×35]-1
2023-11-09 11:42:28,389 INFO  ExportHelperExtension.cs: 1125 - Retrieving features of type [RefAxis] from 调整垫片[4×10×0.5]-151
2023-11-09 11:42:28,389 INFO  ExportHelperExtension.cs: 1136 - Found 27 in 调整垫片[4×10×0.5]-151
2023-11-09 11:42:28,390 INFO  ExportHelperExtension.cs: 1145 - Found 0 features of type [RefAxis] in 调整垫片[4×10×0.5]-151
2023-11-09 11:42:28,390 INFO  ExportHelperExtension.cs: 1125 - Retrieving features of type [RefAxis] from 内六角紧定螺钉[M3×3]-2
2023-11-09 11:42:28,390 INFO  ExportHelperExtension.cs: 1136 - Found 33 in 内六角紧定螺钉[M3×3]-2
2023-11-09 11:42:28,391 INFO  ExportHelperExtension.cs: 1145 - Found 0 features of type [RefAxis] in 内六角紧定螺钉[M3×3]-2
2023-11-09 11:42:28,391 INFO  ExportHelperExtension.cs: 1125 - Retrieving features of type [RefAxis] from 调整垫片[4×10×0.5]-194
2023-11-09 11:42:28,391 INFO  ExportHelperExtension.cs: 1136 - Found 27 in 调整垫片[4×10×0.5]-194
2023-11-09 11:42:28,392 INFO  ExportHelperExtension.cs: 1145 - Found 0 features of type [RefAxis] in 调整垫片[4×10×0.5]-194
2023-11-09 11:42:28,392 INFO  ExportHelperExtension.cs: 1125 - Retrieving features of type [RefAxis] from 铜套[4×8×4]-93
2023-11-09 11:42:28,392 INFO  ExportHelperExtension.cs: 1136 - Found 28 in 铜套[4×8×4]-93
2023-11-09 11:42:28,393 INFO  ExportHelperExtension.cs: 1145 - Found 0 features of type [RefAxis] in 铜套[4×8×4]-93
2023-11-09 11:42:28,393 INFO  ExportHelperExtension.cs: 1125 - Retrieving features of type [RefAxis] from 圆柱销[M4×35]-2
2023-11-09 11:42:28,393 INFO  ExportHelperExtension.cs: 1136 - Found 28 in 圆柱销[M4×35]-2
2023-11-09 11:42:28,394 INFO  ExportHelperExtension.cs: 1145 - Found 0 features of type [RefAxis] in 圆柱销[M4×35]-2
2023-11-09 11:42:28,394 INFO  ExportHelperExtension.cs: 1125 - Retrieving features of type [RefAxis] from 铜套[4×8×4]-85
2023-11-09 11:42:28,394 INFO  ExportHelperExtension.cs: 1136 - Found 28 in 铜套[4×8×4]-85
2023-11-09 11:42:28,395 INFO  ExportHelperExtension.cs: 1145 - Found 0 features of type [RefAxis] in 铜套[4×8×4]-85
2023-11-09 11:42:28,395 INFO  ExportHelperExtension.cs: 1125 - Retrieving features of type [RefAxis] from 内六角紧定螺钉[M3×3]-4
2023-11-09 11:42:28,396 INFO  ExportHelperExtension.cs: 1136 - Found 33 in 内六角紧定螺钉[M3×3]-4
2023-11-09 11:42:28,396 INFO  ExportHelperExtension.cs: 1145 - Found 0 features of type [RefAxis] in 内六角紧定螺钉[M3×3]-4
2023-11-09 11:42:28,396 INFO  ExportHelperExtension.cs: 1125 - Retrieving features of type [RefAxis] from 无油复合轴承[4×6×8]-1
2023-11-09 11:42:28,397 INFO  ExportHelperExtension.cs: 1136 - Found 30 in 无油复合轴承[4×6×8]-1
2023-11-09 11:42:28,397 INFO  ExportHelperExtension.cs: 1145 - Found 0 features of type [RefAxis] in 无油复合轴承[4×6×8]-1
2023-11-09 11:42:28,398 INFO  ExportHelperExtension.cs: 1125 - Retrieving features of type [RefAxis] from 无油复合轴承[4×6×8]-2
2023-11-09 11:42:28,398 INFO  ExportHelperExtension.cs: 1136 - Found 30 in 无油复合轴承[4×6×8]-2
2023-11-09 11:42:28,398 INFO  ExportHelperExtension.cs: 1145 - Found 0 features of type [RefAxis] in 无油复合轴承[4×6×8]-2
2023-11-09 11:42:28,398 INFO  ExportHelperExtension.cs: 1125 - Retrieving features of type [RefAxis] from 调整垫片[4×10×0.5]-144
2023-11-09 11:42:28,400 INFO  ExportHelperExtension.cs: 1136 - Found 27 in 调整垫片[4×10×0.5]-144
2023-11-09 11:42:28,400 INFO  ExportHelperExtension.cs: 1145 - Found 0 features of type [RefAxis] in 调整垫片[4×10×0.5]-144
2023-11-09 11:42:28,400 INFO  ExportHelperExtension.cs: 1125 - Retrieving features of type [RefAxis] from 铜套[4×8×4]-81
2023-11-09 11:42:28,401 INFO  ExportHelperExtension.cs: 1136 - Found 28 in 铜套[4×8×4]-81
2023-11-09 11:42:28,401 INFO  ExportHelperExtension.cs: 1145 - Found 0 features of type [RefAxis] in 铜套[4×8×4]-81
2023-11-09 11:42:28,402 INFO  ExportHelperExtension.cs: 1125 - Retrieving features of type [RefAxis] from 开口挡圈[M3]-34
2023-11-09 11:42:28,402 INFO  ExportHelperExtension.cs: 1136 - Found 27 in 开口挡圈[M3]-34
2023-11-09 11:42:28,402 INFO  ExportHelperExtension.cs: 1145 - Found 0 features of type [RefAxis] in 开口挡圈[M3]-34
2023-11-09 11:42:28,403 INFO  ExportHelperExtension.cs: 1125 - Retrieving features of type [RefAxis] from 铜套[4×8×4]-88
2023-11-09 11:42:28,403 INFO  ExportHelperExtension.cs: 1136 - Found 28 in 铜套[4×8×4]-88
2023-11-09 11:42:28,403 INFO  ExportHelperExtension.cs: 1145 - Found 0 features of type [RefAxis] in 铜套[4×8×4]-88
2023-11-09 11:42:28,404 INFO  ExportHelperExtension.cs: 1125 - Retrieving features of type [RefAxis] from 圆柱销[M4×35]-7
2023-11-09 11:42:28,404 INFO  ExportHelperExtension.cs: 1136 - Found 28 in 圆柱销[M4×35]-7
2023-11-09 11:42:28,404 INFO  ExportHelperExtension.cs: 1145 - Found 0 features of type [RefAxis] in 圆柱销[M4×35]-7
2023-11-09 11:42:28,405 INFO  ExportHelperExtension.cs: 1125 - Retrieving features of type [RefAxis] from 铜套[4×8×4]-79
2023-11-09 11:42:28,405 INFO  ExportHelperExtension.cs: 1136 - Found 28 in 铜套[4×8×4]-79
2023-11-09 11:42:28,406 INFO  ExportHelperExtension.cs: 1145 - Found 0 features of type [RefAxis] in 铜套[4×8×4]-79
2023-11-09 11:42:28,406 INFO  ExportHelperExtension.cs: 1125 - Retrieving features of type [RefAxis] from 钢套[4×6×8]-5
2023-11-09 11:42:28,406 INFO  ExportHelperExtension.cs: 1136 - Found 28 in 钢套[4×6×8]-5
2023-11-09 11:42:28,406 INFO  ExportHelperExtension.cs: 1145 - Found 0 features of type [RefAxis] in 钢套[4×6×8]-5
2023-11-09 11:42:28,406 INFO  ExportHelperExtension.cs: 1125 - Retrieving features of type [RefAxis] from 无油复合轴承[4×6×8]-6
2023-11-09 11:42:28,407 INFO  ExportHelperExtension.cs: 1136 - Found 30 in 无油复合轴承[4×6×8]-6
2023-11-09 11:42:28,407 INFO  ExportHelperExtension.cs: 1145 - Found 0 features of type [RefAxis] in 无油复合轴承[4×6×8]-6
2023-11-09 11:42:28,407 INFO  ExportHelperExtension.cs: 1125 - Retrieving features of type [RefAxis] from 无油复合轴承[4×6×8]-7
2023-11-09 11:42:28,408 INFO  ExportHelperExtension.cs: 1136 - Found 30 in 无油复合轴承[4×6×8]-7
2023-11-09 11:42:28,408 INFO  ExportHelperExtension.cs: 1145 - Found 0 features of type [RefAxis] in 无油复合轴承[4×6×8]-7
2023-11-09 11:42:28,408 INFO  ExportHelperExtension.cs: 1125 - Retrieving features of type [RefAxis] from 开口挡圈[M3]-38
2023-11-09 11:42:28,409 INFO  ExportHelperExtension.cs: 1136 - Found 27 in 开口挡圈[M3]-38
2023-11-09 11:42:28,409 INFO  ExportHelperExtension.cs: 1145 - Found 0 features of type [RefAxis] in 开口挡圈[M3]-38
2023-11-09 11:42:28,410 INFO  ExportHelperExtension.cs: 1125 - Retrieving features of type [RefAxis] from 无油复合轴承[4×6×8]-4
2023-11-09 11:42:28,410 INFO  ExportHelperExtension.cs: 1136 - Found 30 in 无油复合轴承[4×6×8]-4
2023-11-09 11:42:28,410 INFO  ExportHelperExtension.cs: 1145 - Found 0 features of type [RefAxis] in 无油复合轴承[4×6×8]-4
2023-11-09 11:42:28,411 INFO  ExportHelperExtension.cs: 1125 - Retrieving features of type [RefAxis] from 无油复合轴承[4×6×8]-5
2023-11-09 11:42:28,411 INFO  ExportHelperExtension.cs: 1136 - Found 30 in 无油复合轴承[4×6×8]-5
2023-11-09 11:42:28,411 INFO  ExportHelperExtension.cs: 1145 - Found 0 features of type [RefAxis] in 无油复合轴承[4×6×8]-5
2023-11-09 11:42:28,412 INFO  ExportHelperExtension.cs: 1125 - Retrieving features of type [RefAxis] from 开口挡圈[M3]-35
2023-11-09 11:42:28,412 INFO  ExportHelperExtension.cs: 1136 - Found 27 in 开口挡圈[M3]-35
2023-11-09 11:42:28,412 INFO  ExportHelperExtension.cs: 1145 - Found 0 features of type [RefAxis] in 开口挡圈[M3]-35
2023-11-09 11:42:28,413 INFO  ExportHelperExtension.cs: 1125 - Retrieving features of type [RefAxis] from 开口挡圈[M3]-40
2023-11-09 11:42:28,413 INFO  ExportHelperExtension.cs: 1136 - Found 27 in 开口挡圈[M3]-40
2023-11-09 11:42:28,413 INFO  ExportHelperExtension.cs: 1145 - Found 0 features of type [RefAxis] in 开口挡圈[M3]-40
2023-11-09 11:42:28,418 INFO  ExportHelperExtension.cs: 1125 - Retrieving features of type [RefAxis] from CTAG2F90-15 指端-2
2023-11-09 11:42:28,435 INFO  ExportHelperExtension.cs: 1136 - Found 40 in CTAG2F90-15 指端-2
2023-11-09 11:42:28,435 INFO  ExportHelperExtension.cs: 1145 - Found 0 features of type [RefAxis] in CTAG2F90-15 指端-2
2023-11-09 11:42:28,436 INFO  ExportHelperExtension.cs: 1125 - Retrieving features of type [RefAxis] from 调整垫片[4×10×0.5]-207
2023-11-09 11:42:28,436 INFO  ExportHelperExtension.cs: 1136 - Found 27 in 调整垫片[4×10×0.5]-207
2023-11-09 11:42:28,436 INFO  ExportHelperExtension.cs: 1145 - Found 0 features of type [RefAxis] in 调整垫片[4×10×0.5]-207
2023-11-09 11:42:28,437 INFO  ExportHelperExtension.cs: 1125 - Retrieving features of type [RefAxis] from 调整垫片[4×10×0.5]-208
2023-11-09 11:42:28,437 INFO  ExportHelperExtension.cs: 1136 - Found 27 in 调整垫片[4×10×0.5]-208
2023-11-09 11:42:28,437 INFO  ExportHelperExtension.cs: 1145 - Found 0 features of type [RefAxis] in 调整垫片[4×10×0.5]-208
2023-11-09 11:42:28,438 INFO  ExportHelperExtension.cs: 1125 - Retrieving features of type [RefAxis] from 调整垫片[4×10×0.5]-209
2023-11-09 11:42:28,438 INFO  ExportHelperExtension.cs: 1136 - Found 27 in 调整垫片[4×10×0.5]-209
2023-11-09 11:42:28,438 INFO  ExportHelperExtension.cs: 1145 - Found 0 features of type [RefAxis] in 调整垫片[4×10×0.5]-209
2023-11-09 11:42:28,439 INFO  ExportHelperExtension.cs: 1125 - Retrieving features of type [RefAxis] from 钢套[4×6×8]-4
2023-11-09 11:42:28,439 INFO  ExportHelperExtension.cs: 1136 - Found 28 in 钢套[4×6×8]-4
2023-11-09 11:42:28,439 INFO  ExportHelperExtension.cs: 1145 - Found 0 features of type [RefAxis] in 钢套[4×6×8]-4
2023-11-09 11:42:28,440 INFO  ExportHelperExtension.cs: 1125 - Retrieving features of type [RefAxis] from 圆柱销[M4×35]-6
2023-11-09 11:42:28,440 INFO  ExportHelperExtension.cs: 1136 - Found 28 in 圆柱销[M4×35]-6
2023-11-09 11:42:28,441 INFO  ExportHelperExtension.cs: 1145 - Found 0 features of type [RefAxis] in 圆柱销[M4×35]-6
2023-11-09 11:42:28,441 INFO  ExportHelperExtension.cs: 1125 - Retrieving features of type [RefAxis] from 无油复合轴承[4×6×8]-8
2023-11-09 11:42:28,441 INFO  ExportHelperExtension.cs: 1136 - Found 30 in 无油复合轴承[4×6×8]-8
2023-11-09 11:42:28,442 INFO  ExportHelperExtension.cs: 1145 - Found 0 features of type [RefAxis] in 无油复合轴承[4×6×8]-8
2023-11-09 11:42:28,442 INFO  ExportHelperExtension.cs: 1125 - Retrieving features of type [RefAxis] from 无油复合轴承[4×6×8]-9
2023-11-09 11:42:28,442 INFO  ExportHelperExtension.cs: 1136 - Found 30 in 无油复合轴承[4×6×8]-9
2023-11-09 11:42:28,443 INFO  ExportHelperExtension.cs: 1145 - Found 0 features of type [RefAxis] in 无油复合轴承[4×6×8]-9
2023-11-09 11:42:28,443 INFO  ExportHelperExtension.cs: 1125 - Retrieving features of type [RefAxis] from 铜套[4×8×4]-80
2023-11-09 11:42:28,443 INFO  ExportHelperExtension.cs: 1136 - Found 28 in 铜套[4×8×4]-80
2023-11-09 11:42:28,444 INFO  ExportHelperExtension.cs: 1145 - Found 0 features of type [RefAxis] in 铜套[4×8×4]-80
2023-11-09 11:42:28,444 INFO  ExportHelperExtension.cs: 1125 - Retrieving features of type [RefAxis] from 开口挡圈[M3]-37
2023-11-09 11:42:28,444 INFO  ExportHelperExtension.cs: 1136 - Found 27 in 开口挡圈[M3]-37
2023-11-09 11:42:28,444 INFO  ExportHelperExtension.cs: 1145 - Found 0 features of type [RefAxis] in 开口挡圈[M3]-37
2023-11-09 11:42:28,445 INFO  ExportHelperExtension.cs: 1125 - Retrieving features of type [RefAxis] from 内六角圆柱头螺钉[M3×30]-1
2023-11-09 11:42:28,445 INFO  ExportHelperExtension.cs: 1136 - Found 35 in 内六角圆柱头螺钉[M3×30]-1
2023-11-09 11:42:28,446 INFO  ExportHelperExtension.cs: 1145 - Found 0 features of type [RefAxis] in 内六角圆柱头螺钉[M3×30]-1
2023-11-09 11:42:28,446 INFO  ExportHelperExtension.cs: 1125 - Retrieving features of type [RefAxis] from 十字槽沉头螺钉[M3×10]-6
2023-11-09 11:42:28,446 INFO  ExportHelperExtension.cs: 1136 - Found 81 in 十字槽沉头螺钉[M3×10]-6
2023-11-09 11:42:28,447 INFO  ExportHelperExtension.cs: 1145 - Found 0 features of type [RefAxis] in 十字槽沉头螺钉[M3×10]-6
2023-11-09 11:42:28,447 INFO  ExportHelperExtension.cs: 1125 - Retrieving features of type [RefAxis] from 调整垫片[4×6×0.5]-209
2023-11-09 11:42:28,448 INFO  ExportHelperExtension.cs: 1136 - Found 27 in 调整垫片[4×6×0.5]-209
2023-11-09 11:42:28,448 INFO  ExportHelperExtension.cs: 1145 - Found 0 features of type [RefAxis] in 调整垫片[4×6×0.5]-209
2023-11-09 11:42:28,448 INFO  ExportHelperExtension.cs: 1125 - Retrieving features of type [RefAxis] from 内六角圆柱头螺钉[M2×6]-4
2023-11-09 11:42:28,449 INFO  ExportHelperExtension.cs: 1136 - Found 35 in 内六角圆柱头螺钉[M2×6]-4
2023-11-09 11:42:28,449 INFO  ExportHelperExtension.cs: 1145 - Found 0 features of type [RefAxis] in 内六角圆柱头螺钉[M2×6]-4
2023-11-09 11:42:28,449 INFO  ExportHelperExtension.cs: 1125 - Retrieving features of type [RefAxis] from 内六角圆柱头螺钉[M3×30]-2
2023-11-09 11:42:28,450 INFO  ExportHelperExtension.cs: 1136 - Found 35 in 内六角圆柱头螺钉[M3×30]-2
2023-11-09 11:42:28,450 INFO  ExportHelperExtension.cs: 1145 - Found 0 features of type [RefAxis] in 内六角圆柱头螺钉[M3×30]-2
2023-11-09 11:42:28,450 INFO  ExportHelperExtension.cs: 1125 - Retrieving features of type [RefAxis] from 调整垫片[4×10×0.5]-210
2023-11-09 11:42:28,451 INFO  ExportHelperExtension.cs: 1136 - Found 27 in 调整垫片[4×10×0.5]-210
2023-11-09 11:42:28,451 INFO  ExportHelperExtension.cs: 1145 - Found 0 features of type [RefAxis] in 调整垫片[4×10×0.5]-210
2023-11-09 11:42:28,451 INFO  ExportHelperExtension.cs: 1125 - Retrieving features of type [RefAxis] from 内六角圆柱头螺钉[M2×6]-6
2023-11-09 11:42:28,452 INFO  ExportHelperExtension.cs: 1136 - Found 35 in 内六角圆柱头螺钉[M2×6]-6
2023-11-09 11:42:28,452 INFO  ExportHelperExtension.cs: 1145 - Found 0 features of type [RefAxis] in 内六角圆柱头螺钉[M2×6]-6
2023-11-09 11:42:28,452 INFO  ExportHelperExtension.cs: 1125 - Retrieving features of type [RefAxis] from 十字槽沉头螺钉[M3×10]-7
2023-11-09 11:42:28,453 INFO  ExportHelperExtension.cs: 1136 - Found 81 in 十字槽沉头螺钉[M3×10]-7
2023-11-09 11:42:28,453 INFO  ExportHelperExtension.cs: 1145 - Found 0 features of type [RefAxis] in 十字槽沉头螺钉[M3×10]-7
2023-11-09 11:42:28,454 INFO  ExportHelperExtension.cs: 1125 - Retrieving features of type [RefAxis] from CTPM3F20.01.15_连接法兰-1
2023-11-09 11:42:28,454 INFO  ExportHelperExtension.cs: 1136 - Found 99 in CTPM3F20.01.15_连接法兰-1
2023-11-09 11:42:28,455 INFO  ExportHelperExtension.cs: 1145 - Found 1 features of type [RefAxis] in CTPM3F20.01.15_连接法兰-1
2023-11-09 11:42:28,455 INFO  ExportHelperExtension.cs: 1125 - Retrieving features of type [RefAxis] from 内六角圆柱头螺钉[M2×6]-2
2023-11-09 11:42:28,455 INFO  ExportHelperExtension.cs: 1136 - Found 35 in 内六角圆柱头螺钉[M2×6]-2
2023-11-09 11:42:28,455 INFO  ExportHelperExtension.cs: 1145 - Found 0 features of type [RefAxis] in 内六角圆柱头螺钉[M2×6]-2
2023-11-09 11:42:28,455 INFO  ExportHelperExtension.cs: 1125 - Retrieving features of type [RefAxis] from 金属电缆防水接头[M10×1.5适用电缆3-6.5]-1
2023-11-09 11:42:28,455 INFO  ExportHelperExtension.cs: 1136 - Found 44 in 金属电缆防水接头[M10×1.5适用电缆3-6.5]-1
2023-11-09 11:42:28,456 INFO  ExportHelperExtension.cs: 1145 - Found 0 features of type [RefAxis] in 金属电缆防水接头[M10×1.5适用电缆3-6.5]-1
2023-11-09 11:42:28,456 INFO  ExportHelperExtension.cs: 1125 - Retrieving features of type [RefAxis] from 内六角圆柱头螺钉[M2×6]-1
2023-11-09 11:42:28,457 INFO  ExportHelperExtension.cs: 1136 - Found 35 in 内六角圆柱头螺钉[M2×6]-1
2023-11-09 11:42:28,457 INFO  ExportHelperExtension.cs: 1145 - Found 0 features of type [RefAxis] in 内六角圆柱头螺钉[M2×6]-1
2023-11-09 11:42:28,457 INFO  ExportHelperExtension.cs: 1125 - Retrieving features of type [RefAxis] from 调整垫片[4×10×0.5]-215
2023-11-09 11:42:28,458 INFO  ExportHelperExtension.cs: 1136 - Found 27 in 调整垫片[4×10×0.5]-215
2023-11-09 11:42:28,458 INFO  ExportHelperExtension.cs: 1145 - Found 0 features of type [RefAxis] in 调整垫片[4×10×0.5]-215
2023-11-09 11:42:28,458 INFO  ExportHelperExtension.cs: 1125 - Retrieving features of type [RefAxis] from 十字槽沉头螺钉[M3×10]-10
2023-11-09 11:42:28,459 INFO  ExportHelperExtension.cs: 1136 - Found 81 in 十字槽沉头螺钉[M3×10]-10
2023-11-09 11:42:28,459 INFO  ExportHelperExtension.cs: 1145 - Found 0 features of type [RefAxis] in 十字槽沉头螺钉[M3×10]-10
2023-11-09 11:42:28,459 INFO  ExportHelperExtension.cs: 1125 - Retrieving features of type [RefAxis] from 调整垫片[4×10×0.5]-212
2023-11-09 11:42:28,460 INFO  ExportHelperExtension.cs: 1136 - Found 27 in 调整垫片[4×10×0.5]-212
2023-11-09 11:42:28,460 INFO  ExportHelperExtension.cs: 1145 - Found 0 features of type [RefAxis] in 调整垫片[4×10×0.5]-212
2023-11-09 11:42:28,460 INFO  ExportHelperExtension.cs: 1125 - Retrieving features of type [RefAxis] from 调整垫片[4×6×0.5]-213
2023-11-09 11:42:28,461 INFO  ExportHelperExtension.cs: 1136 - Found 27 in 调整垫片[4×6×0.5]-213
2023-11-09 11:42:28,461 INFO  ExportHelperExtension.cs: 1145 - Found 0 features of type [RefAxis] in 调整垫片[4×6×0.5]-213
2023-11-09 11:42:28,461 INFO  ExportHelperExtension.cs: 1125 - Retrieving features of type [RefAxis] from 调整垫片[4×10×0.5]-216
2023-11-09 11:42:28,462 INFO  ExportHelperExtension.cs: 1136 - Found 27 in 调整垫片[4×10×0.5]-216
2023-11-09 11:42:28,462 INFO  ExportHelperExtension.cs: 1145 - Found 0 features of type [RefAxis] in 调整垫片[4×10×0.5]-216
2023-11-09 11:42:28,462 INFO  ExportHelperExtension.cs: 1125 - Retrieving features of type [RefAxis] from 调整垫片[4×6×0.5]-214
2023-11-09 11:42:28,463 INFO  ExportHelperExtension.cs: 1136 - Found 27 in 调整垫片[4×6×0.5]-214
2023-11-09 11:42:28,463 INFO  ExportHelperExtension.cs: 1145 - Found 0 features of type [RefAxis] in 调整垫片[4×6×0.5]-214
2023-11-09 11:42:28,463 INFO  ExportHelperExtension.cs: 1125 - Retrieving features of type [RefAxis] from 开口挡圈[M3]-42
2023-11-09 11:42:28,464 INFO  ExportHelperExtension.cs: 1136 - Found 27 in 开口挡圈[M3]-42
2023-11-09 11:42:28,464 INFO  ExportHelperExtension.cs: 1145 - Found 0 features of type [RefAxis] in 开口挡圈[M3]-42
2023-11-09 11:42:28,464 INFO  ExportHelperExtension.cs: 1125 - Retrieving features of type [RefAxis] from 调整垫片[4×6×0.5]-211
2023-11-09 11:42:28,465 INFO  ExportHelperExtension.cs: 1136 - Found 27 in 调整垫片[4×6×0.5]-211
2023-11-09 11:42:28,465 INFO  ExportHelperExtension.cs: 1145 - Found 0 features of type [RefAxis] in 调整垫片[4×6×0.5]-211
2023-11-09 11:42:28,465 INFO  ExportHelperExtension.cs: 1125 - Retrieving features of type [RefAxis] from 十字槽沉头螺钉[M3×10]-9
2023-11-09 11:42:28,466 INFO  ExportHelperExtension.cs: 1136 - Found 81 in 十字槽沉头螺钉[M3×10]-9
2023-11-09 11:42:28,466 INFO  ExportHelperExtension.cs: 1145 - Found 0 features of type [RefAxis] in 十字槽沉头螺钉[M3×10]-9
2023-11-09 11:42:28,833 INFO  SwAddin.cs: 339 - Loading config tree
2023-11-09 11:42:28,838 INFO  ExportPropertyManagerExtension.cs: 520 - Starting new configuration
2023-11-09 11:42:28,842 INFO  SwAddin.cs: 344 - Showing property manager
2023-11-09 11:42:35,069 INFO  ExportPropertyManager.cs: 1018 - OnComboboxSelectionChanged called. This method no longer throws an Exception. It just silently does nothing. Ok, except for this logging message
2023-11-09 11:43:18,490 INFO  ExportPropertyManager.cs: 1136 - OnNumberBoxTrackingCompleted called. This method no longer throws an Exception. It just silently does nothing. Ok, except for this logging message
2023-11-09 11:43:18,771 INFO  ExportPropertyManager.cs: 1136 - OnNumberBoxTrackingCompleted called. This method no longer throws an Exception. It just silently does nothing. Ok, except for this logging message
2023-11-09 11:43:19,075 INFO  ExportPropertyManager.cs: 1136 - OnNumberBoxTrackingCompleted called. This method no longer throws an Exception. It just silently does nothing. Ok, except for this logging message
2023-11-09 11:43:19,443 INFO  ExportPropertyManager.cs: 1136 - OnNumberBoxTrackingCompleted called. This method no longer throws an Exception. It just silently does nothing. Ok, except for this logging message
2023-11-09 11:44:29,230 INFO  ExportPropertyManager.cs: 1018 - OnComboboxSelectionChanged called. This method no longer throws an Exception. It just silently does nothing. Ok, except for this logging message
2023-11-09 11:44:30,693 INFO  ExportPropertyManager.cs: 1018 - OnComboboxSelectionChanged called. This method no longer throws an Exception. It just silently does nothing. Ok, except for this logging message
2023-11-09 11:44:33,502 INFO  ExportPropertyManager.cs: 1018 - OnComboboxSelectionChanged called. This method no longer throws an Exception. It just silently does nothing. Ok, except for this logging message
2023-11-09 11:45:21,081 INFO  ExportPropertyManager.cs: 1018 - OnComboboxSelectionChanged called. This method no longer throws an Exception. It just silently does nothing. Ok, except for this logging message
2023-11-09 11:45:22,932 INFO  ExportPropertyManager.cs: 1018 - OnComboboxSelectionChanged called. This method no longer throws an Exception. It just silently does nothing. Ok, except for this logging message
2023-11-09 11:45:24,784 INFO  ExportPropertyManager.cs: 1018 - OnComboboxSelectionChanged called. This method no longer throws an Exception. It just silently does nothing. Ok, except for this logging message
2023-11-09 11:46:55,286 INFO  ExportPropertyManager.cs: 1018 - OnComboboxSelectionChanged called. This method no longer throws an Exception. It just silently does nothing. Ok, except for this logging message
2023-11-09 11:46:57,786 INFO  ExportPropertyManager.cs: 1018 - OnComboboxSelectionChanged called. This method no longer throws an Exception. It just silently does nothing. Ok, except for this logging message
2023-11-09 11:46:59,469 INFO  ExportPropertyManager.cs: 1018 - OnComboboxSelectionChanged called. This method no longer throws an Exception. It just silently does nothing. Ok, except for this logging message
2023-11-09 11:48:15,367 INFO  ExportPropertyManager.cs: 1018 - OnComboboxSelectionChanged called. This method no longer throws an Exception. It just silently does nothing. Ok, except for this logging message
2023-11-09 11:48:18,046 INFO  ExportPropertyManager.cs: 1018 - OnComboboxSelectionChanged called. This method no longer throws an Exception. It just silently does nothing. Ok, except for this logging message
2023-11-09 11:48:20,909 INFO  ExportPropertyManager.cs: 1018 - OnComboboxSelectionChanged called. This method no longer throws an Exception. It just silently does nothing. Ok, except for this logging message
2023-11-09 11:49:33,584 INFO  ExportPropertyManager.cs: 1142 - AfterClose called. This method no longer throws an Exception. It just silently does nothing. Ok, except for this logging message
2023-11-09 11:49:47,787 INFO  SwAddin.cs: 294 - Assembly export called for file CTAG2F90-C-00 两指平动手.SLDASM
2023-11-09 11:49:49,707 INFO  SwAddin.cs: 313 - Saving assembly
2023-11-09 11:49:49,915 INFO  SwAddin.cs: 316 - Opening property manager
2023-11-09 11:49:49,916 INFO  ExportHelperExtension.cs: 1125 - Retrieving features of type [CoordSys] from CTAG2F90-C-00 两指平动手.SLDASM
2023-11-09 11:49:49,917 INFO  ExportHelperExtension.cs: 1136 - Found 250 in CTAG2F90-C-00 两指平动手.SLDASM
2023-11-09 11:49:49,919 INFO  ExportHelperExtension.cs: 1145 - Found 9 features of type [CoordSys] in CTAG2F90-C-00 两指平动手.SLDASM
2023-11-09 11:49:49,919 INFO  ExportHelperExtension.cs: 1148 - Proceeding through assembly components
2023-11-09 11:49:49,920 INFO  ExportHelperExtension.cs: 1160 - 98 components to check
2023-11-09 11:49:49,920 INFO  ExportHelperExtension.cs: 1125 - Retrieving features of type [CoordSys] from CTAG2F90-13 圆柱销23-13
2023-11-09 11:49:49,921 INFO  ExportHelperExtension.cs: 1136 - Found 31 in CTAG2F90-13 圆柱销23-13
2023-11-09 11:49:49,921 INFO  ExportHelperExtension.cs: 1145 - Found 0 features of type [CoordSys] in CTAG2F90-13 圆柱销23-13
2023-11-09 11:49:49,922 INFO  ExportHelperExtension.cs: 1125 - Retrieving features of type [CoordSys] from CTAG2F90-13 圆柱销23-9
2023-11-09 11:49:49,922 INFO  ExportHelperExtension.cs: 1136 - Found 31 in CTAG2F90-13 圆柱销23-9
2023-11-09 11:49:49,923 INFO  ExportHelperExtension.cs: 1145 - Found 0 features of type [CoordSys] in CTAG2F90-13 圆柱销23-9
2023-11-09 11:49:49,924 INFO  ExportHelperExtension.cs: 1125 - Retrieving features of type [CoordSys] from CTAG2F90-05 随动连杆-2
2023-11-09 11:49:49,925 INFO  ExportHelperExtension.cs: 1136 - Found 44 in CTAG2F90-05 随动连杆-2
2023-11-09 11:49:49,925 INFO  ExportHelperExtension.cs: 1145 - Found 0 features of type [CoordSys] in CTAG2F90-05 随动连杆-2
2023-11-09 11:49:49,926 INFO  ExportHelperExtension.cs: 1125 - Retrieving features of type [CoordSys] from CTAG2F90-06 指端连杆-2
2023-11-09 11:49:49,927 INFO  ExportHelperExtension.cs: 1136 - Found 51 in CTAG2F90-06 指端连杆-2
2023-11-09 11:49:49,927 INFO  ExportHelperExtension.cs: 1145 - Found 0 features of type [CoordSys] in CTAG2F90-06 指端连杆-2
2023-11-09 11:49:49,928 INFO  ExportHelperExtension.cs: 1125 - Retrieving features of type [CoordSys] from CTAG2F90-09 摆动连杆-2
2023-11-09 11:49:49,928 INFO  ExportHelperExtension.cs: 1136 - Found 43 in CTAG2F90-09 摆动连杆-2
2023-11-09 11:49:49,929 INFO  ExportHelperExtension.cs: 1145 - Found 0 features of type [CoordSys] in CTAG2F90-09 摆动连杆-2
2023-11-09 11:49:49,929 INFO  ExportHelperExtension.cs: 1125 - Retrieving features of type [CoordSys] from CTAG2F90-05 随动连杆-3
2023-11-09 11:49:49,930 INFO  ExportHelperExtension.cs: 1136 - Found 44 in CTAG2F90-05 随动连杆-3
2023-11-09 11:49:49,930 INFO  ExportHelperExtension.cs: 1145 - Found 0 features of type [CoordSys] in CTAG2F90-05 随动连杆-3
2023-11-09 11:49:49,931 INFO  ExportHelperExtension.cs: 1125 - Retrieving features of type [CoordSys] from CTAG2F90-09 摆动连杆-3
2023-11-09 11:49:49,931 INFO  ExportHelperExtension.cs: 1136 - Found 43 in CTAG2F90-09 摆动连杆-3
2023-11-09 11:49:49,932 INFO  ExportHelperExtension.cs: 1145 - Found 0 features of type [CoordSys] in CTAG2F90-09 摆动连杆-3
2023-11-09 11:49:49,932 INFO  ExportHelperExtension.cs: 1125 - Retrieving features of type [CoordSys] from CTAG2F90-09 摆动连杆-4
2023-11-09 11:49:49,933 INFO  ExportHelperExtension.cs: 1136 - Found 43 in CTAG2F90-09 摆动连杆-4
2023-11-09 11:49:49,933 INFO  ExportHelperExtension.cs: 1145 - Found 0 features of type [CoordSys] in CTAG2F90-09 摆动连杆-4
2023-11-09 11:49:49,934 INFO  ExportHelperExtension.cs: 1125 - Retrieving features of type [CoordSys] from CTAG2F90-C-04 机体外壳-1
2023-11-09 11:49:49,935 INFO  ExportHelperExtension.cs: 1136 - Found 33 in CTAG2F90-C-04 机体外壳-1
2023-11-09 11:49:49,935 INFO  ExportHelperExtension.cs: 1145 - Found 0 features of type [CoordSys] in CTAG2F90-C-04 机体外壳-1
2023-11-09 11:49:49,936 INFO  ExportHelperExtension.cs: 1125 - Retrieving features of type [CoordSys] from 内六角紧定螺钉[M3×3]-8
2023-11-09 11:49:49,936 INFO  ExportHelperExtension.cs: 1136 - Found 33 in 内六角紧定螺钉[M3×3]-8
2023-11-09 11:49:49,937 INFO  ExportHelperExtension.cs: 1145 - Found 0 features of type [CoordSys] in 内六角紧定螺钉[M3×3]-8
2023-11-09 11:49:49,937 INFO  ExportHelperExtension.cs: 1125 - Retrieving features of type [CoordSys] from 调整垫片[4×10×0.5]-204
2023-11-09 11:49:49,937 INFO  ExportHelperExtension.cs: 1136 - Found 27 in 调整垫片[4×10×0.5]-204
2023-11-09 11:49:49,938 INFO  ExportHelperExtension.cs: 1145 - Found 0 features of type [CoordSys] in 调整垫片[4×10×0.5]-204
2023-11-09 11:49:49,938 INFO  ExportHelperExtension.cs: 1125 - Retrieving features of type [CoordSys] from 铜套[4×8×4]-94
2023-11-09 11:49:49,939 INFO  ExportHelperExtension.cs: 1136 - Found 28 in 铜套[4×8×4]-94
2023-11-09 11:49:49,940 INFO  ExportHelperExtension.cs: 1145 - Found 0 features of type [CoordSys] in 铜套[4×8×4]-94
2023-11-09 11:49:49,940 INFO  ExportHelperExtension.cs: 1125 - Retrieving features of type [CoordSys] from 铜套[4×8×4]-95
2023-11-09 11:49:49,940 INFO  ExportHelperExtension.cs: 1136 - Found 28 in 铜套[4×8×4]-95
2023-11-09 11:49:49,941 INFO  ExportHelperExtension.cs: 1145 - Found 0 features of type [CoordSys] in 铜套[4×8×4]-95
2023-11-09 11:49:49,941 INFO  ExportHelperExtension.cs: 1125 - Retrieving features of type [CoordSys] from 铜套[4×8×4]-63
2023-11-09 11:49:49,942 INFO  ExportHelperExtension.cs: 1136 - Found 28 in 铜套[4×8×4]-63
2023-11-09 11:49:49,942 INFO  ExportHelperExtension.cs: 1145 - Found 0 features of type [CoordSys] in 铜套[4×8×4]-63
2023-11-09 11:49:49,943 INFO  ExportHelperExtension.cs: 1125 - Retrieving features of type [CoordSys] from CTAG2F90-05 随动连杆-4
2023-11-09 11:49:49,944 INFO  ExportHelperExtension.cs: 1136 - Found 44 in CTAG2F90-05 随动连杆-4
2023-11-09 11:49:49,944 INFO  ExportHelperExtension.cs: 1145 - Found 0 features of type [CoordSys] in CTAG2F90-05 随动连杆-4
2023-11-09 11:49:49,945 INFO  ExportHelperExtension.cs: 1125 - Retrieving features of type [CoordSys] from 内六角紧定螺钉[M3×3]-7
2023-11-09 11:49:49,945 INFO  ExportHelperExtension.cs: 1136 - Found 33 in 内六角紧定螺钉[M3×3]-7
2023-11-09 11:49:49,946 INFO  ExportHelperExtension.cs: 1145 - Found 0 features of type [CoordSys] in 内六角紧定螺钉[M3×3]-7
2023-11-09 11:49:49,947 INFO  ExportHelperExtension.cs: 1125 - Retrieving features of type [CoordSys] from 调整垫片[4×10×0.5]-205
2023-11-09 11:49:49,947 INFO  ExportHelperExtension.cs: 1136 - Found 27 in 调整垫片[4×10×0.5]-205
2023-11-09 11:49:49,948 INFO  ExportHelperExtension.cs: 1145 - Found 0 features of type [CoordSys] in 调整垫片[4×10×0.5]-205
2023-11-09 11:49:49,948 INFO  ExportHelperExtension.cs: 1125 - Retrieving features of type [CoordSys] from CTAG2F90-13 圆柱销23-14
2023-11-09 11:49:49,950 INFO  ExportHelperExtension.cs: 1136 - Found 31 in CTAG2F90-13 圆柱销23-14
2023-11-09 11:49:49,950 INFO  ExportHelperExtension.cs: 1145 - Found 0 features of type [CoordSys] in CTAG2F90-13 圆柱销23-14
2023-11-09 11:49:49,951 INFO  ExportHelperExtension.cs: 1125 - Retrieving features of type [CoordSys] from 调整垫片[4×10×0.5]-199
2023-11-09 11:49:49,952 INFO  ExportHelperExtension.cs: 1136 - Found 27 in 调整垫片[4×10×0.5]-199
2023-11-09 11:49:49,952 INFO  ExportHelperExtension.cs: 1145 - Found 0 features of type [CoordSys] in 调整垫片[4×10×0.5]-199
2023-11-09 11:49:49,953 INFO  ExportHelperExtension.cs: 1125 - Retrieving features of type [CoordSys] from 调整垫片[4×10×0.5]-200
2023-11-09 11:49:49,953 INFO  ExportHelperExtension.cs: 1136 - Found 27 in 调整垫片[4×10×0.5]-200
2023-11-09 11:49:49,954 INFO  ExportHelperExtension.cs: 1145 - Found 0 features of type [CoordSys] in 调整垫片[4×10×0.5]-200
2023-11-09 11:49:49,954 INFO  ExportHelperExtension.cs: 1125 - Retrieving features of type [CoordSys] from 铜套[4×8×4]-96
2023-11-09 11:49:49,954 INFO  ExportHelperExtension.cs: 1136 - Found 28 in 铜套[4×8×4]-96
2023-11-09 11:49:49,955 INFO  ExportHelperExtension.cs: 1145 - Found 0 features of type [CoordSys] in 铜套[4×8×4]-96
2023-11-09 11:49:49,955 INFO  ExportHelperExtension.cs: 1125 - Retrieving features of type [CoordSys] from 调整垫片[4×10×0.5]-203
2023-11-09 11:49:49,956 INFO  ExportHelperExtension.cs: 1136 - Found 27 in 调整垫片[4×10×0.5]-203
2023-11-09 11:49:49,956 INFO  ExportHelperExtension.cs: 1145 - Found 0 features of type [CoordSys] in 调整垫片[4×10×0.5]-203
2023-11-09 11:49:49,957 INFO  ExportHelperExtension.cs: 1125 - Retrieving features of type [CoordSys] from 调整垫片[4×10×0.5]-198
2023-11-09 11:49:50,221 INFO  ExportHelperExtension.cs: 1136 - Found 27 in 调整垫片[4×10×0.5]-198
2023-11-09 11:49:50,221 INFO  ExportHelperExtension.cs: 1145 - Found 0 features of type [CoordSys] in 调整垫片[4×10×0.5]-198
2023-11-09 11:49:50,222 INFO  ExportHelperExtension.cs: 1125 - Retrieving features of type [CoordSys] from 调整垫片[4×10×0.5]-195
2023-11-09 11:49:50,222 INFO  ExportHelperExtension.cs: 1136 - Found 27 in 调整垫片[4×10×0.5]-195
2023-11-09 11:49:50,223 INFO  ExportHelperExtension.cs: 1145 - Found 0 features of type [CoordSys] in 调整垫片[4×10×0.5]-195
2023-11-09 11:49:50,223 INFO  ExportHelperExtension.cs: 1125 - Retrieving features of type [CoordSys] from 调整垫片[4×10×0.5]-202
2023-11-09 11:49:50,224 INFO  ExportHelperExtension.cs: 1136 - Found 27 in 调整垫片[4×10×0.5]-202
2023-11-09 11:49:50,224 INFO  ExportHelperExtension.cs: 1145 - Found 0 features of type [CoordSys] in 调整垫片[4×10×0.5]-202
2023-11-09 11:49:50,224 INFO  ExportHelperExtension.cs: 1125 - Retrieving features of type [CoordSys] from 调整垫片[4×10×0.5]-197
2023-11-09 11:49:50,225 INFO  ExportHelperExtension.cs: 1136 - Found 27 in 调整垫片[4×10×0.5]-197
2023-11-09 11:49:50,225 INFO  ExportHelperExtension.cs: 1145 - Found 0 features of type [CoordSys] in 调整垫片[4×10×0.5]-197
2023-11-09 11:49:50,225 INFO  ExportHelperExtension.cs: 1125 - Retrieving features of type [CoordSys] from 铜套[4×8×4]-82
2023-11-09 11:49:50,226 INFO  ExportHelperExtension.cs: 1136 - Found 28 in 铜套[4×8×4]-82
2023-11-09 11:49:50,226 INFO  ExportHelperExtension.cs: 1145 - Found 0 features of type [CoordSys] in 铜套[4×8×4]-82
2023-11-09 11:49:50,226 INFO  ExportHelperExtension.cs: 1125 - Retrieving features of type [CoordSys] from 铜套[4×8×4]-87
2023-11-09 11:49:50,227 INFO  ExportHelperExtension.cs: 1136 - Found 28 in 铜套[4×8×4]-87
2023-11-09 11:49:50,227 INFO  ExportHelperExtension.cs: 1145 - Found 0 features of type [CoordSys] in 铜套[4×8×4]-87
2023-11-09 11:49:50,228 INFO  ExportHelperExtension.cs: 1125 - Retrieving features of type [CoordSys] from 铜套[4×8×4]-84
2023-11-09 11:49:50,228 INFO  ExportHelperExtension.cs: 1136 - Found 28 in 铜套[4×8×4]-84
2023-11-09 11:49:50,228 INFO  ExportHelperExtension.cs: 1145 - Found 0 features of type [CoordSys] in 铜套[4×8×4]-84
2023-11-09 11:49:50,229 INFO  ExportHelperExtension.cs: 1125 - Retrieving features of type [CoordSys] from 铜套[4×8×4]-86
2023-11-09 11:49:50,229 INFO  ExportHelperExtension.cs: 1136 - Found 28 in 铜套[4×8×4]-86
2023-11-09 11:49:50,229 INFO  ExportHelperExtension.cs: 1145 - Found 0 features of type [CoordSys] in 铜套[4×8×4]-86
2023-11-09 11:49:50,230 INFO  ExportHelperExtension.cs: 1125 - Retrieving features of type [CoordSys] from 铜套[4×8×4]-83
2023-11-09 11:49:50,230 INFO  ExportHelperExtension.cs: 1136 - Found 28 in 铜套[4×8×4]-83
2023-11-09 11:49:50,230 INFO  ExportHelperExtension.cs: 1145 - Found 0 features of type [CoordSys] in 铜套[4×8×4]-83
2023-11-09 11:49:50,231 INFO  ExportHelperExtension.cs: 1125 - Retrieving features of type [CoordSys] from 开口挡圈[M3]-30
2023-11-09 11:49:50,231 INFO  ExportHelperExtension.cs: 1136 - Found 27 in 开口挡圈[M3]-30
2023-11-09 11:49:50,232 INFO  ExportHelperExtension.cs: 1145 - Found 0 features of type [CoordSys] in 开口挡圈[M3]-30
2023-11-09 11:49:50,232 INFO  ExportHelperExtension.cs: 1125 - Retrieving features of type [CoordSys] from CTAG2F90-05 随动连杆-1
2023-11-09 11:49:50,233 INFO  ExportHelperExtension.cs: 1136 - Found 44 in CTAG2F90-05 随动连杆-1
2023-11-09 11:49:50,233 INFO  ExportHelperExtension.cs: 1145 - Found 0 features of type [CoordSys] in CTAG2F90-05 随动连杆-1
2023-11-09 11:49:50,234 INFO  ExportHelperExtension.cs: 1125 - Retrieving features of type [CoordSys] from CTAG2F90-C-12 航插连接板-1
2023-11-09 11:49:50,234 INFO  ExportHelperExtension.cs: 1136 - Found 48 in CTAG2F90-C-12 航插连接板-1
2023-11-09 11:49:50,235 INFO  ExportHelperExtension.cs: 1145 - Found 0 features of type [CoordSys] in CTAG2F90-C-12 航插连接板-1
2023-11-09 11:49:50,235 INFO  ExportHelperExtension.cs: 1125 - Retrieving features of type [CoordSys] from 钢套[4×6×8]-2
2023-11-09 11:49:50,235 INFO  ExportHelperExtension.cs: 1136 - Found 28 in 钢套[4×6×8]-2
2023-11-09 11:49:50,236 INFO  ExportHelperExtension.cs: 1145 - Found 0 features of type [CoordSys] in 钢套[4×6×8]-2
2023-11-09 11:49:50,236 INFO  ExportHelperExtension.cs: 1125 - Retrieving features of type [CoordSys] from CTAG2F90-09 摆动连杆-1
2023-11-09 11:49:50,237 INFO  ExportHelperExtension.cs: 1136 - Found 43 in CTAG2F90-09 摆动连杆-1
2023-11-09 11:49:50,237 INFO  ExportHelperExtension.cs: 1145 - Found 0 features of type [CoordSys] in CTAG2F90-09 摆动连杆-1
2023-11-09 11:49:50,237 INFO  ExportHelperExtension.cs: 1125 - Retrieving features of type [CoordSys] from 开口挡圈[M3]-32
2023-11-09 11:49:50,238 INFO  ExportHelperExtension.cs: 1136 - Found 27 in 开口挡圈[M3]-32
2023-11-09 11:49:50,238 INFO  ExportHelperExtension.cs: 1145 - Found 0 features of type [CoordSys] in 开口挡圈[M3]-32
2023-11-09 11:49:50,239 INFO  ExportHelperExtension.cs: 1125 - Retrieving features of type [CoordSys] from CTAG2F90-15 指端-1
2023-11-09 11:49:50,239 INFO  ExportHelperExtension.cs: 1136 - Found 40 in CTAG2F90-15 指端-1
2023-11-09 11:49:50,240 INFO  ExportHelperExtension.cs: 1145 - Found 0 features of type [CoordSys] in CTAG2F90-15 指端-1
2023-11-09 11:49:50,240 INFO  ExportHelperExtension.cs: 1125 - Retrieving features of type [CoordSys] from 调整垫片[4×10×0.5]-161
2023-11-09 11:49:50,240 INFO  ExportHelperExtension.cs: 1136 - Found 27 in 调整垫片[4×10×0.5]-161
2023-11-09 11:49:50,241 INFO  ExportHelperExtension.cs: 1145 - Found 0 features of type [CoordSys] in 调整垫片[4×10×0.5]-161
2023-11-09 11:49:50,241 INFO  ExportHelperExtension.cs: 1125 - Retrieving features of type [CoordSys] from 钢套[4×6×8]-1
2023-11-09 11:49:50,242 INFO  ExportHelperExtension.cs: 1136 - Found 28 in 钢套[4×6×8]-1
2023-11-09 11:49:50,242 INFO  ExportHelperExtension.cs: 1145 - Found 0 features of type [CoordSys] in 钢套[4×6×8]-1
2023-11-09 11:49:50,242 INFO  ExportHelperExtension.cs: 1125 - Retrieving features of type [CoordSys] from CTAG2F90-13 圆柱销23-10
2023-11-09 11:49:50,243 INFO  ExportHelperExtension.cs: 1136 - Found 31 in CTAG2F90-13 圆柱销23-10
2023-11-09 11:49:50,243 INFO  ExportHelperExtension.cs: 1145 - Found 0 features of type [CoordSys] in CTAG2F90-13 圆柱销23-10
2023-11-09 11:49:50,243 INFO  ExportHelperExtension.cs: 1125 - Retrieving features of type [CoordSys] from CTAG2F90-06 指端连杆-1
2023-11-09 11:49:50,244 INFO  ExportHelperExtension.cs: 1136 - Found 51 in CTAG2F90-06 指端连杆-1
2023-11-09 11:49:50,244 INFO  ExportHelperExtension.cs: 1145 - Found 0 features of type [CoordSys] in CTAG2F90-06 指端连杆-1
2023-11-09 11:49:50,245 INFO  ExportHelperExtension.cs: 1125 - Retrieving features of type [CoordSys] from 铜套[4×8×4]-59
2023-11-09 11:49:50,245 INFO  ExportHelperExtension.cs: 1136 - Found 28 in 铜套[4×8×4]-59
2023-11-09 11:49:50,246 INFO  ExportHelperExtension.cs: 1145 - Found 0 features of type [CoordSys] in 铜套[4×8×4]-59
2023-11-09 11:49:50,246 INFO  ExportHelperExtension.cs: 1125 - Retrieving features of type [CoordSys] from 圆柱销[M4×35]-1
2023-11-09 11:49:50,246 INFO  ExportHelperExtension.cs: 1136 - Found 28 in 圆柱销[M4×35]-1
2023-11-09 11:49:50,247 INFO  ExportHelperExtension.cs: 1145 - Found 0 features of type [CoordSys] in 圆柱销[M4×35]-1
2023-11-09 11:49:50,247 INFO  ExportHelperExtension.cs: 1125 - Retrieving features of type [CoordSys] from 调整垫片[4×10×0.5]-151
2023-11-09 11:49:50,247 INFO  ExportHelperExtension.cs: 1136 - Found 27 in 调整垫片[4×10×0.5]-151
2023-11-09 11:49:50,248 INFO  ExportHelperExtension.cs: 1145 - Found 0 features of type [CoordSys] in 调整垫片[4×10×0.5]-151
2023-11-09 11:49:50,248 INFO  ExportHelperExtension.cs: 1125 - Retrieving features of type [CoordSys] from 内六角紧定螺钉[M3×3]-2
2023-11-09 11:49:50,249 INFO  ExportHelperExtension.cs: 1136 - Found 33 in 内六角紧定螺钉[M3×3]-2
2023-11-09 11:49:50,249 INFO  ExportHelperExtension.cs: 1145 - Found 0 features of type [CoordSys] in 内六角紧定螺钉[M3×3]-2
2023-11-09 11:49:50,250 INFO  ExportHelperExtension.cs: 1125 - Retrieving features of type [CoordSys] from 调整垫片[4×10×0.5]-194
2023-11-09 11:49:50,250 INFO  ExportHelperExtension.cs: 1136 - Found 27 in 调整垫片[4×10×0.5]-194
2023-11-09 11:49:50,250 INFO  ExportHelperExtension.cs: 1145 - Found 0 features of type [CoordSys] in 调整垫片[4×10×0.5]-194
2023-11-09 11:49:50,251 INFO  ExportHelperExtension.cs: 1125 - Retrieving features of type [CoordSys] from 铜套[4×8×4]-93
2023-11-09 11:49:50,251 INFO  ExportHelperExtension.cs: 1136 - Found 28 in 铜套[4×8×4]-93
2023-11-09 11:49:50,251 INFO  ExportHelperExtension.cs: 1145 - Found 0 features of type [CoordSys] in 铜套[4×8×4]-93
2023-11-09 11:49:50,251 INFO  ExportHelperExtension.cs: 1125 - Retrieving features of type [CoordSys] from 圆柱销[M4×35]-2
2023-11-09 11:49:50,251 INFO  ExportHelperExtension.cs: 1136 - Found 28 in 圆柱销[M4×35]-2
2023-11-09 11:49:50,252 INFO  ExportHelperExtension.cs: 1145 - Found 0 features of type [CoordSys] in 圆柱销[M4×35]-2
2023-11-09 11:49:50,252 INFO  ExportHelperExtension.cs: 1125 - Retrieving features of type [CoordSys] from 铜套[4×8×4]-85
2023-11-09 11:49:50,253 INFO  ExportHelperExtension.cs: 1136 - Found 28 in 铜套[4×8×4]-85
2023-11-09 11:49:50,253 INFO  ExportHelperExtension.cs: 1145 - Found 0 features of type [CoordSys] in 铜套[4×8×4]-85
2023-11-09 11:49:50,253 INFO  ExportHelperExtension.cs: 1125 - Retrieving features of type [CoordSys] from 内六角紧定螺钉[M3×3]-4
2023-11-09 11:49:50,254 INFO  ExportHelperExtension.cs: 1136 - Found 33 in 内六角紧定螺钉[M3×3]-4
2023-11-09 11:49:50,254 INFO  ExportHelperExtension.cs: 1145 - Found 0 features of type [CoordSys] in 内六角紧定螺钉[M3×3]-4
2023-11-09 11:49:50,255 INFO  ExportHelperExtension.cs: 1125 - Retrieving features of type [CoordSys] from 无油复合轴承[4×6×8]-1
2023-11-09 11:49:50,255 INFO  ExportHelperExtension.cs: 1136 - Found 30 in 无油复合轴承[4×6×8]-1
2023-11-09 11:49:50,255 INFO  ExportHelperExtension.cs: 1145 - Found 0 features of type [CoordSys] in 无油复合轴承[4×6×8]-1
2023-11-09 11:49:50,256 INFO  ExportHelperExtension.cs: 1125 - Retrieving features of type [CoordSys] from 无油复合轴承[4×6×8]-2
2023-11-09 11:49:50,256 INFO  ExportHelperExtension.cs: 1136 - Found 30 in 无油复合轴承[4×6×8]-2
2023-11-09 11:49:50,257 INFO  ExportHelperExtension.cs: 1145 - Found 0 features of type [CoordSys] in 无油复合轴承[4×6×8]-2
2023-11-09 11:49:50,257 INFO  ExportHelperExtension.cs: 1125 - Retrieving features of type [CoordSys] from 调整垫片[4×10×0.5]-144
2023-11-09 11:49:50,257 INFO  ExportHelperExtension.cs: 1136 - Found 27 in 调整垫片[4×10×0.5]-144
2023-11-09 11:49:50,258 INFO  ExportHelperExtension.cs: 1145 - Found 0 features of type [CoordSys] in 调整垫片[4×10×0.5]-144
2023-11-09 11:49:50,258 INFO  ExportHelperExtension.cs: 1125 - Retrieving features of type [CoordSys] from 铜套[4×8×4]-81
2023-11-09 11:49:50,258 INFO  ExportHelperExtension.cs: 1136 - Found 28 in 铜套[4×8×4]-81
2023-11-09 11:49:50,259 INFO  ExportHelperExtension.cs: 1145 - Found 0 features of type [CoordSys] in 铜套[4×8×4]-81
2023-11-09 11:49:50,259 INFO  ExportHelperExtension.cs: 1125 - Retrieving features of type [CoordSys] from 开口挡圈[M3]-34
2023-11-09 11:49:50,259 INFO  ExportHelperExtension.cs: 1136 - Found 27 in 开口挡圈[M3]-34
2023-11-09 11:49:50,260 INFO  ExportHelperExtension.cs: 1145 - Found 0 features of type [CoordSys] in 开口挡圈[M3]-34
2023-11-09 11:49:50,260 INFO  ExportHelperExtension.cs: 1125 - Retrieving features of type [CoordSys] from 铜套[4×8×4]-88
2023-11-09 11:49:50,260 INFO  ExportHelperExtension.cs: 1136 - Found 28 in 铜套[4×8×4]-88
2023-11-09 11:49:50,261 INFO  ExportHelperExtension.cs: 1145 - Found 0 features of type [CoordSys] in 铜套[4×8×4]-88
2023-11-09 11:49:50,261 INFO  ExportHelperExtension.cs: 1125 - Retrieving features of type [CoordSys] from 圆柱销[M4×35]-7
2023-11-09 11:49:50,261 INFO  ExportHelperExtension.cs: 1136 - Found 28 in 圆柱销[M4×35]-7
2023-11-09 11:49:50,262 INFO  ExportHelperExtension.cs: 1145 - Found 0 features of type [CoordSys] in 圆柱销[M4×35]-7
2023-11-09 11:49:50,262 INFO  ExportHelperExtension.cs: 1125 - Retrieving features of type [CoordSys] from 铜套[4×8×4]-79
2023-11-09 11:49:50,263 INFO  ExportHelperExtension.cs: 1136 - Found 28 in 铜套[4×8×4]-79
2023-11-09 11:49:50,263 INFO  ExportHelperExtension.cs: 1145 - Found 0 features of type [CoordSys] in 铜套[4×8×4]-79
2023-11-09 11:49:50,263 INFO  ExportHelperExtension.cs: 1125 - Retrieving features of type [CoordSys] from 钢套[4×6×8]-5
2023-11-09 11:49:50,264 INFO  ExportHelperExtension.cs: 1136 - Found 28 in 钢套[4×6×8]-5
2023-11-09 11:49:50,264 INFO  ExportHelperExtension.cs: 1145 - Found 0 features of type [CoordSys] in 钢套[4×6×8]-5
2023-11-09 11:49:50,264 INFO  ExportHelperExtension.cs: 1125 - Retrieving features of type [CoordSys] from 无油复合轴承[4×6×8]-6
2023-11-09 11:49:50,265 INFO  ExportHelperExtension.cs: 1136 - Found 30 in 无油复合轴承[4×6×8]-6
2023-11-09 11:49:50,265 INFO  ExportHelperExtension.cs: 1145 - Found 0 features of type [CoordSys] in 无油复合轴承[4×6×8]-6
2023-11-09 11:49:50,266 INFO  ExportHelperExtension.cs: 1125 - Retrieving features of type [CoordSys] from 无油复合轴承[4×6×8]-7
2023-11-09 11:49:50,266 INFO  ExportHelperExtension.cs: 1136 - Found 30 in 无油复合轴承[4×6×8]-7
2023-11-09 11:49:50,266 INFO  ExportHelperExtension.cs: 1145 - Found 0 features of type [CoordSys] in 无油复合轴承[4×6×8]-7
2023-11-09 11:49:50,267 INFO  ExportHelperExtension.cs: 1125 - Retrieving features of type [CoordSys] from 开口挡圈[M3]-38
2023-11-09 11:49:50,267 INFO  ExportHelperExtension.cs: 1136 - Found 27 in 开口挡圈[M3]-38
2023-11-09 11:49:50,267 INFO  ExportHelperExtension.cs: 1145 - Found 0 features of type [CoordSys] in 开口挡圈[M3]-38
2023-11-09 11:49:50,268 INFO  ExportHelperExtension.cs: 1125 - Retrieving features of type [CoordSys] from 无油复合轴承[4×6×8]-4
2023-11-09 11:49:50,268 INFO  ExportHelperExtension.cs: 1136 - Found 30 in 无油复合轴承[4×6×8]-4
2023-11-09 11:49:50,269 INFO  ExportHelperExtension.cs: 1145 - Found 0 features of type [CoordSys] in 无油复合轴承[4×6×8]-4
2023-11-09 11:49:50,269 INFO  ExportHelperExtension.cs: 1125 - Retrieving features of type [CoordSys] from 无油复合轴承[4×6×8]-5
2023-11-09 11:49:50,269 INFO  ExportHelperExtension.cs: 1136 - Found 30 in 无油复合轴承[4×6×8]-5
2023-11-09 11:49:50,270 INFO  ExportHelperExtension.cs: 1145 - Found 0 features of type [CoordSys] in 无油复合轴承[4×6×8]-5
2023-11-09 11:49:50,270 INFO  ExportHelperExtension.cs: 1125 - Retrieving features of type [CoordSys] from 开口挡圈[M3]-35
2023-11-09 11:49:50,270 INFO  ExportHelperExtension.cs: 1136 - Found 27 in 开口挡圈[M3]-35
2023-11-09 11:49:50,271 INFO  ExportHelperExtension.cs: 1145 - Found 0 features of type [CoordSys] in 开口挡圈[M3]-35
2023-11-09 11:49:50,271 INFO  ExportHelperExtension.cs: 1125 - Retrieving features of type [CoordSys] from 开口挡圈[M3]-40
2023-11-09 11:49:50,271 INFO  ExportHelperExtension.cs: 1136 - Found 27 in 开口挡圈[M3]-40
2023-11-09 11:49:50,272 INFO  ExportHelperExtension.cs: 1145 - Found 0 features of type [CoordSys] in 开口挡圈[M3]-40
2023-11-09 11:49:50,272 INFO  ExportHelperExtension.cs: 1125 - Retrieving features of type [CoordSys] from CTAG2F90-15 指端-2
2023-11-09 11:49:50,273 INFO  ExportHelperExtension.cs: 1136 - Found 40 in CTAG2F90-15 指端-2
2023-11-09 11:49:50,273 INFO  ExportHelperExtension.cs: 1145 - Found 0 features of type [CoordSys] in CTAG2F90-15 指端-2
2023-11-09 11:49:50,273 INFO  ExportHelperExtension.cs: 1125 - Retrieving features of type [CoordSys] from 调整垫片[4×10×0.5]-207
2023-11-09 11:49:50,274 INFO  ExportHelperExtension.cs: 1136 - Found 27 in 调整垫片[4×10×0.5]-207
2023-11-09 11:49:50,274 INFO  ExportHelperExtension.cs: 1145 - Found 0 features of type [CoordSys] in 调整垫片[4×10×0.5]-207
2023-11-09 11:49:50,274 INFO  ExportHelperExtension.cs: 1125 - Retrieving features of type [CoordSys] from 调整垫片[4×10×0.5]-208
2023-11-09 11:49:50,275 INFO  ExportHelperExtension.cs: 1136 - Found 27 in 调整垫片[4×10×0.5]-208
2023-11-09 11:49:50,275 INFO  ExportHelperExtension.cs: 1145 - Found 0 features of type [CoordSys] in 调整垫片[4×10×0.5]-208
2023-11-09 11:49:50,275 INFO  ExportHelperExtension.cs: 1125 - Retrieving features of type [CoordSys] from 调整垫片[4×10×0.5]-209
2023-11-09 11:49:50,276 INFO  ExportHelperExtension.cs: 1136 - Found 27 in 调整垫片[4×10×0.5]-209
2023-11-09 11:49:50,276 INFO  ExportHelperExtension.cs: 1145 - Found 0 features of type [CoordSys] in 调整垫片[4×10×0.5]-209
2023-11-09 11:49:50,277 INFO  ExportHelperExtension.cs: 1125 - Retrieving features of type [CoordSys] from 钢套[4×6×8]-4
2023-11-09 11:49:50,277 INFO  ExportHelperExtension.cs: 1136 - Found 28 in 钢套[4×6×8]-4
2023-11-09 11:49:50,277 INFO  ExportHelperExtension.cs: 1145 - Found 0 features of type [CoordSys] in 钢套[4×6×8]-4
2023-11-09 11:49:50,278 INFO  ExportHelperExtension.cs: 1125 - Retrieving features of type [CoordSys] from 圆柱销[M4×35]-6
2023-11-09 11:49:50,278 INFO  ExportHelperExtension.cs: 1136 - Found 28 in 圆柱销[M4×35]-6
2023-11-09 11:49:50,278 INFO  ExportHelperExtension.cs: 1145 - Found 0 features of type [CoordSys] in 圆柱销[M4×35]-6
2023-11-09 11:49:50,279 INFO  ExportHelperExtension.cs: 1125 - Retrieving features of type [CoordSys] from 无油复合轴承[4×6×8]-8
2023-11-09 11:49:50,279 INFO  ExportHelperExtension.cs: 1136 - Found 30 in 无油复合轴承[4×6×8]-8
2023-11-09 11:49:50,280 INFO  ExportHelperExtension.cs: 1145 - Found 0 features of type [CoordSys] in 无油复合轴承[4×6×8]-8
2023-11-09 11:49:50,280 INFO  ExportHelperExtension.cs: 1125 - Retrieving features of type [CoordSys] from 无油复合轴承[4×6×8]-9
2023-11-09 11:49:50,280 INFO  ExportHelperExtension.cs: 1136 - Found 30 in 无油复合轴承[4×6×8]-9
2023-11-09 11:49:50,281 INFO  ExportHelperExtension.cs: 1145 - Found 0 features of type [CoordSys] in 无油复合轴承[4×6×8]-9
2023-11-09 11:49:50,281 INFO  ExportHelperExtension.cs: 1125 - Retrieving features of type [CoordSys] from 铜套[4×8×4]-80
2023-11-09 11:49:50,293 INFO  ExportHelperExtension.cs: 1136 - Found 28 in 铜套[4×8×4]-80
2023-11-09 11:49:50,293 INFO  ExportHelperExtension.cs: 1145 - Found 0 features of type [CoordSys] in 铜套[4×8×4]-80
2023-11-09 11:49:50,294 INFO  ExportHelperExtension.cs: 1125 - Retrieving features of type [CoordSys] from 开口挡圈[M3]-37
2023-11-09 11:49:50,294 INFO  ExportHelperExtension.cs: 1136 - Found 27 in 开口挡圈[M3]-37
2023-11-09 11:49:50,295 INFO  ExportHelperExtension.cs: 1145 - Found 0 features of type [CoordSys] in 开口挡圈[M3]-37
2023-11-09 11:49:50,295 INFO  ExportHelperExtension.cs: 1125 - Retrieving features of type [CoordSys] from 内六角圆柱头螺钉[M3×30]-1
2023-11-09 11:49:50,295 INFO  ExportHelperExtension.cs: 1136 - Found 35 in 内六角圆柱头螺钉[M3×30]-1
2023-11-09 11:49:50,296 INFO  ExportHelperExtension.cs: 1145 - Found 0 features of type [CoordSys] in 内六角圆柱头螺钉[M3×30]-1
2023-11-09 11:49:50,296 INFO  ExportHelperExtension.cs: 1125 - Retrieving features of type [CoordSys] from 十字槽沉头螺钉[M3×10]-6
2023-11-09 11:49:50,297 INFO  ExportHelperExtension.cs: 1136 - Found 81 in 十字槽沉头螺钉[M3×10]-6
2023-11-09 11:49:50,297 INFO  ExportHelperExtension.cs: 1145 - Found 0 features of type [CoordSys] in 十字槽沉头螺钉[M3×10]-6
2023-11-09 11:49:50,298 INFO  ExportHelperExtension.cs: 1125 - Retrieving features of type [CoordSys] from 调整垫片[4×6×0.5]-209
2023-11-09 11:49:50,298 INFO  ExportHelperExtension.cs: 1136 - Found 27 in 调整垫片[4×6×0.5]-209
2023-11-09 11:49:50,298 INFO  ExportHelperExtension.cs: 1145 - Found 0 features of type [CoordSys] in 调整垫片[4×6×0.5]-209
2023-11-09 11:49:50,299 INFO  ExportHelperExtension.cs: 1125 - Retrieving features of type [CoordSys] from 内六角圆柱头螺钉[M2×6]-4
2023-11-09 11:49:50,299 INFO  ExportHelperExtension.cs: 1136 - Found 35 in 内六角圆柱头螺钉[M2×6]-4
2023-11-09 11:49:50,300 INFO  ExportHelperExtension.cs: 1145 - Found 0 features of type [CoordSys] in 内六角圆柱头螺钉[M2×6]-4
2023-11-09 11:49:50,300 INFO  ExportHelperExtension.cs: 1125 - Retrieving features of type [CoordSys] from 内六角圆柱头螺钉[M3×30]-2
2023-11-09 11:49:50,300 INFO  ExportHelperExtension.cs: 1136 - Found 35 in 内六角圆柱头螺钉[M3×30]-2
2023-11-09 11:49:50,301 INFO  ExportHelperExtension.cs: 1145 - Found 0 features of type [CoordSys] in 内六角圆柱头螺钉[M3×30]-2
2023-11-09 11:49:50,301 INFO  ExportHelperExtension.cs: 1125 - Retrieving features of type [CoordSys] from 调整垫片[4×10×0.5]-210
2023-11-09 11:49:50,302 INFO  ExportHelperExtension.cs: 1136 - Found 27 in 调整垫片[4×10×0.5]-210
2023-11-09 11:49:50,302 INFO  ExportHelperExtension.cs: 1145 - Found 0 features of type [CoordSys] in 调整垫片[4×10×0.5]-210
2023-11-09 11:49:50,303 INFO  ExportHelperExtension.cs: 1125 - Retrieving features of type [CoordSys] from 内六角圆柱头螺钉[M2×6]-6
2023-11-09 11:49:50,303 INFO  ExportHelperExtension.cs: 1136 - Found 35 in 内六角圆柱头螺钉[M2×6]-6
2023-11-09 11:49:50,303 INFO  ExportHelperExtension.cs: 1145 - Found 0 features of type [CoordSys] in 内六角圆柱头螺钉[M2×6]-6
2023-11-09 11:49:50,304 INFO  ExportHelperExtension.cs: 1125 - Retrieving features of type [CoordSys] from 十字槽沉头螺钉[M3×10]-7
2023-11-09 11:49:50,304 INFO  ExportHelperExtension.cs: 1136 - Found 81 in 十字槽沉头螺钉[M3×10]-7
2023-11-09 11:49:50,305 INFO  ExportHelperExtension.cs: 1145 - Found 0 features of type [CoordSys] in 十字槽沉头螺钉[M3×10]-7
2023-11-09 11:49:50,305 INFO  ExportHelperExtension.cs: 1125 - Retrieving features of type [CoordSys] from CTPM3F20.01.15_连接法兰-1
2023-11-09 11:49:50,306 INFO  ExportHelperExtension.cs: 1136 - Found 99 in CTPM3F20.01.15_连接法兰-1
2023-11-09 11:49:50,307 INFO  ExportHelperExtension.cs: 1145 - Found 0 features of type [CoordSys] in CTPM3F20.01.15_连接法兰-1
2023-11-09 11:49:50,307 INFO  ExportHelperExtension.cs: 1125 - Retrieving features of type [CoordSys] from 内六角圆柱头螺钉[M2×6]-2
2023-11-09 11:49:50,307 INFO  ExportHelperExtension.cs: 1136 - Found 35 in 内六角圆柱头螺钉[M2×6]-2
2023-11-09 11:49:50,308 INFO  ExportHelperExtension.cs: 1145 - Found 0 features of type [CoordSys] in 内六角圆柱头螺钉[M2×6]-2
2023-11-09 11:49:50,308 INFO  ExportHelperExtension.cs: 1125 - Retrieving features of type [CoordSys] from 金属电缆防水接头[M10×1.5适用电缆3-6.5]-1
2023-11-09 11:49:50,309 INFO  ExportHelperExtension.cs: 1136 - Found 44 in 金属电缆防水接头[M10×1.5适用电缆3-6.5]-1
2023-11-09 11:49:50,309 INFO  ExportHelperExtension.cs: 1145 - Found 0 features of type [CoordSys] in 金属电缆防水接头[M10×1.5适用电缆3-6.5]-1
2023-11-09 11:49:50,309 INFO  ExportHelperExtension.cs: 1125 - Retrieving features of type [CoordSys] from 内六角圆柱头螺钉[M2×6]-1
2023-11-09 11:49:50,310 INFO  ExportHelperExtension.cs: 1136 - Found 35 in 内六角圆柱头螺钉[M2×6]-1
2023-11-09 11:49:50,310 INFO  ExportHelperExtension.cs: 1145 - Found 0 features of type [CoordSys] in 内六角圆柱头螺钉[M2×6]-1
2023-11-09 11:49:50,311 INFO  ExportHelperExtension.cs: 1125 - Retrieving features of type [CoordSys] from 调整垫片[4×10×0.5]-215
2023-11-09 11:49:50,311 INFO  ExportHelperExtension.cs: 1136 - Found 27 in 调整垫片[4×10×0.5]-215
2023-11-09 11:49:50,311 INFO  ExportHelperExtension.cs: 1145 - Found 0 features of type [CoordSys] in 调整垫片[4×10×0.5]-215
2023-11-09 11:49:50,312 INFO  ExportHelperExtension.cs: 1125 - Retrieving features of type [CoordSys] from 十字槽沉头螺钉[M3×10]-10
2023-11-09 11:49:50,312 INFO  ExportHelperExtension.cs: 1136 - Found 81 in 十字槽沉头螺钉[M3×10]-10
2023-11-09 11:49:50,313 INFO  ExportHelperExtension.cs: 1145 - Found 0 features of type [CoordSys] in 十字槽沉头螺钉[M3×10]-10
2023-11-09 11:49:50,313 INFO  ExportHelperExtension.cs: 1125 - Retrieving features of type [CoordSys] from 调整垫片[4×10×0.5]-212
2023-11-09 11:49:50,314 INFO  ExportHelperExtension.cs: 1136 - Found 27 in 调整垫片[4×10×0.5]-212
2023-11-09 11:49:50,314 INFO  ExportHelperExtension.cs: 1145 - Found 0 features of type [CoordSys] in 调整垫片[4×10×0.5]-212
2023-11-09 11:49:50,314 INFO  ExportHelperExtension.cs: 1125 - Retrieving features of type [CoordSys] from 调整垫片[4×6×0.5]-213
2023-11-09 11:49:50,315 INFO  ExportHelperExtension.cs: 1136 - Found 27 in 调整垫片[4×6×0.5]-213
2023-11-09 11:49:50,315 INFO  ExportHelperExtension.cs: 1145 - Found 0 features of type [CoordSys] in 调整垫片[4×6×0.5]-213
2023-11-09 11:49:50,316 INFO  ExportHelperExtension.cs: 1125 - Retrieving features of type [CoordSys] from 调整垫片[4×10×0.5]-216
2023-11-09 11:49:50,316 INFO  ExportHelperExtension.cs: 1136 - Found 27 in 调整垫片[4×10×0.5]-216
2023-11-09 11:49:50,316 INFO  ExportHelperExtension.cs: 1145 - Found 0 features of type [CoordSys] in 调整垫片[4×10×0.5]-216
2023-11-09 11:49:50,317 INFO  ExportHelperExtension.cs: 1125 - Retrieving features of type [CoordSys] from 调整垫片[4×6×0.5]-214
2023-11-09 11:49:50,317 INFO  ExportHelperExtension.cs: 1136 - Found 27 in 调整垫片[4×6×0.5]-214
2023-11-09 11:49:50,318 INFO  ExportHelperExtension.cs: 1145 - Found 0 features of type [CoordSys] in 调整垫片[4×6×0.5]-214
2023-11-09 11:49:50,318 INFO  ExportHelperExtension.cs: 1125 - Retrieving features of type [CoordSys] from 开口挡圈[M3]-42
2023-11-09 11:49:50,318 INFO  ExportHelperExtension.cs: 1136 - Found 27 in 开口挡圈[M3]-42
2023-11-09 11:49:50,319 INFO  ExportHelperExtension.cs: 1145 - Found 0 features of type [CoordSys] in 开口挡圈[M3]-42
2023-11-09 11:49:50,319 INFO  ExportHelperExtension.cs: 1125 - Retrieving features of type [CoordSys] from 调整垫片[4×6×0.5]-211
2023-11-09 11:49:50,320 INFO  ExportHelperExtension.cs: 1136 - Found 27 in 调整垫片[4×6×0.5]-211
2023-11-09 11:49:50,320 INFO  ExportHelperExtension.cs: 1145 - Found 0 features of type [CoordSys] in 调整垫片[4×6×0.5]-211
2023-11-09 11:49:50,320 INFO  ExportHelperExtension.cs: 1125 - Retrieving features of type [CoordSys] from 十字槽沉头螺钉[M3×10]-9
2023-11-09 11:49:50,321 INFO  ExportHelperExtension.cs: 1136 - Found 81 in 十字槽沉头螺钉[M3×10]-9
2023-11-09 11:49:50,321 INFO  ExportHelperExtension.cs: 1145 - Found 0 features of type [CoordSys] in 十字槽沉头螺钉[M3×10]-9
2023-11-09 11:49:50,322 INFO  ExportHelperExtension.cs: 1125 - Retrieving features of type [RefAxis] from CTAG2F90-C-00 两指平动手.SLDASM
2023-11-09 11:49:50,322 INFO  ExportHelperExtension.cs: 1136 - Found 250 in CTAG2F90-C-00 两指平动手.SLDASM
2023-11-09 11:49:50,323 INFO  ExportHelperExtension.cs: 1145 - Found 8 features of type [RefAxis] in CTAG2F90-C-00 两指平动手.SLDASM
2023-11-09 11:49:50,324 INFO  ExportHelperExtension.cs: 1148 - Proceeding through assembly components
2023-11-09 11:49:50,324 INFO  ExportHelperExtension.cs: 1160 - 98 components to check
2023-11-09 11:49:50,324 INFO  ExportHelperExtension.cs: 1125 - Retrieving features of type [RefAxis] from CTAG2F90-13 圆柱销23-13
2023-11-09 11:49:50,325 INFO  ExportHelperExtension.cs: 1136 - Found 31 in CTAG2F90-13 圆柱销23-13
2023-11-09 11:49:50,325 INFO  ExportHelperExtension.cs: 1145 - Found 0 features of type [RefAxis] in CTAG2F90-13 圆柱销23-13
2023-11-09 11:49:50,325 INFO  ExportHelperExtension.cs: 1125 - Retrieving features of type [RefAxis] from CTAG2F90-13 圆柱销23-9
2023-11-09 11:49:50,325 INFO  ExportHelperExtension.cs: 1136 - Found 31 in CTAG2F90-13 圆柱销23-9
2023-11-09 11:49:50,326 INFO  ExportHelperExtension.cs: 1145 - Found 0 features of type [RefAxis] in CTAG2F90-13 圆柱销23-9
2023-11-09 11:49:50,326 INFO  ExportHelperExtension.cs: 1125 - Retrieving features of type [RefAxis] from CTAG2F90-05 随动连杆-2
2023-11-09 11:49:50,327 INFO  ExportHelperExtension.cs: 1136 - Found 44 in CTAG2F90-05 随动连杆-2
2023-11-09 11:49:50,327 INFO  ExportHelperExtension.cs: 1145 - Found 0 features of type [RefAxis] in CTAG2F90-05 随动连杆-2
2023-11-09 11:49:50,327 INFO  ExportHelperExtension.cs: 1125 - Retrieving features of type [RefAxis] from CTAG2F90-06 指端连杆-2
2023-11-09 11:49:50,328 INFO  ExportHelperExtension.cs: 1136 - Found 51 in CTAG2F90-06 指端连杆-2
2023-11-09 11:49:50,328 INFO  ExportHelperExtension.cs: 1145 - Found 0 features of type [RefAxis] in CTAG2F90-06 指端连杆-2
2023-11-09 11:49:50,329 INFO  ExportHelperExtension.cs: 1125 - Retrieving features of type [RefAxis] from CTAG2F90-09 摆动连杆-2
2023-11-09 11:49:50,329 INFO  ExportHelperExtension.cs: 1136 - Found 43 in CTAG2F90-09 摆动连杆-2
2023-11-09 11:49:50,330 INFO  ExportHelperExtension.cs: 1145 - Found 0 features of type [RefAxis] in CTAG2F90-09 摆动连杆-2
2023-11-09 11:49:50,330 INFO  ExportHelperExtension.cs: 1125 - Retrieving features of type [RefAxis] from CTAG2F90-05 随动连杆-3
2023-11-09 11:49:50,331 INFO  ExportHelperExtension.cs: 1136 - Found 44 in CTAG2F90-05 随动连杆-3
2023-11-09 11:49:50,331 INFO  ExportHelperExtension.cs: 1145 - Found 0 features of type [RefAxis] in CTAG2F90-05 随动连杆-3
2023-11-09 11:49:50,331 INFO  ExportHelperExtension.cs: 1125 - Retrieving features of type [RefAxis] from CTAG2F90-09 摆动连杆-3
2023-11-09 11:49:50,332 INFO  ExportHelperExtension.cs: 1136 - Found 43 in CTAG2F90-09 摆动连杆-3
2023-11-09 11:49:50,332 INFO  ExportHelperExtension.cs: 1145 - Found 0 features of type [RefAxis] in CTAG2F90-09 摆动连杆-3
2023-11-09 11:49:50,332 INFO  ExportHelperExtension.cs: 1125 - Retrieving features of type [RefAxis] from CTAG2F90-09 摆动连杆-4
2023-11-09 11:49:50,333 INFO  ExportHelperExtension.cs: 1136 - Found 43 in CTAG2F90-09 摆动连杆-4
2023-11-09 11:49:50,333 INFO  ExportHelperExtension.cs: 1145 - Found 0 features of type [RefAxis] in CTAG2F90-09 摆动连杆-4
2023-11-09 11:49:50,334 INFO  ExportHelperExtension.cs: 1125 - Retrieving features of type [RefAxis] from CTAG2F90-C-04 机体外壳-1
2023-11-09 11:49:50,334 INFO  ExportHelperExtension.cs: 1136 - Found 33 in CTAG2F90-C-04 机体外壳-1
2023-11-09 11:49:50,334 INFO  ExportHelperExtension.cs: 1145 - Found 0 features of type [RefAxis] in CTAG2F90-C-04 机体外壳-1
2023-11-09 11:49:50,335 INFO  ExportHelperExtension.cs: 1125 - Retrieving features of type [RefAxis] from 内六角紧定螺钉[M3×3]-8
2023-11-09 11:49:50,335 INFO  ExportHelperExtension.cs: 1136 - Found 33 in 内六角紧定螺钉[M3×3]-8
2023-11-09 11:49:50,336 INFO  ExportHelperExtension.cs: 1145 - Found 0 features of type [RefAxis] in 内六角紧定螺钉[M3×3]-8
2023-11-09 11:49:50,336 INFO  ExportHelperExtension.cs: 1125 - Retrieving features of type [RefAxis] from 调整垫片[4×10×0.5]-204
2023-11-09 11:49:50,336 INFO  ExportHelperExtension.cs: 1136 - Found 27 in 调整垫片[4×10×0.5]-204
2023-11-09 11:49:50,337 INFO  ExportHelperExtension.cs: 1145 - Found 0 features of type [RefAxis] in 调整垫片[4×10×0.5]-204
2023-11-09 11:49:50,337 INFO  ExportHelperExtension.cs: 1125 - Retrieving features of type [RefAxis] from 铜套[4×8×4]-94
2023-11-09 11:49:50,337 INFO  ExportHelperExtension.cs: 1136 - Found 28 in 铜套[4×8×4]-94
2023-11-09 11:49:50,338 INFO  ExportHelperExtension.cs: 1145 - Found 0 features of type [RefAxis] in 铜套[4×8×4]-94
2023-11-09 11:49:50,338 INFO  ExportHelperExtension.cs: 1125 - Retrieving features of type [RefAxis] from 铜套[4×8×4]-95
2023-11-09 11:49:50,339 INFO  ExportHelperExtension.cs: 1136 - Found 28 in 铜套[4×8×4]-95
2023-11-09 11:49:50,339 INFO  ExportHelperExtension.cs: 1145 - Found 0 features of type [RefAxis] in 铜套[4×8×4]-95
2023-11-09 11:49:50,339 INFO  ExportHelperExtension.cs: 1125 - Retrieving features of type [RefAxis] from 铜套[4×8×4]-63
2023-11-09 11:49:50,340 INFO  ExportHelperExtension.cs: 1136 - Found 28 in 铜套[4×8×4]-63
2023-11-09 11:49:50,340 INFO  ExportHelperExtension.cs: 1145 - Found 0 features of type [RefAxis] in 铜套[4×8×4]-63
2023-11-09 11:49:50,340 INFO  ExportHelperExtension.cs: 1125 - Retrieving features of type [RefAxis] from CTAG2F90-05 随动连杆-4
2023-11-09 11:49:50,341 INFO  ExportHelperExtension.cs: 1136 - Found 44 in CTAG2F90-05 随动连杆-4
2023-11-09 11:49:50,341 INFO  ExportHelperExtension.cs: 1145 - Found 0 features of type [RefAxis] in CTAG2F90-05 随动连杆-4
2023-11-09 11:49:50,342 INFO  ExportHelperExtension.cs: 1125 - Retrieving features of type [RefAxis] from 内六角紧定螺钉[M3×3]-7
2023-11-09 11:49:50,342 INFO  ExportHelperExtension.cs: 1136 - Found 33 in 内六角紧定螺钉[M3×3]-7
2023-11-09 11:49:50,342 INFO  ExportHelperExtension.cs: 1145 - Found 0 features of type [RefAxis] in 内六角紧定螺钉[M3×3]-7
2023-11-09 11:49:50,343 INFO  ExportHelperExtension.cs: 1125 - Retrieving features of type [RefAxis] from 调整垫片[4×10×0.5]-205
2023-11-09 11:49:50,343 INFO  ExportHelperExtension.cs: 1136 - Found 27 in 调整垫片[4×10×0.5]-205
2023-11-09 11:49:50,344 INFO  ExportHelperExtension.cs: 1145 - Found 0 features of type [RefAxis] in 调整垫片[4×10×0.5]-205
2023-11-09 11:49:50,344 INFO  ExportHelperExtension.cs: 1125 - Retrieving features of type [RefAxis] from CTAG2F90-13 圆柱销23-14
2023-11-09 11:49:50,344 INFO  ExportHelperExtension.cs: 1136 - Found 31 in CTAG2F90-13 圆柱销23-14
2023-11-09 11:49:50,345 INFO  ExportHelperExtension.cs: 1145 - Found 0 features of type [RefAxis] in CTAG2F90-13 圆柱销23-14
2023-11-09 11:49:50,345 INFO  ExportHelperExtension.cs: 1125 - Retrieving features of type [RefAxis] from 调整垫片[4×10×0.5]-199
2023-11-09 11:49:50,346 INFO  ExportHelperExtension.cs: 1136 - Found 27 in 调整垫片[4×10×0.5]-199
2023-11-09 11:49:50,346 INFO  ExportHelperExtension.cs: 1145 - Found 0 features of type [RefAxis] in 调整垫片[4×10×0.5]-199
2023-11-09 11:49:50,347 INFO  ExportHelperExtension.cs: 1125 - Retrieving features of type [RefAxis] from 调整垫片[4×10×0.5]-200
2023-11-09 11:49:50,347 INFO  ExportHelperExtension.cs: 1136 - Found 27 in 调整垫片[4×10×0.5]-200
2023-11-09 11:49:50,347 INFO  ExportHelperExtension.cs: 1145 - Found 0 features of type [RefAxis] in 调整垫片[4×10×0.5]-200
2023-11-09 11:49:50,348 INFO  ExportHelperExtension.cs: 1125 - Retrieving features of type [RefAxis] from 铜套[4×8×4]-96
2023-11-09 11:49:50,348 INFO  ExportHelperExtension.cs: 1136 - Found 28 in 铜套[4×8×4]-96
2023-11-09 11:49:50,349 INFO  ExportHelperExtension.cs: 1145 - Found 0 features of type [RefAxis] in 铜套[4×8×4]-96
2023-11-09 11:49:50,349 INFO  ExportHelperExtension.cs: 1125 - Retrieving features of type [RefAxis] from 调整垫片[4×10×0.5]-203
2023-11-09 11:49:50,349 INFO  ExportHelperExtension.cs: 1136 - Found 27 in 调整垫片[4×10×0.5]-203
2023-11-09 11:49:50,350 INFO  ExportHelperExtension.cs: 1145 - Found 0 features of type [RefAxis] in 调整垫片[4×10×0.5]-203
2023-11-09 11:49:50,350 INFO  ExportHelperExtension.cs: 1125 - Retrieving features of type [RefAxis] from 调整垫片[4×10×0.5]-198
2023-11-09 11:49:50,351 INFO  ExportHelperExtension.cs: 1136 - Found 27 in 调整垫片[4×10×0.5]-198
2023-11-09 11:49:50,351 INFO  ExportHelperExtension.cs: 1145 - Found 0 features of type [RefAxis] in 调整垫片[4×10×0.5]-198
2023-11-09 11:49:50,351 INFO  ExportHelperExtension.cs: 1125 - Retrieving features of type [RefAxis] from 调整垫片[4×10×0.5]-195
2023-11-09 11:49:50,352 INFO  ExportHelperExtension.cs: 1136 - Found 27 in 调整垫片[4×10×0.5]-195
2023-11-09 11:49:50,352 INFO  ExportHelperExtension.cs: 1145 - Found 0 features of type [RefAxis] in 调整垫片[4×10×0.5]-195
2023-11-09 11:49:50,352 INFO  ExportHelperExtension.cs: 1125 - Retrieving features of type [RefAxis] from 调整垫片[4×10×0.5]-202
2023-11-09 11:49:50,353 INFO  ExportHelperExtension.cs: 1136 - Found 27 in 调整垫片[4×10×0.5]-202
2023-11-09 11:49:50,353 INFO  ExportHelperExtension.cs: 1145 - Found 0 features of type [RefAxis] in 调整垫片[4×10×0.5]-202
2023-11-09 11:49:50,353 INFO  ExportHelperExtension.cs: 1125 - Retrieving features of type [RefAxis] from 调整垫片[4×10×0.5]-197
2023-11-09 11:49:50,353 INFO  ExportHelperExtension.cs: 1136 - Found 27 in 调整垫片[4×10×0.5]-197
2023-11-09 11:49:50,353 INFO  ExportHelperExtension.cs: 1145 - Found 0 features of type [RefAxis] in 调整垫片[4×10×0.5]-197
2023-11-09 11:49:50,354 INFO  ExportHelperExtension.cs: 1125 - Retrieving features of type [RefAxis] from 铜套[4×8×4]-82
2023-11-09 11:49:50,354 INFO  ExportHelperExtension.cs: 1136 - Found 28 in 铜套[4×8×4]-82
2023-11-09 11:49:50,354 INFO  ExportHelperExtension.cs: 1145 - Found 0 features of type [RefAxis] in 铜套[4×8×4]-82
2023-11-09 11:49:50,355 INFO  ExportHelperExtension.cs: 1125 - Retrieving features of type [RefAxis] from 铜套[4×8×4]-87
2023-11-09 11:49:50,355 INFO  ExportHelperExtension.cs: 1136 - Found 28 in 铜套[4×8×4]-87
2023-11-09 11:49:50,355 INFO  ExportHelperExtension.cs: 1145 - Found 0 features of type [RefAxis] in 铜套[4×8×4]-87
2023-11-09 11:49:50,356 INFO  ExportHelperExtension.cs: 1125 - Retrieving features of type [RefAxis] from 铜套[4×8×4]-84
2023-11-09 11:49:50,356 INFO  ExportHelperExtension.cs: 1136 - Found 28 in 铜套[4×8×4]-84
2023-11-09 11:49:50,361 INFO  ExportHelperExtension.cs: 1145 - Found 0 features of type [RefAxis] in 铜套[4×8×4]-84
2023-11-09 11:49:50,361 INFO  ExportHelperExtension.cs: 1125 - Retrieving features of type [RefAxis] from 铜套[4×8×4]-86
2023-11-09 11:49:50,361 INFO  ExportHelperExtension.cs: 1136 - Found 28 in 铜套[4×8×4]-86
2023-11-09 11:49:50,362 INFO  ExportHelperExtension.cs: 1145 - Found 0 features of type [RefAxis] in 铜套[4×8×4]-86
2023-11-09 11:49:50,362 INFO  ExportHelperExtension.cs: 1125 - Retrieving features of type [RefAxis] from 铜套[4×8×4]-83
2023-11-09 11:49:50,362 INFO  ExportHelperExtension.cs: 1136 - Found 28 in 铜套[4×8×4]-83
2023-11-09 11:49:50,363 INFO  ExportHelperExtension.cs: 1145 - Found 0 features of type [RefAxis] in 铜套[4×8×4]-83
2023-11-09 11:49:50,363 INFO  ExportHelperExtension.cs: 1125 - Retrieving features of type [RefAxis] from 开口挡圈[M3]-30
2023-11-09 11:49:50,372 INFO  ExportHelperExtension.cs: 1136 - Found 27 in 开口挡圈[M3]-30
2023-11-09 11:49:50,372 INFO  ExportHelperExtension.cs: 1145 - Found 0 features of type [RefAxis] in 开口挡圈[M3]-30
2023-11-09 11:49:50,373 INFO  ExportHelperExtension.cs: 1125 - Retrieving features of type [RefAxis] from CTAG2F90-05 随动连杆-1
2023-11-09 11:49:50,373 INFO  ExportHelperExtension.cs: 1136 - Found 44 in CTAG2F90-05 随动连杆-1
2023-11-09 11:49:50,374 INFO  ExportHelperExtension.cs: 1145 - Found 0 features of type [RefAxis] in CTAG2F90-05 随动连杆-1
2023-11-09 11:49:50,374 INFO  ExportHelperExtension.cs: 1125 - Retrieving features of type [RefAxis] from CTAG2F90-C-12 航插连接板-1
2023-11-09 11:49:50,374 INFO  ExportHelperExtension.cs: 1136 - Found 48 in CTAG2F90-C-12 航插连接板-1
2023-11-09 11:49:50,374 INFO  ExportHelperExtension.cs: 1145 - Found 0 features of type [RefAxis] in CTAG2F90-C-12 航插连接板-1
2023-11-09 11:49:50,374 INFO  ExportHelperExtension.cs: 1125 - Retrieving features of type [RefAxis] from 钢套[4×6×8]-2
2023-11-09 11:49:50,375 INFO  ExportHelperExtension.cs: 1136 - Found 28 in 钢套[4×6×8]-2
2023-11-09 11:49:50,375 INFO  ExportHelperExtension.cs: 1145 - Found 0 features of type [RefAxis] in 钢套[4×6×8]-2
2023-11-09 11:49:50,376 INFO  ExportHelperExtension.cs: 1125 - Retrieving features of type [RefAxis] from CTAG2F90-09 摆动连杆-1
2023-11-09 11:49:50,376 INFO  ExportHelperExtension.cs: 1136 - Found 43 in CTAG2F90-09 摆动连杆-1
2023-11-09 11:49:50,377 INFO  ExportHelperExtension.cs: 1145 - Found 0 features of type [RefAxis] in CTAG2F90-09 摆动连杆-1
2023-11-09 11:49:50,377 INFO  ExportHelperExtension.cs: 1125 - Retrieving features of type [RefAxis] from 开口挡圈[M3]-32
2023-11-09 11:49:50,377 INFO  ExportHelperExtension.cs: 1136 - Found 27 in 开口挡圈[M3]-32
2023-11-09 11:49:50,378 INFO  ExportHelperExtension.cs: 1145 - Found 0 features of type [RefAxis] in 开口挡圈[M3]-32
2023-11-09 11:49:50,378 INFO  ExportHelperExtension.cs: 1125 - Retrieving features of type [RefAxis] from CTAG2F90-15 指端-1
2023-11-09 11:49:50,378 INFO  ExportHelperExtension.cs: 1136 - Found 40 in CTAG2F90-15 指端-1
2023-11-09 11:49:50,379 INFO  ExportHelperExtension.cs: 1145 - Found 0 features of type [RefAxis] in CTAG2F90-15 指端-1
2023-11-09 11:49:50,379 INFO  ExportHelperExtension.cs: 1125 - Retrieving features of type [RefAxis] from 调整垫片[4×10×0.5]-161
2023-11-09 11:49:50,380 INFO  ExportHelperExtension.cs: 1136 - Found 27 in 调整垫片[4×10×0.5]-161
2023-11-09 11:49:50,380 INFO  ExportHelperExtension.cs: 1145 - Found 0 features of type [RefAxis] in 调整垫片[4×10×0.5]-161
2023-11-09 11:49:50,380 INFO  ExportHelperExtension.cs: 1125 - Retrieving features of type [RefAxis] from 钢套[4×6×8]-1
2023-11-09 11:49:50,381 INFO  ExportHelperExtension.cs: 1136 - Found 28 in 钢套[4×6×8]-1
2023-11-09 11:49:50,381 INFO  ExportHelperExtension.cs: 1145 - Found 0 features of type [RefAxis] in 钢套[4×6×8]-1
2023-11-09 11:49:50,382 INFO  ExportHelperExtension.cs: 1125 - Retrieving features of type [RefAxis] from CTAG2F90-13 圆柱销23-10
2023-11-09 11:49:50,382 INFO  ExportHelperExtension.cs: 1136 - Found 31 in CTAG2F90-13 圆柱销23-10
2023-11-09 11:49:50,382 INFO  ExportHelperExtension.cs: 1145 - Found 0 features of type [RefAxis] in CTAG2F90-13 圆柱销23-10
2023-11-09 11:49:50,383 INFO  ExportHelperExtension.cs: 1125 - Retrieving features of type [RefAxis] from CTAG2F90-06 指端连杆-1
2023-11-09 11:49:50,383 INFO  ExportHelperExtension.cs: 1136 - Found 51 in CTAG2F90-06 指端连杆-1
2023-11-09 11:49:50,384 INFO  ExportHelperExtension.cs: 1145 - Found 0 features of type [RefAxis] in CTAG2F90-06 指端连杆-1
2023-11-09 11:49:50,384 INFO  ExportHelperExtension.cs: 1125 - Retrieving features of type [RefAxis] from 铜套[4×8×4]-59
2023-11-09 11:49:50,385 INFO  ExportHelperExtension.cs: 1136 - Found 28 in 铜套[4×8×4]-59
2023-11-09 11:49:50,385 INFO  ExportHelperExtension.cs: 1145 - Found 0 features of type [RefAxis] in 铜套[4×8×4]-59
2023-11-09 11:49:50,386 INFO  ExportHelperExtension.cs: 1125 - Retrieving features of type [RefAxis] from 圆柱销[M4×35]-1
2023-11-09 11:49:50,386 INFO  ExportHelperExtension.cs: 1136 - Found 28 in 圆柱销[M4×35]-1
2023-11-09 11:49:50,386 INFO  ExportHelperExtension.cs: 1145 - Found 0 features of type [RefAxis] in 圆柱销[M4×35]-1
2023-11-09 11:49:50,387 INFO  ExportHelperExtension.cs: 1125 - Retrieving features of type [RefAxis] from 调整垫片[4×10×0.5]-151
2023-11-09 11:49:50,387 INFO  ExportHelperExtension.cs: 1136 - Found 27 in 调整垫片[4×10×0.5]-151
2023-11-09 11:49:50,388 INFO  ExportHelperExtension.cs: 1145 - Found 0 features of type [RefAxis] in 调整垫片[4×10×0.5]-151
2023-11-09 11:49:50,388 INFO  ExportHelperExtension.cs: 1125 - Retrieving features of type [RefAxis] from 内六角紧定螺钉[M3×3]-2
2023-11-09 11:49:50,388 INFO  ExportHelperExtension.cs: 1136 - Found 33 in 内六角紧定螺钉[M3×3]-2
2023-11-09 11:49:50,389 INFO  ExportHelperExtension.cs: 1145 - Found 0 features of type [RefAxis] in 内六角紧定螺钉[M3×3]-2
2023-11-09 11:49:50,389 INFO  ExportHelperExtension.cs: 1125 - Retrieving features of type [RefAxis] from 调整垫片[4×10×0.5]-194
2023-11-09 11:49:50,389 INFO  ExportHelperExtension.cs: 1136 - Found 27 in 调整垫片[4×10×0.5]-194
2023-11-09 11:49:50,390 INFO  ExportHelperExtension.cs: 1145 - Found 0 features of type [RefAxis] in 调整垫片[4×10×0.5]-194
2023-11-09 11:49:50,390 INFO  ExportHelperExtension.cs: 1125 - Retrieving features of type [RefAxis] from 铜套[4×8×4]-93
2023-11-09 11:49:50,391 INFO  ExportHelperExtension.cs: 1136 - Found 28 in 铜套[4×8×4]-93
2023-11-09 11:49:50,391 INFO  ExportHelperExtension.cs: 1145 - Found 0 features of type [RefAxis] in 铜套[4×8×4]-93
2023-11-09 11:49:50,391 INFO  ExportHelperExtension.cs: 1125 - Retrieving features of type [RefAxis] from 圆柱销[M4×35]-2
2023-11-09 11:49:50,392 INFO  ExportHelperExtension.cs: 1136 - Found 28 in 圆柱销[M4×35]-2
2023-11-09 11:49:50,392 INFO  ExportHelperExtension.cs: 1145 - Found 0 features of type [RefAxis] in 圆柱销[M4×35]-2
2023-11-09 11:49:50,392 INFO  ExportHelperExtension.cs: 1125 - Retrieving features of type [RefAxis] from 铜套[4×8×4]-85
2023-11-09 11:49:50,393 INFO  ExportHelperExtension.cs: 1136 - Found 28 in 铜套[4×8×4]-85
2023-11-09 11:49:50,393 INFO  ExportHelperExtension.cs: 1145 - Found 0 features of type [RefAxis] in 铜套[4×8×4]-85
2023-11-09 11:49:50,393 INFO  ExportHelperExtension.cs: 1125 - Retrieving features of type [RefAxis] from 内六角紧定螺钉[M3×3]-4
2023-11-09 11:49:50,394 INFO  ExportHelperExtension.cs: 1136 - Found 33 in 内六角紧定螺钉[M3×3]-4
2023-11-09 11:49:50,394 INFO  ExportHelperExtension.cs: 1145 - Found 0 features of type [RefAxis] in 内六角紧定螺钉[M3×3]-4
2023-11-09 11:49:50,394 INFO  ExportHelperExtension.cs: 1125 - Retrieving features of type [RefAxis] from 无油复合轴承[4×6×8]-1
2023-11-09 11:49:50,395 INFO  ExportHelperExtension.cs: 1136 - Found 30 in 无油复合轴承[4×6×8]-1
2023-11-09 11:49:50,395 INFO  ExportHelperExtension.cs: 1145 - Found 0 features of type [RefAxis] in 无油复合轴承[4×6×8]-1
2023-11-09 11:49:50,396 INFO  ExportHelperExtension.cs: 1125 - Retrieving features of type [RefAxis] from 无油复合轴承[4×6×8]-2
2023-11-09 11:49:50,396 INFO  ExportHelperExtension.cs: 1136 - Found 30 in 无油复合轴承[4×6×8]-2
2023-11-09 11:49:50,396 INFO  ExportHelperExtension.cs: 1145 - Found 0 features of type [RefAxis] in 无油复合轴承[4×6×8]-2
2023-11-09 11:49:50,397 INFO  ExportHelperExtension.cs: 1125 - Retrieving features of type [RefAxis] from 调整垫片[4×10×0.5]-144
2023-11-09 11:49:50,397 INFO  ExportHelperExtension.cs: 1136 - Found 27 in 调整垫片[4×10×0.5]-144
2023-11-09 11:49:50,397 INFO  ExportHelperExtension.cs: 1145 - Found 0 features of type [RefAxis] in 调整垫片[4×10×0.5]-144
2023-11-09 11:49:50,398 INFO  ExportHelperExtension.cs: 1125 - Retrieving features of type [RefAxis] from 铜套[4×8×4]-81
2023-11-09 11:49:50,398 INFO  ExportHelperExtension.cs: 1136 - Found 28 in 铜套[4×8×4]-81
2023-11-09 11:49:50,398 INFO  ExportHelperExtension.cs: 1145 - Found 0 features of type [RefAxis] in 铜套[4×8×4]-81
2023-11-09 11:49:50,399 INFO  ExportHelperExtension.cs: 1125 - Retrieving features of type [RefAxis] from 开口挡圈[M3]-34
2023-11-09 11:49:50,399 INFO  ExportHelperExtension.cs: 1136 - Found 27 in 开口挡圈[M3]-34
2023-11-09 11:49:50,400 INFO  ExportHelperExtension.cs: 1145 - Found 0 features of type [RefAxis] in 开口挡圈[M3]-34
2023-11-09 11:49:50,400 INFO  ExportHelperExtension.cs: 1125 - Retrieving features of type [RefAxis] from 铜套[4×8×4]-88
2023-11-09 11:49:50,400 INFO  ExportHelperExtension.cs: 1136 - Found 28 in 铜套[4×8×4]-88
2023-11-09 11:49:50,401 INFO  ExportHelperExtension.cs: 1145 - Found 0 features of type [RefAxis] in 铜套[4×8×4]-88
2023-11-09 11:49:50,401 INFO  ExportHelperExtension.cs: 1125 - Retrieving features of type [RefAxis] from 圆柱销[M4×35]-7
2023-11-09 11:49:50,401 INFO  ExportHelperExtension.cs: 1136 - Found 28 in 圆柱销[M4×35]-7
2023-11-09 11:49:50,402 INFO  ExportHelperExtension.cs: 1145 - Found 0 features of type [RefAxis] in 圆柱销[M4×35]-7
2023-11-09 11:49:50,402 INFO  ExportHelperExtension.cs: 1125 - Retrieving features of type [RefAxis] from 铜套[4×8×4]-79
2023-11-09 11:49:50,402 INFO  ExportHelperExtension.cs: 1136 - Found 28 in 铜套[4×8×4]-79
2023-11-09 11:49:50,403 INFO  ExportHelperExtension.cs: 1145 - Found 0 features of type [RefAxis] in 铜套[4×8×4]-79
2023-11-09 11:49:50,403 INFO  ExportHelperExtension.cs: 1125 - Retrieving features of type [RefAxis] from 钢套[4×6×8]-5
2023-11-09 11:49:50,403 INFO  ExportHelperExtension.cs: 1136 - Found 28 in 钢套[4×6×8]-5
2023-11-09 11:49:50,404 INFO  ExportHelperExtension.cs: 1145 - Found 0 features of type [RefAxis] in 钢套[4×6×8]-5
2023-11-09 11:49:50,404 INFO  ExportHelperExtension.cs: 1125 - Retrieving features of type [RefAxis] from 无油复合轴承[4×6×8]-6
2023-11-09 11:49:50,404 INFO  ExportHelperExtension.cs: 1136 - Found 30 in 无油复合轴承[4×6×8]-6
2023-11-09 11:49:50,405 INFO  ExportHelperExtension.cs: 1145 - Found 0 features of type [RefAxis] in 无油复合轴承[4×6×8]-6
2023-11-09 11:49:50,405 INFO  ExportHelperExtension.cs: 1125 - Retrieving features of type [RefAxis] from 无油复合轴承[4×6×8]-7
2023-11-09 11:49:50,405 INFO  ExportHelperExtension.cs: 1136 - Found 30 in 无油复合轴承[4×6×8]-7
2023-11-09 11:49:50,406 INFO  ExportHelperExtension.cs: 1145 - Found 0 features of type [RefAxis] in 无油复合轴承[4×6×8]-7
2023-11-09 11:49:50,406 INFO  ExportHelperExtension.cs: 1125 - Retrieving features of type [RefAxis] from 开口挡圈[M3]-38
2023-11-09 11:49:50,406 INFO  ExportHelperExtension.cs: 1136 - Found 27 in 开口挡圈[M3]-38
2023-11-09 11:49:50,407 INFO  ExportHelperExtension.cs: 1145 - Found 0 features of type [RefAxis] in 开口挡圈[M3]-38
2023-11-09 11:49:50,407 INFO  ExportHelperExtension.cs: 1125 - Retrieving features of type [RefAxis] from 无油复合轴承[4×6×8]-4
2023-11-09 11:49:50,407 INFO  ExportHelperExtension.cs: 1136 - Found 30 in 无油复合轴承[4×6×8]-4
2023-11-09 11:49:50,408 INFO  ExportHelperExtension.cs: 1145 - Found 0 features of type [RefAxis] in 无油复合轴承[4×6×8]-4
2023-11-09 11:49:50,408 INFO  ExportHelperExtension.cs: 1125 - Retrieving features of type [RefAxis] from 无油复合轴承[4×6×8]-5
2023-11-09 11:49:50,408 INFO  ExportHelperExtension.cs: 1136 - Found 30 in 无油复合轴承[4×6×8]-5
2023-11-09 11:49:50,409 INFO  ExportHelperExtension.cs: 1145 - Found 0 features of type [RefAxis] in 无油复合轴承[4×6×8]-5
2023-11-09 11:49:50,409 INFO  ExportHelperExtension.cs: 1125 - Retrieving features of type [RefAxis] from 开口挡圈[M3]-35
2023-11-09 11:49:50,410 INFO  ExportHelperExtension.cs: 1136 - Found 27 in 开口挡圈[M3]-35
2023-11-09 11:49:50,410 INFO  ExportHelperExtension.cs: 1145 - Found 0 features of type [RefAxis] in 开口挡圈[M3]-35
2023-11-09 11:49:50,410 INFO  ExportHelperExtension.cs: 1125 - Retrieving features of type [RefAxis] from 开口挡圈[M3]-40
2023-11-09 11:49:50,411 INFO  ExportHelperExtension.cs: 1136 - Found 27 in 开口挡圈[M3]-40
2023-11-09 11:49:50,411 INFO  ExportHelperExtension.cs: 1145 - Found 0 features of type [RefAxis] in 开口挡圈[M3]-40
2023-11-09 11:49:50,411 INFO  ExportHelperExtension.cs: 1125 - Retrieving features of type [RefAxis] from CTAG2F90-15 指端-2
2023-11-09 11:49:50,412 INFO  ExportHelperExtension.cs: 1136 - Found 40 in CTAG2F90-15 指端-2
2023-11-09 11:49:50,412 INFO  ExportHelperExtension.cs: 1145 - Found 0 features of type [RefAxis] in CTAG2F90-15 指端-2
2023-11-09 11:49:50,412 INFO  ExportHelperExtension.cs: 1125 - Retrieving features of type [RefAxis] from 调整垫片[4×10×0.5]-207
2023-11-09 11:49:50,413 INFO  ExportHelperExtension.cs: 1136 - Found 27 in 调整垫片[4×10×0.5]-207
2023-11-09 11:49:50,413 INFO  ExportHelperExtension.cs: 1145 - Found 0 features of type [RefAxis] in 调整垫片[4×10×0.5]-207
2023-11-09 11:49:50,414 INFO  ExportHelperExtension.cs: 1125 - Retrieving features of type [RefAxis] from 调整垫片[4×10×0.5]-208
2023-11-09 11:49:50,414 INFO  ExportHelperExtension.cs: 1136 - Found 27 in 调整垫片[4×10×0.5]-208
2023-11-09 11:49:50,414 INFO  ExportHelperExtension.cs: 1145 - Found 0 features of type [RefAxis] in 调整垫片[4×10×0.5]-208
2023-11-09 11:49:50,415 INFO  ExportHelperExtension.cs: 1125 - Retrieving features of type [RefAxis] from 调整垫片[4×10×0.5]-209
2023-11-09 11:49:50,415 INFO  ExportHelperExtension.cs: 1136 - Found 27 in 调整垫片[4×10×0.5]-209
2023-11-09 11:49:50,415 INFO  ExportHelperExtension.cs: 1145 - Found 0 features of type [RefAxis] in 调整垫片[4×10×0.5]-209
2023-11-09 11:49:50,415 INFO  ExportHelperExtension.cs: 1125 - Retrieving features of type [RefAxis] from 钢套[4×6×8]-4
2023-11-09 11:49:50,415 INFO  ExportHelperExtension.cs: 1136 - Found 28 in 钢套[4×6×8]-4
2023-11-09 11:49:50,415 INFO  ExportHelperExtension.cs: 1145 - Found 0 features of type [RefAxis] in 钢套[4×6×8]-4
2023-11-09 11:49:50,416 INFO  ExportHelperExtension.cs: 1125 - Retrieving features of type [RefAxis] from 圆柱销[M4×35]-6
2023-11-09 11:49:50,416 INFO  ExportHelperExtension.cs: 1136 - Found 28 in 圆柱销[M4×35]-6
2023-11-09 11:49:50,417 INFO  ExportHelperExtension.cs: 1145 - Found 0 features of type [RefAxis] in 圆柱销[M4×35]-6
2023-11-09 11:49:50,417 INFO  ExportHelperExtension.cs: 1125 - Retrieving features of type [RefAxis] from 无油复合轴承[4×6×8]-8
2023-11-09 11:49:50,417 INFO  ExportHelperExtension.cs: 1136 - Found 30 in 无油复合轴承[4×6×8]-8
2023-11-09 11:49:50,418 INFO  ExportHelperExtension.cs: 1145 - Found 0 features of type [RefAxis] in 无油复合轴承[4×6×8]-8
2023-11-09 11:49:50,418 INFO  ExportHelperExtension.cs: 1125 - Retrieving features of type [RefAxis] from 无油复合轴承[4×6×8]-9
2023-11-09 11:49:50,418 INFO  ExportHelperExtension.cs: 1136 - Found 30 in 无油复合轴承[4×6×8]-9
2023-11-09 11:49:50,419 INFO  ExportHelperExtension.cs: 1145 - Found 0 features of type [RefAxis] in 无油复合轴承[4×6×8]-9
2023-11-09 11:49:50,419 INFO  ExportHelperExtension.cs: 1125 - Retrieving features of type [RefAxis] from 铜套[4×8×4]-80
2023-11-09 11:49:50,419 INFO  ExportHelperExtension.cs: 1136 - Found 28 in 铜套[4×8×4]-80
2023-11-09 11:49:50,420 INFO  ExportHelperExtension.cs: 1145 - Found 0 features of type [RefAxis] in 铜套[4×8×4]-80
2023-11-09 11:49:50,420 INFO  ExportHelperExtension.cs: 1125 - Retrieving features of type [RefAxis] from 开口挡圈[M3]-37
2023-11-09 11:49:50,421 INFO  ExportHelperExtension.cs: 1136 - Found 27 in 开口挡圈[M3]-37
2023-11-09 11:49:50,421 INFO  ExportHelperExtension.cs: 1145 - Found 0 features of type [RefAxis] in 开口挡圈[M3]-37
2023-11-09 11:49:50,421 INFO  ExportHelperExtension.cs: 1125 - Retrieving features of type [RefAxis] from 内六角圆柱头螺钉[M3×30]-1
2023-11-09 11:49:50,422 INFO  ExportHelperExtension.cs: 1136 - Found 35 in 内六角圆柱头螺钉[M3×30]-1
2023-11-09 11:49:50,422 INFO  ExportHelperExtension.cs: 1145 - Found 0 features of type [RefAxis] in 内六角圆柱头螺钉[M3×30]-1
2023-11-09 11:49:50,422 INFO  ExportHelperExtension.cs: 1125 - Retrieving features of type [RefAxis] from 十字槽沉头螺钉[M3×10]-6
2023-11-09 11:49:50,423 INFO  ExportHelperExtension.cs: 1136 - Found 81 in 十字槽沉头螺钉[M3×10]-6
2023-11-09 11:49:50,424 INFO  ExportHelperExtension.cs: 1145 - Found 0 features of type [RefAxis] in 十字槽沉头螺钉[M3×10]-6
2023-11-09 11:49:50,424 INFO  ExportHelperExtension.cs: 1125 - Retrieving features of type [RefAxis] from 调整垫片[4×6×0.5]-209
2023-11-09 11:49:50,424 INFO  ExportHelperExtension.cs: 1136 - Found 27 in 调整垫片[4×6×0.5]-209
2023-11-09 11:49:50,425 INFO  ExportHelperExtension.cs: 1145 - Found 0 features of type [RefAxis] in 调整垫片[4×6×0.5]-209
2023-11-09 11:49:50,425 INFO  ExportHelperExtension.cs: 1125 - Retrieving features of type [RefAxis] from 内六角圆柱头螺钉[M2×6]-4
2023-11-09 11:49:50,426 INFO  ExportHelperExtension.cs: 1136 - Found 35 in 内六角圆柱头螺钉[M2×6]-4
2023-11-09 11:49:50,426 INFO  ExportHelperExtension.cs: 1145 - Found 0 features of type [RefAxis] in 内六角圆柱头螺钉[M2×6]-4
2023-11-09 11:49:50,426 INFO  ExportHelperExtension.cs: 1125 - Retrieving features of type [RefAxis] from 内六角圆柱头螺钉[M3×30]-2
2023-11-09 11:49:50,427 INFO  ExportHelperExtension.cs: 1136 - Found 35 in 内六角圆柱头螺钉[M3×30]-2
2023-11-09 11:49:50,431 INFO  ExportHelperExtension.cs: 1145 - Found 0 features of type [RefAxis] in 内六角圆柱头螺钉[M3×30]-2
2023-11-09 11:49:50,431 INFO  ExportHelperExtension.cs: 1125 - Retrieving features of type [RefAxis] from 调整垫片[4×10×0.5]-210
2023-11-09 11:49:50,434 INFO  ExportHelperExtension.cs: 1136 - Found 27 in 调整垫片[4×10×0.5]-210
2023-11-09 11:49:50,434 INFO  ExportHelperExtension.cs: 1145 - Found 0 features of type [RefAxis] in 调整垫片[4×10×0.5]-210
2023-11-09 11:49:50,434 INFO  ExportHelperExtension.cs: 1125 - Retrieving features of type [RefAxis] from 内六角圆柱头螺钉[M2×6]-6
2023-11-09 11:49:50,435 INFO  ExportHelperExtension.cs: 1136 - Found 35 in 内六角圆柱头螺钉[M2×6]-6
2023-11-09 11:49:50,435 INFO  ExportHelperExtension.cs: 1145 - Found 0 features of type [RefAxis] in 内六角圆柱头螺钉[M2×6]-6
2023-11-09 11:49:50,436 INFO  ExportHelperExtension.cs: 1125 - Retrieving features of type [RefAxis] from 十字槽沉头螺钉[M3×10]-7
2023-11-09 11:49:50,436 INFO  ExportHelperExtension.cs: 1136 - Found 81 in 十字槽沉头螺钉[M3×10]-7
2023-11-09 11:49:50,437 INFO  ExportHelperExtension.cs: 1145 - Found 0 features of type [RefAxis] in 十字槽沉头螺钉[M3×10]-7
2023-11-09 11:49:50,437 INFO  ExportHelperExtension.cs: 1125 - Retrieving features of type [RefAxis] from CTPM3F20.01.15_连接法兰-1
2023-11-09 11:49:50,438 INFO  ExportHelperExtension.cs: 1136 - Found 99 in CTPM3F20.01.15_连接法兰-1
2023-11-09 11:49:50,438 INFO  ExportHelperExtension.cs: 1145 - Found 1 features of type [RefAxis] in CTPM3F20.01.15_连接法兰-1
2023-11-09 11:49:50,439 INFO  ExportHelperExtension.cs: 1125 - Retrieving features of type [RefAxis] from 内六角圆柱头螺钉[M2×6]-2
2023-11-09 11:49:50,439 INFO  ExportHelperExtension.cs: 1136 - Found 35 in 内六角圆柱头螺钉[M2×6]-2
2023-11-09 11:49:50,439 INFO  ExportHelperExtension.cs: 1145 - Found 0 features of type [RefAxis] in 内六角圆柱头螺钉[M2×6]-2
2023-11-09 11:49:50,440 INFO  ExportHelperExtension.cs: 1125 - Retrieving features of type [RefAxis] from 金属电缆防水接头[M10×1.5适用电缆3-6.5]-1
2023-11-09 11:49:50,440 INFO  ExportHelperExtension.cs: 1136 - Found 44 in 金属电缆防水接头[M10×1.5适用电缆3-6.5]-1
2023-11-09 11:49:50,441 INFO  ExportHelperExtension.cs: 1145 - Found 0 features of type [RefAxis] in 金属电缆防水接头[M10×1.5适用电缆3-6.5]-1
2023-11-09 11:49:50,441 INFO  ExportHelperExtension.cs: 1125 - Retrieving features of type [RefAxis] from 内六角圆柱头螺钉[M2×6]-1
2023-11-09 11:49:50,441 INFO  ExportHelperExtension.cs: 1136 - Found 35 in 内六角圆柱头螺钉[M2×6]-1
2023-11-09 11:49:50,442 INFO  ExportHelperExtension.cs: 1145 - Found 0 features of type [RefAxis] in 内六角圆柱头螺钉[M2×6]-1
2023-11-09 11:49:50,442 INFO  ExportHelperExtension.cs: 1125 - Retrieving features of type [RefAxis] from 调整垫片[4×10×0.5]-215
2023-11-09 11:49:50,442 INFO  ExportHelperExtension.cs: 1136 - Found 27 in 调整垫片[4×10×0.5]-215
2023-11-09 11:49:50,443 INFO  ExportHelperExtension.cs: 1145 - Found 0 features of type [RefAxis] in 调整垫片[4×10×0.5]-215
2023-11-09 11:49:50,443 INFO  ExportHelperExtension.cs: 1125 - Retrieving features of type [RefAxis] from 十字槽沉头螺钉[M3×10]-10
2023-11-09 11:49:50,443 INFO  ExportHelperExtension.cs: 1136 - Found 81 in 十字槽沉头螺钉[M3×10]-10
2023-11-09 11:49:50,444 INFO  ExportHelperExtension.cs: 1145 - Found 0 features of type [RefAxis] in 十字槽沉头螺钉[M3×10]-10
2023-11-09 11:49:50,444 INFO  ExportHelperExtension.cs: 1125 - Retrieving features of type [RefAxis] from 调整垫片[4×10×0.5]-212
2023-11-09 11:49:50,444 INFO  ExportHelperExtension.cs: 1136 - Found 27 in 调整垫片[4×10×0.5]-212
2023-11-09 11:49:50,445 INFO  ExportHelperExtension.cs: 1145 - Found 0 features of type [RefAxis] in 调整垫片[4×10×0.5]-212
2023-11-09 11:49:50,445 INFO  ExportHelperExtension.cs: 1125 - Retrieving features of type [RefAxis] from 调整垫片[4×6×0.5]-213
2023-11-09 11:49:50,445 INFO  ExportHelperExtension.cs: 1136 - Found 27 in 调整垫片[4×6×0.5]-213
2023-11-09 11:49:50,446 INFO  ExportHelperExtension.cs: 1145 - Found 0 features of type [RefAxis] in 调整垫片[4×6×0.5]-213
2023-11-09 11:49:50,446 INFO  ExportHelperExtension.cs: 1125 - Retrieving features of type [RefAxis] from 调整垫片[4×10×0.5]-216
2023-11-09 11:49:50,446 INFO  ExportHelperExtension.cs: 1136 - Found 27 in 调整垫片[4×10×0.5]-216
2023-11-09 11:49:50,447 INFO  ExportHelperExtension.cs: 1145 - Found 0 features of type [RefAxis] in 调整垫片[4×10×0.5]-216
2023-11-09 11:49:50,447 INFO  ExportHelperExtension.cs: 1125 - Retrieving features of type [RefAxis] from 调整垫片[4×6×0.5]-214
2023-11-09 11:49:50,447 INFO  ExportHelperExtension.cs: 1136 - Found 27 in 调整垫片[4×6×0.5]-214
2023-11-09 11:49:50,448 INFO  ExportHelperExtension.cs: 1145 - Found 0 features of type [RefAxis] in 调整垫片[4×6×0.5]-214
2023-11-09 11:49:50,448 INFO  ExportHelperExtension.cs: 1125 - Retrieving features of type [RefAxis] from 开口挡圈[M3]-42
2023-11-09 11:49:50,448 INFO  ExportHelperExtension.cs: 1136 - Found 27 in 开口挡圈[M3]-42
2023-11-09 11:49:50,449 INFO  ExportHelperExtension.cs: 1145 - Found 0 features of type [RefAxis] in 开口挡圈[M3]-42
2023-11-09 11:49:50,449 INFO  ExportHelperExtension.cs: 1125 - Retrieving features of type [RefAxis] from 调整垫片[4×6×0.5]-211
2023-11-09 11:49:50,449 INFO  ExportHelperExtension.cs: 1136 - Found 27 in 调整垫片[4×6×0.5]-211
2023-11-09 11:49:50,450 INFO  ExportHelperExtension.cs: 1145 - Found 0 features of type [RefAxis] in 调整垫片[4×6×0.5]-211
2023-11-09 11:49:50,450 INFO  ExportHelperExtension.cs: 1125 - Retrieving features of type [RefAxis] from 十字槽沉头螺钉[M3×10]-9
2023-11-09 11:49:50,451 INFO  ExportHelperExtension.cs: 1136 - Found 81 in 十字槽沉头螺钉[M3×10]-9
2023-11-09 11:49:50,451 INFO  ExportHelperExtension.cs: 1145 - Found 0 features of type [RefAxis] in 十字槽沉头螺钉[M3×10]-9
2023-11-09 11:49:50,499 INFO  SwAddin.cs: 339 - Loading config tree
2023-11-09 11:49:50,501 INFO  ExportPropertyManagerExtension.cs: 520 - Starting new configuration
2023-11-09 11:49:50,503 INFO  SwAddin.cs: 344 - Showing property manager
2023-11-09 11:50:38,285 INFO  ExportPropertyManager.cs: 1018 - OnComboboxSelectionChanged called. This method no longer throws an Exception. It just silently does nothing. Ok, except for this logging message
2023-11-09 11:50:49,314 INFO  ExportPropertyManager.cs: 1136 - OnNumberBoxTrackingCompleted called. This method no longer throws an Exception. It just silently does nothing. Ok, except for this logging message
2023-11-09 11:50:49,538 INFO  ExportPropertyManager.cs: 1136 - OnNumberBoxTrackingCompleted called. This method no longer throws an Exception. It just silently does nothing. Ok, except for this logging message
2023-11-09 11:50:49,738 INFO  ExportPropertyManager.cs: 1136 - OnNumberBoxTrackingCompleted called. This method no longer throws an Exception. It just silently does nothing. Ok, except for this logging message
2023-11-09 11:50:49,930 INFO  ExportPropertyManager.cs: 1136 - OnNumberBoxTrackingCompleted called. This method no longer throws an Exception. It just silently does nothing. Ok, except for this logging message
2023-11-09 11:55:33,480 INFO  ExportPropertyManager.cs: 1018 - OnComboboxSelectionChanged called. This method no longer throws an Exception. It just silently does nothing. Ok, except for this logging message
2023-11-09 11:55:35,239 INFO  ExportPropertyManager.cs: 1018 - OnComboboxSelectionChanged called. This method no longer throws an Exception. It just silently does nothing. Ok, except for this logging message
2023-11-09 11:55:37,461 INFO  ExportPropertyManager.cs: 1018 - OnComboboxSelectionChanged called. This method no longer throws an Exception. It just silently does nothing. Ok, except for this logging message
2023-11-09 11:58:43,156 INFO  ExportPropertyManager.cs: 1018 - OnComboboxSelectionChanged called. This method no longer throws an Exception. It just silently does nothing. Ok, except for this logging message
2023-11-09 11:58:44,798 INFO  ExportPropertyManager.cs: 1018 - OnComboboxSelectionChanged called. This method no longer throws an Exception. It just silently does nothing. Ok, except for this logging message
2023-11-09 11:58:47,186 INFO  ExportPropertyManager.cs: 1018 - OnComboboxSelectionChanged called. This method no longer throws an Exception. It just silently does nothing. Ok, except for this logging message
2023-11-09 11:59:15,755 INFO  ExportPropertyManager.cs: 1018 - OnComboboxSelectionChanged called. This method no longer throws an Exception. It just silently does nothing. Ok, except for this logging message
2023-11-09 11:59:17,972 INFO  ExportPropertyManager.cs: 1018 - OnComboboxSelectionChanged called. This method no longer throws an Exception. It just silently does nothing. Ok, except for this logging message
2023-11-09 11:59:20,432 INFO  ExportPropertyManager.cs: 1018 - OnComboboxSelectionChanged called. This method no longer throws an Exception. It just silently does nothing. Ok, except for this logging message
2023-11-09 13:03:19,923 INFO  ExportPropertyManager.cs: 1018 - OnComboboxSelectionChanged called. This method no longer throws an Exception. It just silently does nothing. Ok, except for this logging message
2023-11-09 13:03:22,390 INFO  ExportPropertyManager.cs: 1018 - OnComboboxSelectionChanged called. This method no longer throws an Exception. It just silently does nothing. Ok, except for this logging message
2023-11-09 13:03:24,850 INFO  ExportPropertyManager.cs: 1018 - OnComboboxSelectionChanged called. This method no longer throws an Exception. It just silently does nothing. Ok, except for this logging message
2023-11-09 13:07:05,699 INFO  ExportPropertyManager.cs: 1136 - OnNumberBoxTrackingCompleted called. This method no longer throws an Exception. It just silently does nothing. Ok, except for this logging message
2023-11-09 13:07:36,698 INFO  ExportPropertyManager.cs: 1018 - OnComboboxSelectionChanged called. This method no longer throws an Exception. It just silently does nothing. Ok, except for this logging message
2023-11-09 13:07:39,024 INFO  ExportPropertyManager.cs: 1018 - OnComboboxSelectionChanged called. This method no longer throws an Exception. It just silently does nothing. Ok, except for this logging message
2023-11-09 13:07:41,324 INFO  ExportPropertyManager.cs: 1018 - OnComboboxSelectionChanged called. This method no longer throws an Exception. It just silently does nothing. Ok, except for this logging message
2023-11-09 13:08:14,719 INFO  ExportPropertyManager.cs: 1136 - OnNumberBoxTrackingCompleted called. This method no longer throws an Exception. It just silently does nothing. Ok, except for this logging message
2023-11-09 13:08:52,076 INFO  ExportPropertyManager.cs: 1018 - OnComboboxSelectionChanged called. This method no longer throws an Exception. It just silently does nothing. Ok, except for this logging message
2023-11-09 13:08:54,987 INFO  ExportPropertyManager.cs: 1018 - OnComboboxSelectionChanged called. This method no longer throws an Exception. It just silently does nothing. Ok, except for this logging message
2023-11-09 13:08:58,267 INFO  ExportPropertyManager.cs: 1018 - OnComboboxSelectionChanged called. This method no longer throws an Exception. It just silently does nothing. Ok, except for this logging message
2023-11-09 13:09:24,309 INFO  ExportPropertyManager.cs: 1136 - OnNumberBoxTrackingCompleted called. This method no longer throws an Exception. It just silently does nothing. Ok, except for this logging message
2023-11-09 13:09:48,333 INFO  ExportPropertyManager.cs: 1018 - OnComboboxSelectionChanged called. This method no longer throws an Exception. It just silently does nothing. Ok, except for this logging message
2023-11-09 13:09:50,307 INFO  ExportPropertyManager.cs: 1018 - OnComboboxSelectionChanged called. This method no longer throws an Exception. It just silently does nothing. Ok, except for this logging message
2023-11-09 13:09:52,814 INFO  ExportPropertyManager.cs: 1018 - OnComboboxSelectionChanged called. This method no longer throws an Exception. It just silently does nothing. Ok, except for this logging message
2023-11-09 13:10:30,517 INFO  ExportPropertyManager.cs: 1136 - OnNumberBoxTrackingCompleted called. This method no longer throws an Exception. It just silently does nothing. Ok, except for this logging message
2023-11-09 13:11:02,688 INFO  ExportPropertyManager.cs: 1018 - OnComboboxSelectionChanged called. This method no longer throws an Exception. It just silently does nothing. Ok, except for this logging message
2023-11-09 13:11:04,786 INFO  ExportPropertyManager.cs: 1018 - OnComboboxSelectionChanged called. This method no longer throws an Exception. It just silently does nothing. Ok, except for this logging message
2023-11-09 13:11:07,694 INFO  ExportPropertyManager.cs: 1018 - OnComboboxSelectionChanged called. This method no longer throws an Exception. It just silently does nothing. Ok, except for this logging message
2023-11-09 13:11:17,696 INFO  ExportPropertyManager.cs: 422 - Configuration saved
2023-11-09 13:11:18,287 INFO  ExportHelperExtension.cs: 347 - Creating joint Left_1_Link
2023-11-09 13:11:18,586 WARN  ExportHelperExtension.cs: 351 - Creating joint from parent base_link to child Left_1_Link failed
2023-11-09 13:11:18,640 INFO  ExportHelperExtension.cs: 347 - Creating joint Left_Support_Link
2023-11-09 13:11:18,810 WARN  ExportHelperExtension.cs: 351 - Creating joint from parent Left_1_Link to child Left_Support_Link failed
2023-11-09 13:11:18,823 INFO  ExportHelperExtension.cs: 347 - Creating joint Left_Pad_Link
2023-11-09 13:11:18,824 WARN  ExportHelperExtension.cs: 351 - Creating joint from parent Left_Support_Link to child Left_Pad_Link failed
2023-11-09 13:11:18,830 INFO  ExportHelperExtension.cs: 347 - Creating joint Left_2_Link
2023-11-09 13:11:18,999 WARN  ExportHelperExtension.cs: 351 - Creating joint from parent base_link to child Left_2_Link failed
2023-11-09 13:11:19,026 INFO  ExportHelperExtension.cs: 347 - Creating joint Right_2_Link
2023-11-09 13:11:19,194 WARN  ExportHelperExtension.cs: 351 - Creating joint from parent base_link to child Right_2_Link failed
2023-11-09 13:11:19,220 INFO  ExportHelperExtension.cs: 347 - Creating joint Right_1_Link
2023-11-09 13:11:19,390 WARN  ExportHelperExtension.cs: 351 - Creating joint from parent base_link to child Right_1_Link failed
2023-11-09 13:11:19,420 INFO  ExportHelperExtension.cs: 347 - Creating joint Right_Support_Link
2023-11-09 13:11:19,591 WARN  ExportHelperExtension.cs: 351 - Creating joint from parent Right_1_Link to child Right_Support_Link failed
2023-11-09 13:11:19,603 INFO  ExportHelperExtension.cs: 347 - Creating joint Right_Pad_Link
2023-11-09 13:11:19,773 WARN  ExportHelperExtension.cs: 351 - Creating joint from parent Right_Support_Link to child Right_Pad_Link failed
2023-11-09 13:11:19,867 INFO  ExportHelperExtension.cs: 1125 - Retrieving features of type [CoordSys] from CTAG2F90-C-00 两指平动手.SLDASM
2023-11-09 13:11:19,888 INFO  ExportHelperExtension.cs: 1136 - Found 251 in CTAG2F90-C-00 两指平动手.SLDASM
2023-11-09 13:11:19,889 INFO  ExportHelperExtension.cs: 1145 - Found 9 features of type [CoordSys] in CTAG2F90-C-00 两指平动手.SLDASM
2023-11-09 13:11:19,890 INFO  ExportHelperExtension.cs: 1148 - Proceeding through assembly components
2023-11-09 13:11:19,890 INFO  ExportHelperExtension.cs: 1160 - 98 components to check
2023-11-09 13:11:19,891 INFO  ExportHelperExtension.cs: 1125 - Retrieving features of type [CoordSys] from CTAG2F90-13 圆柱销23-13
2023-11-09 13:11:19,891 INFO  ExportHelperExtension.cs: 1136 - Found 31 in CTAG2F90-13 圆柱销23-13
2023-11-09 13:11:19,892 INFO  ExportHelperExtension.cs: 1145 - Found 0 features of type [CoordSys] in CTAG2F90-13 圆柱销23-13
2023-11-09 13:11:19,892 INFO  ExportHelperExtension.cs: 1125 - Retrieving features of type [CoordSys] from CTAG2F90-13 圆柱销23-9
2023-11-09 13:11:19,892 INFO  ExportHelperExtension.cs: 1136 - Found 31 in CTAG2F90-13 圆柱销23-9
2023-11-09 13:11:19,893 INFO  ExportHelperExtension.cs: 1145 - Found 0 features of type [CoordSys] in CTAG2F90-13 圆柱销23-9
2023-11-09 13:11:19,893 INFO  ExportHelperExtension.cs: 1125 - Retrieving features of type [CoordSys] from CTAG2F90-05 随动连杆-2
2023-11-09 13:11:19,893 INFO  ExportHelperExtension.cs: 1136 - Found 44 in CTAG2F90-05 随动连杆-2
2023-11-09 13:11:19,894 INFO  ExportHelperExtension.cs: 1145 - Found 0 features of type [CoordSys] in CTAG2F90-05 随动连杆-2
2023-11-09 13:11:19,894 INFO  ExportHelperExtension.cs: 1125 - Retrieving features of type [CoordSys] from CTAG2F90-06 指端连杆-2
2023-11-09 13:11:19,895 INFO  ExportHelperExtension.cs: 1136 - Found 51 in CTAG2F90-06 指端连杆-2
2023-11-09 13:11:19,895 INFO  ExportHelperExtension.cs: 1145 - Found 0 features of type [CoordSys] in CTAG2F90-06 指端连杆-2
2023-11-09 13:11:19,895 INFO  ExportHelperExtension.cs: 1125 - Retrieving features of type [CoordSys] from CTAG2F90-09 摆动连杆-2
2023-11-09 13:11:19,895 INFO  ExportHelperExtension.cs: 1136 - Found 43 in CTAG2F90-09 摆动连杆-2
2023-11-09 13:11:19,895 INFO  ExportHelperExtension.cs: 1145 - Found 0 features of type [CoordSys] in CTAG2F90-09 摆动连杆-2
2023-11-09 13:11:19,896 INFO  ExportHelperExtension.cs: 1125 - Retrieving features of type [CoordSys] from CTAG2F90-05 随动连杆-3
2023-11-09 13:11:19,896 INFO  ExportHelperExtension.cs: 1136 - Found 44 in CTAG2F90-05 随动连杆-3
2023-11-09 13:11:19,896 INFO  ExportHelperExtension.cs: 1145 - Found 0 features of type [CoordSys] in CTAG2F90-05 随动连杆-3
2023-11-09 13:11:19,897 INFO  ExportHelperExtension.cs: 1125 - Retrieving features of type [CoordSys] from CTAG2F90-09 摆动连杆-3
2023-11-09 13:11:19,897 INFO  ExportHelperExtension.cs: 1136 - Found 43 in CTAG2F90-09 摆动连杆-3
2023-11-09 13:11:19,897 INFO  ExportHelperExtension.cs: 1145 - Found 0 features of type [CoordSys] in CTAG2F90-09 摆动连杆-3
2023-11-09 13:11:19,898 INFO  ExportHelperExtension.cs: 1125 - Retrieving features of type [CoordSys] from CTAG2F90-09 摆动连杆-4
2023-11-09 13:11:19,898 INFO  ExportHelperExtension.cs: 1136 - Found 43 in CTAG2F90-09 摆动连杆-4
2023-11-09 13:11:19,898 INFO  ExportHelperExtension.cs: 1145 - Found 0 features of type [CoordSys] in CTAG2F90-09 摆动连杆-4
2023-11-09 13:11:19,899 INFO  ExportHelperExtension.cs: 1125 - Retrieving features of type [CoordSys] from CTAG2F90-C-04 机体外壳-1
2023-11-09 13:11:19,899 INFO  ExportHelperExtension.cs: 1136 - Found 33 in CTAG2F90-C-04 机体外壳-1
2023-11-09 13:11:19,900 INFO  ExportHelperExtension.cs: 1145 - Found 0 features of type [CoordSys] in CTAG2F90-C-04 机体外壳-1
2023-11-09 13:11:19,900 INFO  ExportHelperExtension.cs: 1125 - Retrieving features of type [CoordSys] from 内六角紧定螺钉[M3×3]-8
2023-11-09 13:11:19,900 INFO  ExportHelperExtension.cs: 1136 - Found 33 in 内六角紧定螺钉[M3×3]-8
2023-11-09 13:11:19,901 INFO  ExportHelperExtension.cs: 1145 - Found 0 features of type [CoordSys] in 内六角紧定螺钉[M3×3]-8
2023-11-09 13:11:19,901 INFO  ExportHelperExtension.cs: 1125 - Retrieving features of type [CoordSys] from 调整垫片[4×10×0.5]-204
2023-11-09 13:11:19,902 INFO  ExportHelperExtension.cs: 1136 - Found 27 in 调整垫片[4×10×0.5]-204
2023-11-09 13:11:19,902 INFO  ExportHelperExtension.cs: 1145 - Found 0 features of type [CoordSys] in 调整垫片[4×10×0.5]-204
2023-11-09 13:11:19,902 INFO  ExportHelperExtension.cs: 1125 - Retrieving features of type [CoordSys] from 铜套[4×8×4]-94
2023-11-09 13:11:19,903 INFO  ExportHelperExtension.cs: 1136 - Found 28 in 铜套[4×8×4]-94
2023-11-09 13:11:19,903 INFO  ExportHelperExtension.cs: 1145 - Found 0 features of type [CoordSys] in 铜套[4×8×4]-94
2023-11-09 13:11:19,904 INFO  ExportHelperExtension.cs: 1125 - Retrieving features of type [CoordSys] from 铜套[4×8×4]-95
2023-11-09 13:11:19,904 INFO  ExportHelperExtension.cs: 1136 - Found 28 in 铜套[4×8×4]-95
2023-11-09 13:11:19,904 INFO  ExportHelperExtension.cs: 1145 - Found 0 features of type [CoordSys] in 铜套[4×8×4]-95
2023-11-09 13:11:19,905 INFO  ExportHelperExtension.cs: 1125 - Retrieving features of type [CoordSys] from 铜套[4×8×4]-63
2023-11-09 13:11:19,905 INFO  ExportHelperExtension.cs: 1136 - Found 28 in 铜套[4×8×4]-63
2023-11-09 13:11:19,905 INFO  ExportHelperExtension.cs: 1145 - Found 0 features of type [CoordSys] in 铜套[4×8×4]-63
2023-11-09 13:11:19,906 INFO  ExportHelperExtension.cs: 1125 - Retrieving features of type [CoordSys] from CTAG2F90-05 随动连杆-4
2023-11-09 13:11:19,906 INFO  ExportHelperExtension.cs: 1136 - Found 44 in CTAG2F90-05 随动连杆-4
2023-11-09 13:11:19,907 INFO  ExportHelperExtension.cs: 1145 - Found 0 features of type [CoordSys] in CTAG2F90-05 随动连杆-4
2023-11-09 13:11:19,907 INFO  ExportHelperExtension.cs: 1125 - Retrieving features of type [CoordSys] from 内六角紧定螺钉[M3×3]-7
2023-11-09 13:11:19,907 INFO  ExportHelperExtension.cs: 1136 - Found 33 in 内六角紧定螺钉[M3×3]-7
2023-11-09 13:11:19,908 INFO  ExportHelperExtension.cs: 1145 - Found 0 features of type [CoordSys] in 内六角紧定螺钉[M3×3]-7
2023-11-09 13:11:19,908 INFO  ExportHelperExtension.cs: 1125 - Retrieving features of type [CoordSys] from 调整垫片[4×10×0.5]-205
2023-11-09 13:11:19,909 INFO  ExportHelperExtension.cs: 1136 - Found 27 in 调整垫片[4×10×0.5]-205
2023-11-09 13:11:19,909 INFO  ExportHelperExtension.cs: 1145 - Found 0 features of type [CoordSys] in 调整垫片[4×10×0.5]-205
2023-11-09 13:11:19,909 INFO  ExportHelperExtension.cs: 1125 - Retrieving features of type [CoordSys] from CTAG2F90-13 圆柱销23-14
2023-11-09 13:11:19,910 INFO  ExportHelperExtension.cs: 1136 - Found 31 in CTAG2F90-13 圆柱销23-14
2023-11-09 13:11:19,910 INFO  ExportHelperExtension.cs: 1145 - Found 0 features of type [CoordSys] in CTAG2F90-13 圆柱销23-14
2023-11-09 13:11:19,910 INFO  ExportHelperExtension.cs: 1125 - Retrieving features of type [CoordSys] from 调整垫片[4×10×0.5]-199
2023-11-09 13:11:19,911 INFO  ExportHelperExtension.cs: 1136 - Found 27 in 调整垫片[4×10×0.5]-199
2023-11-09 13:11:19,911 INFO  ExportHelperExtension.cs: 1145 - Found 0 features of type [CoordSys] in 调整垫片[4×10×0.5]-199
2023-11-09 13:11:19,911 INFO  ExportHelperExtension.cs: 1125 - Retrieving features of type [CoordSys] from 调整垫片[4×10×0.5]-200
2023-11-09 13:11:19,912 INFO  ExportHelperExtension.cs: 1136 - Found 27 in 调整垫片[4×10×0.5]-200
2023-11-09 13:11:19,912 INFO  ExportHelperExtension.cs: 1145 - Found 0 features of type [CoordSys] in 调整垫片[4×10×0.5]-200
2023-11-09 13:11:19,913 INFO  ExportHelperExtension.cs: 1125 - Retrieving features of type [CoordSys] from 铜套[4×8×4]-96
2023-11-09 13:11:19,913 INFO  ExportHelperExtension.cs: 1136 - Found 28 in 铜套[4×8×4]-96
2023-11-09 13:11:19,913 INFO  ExportHelperExtension.cs: 1145 - Found 0 features of type [CoordSys] in 铜套[4×8×4]-96
2023-11-09 13:11:19,914 INFO  ExportHelperExtension.cs: 1125 - Retrieving features of type [CoordSys] from 调整垫片[4×10×0.5]-203
2023-11-09 13:11:19,914 INFO  ExportHelperExtension.cs: 1136 - Found 27 in 调整垫片[4×10×0.5]-203
2023-11-09 13:11:19,914 INFO  ExportHelperExtension.cs: 1145 - Found 0 features of type [CoordSys] in 调整垫片[4×10×0.5]-203
2023-11-09 13:11:19,915 INFO  ExportHelperExtension.cs: 1125 - Retrieving features of type [CoordSys] from 调整垫片[4×10×0.5]-198
2023-11-09 13:11:19,915 INFO  ExportHelperExtension.cs: 1136 - Found 27 in 调整垫片[4×10×0.5]-198
2023-11-09 13:11:19,915 INFO  ExportHelperExtension.cs: 1145 - Found 0 features of type [CoordSys] in 调整垫片[4×10×0.5]-198
2023-11-09 13:11:19,916 INFO  ExportHelperExtension.cs: 1125 - Retrieving features of type [CoordSys] from 调整垫片[4×10×0.5]-195
2023-11-09 13:11:19,916 INFO  ExportHelperExtension.cs: 1136 - Found 27 in 调整垫片[4×10×0.5]-195
2023-11-09 13:11:19,917 INFO  ExportHelperExtension.cs: 1145 - Found 0 features of type [CoordSys] in 调整垫片[4×10×0.5]-195
2023-11-09 13:11:19,917 INFO  ExportHelperExtension.cs: 1125 - Retrieving features of type [CoordSys] from 调整垫片[4×10×0.5]-202
2023-11-09 13:11:19,917 INFO  ExportHelperExtension.cs: 1136 - Found 27 in 调整垫片[4×10×0.5]-202
2023-11-09 13:11:19,918 INFO  ExportHelperExtension.cs: 1145 - Found 0 features of type [CoordSys] in 调整垫片[4×10×0.5]-202
2023-11-09 13:11:19,918 INFO  ExportHelperExtension.cs: 1125 - Retrieving features of type [CoordSys] from 调整垫片[4×10×0.5]-197
2023-11-09 13:11:19,918 INFO  ExportHelperExtension.cs: 1136 - Found 27 in 调整垫片[4×10×0.5]-197
2023-11-09 13:11:19,919 INFO  ExportHelperExtension.cs: 1145 - Found 0 features of type [CoordSys] in 调整垫片[4×10×0.5]-197
2023-11-09 13:11:19,919 INFO  ExportHelperExtension.cs: 1125 - Retrieving features of type [CoordSys] from 铜套[4×8×4]-82
2023-11-09 13:11:19,919 INFO  ExportHelperExtension.cs: 1136 - Found 28 in 铜套[4×8×4]-82
2023-11-09 13:11:19,920 INFO  ExportHelperExtension.cs: 1145 - Found 0 features of type [CoordSys] in 铜套[4×8×4]-82
2023-11-09 13:11:19,920 INFO  ExportHelperExtension.cs: 1125 - Retrieving features of type [CoordSys] from 铜套[4×8×4]-87
2023-11-09 13:11:19,921 INFO  ExportHelperExtension.cs: 1136 - Found 28 in 铜套[4×8×4]-87
2023-11-09 13:11:19,921 INFO  ExportHelperExtension.cs: 1145 - Found 0 features of type [CoordSys] in 铜套[4×8×4]-87
2023-11-09 13:11:19,922 INFO  ExportHelperExtension.cs: 1125 - Retrieving features of type [CoordSys] from 铜套[4×8×4]-84
2023-11-09 13:11:19,922 INFO  ExportHelperExtension.cs: 1136 - Found 28 in 铜套[4×8×4]-84
2023-11-09 13:11:19,922 INFO  ExportHelperExtension.cs: 1145 - Found 0 features of type [CoordSys] in 铜套[4×8×4]-84
2023-11-09 13:11:19,923 INFO  ExportHelperExtension.cs: 1125 - Retrieving features of type [CoordSys] from 铜套[4×8×4]-86
2023-11-09 13:11:19,923 INFO  ExportHelperExtension.cs: 1136 - Found 28 in 铜套[4×8×4]-86
2023-11-09 13:11:19,923 INFO  ExportHelperExtension.cs: 1145 - Found 0 features of type [CoordSys] in 铜套[4×8×4]-86
2023-11-09 13:11:19,924 INFO  ExportHelperExtension.cs: 1125 - Retrieving features of type [CoordSys] from 铜套[4×8×4]-83
2023-11-09 13:11:19,924 INFO  ExportHelperExtension.cs: 1136 - Found 28 in 铜套[4×8×4]-83
2023-11-09 13:11:19,925 INFO  ExportHelperExtension.cs: 1145 - Found 0 features of type [CoordSys] in 铜套[4×8×4]-83
2023-11-09 13:11:19,925 INFO  ExportHelperExtension.cs: 1125 - Retrieving features of type [CoordSys] from 开口挡圈[M3]-30
2023-11-09 13:11:19,925 INFO  ExportHelperExtension.cs: 1136 - Found 27 in 开口挡圈[M3]-30
2023-11-09 13:11:19,926 INFO  ExportHelperExtension.cs: 1145 - Found 0 features of type [CoordSys] in 开口挡圈[M3]-30
2023-11-09 13:11:19,926 INFO  ExportHelperExtension.cs: 1125 - Retrieving features of type [CoordSys] from CTAG2F90-05 随动连杆-1
2023-11-09 13:11:19,927 INFO  ExportHelperExtension.cs: 1136 - Found 44 in CTAG2F90-05 随动连杆-1
2023-11-09 13:11:19,927 INFO  ExportHelperExtension.cs: 1145 - Found 0 features of type [CoordSys] in CTAG2F90-05 随动连杆-1
2023-11-09 13:11:19,927 INFO  ExportHelperExtension.cs: 1125 - Retrieving features of type [CoordSys] from CTAG2F90-C-12 航插连接板-1
2023-11-09 13:11:19,928 INFO  ExportHelperExtension.cs: 1136 - Found 48 in CTAG2F90-C-12 航插连接板-1
2023-11-09 13:11:19,928 INFO  ExportHelperExtension.cs: 1145 - Found 0 features of type [CoordSys] in CTAG2F90-C-12 航插连接板-1
2023-11-09 13:11:19,929 INFO  ExportHelperExtension.cs: 1125 - Retrieving features of type [CoordSys] from 钢套[4×6×8]-2
2023-11-09 13:11:19,929 INFO  ExportHelperExtension.cs: 1136 - Found 28 in 钢套[4×6×8]-2
2023-11-09 13:11:19,929 INFO  ExportHelperExtension.cs: 1145 - Found 0 features of type [CoordSys] in 钢套[4×6×8]-2
2023-11-09 13:11:19,930 INFO  ExportHelperExtension.cs: 1125 - Retrieving features of type [CoordSys] from CTAG2F90-09 摆动连杆-1
2023-11-09 13:11:19,936 INFO  ExportHelperExtension.cs: 1136 - Found 43 in CTAG2F90-09 摆动连杆-1
2023-11-09 13:11:19,936 INFO  ExportHelperExtension.cs: 1145 - Found 0 features of type [CoordSys] in CTAG2F90-09 摆动连杆-1
2023-11-09 13:11:19,936 INFO  ExportHelperExtension.cs: 1125 - Retrieving features of type [CoordSys] from 开口挡圈[M3]-32
2023-11-09 13:11:19,936 INFO  ExportHelperExtension.cs: 1136 - Found 27 in 开口挡圈[M3]-32
2023-11-09 13:11:19,936 INFO  ExportHelperExtension.cs: 1145 - Found 0 features of type [CoordSys] in 开口挡圈[M3]-32
2023-11-09 13:11:19,937 INFO  ExportHelperExtension.cs: 1125 - Retrieving features of type [CoordSys] from CTAG2F90-15 指端-1
2023-11-09 13:11:19,937 INFO  ExportHelperExtension.cs: 1136 - Found 40 in CTAG2F90-15 指端-1
2023-11-09 13:11:19,938 INFO  ExportHelperExtension.cs: 1145 - Found 0 features of type [CoordSys] in CTAG2F90-15 指端-1
2023-11-09 13:11:19,938 INFO  ExportHelperExtension.cs: 1125 - Retrieving features of type [CoordSys] from 调整垫片[4×10×0.5]-161
2023-11-09 13:11:19,938 INFO  ExportHelperExtension.cs: 1136 - Found 27 in 调整垫片[4×10×0.5]-161
2023-11-09 13:11:19,939 INFO  ExportHelperExtension.cs: 1145 - Found 0 features of type [CoordSys] in 调整垫片[4×10×0.5]-161
2023-11-09 13:11:19,939 INFO  ExportHelperExtension.cs: 1125 - Retrieving features of type [CoordSys] from 钢套[4×6×8]-1
2023-11-09 13:11:19,939 INFO  ExportHelperExtension.cs: 1136 - Found 28 in 钢套[4×6×8]-1
2023-11-09 13:11:19,940 INFO  ExportHelperExtension.cs: 1145 - Found 0 features of type [CoordSys] in 钢套[4×6×8]-1
2023-11-09 13:11:19,940 INFO  ExportHelperExtension.cs: 1125 - Retrieving features of type [CoordSys] from CTAG2F90-13 圆柱销23-10
2023-11-09 13:11:19,940 INFO  ExportHelperExtension.cs: 1136 - Found 31 in CTAG2F90-13 圆柱销23-10
2023-11-09 13:11:19,941 INFO  ExportHelperExtension.cs: 1145 - Found 0 features of type [CoordSys] in CTAG2F90-13 圆柱销23-10
2023-11-09 13:11:19,941 INFO  ExportHelperExtension.cs: 1125 - Retrieving features of type [CoordSys] from CTAG2F90-06 指端连杆-1
2023-11-09 13:11:19,942 INFO  ExportHelperExtension.cs: 1136 - Found 51 in CTAG2F90-06 指端连杆-1
2023-11-09 13:11:19,942 INFO  ExportHelperExtension.cs: 1145 - Found 0 features of type [CoordSys] in CTAG2F90-06 指端连杆-1
2023-11-09 13:11:19,942 INFO  ExportHelperExtension.cs: 1125 - Retrieving features of type [CoordSys] from 铜套[4×8×4]-59
2023-11-09 13:11:19,943 INFO  ExportHelperExtension.cs: 1136 - Found 28 in 铜套[4×8×4]-59
2023-11-09 13:11:19,943 INFO  ExportHelperExtension.cs: 1145 - Found 0 features of type [CoordSys] in 铜套[4×8×4]-59
2023-11-09 13:11:19,943 INFO  ExportHelperExtension.cs: 1125 - Retrieving features of type [CoordSys] from 圆柱销[M4×35]-1
2023-11-09 13:11:19,944 INFO  ExportHelperExtension.cs: 1136 - Found 28 in 圆柱销[M4×35]-1
2023-11-09 13:11:19,944 INFO  ExportHelperExtension.cs: 1145 - Found 0 features of type [CoordSys] in 圆柱销[M4×35]-1
2023-11-09 13:11:19,945 INFO  ExportHelperExtension.cs: 1125 - Retrieving features of type [CoordSys] from 调整垫片[4×10×0.5]-151
2023-11-09 13:11:19,945 INFO  ExportHelperExtension.cs: 1136 - Found 27 in 调整垫片[4×10×0.5]-151
2023-11-09 13:11:19,945 INFO  ExportHelperExtension.cs: 1145 - Found 0 features of type [CoordSys] in 调整垫片[4×10×0.5]-151
2023-11-09 13:11:19,946 INFO  ExportHelperExtension.cs: 1125 - Retrieving features of type [CoordSys] from 内六角紧定螺钉[M3×3]-2
2023-11-09 13:11:19,946 INFO  ExportHelperExtension.cs: 1136 - Found 33 in 内六角紧定螺钉[M3×3]-2
2023-11-09 13:11:19,946 INFO  ExportHelperExtension.cs: 1145 - Found 0 features of type [CoordSys] in 内六角紧定螺钉[M3×3]-2
2023-11-09 13:11:19,947 INFO  ExportHelperExtension.cs: 1125 - Retrieving features of type [CoordSys] from 调整垫片[4×10×0.5]-194
2023-11-09 13:11:19,947 INFO  ExportHelperExtension.cs: 1136 - Found 27 in 调整垫片[4×10×0.5]-194
2023-11-09 13:11:19,948 INFO  ExportHelperExtension.cs: 1145 - Found 0 features of type [CoordSys] in 调整垫片[4×10×0.5]-194
2023-11-09 13:11:19,948 INFO  ExportHelperExtension.cs: 1125 - Retrieving features of type [CoordSys] from 铜套[4×8×4]-93
2023-11-09 13:11:19,948 INFO  ExportHelperExtension.cs: 1136 - Found 28 in 铜套[4×8×4]-93
2023-11-09 13:11:19,949 INFO  ExportHelperExtension.cs: 1145 - Found 0 features of type [CoordSys] in 铜套[4×8×4]-93
2023-11-09 13:11:19,949 INFO  ExportHelperExtension.cs: 1125 - Retrieving features of type [CoordSys] from 圆柱销[M4×35]-2
2023-11-09 13:11:19,949 INFO  ExportHelperExtension.cs: 1136 - Found 28 in 圆柱销[M4×35]-2
2023-11-09 13:11:19,950 INFO  ExportHelperExtension.cs: 1145 - Found 0 features of type [CoordSys] in 圆柱销[M4×35]-2
2023-11-09 13:11:19,950 INFO  ExportHelperExtension.cs: 1125 - Retrieving features of type [CoordSys] from 铜套[4×8×4]-85
2023-11-09 13:11:19,950 INFO  ExportHelperExtension.cs: 1136 - Found 28 in 铜套[4×8×4]-85
2023-11-09 13:11:19,951 INFO  ExportHelperExtension.cs: 1145 - Found 0 features of type [CoordSys] in 铜套[4×8×4]-85
2023-11-09 13:11:19,951 INFO  ExportHelperExtension.cs: 1125 - Retrieving features of type [CoordSys] from 内六角紧定螺钉[M3×3]-4
2023-11-09 13:11:19,951 INFO  ExportHelperExtension.cs: 1136 - Found 33 in 内六角紧定螺钉[M3×3]-4
2023-11-09 13:11:19,952 INFO  ExportHelperExtension.cs: 1145 - Found 0 features of type [CoordSys] in 内六角紧定螺钉[M3×3]-4
2023-11-09 13:11:19,952 INFO  ExportHelperExtension.cs: 1125 - Retrieving features of type [CoordSys] from 无油复合轴承[4×6×8]-1
2023-11-09 13:11:19,952 INFO  ExportHelperExtension.cs: 1136 - Found 30 in 无油复合轴承[4×6×8]-1
2023-11-09 13:11:19,953 INFO  ExportHelperExtension.cs: 1145 - Found 0 features of type [CoordSys] in 无油复合轴承[4×6×8]-1
2023-11-09 13:11:19,953 INFO  ExportHelperExtension.cs: 1125 - Retrieving features of type [CoordSys] from 无油复合轴承[4×6×8]-2
2023-11-09 13:11:19,953 INFO  ExportHelperExtension.cs: 1136 - Found 30 in 无油复合轴承[4×6×8]-2
2023-11-09 13:11:19,954 INFO  ExportHelperExtension.cs: 1145 - Found 0 features of type [CoordSys] in 无油复合轴承[4×6×8]-2
2023-11-09 13:11:19,954 INFO  ExportHelperExtension.cs: 1125 - Retrieving features of type [CoordSys] from 调整垫片[4×10×0.5]-144
2023-11-09 13:11:19,955 INFO  ExportHelperExtension.cs: 1136 - Found 27 in 调整垫片[4×10×0.5]-144
2023-11-09 13:11:19,955 INFO  ExportHelperExtension.cs: 1145 - Found 0 features of type [CoordSys] in 调整垫片[4×10×0.5]-144
2023-11-09 13:11:19,956 INFO  ExportHelperExtension.cs: 1125 - Retrieving features of type [CoordSys] from 铜套[4×8×4]-81
2023-11-09 13:11:19,956 INFO  ExportHelperExtension.cs: 1136 - Found 28 in 铜套[4×8×4]-81
2023-11-09 13:11:19,956 INFO  ExportHelperExtension.cs: 1145 - Found 0 features of type [CoordSys] in 铜套[4×8×4]-81
2023-11-09 13:11:19,957 INFO  ExportHelperExtension.cs: 1125 - Retrieving features of type [CoordSys] from 开口挡圈[M3]-34
2023-11-09 13:11:19,957 INFO  ExportHelperExtension.cs: 1136 - Found 27 in 开口挡圈[M3]-34
2023-11-09 13:11:19,957 INFO  ExportHelperExtension.cs: 1145 - Found 0 features of type [CoordSys] in 开口挡圈[M3]-34
2023-11-09 13:11:19,958 INFO  ExportHelperExtension.cs: 1125 - Retrieving features of type [CoordSys] from 铜套[4×8×4]-88
2023-11-09 13:11:19,958 INFO  ExportHelperExtension.cs: 1136 - Found 28 in 铜套[4×8×4]-88
2023-11-09 13:11:19,958 INFO  ExportHelperExtension.cs: 1145 - Found 0 features of type [CoordSys] in 铜套[4×8×4]-88
2023-11-09 13:11:19,959 INFO  ExportHelperExtension.cs: 1125 - Retrieving features of type [CoordSys] from 圆柱销[M4×35]-7
2023-11-09 13:11:19,959 INFO  ExportHelperExtension.cs: 1136 - Found 28 in 圆柱销[M4×35]-7
2023-11-09 13:11:19,959 INFO  ExportHelperExtension.cs: 1145 - Found 0 features of type [CoordSys] in 圆柱销[M4×35]-7
2023-11-09 13:11:19,960 INFO  ExportHelperExtension.cs: 1125 - Retrieving features of type [CoordSys] from 铜套[4×8×4]-79
2023-11-09 13:11:19,960 INFO  ExportHelperExtension.cs: 1136 - Found 28 in 铜套[4×8×4]-79
2023-11-09 13:11:19,961 INFO  ExportHelperExtension.cs: 1145 - Found 0 features of type [CoordSys] in 铜套[4×8×4]-79
2023-11-09 13:11:19,961 INFO  ExportHelperExtension.cs: 1125 - Retrieving features of type [CoordSys] from 钢套[4×6×8]-5
2023-11-09 13:11:19,961 INFO  ExportHelperExtension.cs: 1136 - Found 28 in 钢套[4×6×8]-5
2023-11-09 13:11:19,962 INFO  ExportHelperExtension.cs: 1145 - Found 0 features of type [CoordSys] in 钢套[4×6×8]-5
2023-11-09 13:11:19,962 INFO  ExportHelperExtension.cs: 1125 - Retrieving features of type [CoordSys] from 无油复合轴承[4×6×8]-6
2023-11-09 13:11:19,962 INFO  ExportHelperExtension.cs: 1136 - Found 30 in 无油复合轴承[4×6×8]-6
2023-11-09 13:11:19,963 INFO  ExportHelperExtension.cs: 1145 - Found 0 features of type [CoordSys] in 无油复合轴承[4×6×8]-6
2023-11-09 13:11:19,963 INFO  ExportHelperExtension.cs: 1125 - Retrieving features of type [CoordSys] from 无油复合轴承[4×6×8]-7
2023-11-09 13:11:19,963 INFO  ExportHelperExtension.cs: 1136 - Found 30 in 无油复合轴承[4×6×8]-7
2023-11-09 13:11:19,964 INFO  ExportHelperExtension.cs: 1145 - Found 0 features of type [CoordSys] in 无油复合轴承[4×6×8]-7
2023-11-09 13:11:19,964 INFO  ExportHelperExtension.cs: 1125 - Retrieving features of type [CoordSys] from 开口挡圈[M3]-38
2023-11-09 13:11:19,964 INFO  ExportHelperExtension.cs: 1136 - Found 27 in 开口挡圈[M3]-38
2023-11-09 13:11:19,965 INFO  ExportHelperExtension.cs: 1145 - Found 0 features of type [CoordSys] in 开口挡圈[M3]-38
2023-11-09 13:11:19,965 INFO  ExportHelperExtension.cs: 1125 - Retrieving features of type [CoordSys] from 无油复合轴承[4×6×8]-4
2023-11-09 13:11:19,966 INFO  ExportHelperExtension.cs: 1136 - Found 30 in 无油复合轴承[4×6×8]-4
2023-11-09 13:11:19,966 INFO  ExportHelperExtension.cs: 1145 - Found 0 features of type [CoordSys] in 无油复合轴承[4×6×8]-4
2023-11-09 13:11:19,966 INFO  ExportHelperExtension.cs: 1125 - Retrieving features of type [CoordSys] from 无油复合轴承[4×6×8]-5
2023-11-09 13:11:19,967 INFO  ExportHelperExtension.cs: 1136 - Found 30 in 无油复合轴承[4×6×8]-5
2023-11-09 13:11:19,967 INFO  ExportHelperExtension.cs: 1145 - Found 0 features of type [CoordSys] in 无油复合轴承[4×6×8]-5
2023-11-09 13:11:19,967 INFO  ExportHelperExtension.cs: 1125 - Retrieving features of type [CoordSys] from 开口挡圈[M3]-35
2023-11-09 13:11:19,968 INFO  ExportHelperExtension.cs: 1136 - Found 27 in 开口挡圈[M3]-35
2023-11-09 13:11:19,968 INFO  ExportHelperExtension.cs: 1145 - Found 0 features of type [CoordSys] in 开口挡圈[M3]-35
2023-11-09 13:11:19,969 INFO  ExportHelperExtension.cs: 1125 - Retrieving features of type [CoordSys] from 开口挡圈[M3]-40
2023-11-09 13:11:19,969 INFO  ExportHelperExtension.cs: 1136 - Found 27 in 开口挡圈[M3]-40
2023-11-09 13:11:19,969 INFO  ExportHelperExtension.cs: 1145 - Found 0 features of type [CoordSys] in 开口挡圈[M3]-40
2023-11-09 13:11:19,970 INFO  ExportHelperExtension.cs: 1125 - Retrieving features of type [CoordSys] from CTAG2F90-15 指端-2
2023-11-09 13:11:19,970 INFO  ExportHelperExtension.cs: 1136 - Found 40 in CTAG2F90-15 指端-2
2023-11-09 13:11:19,970 INFO  ExportHelperExtension.cs: 1145 - Found 0 features of type [CoordSys] in CTAG2F90-15 指端-2
2023-11-09 13:11:19,971 INFO  ExportHelperExtension.cs: 1125 - Retrieving features of type [CoordSys] from 调整垫片[4×10×0.5]-207
2023-11-09 13:11:19,971 INFO  ExportHelperExtension.cs: 1136 - Found 27 in 调整垫片[4×10×0.5]-207
2023-11-09 13:11:19,972 INFO  ExportHelperExtension.cs: 1145 - Found 0 features of type [CoordSys] in 调整垫片[4×10×0.5]-207
2023-11-09 13:11:19,972 INFO  ExportHelperExtension.cs: 1125 - Retrieving features of type [CoordSys] from 调整垫片[4×10×0.5]-208
2023-11-09 13:11:19,972 INFO  ExportHelperExtension.cs: 1136 - Found 27 in 调整垫片[4×10×0.5]-208
2023-11-09 13:11:19,973 INFO  ExportHelperExtension.cs: 1145 - Found 0 features of type [CoordSys] in 调整垫片[4×10×0.5]-208
2023-11-09 13:11:19,973 INFO  ExportHelperExtension.cs: 1125 - Retrieving features of type [CoordSys] from 调整垫片[4×10×0.5]-209
2023-11-09 13:11:19,973 INFO  ExportHelperExtension.cs: 1136 - Found 27 in 调整垫片[4×10×0.5]-209
2023-11-09 13:11:19,974 INFO  ExportHelperExtension.cs: 1145 - Found 0 features of type [CoordSys] in 调整垫片[4×10×0.5]-209
2023-11-09 13:11:19,974 INFO  ExportHelperExtension.cs: 1125 - Retrieving features of type [CoordSys] from 钢套[4×6×8]-4
2023-11-09 13:11:19,974 INFO  ExportHelperExtension.cs: 1136 - Found 28 in 钢套[4×6×8]-4
2023-11-09 13:11:19,975 INFO  ExportHelperExtension.cs: 1145 - Found 0 features of type [CoordSys] in 钢套[4×6×8]-4
2023-11-09 13:11:19,975 INFO  ExportHelperExtension.cs: 1125 - Retrieving features of type [CoordSys] from 圆柱销[M4×35]-6
2023-11-09 13:11:19,976 INFO  ExportHelperExtension.cs: 1136 - Found 28 in 圆柱销[M4×35]-6
2023-11-09 13:11:19,976 INFO  ExportHelperExtension.cs: 1145 - Found 0 features of type [CoordSys] in 圆柱销[M4×35]-6
2023-11-09 13:11:19,976 INFO  ExportHelperExtension.cs: 1125 - Retrieving features of type [CoordSys] from 无油复合轴承[4×6×8]-8
2023-11-09 13:11:19,997 INFO  ExportHelperExtension.cs: 1136 - Found 30 in 无油复合轴承[4×6×8]-8
2023-11-09 13:11:19,997 INFO  ExportHelperExtension.cs: 1145 - Found 0 features of type [CoordSys] in 无油复合轴承[4×6×8]-8
2023-11-09 13:11:19,998 INFO  ExportHelperExtension.cs: 1125 - Retrieving features of type [CoordSys] from 无油复合轴承[4×6×8]-9
2023-11-09 13:11:19,998 INFO  ExportHelperExtension.cs: 1136 - Found 30 in 无油复合轴承[4×6×8]-9
2023-11-09 13:11:19,998 INFO  ExportHelperExtension.cs: 1145 - Found 0 features of type [CoordSys] in 无油复合轴承[4×6×8]-9
2023-11-09 13:11:19,999 INFO  ExportHelperExtension.cs: 1125 - Retrieving features of type [CoordSys] from 铜套[4×8×4]-80
2023-11-09 13:11:19,999 INFO  ExportHelperExtension.cs: 1136 - Found 28 in 铜套[4×8×4]-80
2023-11-09 13:11:19,999 INFO  ExportHelperExtension.cs: 1145 - Found 0 features of type [CoordSys] in 铜套[4×8×4]-80
2023-11-09 13:11:20,000 INFO  ExportHelperExtension.cs: 1125 - Retrieving features of type [CoordSys] from 开口挡圈[M3]-37
2023-11-09 13:11:20,000 INFO  ExportHelperExtension.cs: 1136 - Found 27 in 开口挡圈[M3]-37
2023-11-09 13:11:20,001 INFO  ExportHelperExtension.cs: 1145 - Found 0 features of type [CoordSys] in 开口挡圈[M3]-37
2023-11-09 13:11:20,001 INFO  ExportHelperExtension.cs: 1125 - Retrieving features of type [CoordSys] from 内六角圆柱头螺钉[M3×30]-1
2023-11-09 13:11:20,001 INFO  ExportHelperExtension.cs: 1136 - Found 35 in 内六角圆柱头螺钉[M3×30]-1
2023-11-09 13:11:20,002 INFO  ExportHelperExtension.cs: 1145 - Found 0 features of type [CoordSys] in 内六角圆柱头螺钉[M3×30]-1
2023-11-09 13:11:20,002 INFO  ExportHelperExtension.cs: 1125 - Retrieving features of type [CoordSys] from 十字槽沉头螺钉[M3×10]-6
2023-11-09 13:11:20,003 INFO  ExportHelperExtension.cs: 1136 - Found 81 in 十字槽沉头螺钉[M3×10]-6
2023-11-09 13:11:20,003 INFO  ExportHelperExtension.cs: 1145 - Found 0 features of type [CoordSys] in 十字槽沉头螺钉[M3×10]-6
2023-11-09 13:11:20,003 INFO  ExportHelperExtension.cs: 1125 - Retrieving features of type [CoordSys] from 调整垫片[4×6×0.5]-209
2023-11-09 13:11:20,004 INFO  ExportHelperExtension.cs: 1136 - Found 27 in 调整垫片[4×6×0.5]-209
2023-11-09 13:11:20,004 INFO  ExportHelperExtension.cs: 1145 - Found 0 features of type [CoordSys] in 调整垫片[4×6×0.5]-209
2023-11-09 13:11:20,005 INFO  ExportHelperExtension.cs: 1125 - Retrieving features of type [CoordSys] from 内六角圆柱头螺钉[M2×6]-4
2023-11-09 13:11:20,005 INFO  ExportHelperExtension.cs: 1136 - Found 35 in 内六角圆柱头螺钉[M2×6]-4
2023-11-09 13:11:20,005 INFO  ExportHelperExtension.cs: 1145 - Found 0 features of type [CoordSys] in 内六角圆柱头螺钉[M2×6]-4
2023-11-09 13:11:20,006 INFO  ExportHelperExtension.cs: 1125 - Retrieving features of type [CoordSys] from 内六角圆柱头螺钉[M3×30]-2
2023-11-09 13:11:20,006 INFO  ExportHelperExtension.cs: 1136 - Found 35 in 内六角圆柱头螺钉[M3×30]-2
2023-11-09 13:11:20,006 INFO  ExportHelperExtension.cs: 1145 - Found 0 features of type [CoordSys] in 内六角圆柱头螺钉[M3×30]-2
2023-11-09 13:11:20,007 INFO  ExportHelperExtension.cs: 1125 - Retrieving features of type [CoordSys] from 调整垫片[4×10×0.5]-210
2023-11-09 13:11:20,007 INFO  ExportHelperExtension.cs: 1136 - Found 27 in 调整垫片[4×10×0.5]-210
2023-11-09 13:11:20,008 INFO  ExportHelperExtension.cs: 1145 - Found 0 features of type [CoordSys] in 调整垫片[4×10×0.5]-210
2023-11-09 13:11:20,008 INFO  ExportHelperExtension.cs: 1125 - Retrieving features of type [CoordSys] from 内六角圆柱头螺钉[M2×6]-6
2023-11-09 13:11:20,008 INFO  ExportHelperExtension.cs: 1136 - Found 35 in 内六角圆柱头螺钉[M2×6]-6
2023-11-09 13:11:20,009 INFO  ExportHelperExtension.cs: 1145 - Found 0 features of type [CoordSys] in 内六角圆柱头螺钉[M2×6]-6
2023-11-09 13:11:20,009 INFO  ExportHelperExtension.cs: 1125 - Retrieving features of type [CoordSys] from 十字槽沉头螺钉[M3×10]-7
2023-11-09 13:11:20,009 INFO  ExportHelperExtension.cs: 1136 - Found 81 in 十字槽沉头螺钉[M3×10]-7
2023-11-09 13:11:20,010 INFO  ExportHelperExtension.cs: 1145 - Found 0 features of type [CoordSys] in 十字槽沉头螺钉[M3×10]-7
2023-11-09 13:11:20,010 INFO  ExportHelperExtension.cs: 1125 - Retrieving features of type [CoordSys] from CTPM3F20.01.15_连接法兰-1
2023-11-09 13:11:20,011 INFO  ExportHelperExtension.cs: 1136 - Found 99 in CTPM3F20.01.15_连接法兰-1
2023-11-09 13:11:20,011 INFO  ExportHelperExtension.cs: 1145 - Found 0 features of type [CoordSys] in CTPM3F20.01.15_连接法兰-1
2023-11-09 13:11:20,012 INFO  ExportHelperExtension.cs: 1125 - Retrieving features of type [CoordSys] from 内六角圆柱头螺钉[M2×6]-2
2023-11-09 13:11:20,012 INFO  ExportHelperExtension.cs: 1136 - Found 35 in 内六角圆柱头螺钉[M2×6]-2
2023-11-09 13:11:20,012 INFO  ExportHelperExtension.cs: 1145 - Found 0 features of type [CoordSys] in 内六角圆柱头螺钉[M2×6]-2
2023-11-09 13:11:20,013 INFO  ExportHelperExtension.cs: 1125 - Retrieving features of type [CoordSys] from 金属电缆防水接头[M10×1.5适用电缆3-6.5]-1
2023-11-09 13:11:20,013 INFO  ExportHelperExtension.cs: 1136 - Found 44 in 金属电缆防水接头[M10×1.5适用电缆3-6.5]-1
2023-11-09 13:11:20,014 INFO  ExportHelperExtension.cs: 1145 - Found 0 features of type [CoordSys] in 金属电缆防水接头[M10×1.5适用电缆3-6.5]-1
2023-11-09 13:11:20,014 INFO  ExportHelperExtension.cs: 1125 - Retrieving features of type [CoordSys] from 内六角圆柱头螺钉[M2×6]-1
2023-11-09 13:11:20,014 INFO  ExportHelperExtension.cs: 1136 - Found 35 in 内六角圆柱头螺钉[M2×6]-1
2023-11-09 13:11:20,015 INFO  ExportHelperExtension.cs: 1145 - Found 0 features of type [CoordSys] in 内六角圆柱头螺钉[M2×6]-1
2023-11-09 13:11:20,015 INFO  ExportHelperExtension.cs: 1125 - Retrieving features of type [CoordSys] from 调整垫片[4×10×0.5]-215
2023-11-09 13:11:20,015 INFO  ExportHelperExtension.cs: 1136 - Found 27 in 调整垫片[4×10×0.5]-215
2023-11-09 13:11:20,016 INFO  ExportHelperExtension.cs: 1145 - Found 0 features of type [CoordSys] in 调整垫片[4×10×0.5]-215
2023-11-09 13:11:20,016 INFO  ExportHelperExtension.cs: 1125 - Retrieving features of type [CoordSys] from 十字槽沉头螺钉[M3×10]-10
2023-11-09 13:11:20,017 INFO  ExportHelperExtension.cs: 1136 - Found 81 in 十字槽沉头螺钉[M3×10]-10
2023-11-09 13:11:20,017 INFO  ExportHelperExtension.cs: 1145 - Found 0 features of type [CoordSys] in 十字槽沉头螺钉[M3×10]-10
2023-11-09 13:11:20,017 INFO  ExportHelperExtension.cs: 1125 - Retrieving features of type [CoordSys] from 调整垫片[4×10×0.5]-212
2023-11-09 13:11:20,018 INFO  ExportHelperExtension.cs: 1136 - Found 27 in 调整垫片[4×10×0.5]-212
2023-11-09 13:11:20,018 INFO  ExportHelperExtension.cs: 1145 - Found 0 features of type [CoordSys] in 调整垫片[4×10×0.5]-212
2023-11-09 13:11:20,018 INFO  ExportHelperExtension.cs: 1125 - Retrieving features of type [CoordSys] from 调整垫片[4×6×0.5]-213
2023-11-09 13:11:20,019 INFO  ExportHelperExtension.cs: 1136 - Found 27 in 调整垫片[4×6×0.5]-213
2023-11-09 13:11:20,019 INFO  ExportHelperExtension.cs: 1145 - Found 0 features of type [CoordSys] in 调整垫片[4×6×0.5]-213
2023-11-09 13:11:20,019 INFO  ExportHelperExtension.cs: 1125 - Retrieving features of type [CoordSys] from 调整垫片[4×10×0.5]-216
2023-11-09 13:11:20,019 INFO  ExportHelperExtension.cs: 1136 - Found 27 in 调整垫片[4×10×0.5]-216
2023-11-09 13:11:20,019 INFO  ExportHelperExtension.cs: 1145 - Found 0 features of type [CoordSys] in 调整垫片[4×10×0.5]-216
2023-11-09 13:11:20,019 INFO  ExportHelperExtension.cs: 1125 - Retrieving features of type [CoordSys] from 调整垫片[4×6×0.5]-214
2023-11-09 13:11:20,020 INFO  ExportHelperExtension.cs: 1136 - Found 27 in 调整垫片[4×6×0.5]-214
2023-11-09 13:11:20,020 INFO  ExportHelperExtension.cs: 1145 - Found 0 features of type [CoordSys] in 调整垫片[4×6×0.5]-214
2023-11-09 13:11:20,020 INFO  ExportHelperExtension.cs: 1125 - Retrieving features of type [CoordSys] from 开口挡圈[M3]-42
2023-11-09 13:11:20,021 INFO  ExportHelperExtension.cs: 1136 - Found 27 in 开口挡圈[M3]-42
2023-11-09 13:11:20,021 INFO  ExportHelperExtension.cs: 1145 - Found 0 features of type [CoordSys] in 开口挡圈[M3]-42
2023-11-09 13:11:20,022 INFO  ExportHelperExtension.cs: 1125 - Retrieving features of type [CoordSys] from 调整垫片[4×6×0.5]-211
2023-11-09 13:11:20,022 INFO  ExportHelperExtension.cs: 1136 - Found 27 in 调整垫片[4×6×0.5]-211
2023-11-09 13:11:20,022 INFO  ExportHelperExtension.cs: 1145 - Found 0 features of type [CoordSys] in 调整垫片[4×6×0.5]-211
2023-11-09 13:11:20,023 INFO  ExportHelperExtension.cs: 1125 - Retrieving features of type [CoordSys] from 十字槽沉头螺钉[M3×10]-9
2023-11-09 13:11:20,023 INFO  ExportHelperExtension.cs: 1136 - Found 81 in 十字槽沉头螺钉[M3×10]-9
2023-11-09 13:11:20,023 INFO  ExportHelperExtension.cs: 1145 - Found 0 features of type [CoordSys] in 十字槽沉头螺钉[M3×10]-9
2023-11-09 13:11:20,024 INFO  ExportHelperExtension.cs: 1125 - Retrieving features of type [RefAxis] from CTAG2F90-C-00 两指平动手.SLDASM
2023-11-09 13:11:20,024 INFO  ExportHelperExtension.cs: 1136 - Found 251 in CTAG2F90-C-00 两指平动手.SLDASM
2023-11-09 13:11:20,025 INFO  ExportHelperExtension.cs: 1145 - Found 8 features of type [RefAxis] in CTAG2F90-C-00 两指平动手.SLDASM
2023-11-09 13:11:20,026 INFO  ExportHelperExtension.cs: 1148 - Proceeding through assembly components
2023-11-09 13:11:20,026 INFO  ExportHelperExtension.cs: 1160 - 98 components to check
2023-11-09 13:11:20,026 INFO  ExportHelperExtension.cs: 1125 - Retrieving features of type [RefAxis] from CTAG2F90-13 圆柱销23-13
2023-11-09 13:11:20,027 INFO  ExportHelperExtension.cs: 1136 - Found 31 in CTAG2F90-13 圆柱销23-13
2023-11-09 13:11:20,027 INFO  ExportHelperExtension.cs: 1145 - Found 0 features of type [RefAxis] in CTAG2F90-13 圆柱销23-13
2023-11-09 13:11:20,027 INFO  ExportHelperExtension.cs: 1125 - Retrieving features of type [RefAxis] from CTAG2F90-13 圆柱销23-9
2023-11-09 13:11:20,028 INFO  ExportHelperExtension.cs: 1136 - Found 31 in CTAG2F90-13 圆柱销23-9
2023-11-09 13:11:20,028 INFO  ExportHelperExtension.cs: 1145 - Found 0 features of type [RefAxis] in CTAG2F90-13 圆柱销23-9
2023-11-09 13:11:20,028 INFO  ExportHelperExtension.cs: 1125 - Retrieving features of type [RefAxis] from CTAG2F90-05 随动连杆-2
2023-11-09 13:11:20,029 INFO  ExportHelperExtension.cs: 1136 - Found 44 in CTAG2F90-05 随动连杆-2
2023-11-09 13:11:20,029 INFO  ExportHelperExtension.cs: 1145 - Found 0 features of type [RefAxis] in CTAG2F90-05 随动连杆-2
2023-11-09 13:11:20,030 INFO  ExportHelperExtension.cs: 1125 - Retrieving features of type [RefAxis] from CTAG2F90-06 指端连杆-2
2023-11-09 13:11:20,030 INFO  ExportHelperExtension.cs: 1136 - Found 51 in CTAG2F90-06 指端连杆-2
2023-11-09 13:11:20,031 INFO  ExportHelperExtension.cs: 1145 - Found 0 features of type [RefAxis] in CTAG2F90-06 指端连杆-2
2023-11-09 13:11:20,031 INFO  ExportHelperExtension.cs: 1125 - Retrieving features of type [RefAxis] from CTAG2F90-09 摆动连杆-2
2023-11-09 13:11:20,031 INFO  ExportHelperExtension.cs: 1136 - Found 43 in CTAG2F90-09 摆动连杆-2
2023-11-09 13:11:20,032 INFO  ExportHelperExtension.cs: 1145 - Found 0 features of type [RefAxis] in CTAG2F90-09 摆动连杆-2
2023-11-09 13:11:20,032 INFO  ExportHelperExtension.cs: 1125 - Retrieving features of type [RefAxis] from CTAG2F90-05 随动连杆-3
2023-11-09 13:11:20,032 INFO  ExportHelperExtension.cs: 1136 - Found 44 in CTAG2F90-05 随动连杆-3
2023-11-09 13:11:20,033 INFO  ExportHelperExtension.cs: 1145 - Found 0 features of type [RefAxis] in CTAG2F90-05 随动连杆-3
2023-11-09 13:11:20,033 INFO  ExportHelperExtension.cs: 1125 - Retrieving features of type [RefAxis] from CTAG2F90-09 摆动连杆-3
2023-11-09 13:11:20,033 INFO  ExportHelperExtension.cs: 1136 - Found 43 in CTAG2F90-09 摆动连杆-3
2023-11-09 13:11:20,034 INFO  ExportHelperExtension.cs: 1145 - Found 0 features of type [RefAxis] in CTAG2F90-09 摆动连杆-3
2023-11-09 13:11:20,034 INFO  ExportHelperExtension.cs: 1125 - Retrieving features of type [RefAxis] from CTAG2F90-09 摆动连杆-4
2023-11-09 13:11:20,034 INFO  ExportHelperExtension.cs: 1136 - Found 43 in CTAG2F90-09 摆动连杆-4
2023-11-09 13:11:20,035 INFO  ExportHelperExtension.cs: 1145 - Found 0 features of type [RefAxis] in CTAG2F90-09 摆动连杆-4
2023-11-09 13:11:20,035 INFO  ExportHelperExtension.cs: 1125 - Retrieving features of type [RefAxis] from CTAG2F90-C-04 机体外壳-1
2023-11-09 13:11:20,036 INFO  ExportHelperExtension.cs: 1136 - Found 33 in CTAG2F90-C-04 机体外壳-1
2023-11-09 13:11:20,036 INFO  ExportHelperExtension.cs: 1145 - Found 0 features of type [RefAxis] in CTAG2F90-C-04 机体外壳-1
2023-11-09 13:11:20,036 INFO  ExportHelperExtension.cs: 1125 - Retrieving features of type [RefAxis] from 内六角紧定螺钉[M3×3]-8
2023-11-09 13:11:20,037 INFO  ExportHelperExtension.cs: 1136 - Found 33 in 内六角紧定螺钉[M3×3]-8
2023-11-09 13:11:20,037 INFO  ExportHelperExtension.cs: 1145 - Found 0 features of type [RefAxis] in 内六角紧定螺钉[M3×3]-8
2023-11-09 13:11:20,038 INFO  ExportHelperExtension.cs: 1125 - Retrieving features of type [RefAxis] from 调整垫片[4×10×0.5]-204
2023-11-09 13:11:20,038 INFO  ExportHelperExtension.cs: 1136 - Found 27 in 调整垫片[4×10×0.5]-204
2023-11-09 13:11:20,038 INFO  ExportHelperExtension.cs: 1145 - Found 0 features of type [RefAxis] in 调整垫片[4×10×0.5]-204
2023-11-09 13:11:20,042 INFO  ExportHelperExtension.cs: 1125 - Retrieving features of type [RefAxis] from 铜套[4×8×4]-94
2023-11-09 13:11:20,045 INFO  ExportHelperExtension.cs: 1136 - Found 28 in 铜套[4×8×4]-94
2023-11-09 13:11:20,045 INFO  ExportHelperExtension.cs: 1145 - Found 0 features of type [RefAxis] in 铜套[4×8×4]-94
2023-11-09 13:11:20,045 INFO  ExportHelperExtension.cs: 1125 - Retrieving features of type [RefAxis] from 铜套[4×8×4]-95
2023-11-09 13:11:20,046 INFO  ExportHelperExtension.cs: 1136 - Found 28 in 铜套[4×8×4]-95
2023-11-09 13:11:20,046 INFO  ExportHelperExtension.cs: 1145 - Found 0 features of type [RefAxis] in 铜套[4×8×4]-95
2023-11-09 13:11:20,047 INFO  ExportHelperExtension.cs: 1125 - Retrieving features of type [RefAxis] from 铜套[4×8×4]-63
2023-11-09 13:11:20,047 INFO  ExportHelperExtension.cs: 1136 - Found 28 in 铜套[4×8×4]-63
2023-11-09 13:11:20,047 INFO  ExportHelperExtension.cs: 1145 - Found 0 features of type [RefAxis] in 铜套[4×8×4]-63
2023-11-09 13:11:20,048 INFO  ExportHelperExtension.cs: 1125 - Retrieving features of type [RefAxis] from CTAG2F90-05 随动连杆-4
2023-11-09 13:11:20,048 INFO  ExportHelperExtension.cs: 1136 - Found 44 in CTAG2F90-05 随动连杆-4
2023-11-09 13:11:20,049 INFO  ExportHelperExtension.cs: 1145 - Found 0 features of type [RefAxis] in CTAG2F90-05 随动连杆-4
2023-11-09 13:11:20,049 INFO  ExportHelperExtension.cs: 1125 - Retrieving features of type [RefAxis] from 内六角紧定螺钉[M3×3]-7
2023-11-09 13:11:20,049 INFO  ExportHelperExtension.cs: 1136 - Found 33 in 内六角紧定螺钉[M3×3]-7
2023-11-09 13:11:20,050 INFO  ExportHelperExtension.cs: 1145 - Found 0 features of type [RefAxis] in 内六角紧定螺钉[M3×3]-7
2023-11-09 13:11:20,050 INFO  ExportHelperExtension.cs: 1125 - Retrieving features of type [RefAxis] from 调整垫片[4×10×0.5]-205
2023-11-09 13:11:20,050 INFO  ExportHelperExtension.cs: 1136 - Found 27 in 调整垫片[4×10×0.5]-205
2023-11-09 13:11:20,051 INFO  ExportHelperExtension.cs: 1145 - Found 0 features of type [RefAxis] in 调整垫片[4×10×0.5]-205
2023-11-09 13:11:20,051 INFO  ExportHelperExtension.cs: 1125 - Retrieving features of type [RefAxis] from CTAG2F90-13 圆柱销23-14
2023-11-09 13:11:20,052 INFO  ExportHelperExtension.cs: 1136 - Found 31 in CTAG2F90-13 圆柱销23-14
2023-11-09 13:11:20,052 INFO  ExportHelperExtension.cs: 1145 - Found 0 features of type [RefAxis] in CTAG2F90-13 圆柱销23-14
2023-11-09 13:11:20,053 INFO  ExportHelperExtension.cs: 1125 - Retrieving features of type [RefAxis] from 调整垫片[4×10×0.5]-199
2023-11-09 13:11:20,053 INFO  ExportHelperExtension.cs: 1136 - Found 27 in 调整垫片[4×10×0.5]-199
2023-11-09 13:11:20,053 INFO  ExportHelperExtension.cs: 1145 - Found 0 features of type [RefAxis] in 调整垫片[4×10×0.5]-199
2023-11-09 13:11:20,054 INFO  ExportHelperExtension.cs: 1125 - Retrieving features of type [RefAxis] from 调整垫片[4×10×0.5]-200
2023-11-09 13:11:20,054 INFO  ExportHelperExtension.cs: 1136 - Found 27 in 调整垫片[4×10×0.5]-200
2023-11-09 13:11:20,054 INFO  ExportHelperExtension.cs: 1145 - Found 0 features of type [RefAxis] in 调整垫片[4×10×0.5]-200
2023-11-09 13:11:20,055 INFO  ExportHelperExtension.cs: 1125 - Retrieving features of type [RefAxis] from 铜套[4×8×4]-96
2023-11-09 13:11:20,055 INFO  ExportHelperExtension.cs: 1136 - Found 28 in 铜套[4×8×4]-96
2023-11-09 13:11:20,055 INFO  ExportHelperExtension.cs: 1145 - Found 0 features of type [RefAxis] in 铜套[4×8×4]-96
2023-11-09 13:11:20,056 INFO  ExportHelperExtension.cs: 1125 - Retrieving features of type [RefAxis] from 调整垫片[4×10×0.5]-203
2023-11-09 13:11:20,056 INFO  ExportHelperExtension.cs: 1136 - Found 27 in 调整垫片[4×10×0.5]-203
2023-11-09 13:11:20,056 INFO  ExportHelperExtension.cs: 1145 - Found 0 features of type [RefAxis] in 调整垫片[4×10×0.5]-203
2023-11-09 13:11:20,057 INFO  ExportHelperExtension.cs: 1125 - Retrieving features of type [RefAxis] from 调整垫片[4×10×0.5]-198
2023-11-09 13:11:20,057 INFO  ExportHelperExtension.cs: 1136 - Found 27 in 调整垫片[4×10×0.5]-198
2023-11-09 13:11:20,057 INFO  ExportHelperExtension.cs: 1145 - Found 0 features of type [RefAxis] in 调整垫片[4×10×0.5]-198
2023-11-09 13:11:20,058 INFO  ExportHelperExtension.cs: 1125 - Retrieving features of type [RefAxis] from 调整垫片[4×10×0.5]-195
2023-11-09 13:11:20,058 INFO  ExportHelperExtension.cs: 1136 - Found 27 in 调整垫片[4×10×0.5]-195
2023-11-09 13:11:20,058 INFO  ExportHelperExtension.cs: 1145 - Found 0 features of type [RefAxis] in 调整垫片[4×10×0.5]-195
2023-11-09 13:11:20,058 INFO  ExportHelperExtension.cs: 1125 - Retrieving features of type [RefAxis] from 调整垫片[4×10×0.5]-202
2023-11-09 13:11:20,058 INFO  ExportHelperExtension.cs: 1136 - Found 27 in 调整垫片[4×10×0.5]-202
2023-11-09 13:11:20,058 INFO  ExportHelperExtension.cs: 1145 - Found 0 features of type [RefAxis] in 调整垫片[4×10×0.5]-202
2023-11-09 13:11:20,059 INFO  ExportHelperExtension.cs: 1125 - Retrieving features of type [RefAxis] from 调整垫片[4×10×0.5]-197
2023-11-09 13:11:20,059 INFO  ExportHelperExtension.cs: 1136 - Found 27 in 调整垫片[4×10×0.5]-197
2023-11-09 13:11:20,059 INFO  ExportHelperExtension.cs: 1145 - Found 0 features of type [RefAxis] in 调整垫片[4×10×0.5]-197
2023-11-09 13:11:20,060 INFO  ExportHelperExtension.cs: 1125 - Retrieving features of type [RefAxis] from 铜套[4×8×4]-82
2023-11-09 13:11:20,060 INFO  ExportHelperExtension.cs: 1136 - Found 28 in 铜套[4×8×4]-82
2023-11-09 13:11:20,060 INFO  ExportHelperExtension.cs: 1145 - Found 0 features of type [RefAxis] in 铜套[4×8×4]-82
2023-11-09 13:11:20,061 INFO  ExportHelperExtension.cs: 1125 - Retrieving features of type [RefAxis] from 铜套[4×8×4]-87
2023-11-09 13:11:20,061 INFO  ExportHelperExtension.cs: 1136 - Found 28 in 铜套[4×8×4]-87
2023-11-09 13:11:20,062 INFO  ExportHelperExtension.cs: 1145 - Found 0 features of type [RefAxis] in 铜套[4×8×4]-87
2023-11-09 13:11:20,062 INFO  ExportHelperExtension.cs: 1125 - Retrieving features of type [RefAxis] from 铜套[4×8×4]-84
2023-11-09 13:11:20,062 INFO  ExportHelperExtension.cs: 1136 - Found 28 in 铜套[4×8×4]-84
2023-11-09 13:11:20,063 INFO  ExportHelperExtension.cs: 1145 - Found 0 features of type [RefAxis] in 铜套[4×8×4]-84
2023-11-09 13:11:20,063 INFO  ExportHelperExtension.cs: 1125 - Retrieving features of type [RefAxis] from 铜套[4×8×4]-86
2023-11-09 13:11:20,063 INFO  ExportHelperExtension.cs: 1136 - Found 28 in 铜套[4×8×4]-86
2023-11-09 13:11:20,064 INFO  ExportHelperExtension.cs: 1145 - Found 0 features of type [RefAxis] in 铜套[4×8×4]-86
2023-11-09 13:11:20,064 INFO  ExportHelperExtension.cs: 1125 - Retrieving features of type [RefAxis] from 铜套[4×8×4]-83
2023-11-09 13:11:20,064 INFO  ExportHelperExtension.cs: 1136 - Found 28 in 铜套[4×8×4]-83
2023-11-09 13:11:20,065 INFO  ExportHelperExtension.cs: 1145 - Found 0 features of type [RefAxis] in 铜套[4×8×4]-83
2023-11-09 13:11:20,065 INFO  ExportHelperExtension.cs: 1125 - Retrieving features of type [RefAxis] from 开口挡圈[M3]-30
2023-11-09 13:11:20,065 INFO  ExportHelperExtension.cs: 1136 - Found 27 in 开口挡圈[M3]-30
2023-11-09 13:11:20,066 INFO  ExportHelperExtension.cs: 1145 - Found 0 features of type [RefAxis] in 开口挡圈[M3]-30
2023-11-09 13:11:20,066 INFO  ExportHelperExtension.cs: 1125 - Retrieving features of type [RefAxis] from CTAG2F90-05 随动连杆-1
2023-11-09 13:11:20,066 INFO  ExportHelperExtension.cs: 1136 - Found 44 in CTAG2F90-05 随动连杆-1
2023-11-09 13:11:20,067 INFO  ExportHelperExtension.cs: 1145 - Found 0 features of type [RefAxis] in CTAG2F90-05 随动连杆-1
2023-11-09 13:11:20,067 INFO  ExportHelperExtension.cs: 1125 - Retrieving features of type [RefAxis] from CTAG2F90-C-12 航插连接板-1
2023-11-09 13:11:20,068 INFO  ExportHelperExtension.cs: 1136 - Found 48 in CTAG2F90-C-12 航插连接板-1
2023-11-09 13:11:20,068 INFO  ExportHelperExtension.cs: 1145 - Found 0 features of type [RefAxis] in CTAG2F90-C-12 航插连接板-1
2023-11-09 13:11:20,068 INFO  ExportHelperExtension.cs: 1125 - Retrieving features of type [RefAxis] from 钢套[4×6×8]-2
2023-11-09 13:11:20,069 INFO  ExportHelperExtension.cs: 1136 - Found 28 in 钢套[4×6×8]-2
2023-11-09 13:11:20,069 INFO  ExportHelperExtension.cs: 1145 - Found 0 features of type [RefAxis] in 钢套[4×6×8]-2
2023-11-09 13:11:20,069 INFO  ExportHelperExtension.cs: 1125 - Retrieving features of type [RefAxis] from CTAG2F90-09 摆动连杆-1
2023-11-09 13:11:20,070 INFO  ExportHelperExtension.cs: 1136 - Found 43 in CTAG2F90-09 摆动连杆-1
2023-11-09 13:11:20,070 INFO  ExportHelperExtension.cs: 1145 - Found 0 features of type [RefAxis] in CTAG2F90-09 摆动连杆-1
2023-11-09 13:11:20,071 INFO  ExportHelperExtension.cs: 1125 - Retrieving features of type [RefAxis] from 开口挡圈[M3]-32
2023-11-09 13:11:20,071 INFO  ExportHelperExtension.cs: 1136 - Found 27 in 开口挡圈[M3]-32
2023-11-09 13:11:20,071 INFO  ExportHelperExtension.cs: 1145 - Found 0 features of type [RefAxis] in 开口挡圈[M3]-32
2023-11-09 13:11:20,072 INFO  ExportHelperExtension.cs: 1125 - Retrieving features of type [RefAxis] from CTAG2F90-15 指端-1
2023-11-09 13:11:20,072 INFO  ExportHelperExtension.cs: 1136 - Found 40 in CTAG2F90-15 指端-1
2023-11-09 13:11:20,072 INFO  ExportHelperExtension.cs: 1145 - Found 0 features of type [RefAxis] in CTAG2F90-15 指端-1
2023-11-09 13:11:20,073 INFO  ExportHelperExtension.cs: 1125 - Retrieving features of type [RefAxis] from 调整垫片[4×10×0.5]-161
2023-11-09 13:11:20,073 INFO  ExportHelperExtension.cs: 1136 - Found 27 in 调整垫片[4×10×0.5]-161
2023-11-09 13:11:20,074 INFO  ExportHelperExtension.cs: 1145 - Found 0 features of type [RefAxis] in 调整垫片[4×10×0.5]-161
2023-11-09 13:11:20,074 INFO  ExportHelperExtension.cs: 1125 - Retrieving features of type [RefAxis] from 钢套[4×6×8]-1
2023-11-09 13:11:20,074 INFO  ExportHelperExtension.cs: 1136 - Found 28 in 钢套[4×6×8]-1
2023-11-09 13:11:20,075 INFO  ExportHelperExtension.cs: 1145 - Found 0 features of type [RefAxis] in 钢套[4×6×8]-1
2023-11-09 13:11:20,075 INFO  ExportHelperExtension.cs: 1125 - Retrieving features of type [RefAxis] from CTAG2F90-13 圆柱销23-10
2023-11-09 13:11:20,076 INFO  ExportHelperExtension.cs: 1136 - Found 31 in CTAG2F90-13 圆柱销23-10
2023-11-09 13:11:20,076 INFO  ExportHelperExtension.cs: 1145 - Found 0 features of type [RefAxis] in CTAG2F90-13 圆柱销23-10
2023-11-09 13:11:20,076 INFO  ExportHelperExtension.cs: 1125 - Retrieving features of type [RefAxis] from CTAG2F90-06 指端连杆-1
2023-11-09 13:11:20,077 INFO  ExportHelperExtension.cs: 1136 - Found 51 in CTAG2F90-06 指端连杆-1
2023-11-09 13:11:20,077 INFO  ExportHelperExtension.cs: 1145 - Found 0 features of type [RefAxis] in CTAG2F90-06 指端连杆-1
2023-11-09 13:11:20,078 INFO  ExportHelperExtension.cs: 1125 - Retrieving features of type [RefAxis] from 铜套[4×8×4]-59
2023-11-09 13:11:20,078 INFO  ExportHelperExtension.cs: 1136 - Found 28 in 铜套[4×8×4]-59
2023-11-09 13:11:20,078 INFO  ExportHelperExtension.cs: 1145 - Found 0 features of type [RefAxis] in 铜套[4×8×4]-59
2023-11-09 13:11:20,079 INFO  ExportHelperExtension.cs: 1125 - Retrieving features of type [RefAxis] from 圆柱销[M4×35]-1
2023-11-09 13:11:20,079 INFO  ExportHelperExtension.cs: 1136 - Found 28 in 圆柱销[M4×35]-1
2023-11-09 13:11:20,080 INFO  ExportHelperExtension.cs: 1145 - Found 0 features of type [RefAxis] in 圆柱销[M4×35]-1
2023-11-09 13:11:20,080 INFO  ExportHelperExtension.cs: 1125 - Retrieving features of type [RefAxis] from 调整垫片[4×10×0.5]-151
2023-11-09 13:11:20,080 INFO  ExportHelperExtension.cs: 1136 - Found 27 in 调整垫片[4×10×0.5]-151
2023-11-09 13:11:20,081 INFO  ExportHelperExtension.cs: 1145 - Found 0 features of type [RefAxis] in 调整垫片[4×10×0.5]-151
2023-11-09 13:11:20,081 INFO  ExportHelperExtension.cs: 1125 - Retrieving features of type [RefAxis] from 内六角紧定螺钉[M3×3]-2
2023-11-09 13:11:20,081 INFO  ExportHelperExtension.cs: 1136 - Found 33 in 内六角紧定螺钉[M3×3]-2
2023-11-09 13:11:20,082 INFO  ExportHelperExtension.cs: 1145 - Found 0 features of type [RefAxis] in 内六角紧定螺钉[M3×3]-2
2023-11-09 13:11:20,082 INFO  ExportHelperExtension.cs: 1125 - Retrieving features of type [RefAxis] from 调整垫片[4×10×0.5]-194
2023-11-09 13:11:20,082 INFO  ExportHelperExtension.cs: 1136 - Found 27 in 调整垫片[4×10×0.5]-194
2023-11-09 13:11:20,083 INFO  ExportHelperExtension.cs: 1145 - Found 0 features of type [RefAxis] in 调整垫片[4×10×0.5]-194
2023-11-09 13:11:20,083 INFO  ExportHelperExtension.cs: 1125 - Retrieving features of type [RefAxis] from 铜套[4×8×4]-93
2023-11-09 13:11:20,084 INFO  ExportHelperExtension.cs: 1136 - Found 28 in 铜套[4×8×4]-93
2023-11-09 13:11:20,084 INFO  ExportHelperExtension.cs: 1145 - Found 0 features of type [RefAxis] in 铜套[4×8×4]-93
2023-11-09 13:11:20,084 INFO  ExportHelperExtension.cs: 1125 - Retrieving features of type [RefAxis] from 圆柱销[M4×35]-2
2023-11-09 13:11:20,085 INFO  ExportHelperExtension.cs: 1136 - Found 28 in 圆柱销[M4×35]-2
2023-11-09 13:11:20,085 INFO  ExportHelperExtension.cs: 1145 - Found 0 features of type [RefAxis] in 圆柱销[M4×35]-2
2023-11-09 13:11:20,089 INFO  ExportHelperExtension.cs: 1125 - Retrieving features of type [RefAxis] from 铜套[4×8×4]-85
2023-11-09 13:11:20,091 INFO  ExportHelperExtension.cs: 1136 - Found 28 in 铜套[4×8×4]-85
2023-11-09 13:11:20,092 INFO  ExportHelperExtension.cs: 1145 - Found 0 features of type [RefAxis] in 铜套[4×8×4]-85
2023-11-09 13:11:20,092 INFO  ExportHelperExtension.cs: 1125 - Retrieving features of type [RefAxis] from 内六角紧定螺钉[M3×3]-4
2023-11-09 13:11:20,093 INFO  ExportHelperExtension.cs: 1136 - Found 33 in 内六角紧定螺钉[M3×3]-4
2023-11-09 13:11:20,093 INFO  ExportHelperExtension.cs: 1145 - Found 0 features of type [RefAxis] in 内六角紧定螺钉[M3×3]-4
2023-11-09 13:11:20,093 INFO  ExportHelperExtension.cs: 1125 - Retrieving features of type [RefAxis] from 无油复合轴承[4×6×8]-1
2023-11-09 13:11:20,094 INFO  ExportHelperExtension.cs: 1136 - Found 30 in 无油复合轴承[4×6×8]-1
2023-11-09 13:11:20,094 INFO  ExportHelperExtension.cs: 1145 - Found 0 features of type [RefAxis] in 无油复合轴承[4×6×8]-1
2023-11-09 13:11:20,094 INFO  ExportHelperExtension.cs: 1125 - Retrieving features of type [RefAxis] from 无油复合轴承[4×6×8]-2
2023-11-09 13:11:20,095 INFO  ExportHelperExtension.cs: 1136 - Found 30 in 无油复合轴承[4×6×8]-2
2023-11-09 13:11:20,095 INFO  ExportHelperExtension.cs: 1145 - Found 0 features of type [RefAxis] in 无油复合轴承[4×6×8]-2
2023-11-09 13:11:20,095 INFO  ExportHelperExtension.cs: 1125 - Retrieving features of type [RefAxis] from 调整垫片[4×10×0.5]-144
2023-11-09 13:11:20,096 INFO  ExportHelperExtension.cs: 1136 - Found 27 in 调整垫片[4×10×0.5]-144
2023-11-09 13:11:20,096 INFO  ExportHelperExtension.cs: 1145 - Found 0 features of type [RefAxis] in 调整垫片[4×10×0.5]-144
2023-11-09 13:11:20,096 INFO  ExportHelperExtension.cs: 1125 - Retrieving features of type [RefAxis] from 铜套[4×8×4]-81
2023-11-09 13:11:20,097 INFO  ExportHelperExtension.cs: 1136 - Found 28 in 铜套[4×8×4]-81
2023-11-09 13:11:20,097 INFO  ExportHelperExtension.cs: 1145 - Found 0 features of type [RefAxis] in 铜套[4×8×4]-81
2023-11-09 13:11:20,097 INFO  ExportHelperExtension.cs: 1125 - Retrieving features of type [RefAxis] from 开口挡圈[M3]-34
2023-11-09 13:11:20,098 INFO  ExportHelperExtension.cs: 1136 - Found 27 in 开口挡圈[M3]-34
2023-11-09 13:11:20,098 INFO  ExportHelperExtension.cs: 1145 - Found 0 features of type [RefAxis] in 开口挡圈[M3]-34
2023-11-09 13:11:20,099 INFO  ExportHelperExtension.cs: 1125 - Retrieving features of type [RefAxis] from 铜套[4×8×4]-88
2023-11-09 13:11:20,099 INFO  ExportHelperExtension.cs: 1136 - Found 28 in 铜套[4×8×4]-88
2023-11-09 13:11:20,099 INFO  ExportHelperExtension.cs: 1145 - Found 0 features of type [RefAxis] in 铜套[4×8×4]-88
2023-11-09 13:11:20,100 INFO  ExportHelperExtension.cs: 1125 - Retrieving features of type [RefAxis] from 圆柱销[M4×35]-7
2023-11-09 13:11:20,100 INFO  ExportHelperExtension.cs: 1136 - Found 28 in 圆柱销[M4×35]-7
2023-11-09 13:11:20,100 INFO  ExportHelperExtension.cs: 1145 - Found 0 features of type [RefAxis] in 圆柱销[M4×35]-7
2023-11-09 13:11:20,100 INFO  ExportHelperExtension.cs: 1125 - Retrieving features of type [RefAxis] from 铜套[4×8×4]-79
2023-11-09 13:11:20,100 INFO  ExportHelperExtension.cs: 1136 - Found 28 in 铜套[4×8×4]-79
2023-11-09 13:11:20,100 INFO  ExportHelperExtension.cs: 1145 - Found 0 features of type [RefAxis] in 铜套[4×8×4]-79
2023-11-09 13:11:20,101 INFO  ExportHelperExtension.cs: 1125 - Retrieving features of type [RefAxis] from 钢套[4×6×8]-5
2023-11-09 13:11:20,101 INFO  ExportHelperExtension.cs: 1136 - Found 28 in 钢套[4×6×8]-5
2023-11-09 13:11:20,101 INFO  ExportHelperExtension.cs: 1145 - Found 0 features of type [RefAxis] in 钢套[4×6×8]-5
2023-11-09 13:11:20,102 INFO  ExportHelperExtension.cs: 1125 - Retrieving features of type [RefAxis] from 无油复合轴承[4×6×8]-6
2023-11-09 13:11:20,102 INFO  ExportHelperExtension.cs: 1136 - Found 30 in 无油复合轴承[4×6×8]-6
2023-11-09 13:11:20,102 INFO  ExportHelperExtension.cs: 1145 - Found 0 features of type [RefAxis] in 无油复合轴承[4×6×8]-6
2023-11-09 13:11:20,103 INFO  ExportHelperExtension.cs: 1125 - Retrieving features of type [RefAxis] from 无油复合轴承[4×6×8]-7
2023-11-09 13:11:20,103 INFO  ExportHelperExtension.cs: 1136 - Found 30 in 无油复合轴承[4×6×8]-7
2023-11-09 13:11:20,103 INFO  ExportHelperExtension.cs: 1145 - Found 0 features of type [RefAxis] in 无油复合轴承[4×6×8]-7
2023-11-09 13:11:20,104 INFO  ExportHelperExtension.cs: 1125 - Retrieving features of type [RefAxis] from 开口挡圈[M3]-38
2023-11-09 13:11:20,104 INFO  ExportHelperExtension.cs: 1136 - Found 27 in 开口挡圈[M3]-38
2023-11-09 13:11:20,104 INFO  ExportHelperExtension.cs: 1145 - Found 0 features of type [RefAxis] in 开口挡圈[M3]-38
2023-11-09 13:11:20,105 INFO  ExportHelperExtension.cs: 1125 - Retrieving features of type [RefAxis] from 无油复合轴承[4×6×8]-4
2023-11-09 13:11:20,105 INFO  ExportHelperExtension.cs: 1136 - Found 30 in 无油复合轴承[4×6×8]-4
2023-11-09 13:11:20,105 INFO  ExportHelperExtension.cs: 1145 - Found 0 features of type [RefAxis] in 无油复合轴承[4×6×8]-4
2023-11-09 13:11:20,106 INFO  ExportHelperExtension.cs: 1125 - Retrieving features of type [RefAxis] from 无油复合轴承[4×6×8]-5
2023-11-09 13:11:20,106 INFO  ExportHelperExtension.cs: 1136 - Found 30 in 无油复合轴承[4×6×8]-5
2023-11-09 13:11:20,107 INFO  ExportHelperExtension.cs: 1145 - Found 0 features of type [RefAxis] in 无油复合轴承[4×6×8]-5
2023-11-09 13:11:20,107 INFO  ExportHelperExtension.cs: 1125 - Retrieving features of type [RefAxis] from 开口挡圈[M3]-35
2023-11-09 13:11:20,107 INFO  ExportHelperExtension.cs: 1136 - Found 27 in 开口挡圈[M3]-35
2023-11-09 13:11:20,108 INFO  ExportHelperExtension.cs: 1145 - Found 0 features of type [RefAxis] in 开口挡圈[M3]-35
2023-11-09 13:11:20,108 INFO  ExportHelperExtension.cs: 1125 - Retrieving features of type [RefAxis] from 开口挡圈[M3]-40
2023-11-09 13:11:20,108 INFO  ExportHelperExtension.cs: 1136 - Found 27 in 开口挡圈[M3]-40
2023-11-09 13:11:20,109 INFO  ExportHelperExtension.cs: 1145 - Found 0 features of type [RefAxis] in 开口挡圈[M3]-40
2023-11-09 13:11:20,109 INFO  ExportHelperExtension.cs: 1125 - Retrieving features of type [RefAxis] from CTAG2F90-15 指端-2
2023-11-09 13:11:20,109 INFO  ExportHelperExtension.cs: 1136 - Found 40 in CTAG2F90-15 指端-2
2023-11-09 13:11:20,110 INFO  ExportHelperExtension.cs: 1145 - Found 0 features of type [RefAxis] in CTAG2F90-15 指端-2
2023-11-09 13:11:20,110 INFO  ExportHelperExtension.cs: 1125 - Retrieving features of type [RefAxis] from 调整垫片[4×10×0.5]-207
2023-11-09 13:11:20,110 INFO  ExportHelperExtension.cs: 1136 - Found 27 in 调整垫片[4×10×0.5]-207
2023-11-09 13:11:20,111 INFO  ExportHelperExtension.cs: 1145 - Found 0 features of type [RefAxis] in 调整垫片[4×10×0.5]-207
2023-11-09 13:11:20,111 INFO  ExportHelperExtension.cs: 1125 - Retrieving features of type [RefAxis] from 调整垫片[4×10×0.5]-208
2023-11-09 13:11:20,111 INFO  ExportHelperExtension.cs: 1136 - Found 27 in 调整垫片[4×10×0.5]-208
2023-11-09 13:11:20,112 INFO  ExportHelperExtension.cs: 1145 - Found 0 features of type [RefAxis] in 调整垫片[4×10×0.5]-208
2023-11-09 13:11:20,112 INFO  ExportHelperExtension.cs: 1125 - Retrieving features of type [RefAxis] from 调整垫片[4×10×0.5]-209
2023-11-09 13:11:20,112 INFO  ExportHelperExtension.cs: 1136 - Found 27 in 调整垫片[4×10×0.5]-209
2023-11-09 13:11:20,113 INFO  ExportHelperExtension.cs: 1145 - Found 0 features of type [RefAxis] in 调整垫片[4×10×0.5]-209
2023-11-09 13:11:20,113 INFO  ExportHelperExtension.cs: 1125 - Retrieving features of type [RefAxis] from 钢套[4×6×8]-4
2023-11-09 13:11:20,113 INFO  ExportHelperExtension.cs: 1136 - Found 28 in 钢套[4×6×8]-4
2023-11-09 13:11:20,114 INFO  ExportHelperExtension.cs: 1145 - Found 0 features of type [RefAxis] in 钢套[4×6×8]-4
2023-11-09 13:11:20,114 INFO  ExportHelperExtension.cs: 1125 - Retrieving features of type [RefAxis] from 圆柱销[M4×35]-6
2023-11-09 13:11:20,114 INFO  ExportHelperExtension.cs: 1136 - Found 28 in 圆柱销[M4×35]-6
2023-11-09 13:11:20,115 INFO  ExportHelperExtension.cs: 1145 - Found 0 features of type [RefAxis] in 圆柱销[M4×35]-6
2023-11-09 13:11:20,115 INFO  ExportHelperExtension.cs: 1125 - Retrieving features of type [RefAxis] from 无油复合轴承[4×6×8]-8
2023-11-09 13:11:20,116 INFO  ExportHelperExtension.cs: 1136 - Found 30 in 无油复合轴承[4×6×8]-8
2023-11-09 13:11:20,116 INFO  ExportHelperExtension.cs: 1145 - Found 0 features of type [RefAxis] in 无油复合轴承[4×6×8]-8
2023-11-09 13:11:20,116 INFO  ExportHelperExtension.cs: 1125 - Retrieving features of type [RefAxis] from 无油复合轴承[4×6×8]-9
2023-11-09 13:11:20,117 INFO  ExportHelperExtension.cs: 1136 - Found 30 in 无油复合轴承[4×6×8]-9
2023-11-09 13:11:20,117 INFO  ExportHelperExtension.cs: 1145 - Found 0 features of type [RefAxis] in 无油复合轴承[4×6×8]-9
2023-11-09 13:11:20,117 INFO  ExportHelperExtension.cs: 1125 - Retrieving features of type [RefAxis] from 铜套[4×8×4]-80
2023-11-09 13:11:20,118 INFO  ExportHelperExtension.cs: 1136 - Found 28 in 铜套[4×8×4]-80
2023-11-09 13:11:20,118 INFO  ExportHelperExtension.cs: 1145 - Found 0 features of type [RefAxis] in 铜套[4×8×4]-80
2023-11-09 13:11:20,118 INFO  ExportHelperExtension.cs: 1125 - Retrieving features of type [RefAxis] from 开口挡圈[M3]-37
2023-11-09 13:11:20,119 INFO  ExportHelperExtension.cs: 1136 - Found 27 in 开口挡圈[M3]-37
2023-11-09 13:11:20,119 INFO  ExportHelperExtension.cs: 1145 - Found 0 features of type [RefAxis] in 开口挡圈[M3]-37
2023-11-09 13:11:20,119 INFO  ExportHelperExtension.cs: 1125 - Retrieving features of type [RefAxis] from 内六角圆柱头螺钉[M3×30]-1
2023-11-09 13:11:20,120 INFO  ExportHelperExtension.cs: 1136 - Found 35 in 内六角圆柱头螺钉[M3×30]-1
2023-11-09 13:11:20,120 INFO  ExportHelperExtension.cs: 1145 - Found 0 features of type [RefAxis] in 内六角圆柱头螺钉[M3×30]-1
2023-11-09 13:11:20,121 INFO  ExportHelperExtension.cs: 1125 - Retrieving features of type [RefAxis] from 十字槽沉头螺钉[M3×10]-6
2023-11-09 13:11:20,121 INFO  ExportHelperExtension.cs: 1136 - Found 81 in 十字槽沉头螺钉[M3×10]-6
2023-11-09 13:11:20,122 INFO  ExportHelperExtension.cs: 1145 - Found 0 features of type [RefAxis] in 十字槽沉头螺钉[M3×10]-6
2023-11-09 13:11:20,122 INFO  ExportHelperExtension.cs: 1125 - Retrieving features of type [RefAxis] from 调整垫片[4×6×0.5]-209
2023-11-09 13:11:20,123 INFO  ExportHelperExtension.cs: 1136 - Found 27 in 调整垫片[4×6×0.5]-209
2023-11-09 13:11:20,123 INFO  ExportHelperExtension.cs: 1145 - Found 0 features of type [RefAxis] in 调整垫片[4×6×0.5]-209
2023-11-09 13:11:20,123 INFO  ExportHelperExtension.cs: 1125 - Retrieving features of type [RefAxis] from 内六角圆柱头螺钉[M2×6]-4
2023-11-09 13:11:20,124 INFO  ExportHelperExtension.cs: 1136 - Found 35 in 内六角圆柱头螺钉[M2×6]-4
2023-11-09 13:11:20,124 INFO  ExportHelperExtension.cs: 1145 - Found 0 features of type [RefAxis] in 内六角圆柱头螺钉[M2×6]-4
2023-11-09 13:11:20,124 INFO  ExportHelperExtension.cs: 1125 - Retrieving features of type [RefAxis] from 内六角圆柱头螺钉[M3×30]-2
2023-11-09 13:11:20,125 INFO  ExportHelperExtension.cs: 1136 - Found 35 in 内六角圆柱头螺钉[M3×30]-2
2023-11-09 13:11:20,125 INFO  ExportHelperExtension.cs: 1145 - Found 0 features of type [RefAxis] in 内六角圆柱头螺钉[M3×30]-2
2023-11-09 13:11:20,126 INFO  ExportHelperExtension.cs: 1125 - Retrieving features of type [RefAxis] from 调整垫片[4×10×0.5]-210
2023-11-09 13:11:20,126 INFO  ExportHelperExtension.cs: 1136 - Found 27 in 调整垫片[4×10×0.5]-210
2023-11-09 13:11:20,126 INFO  ExportHelperExtension.cs: 1145 - Found 0 features of type [RefAxis] in 调整垫片[4×10×0.5]-210
2023-11-09 13:11:20,127 INFO  ExportHelperExtension.cs: 1125 - Retrieving features of type [RefAxis] from 内六角圆柱头螺钉[M2×6]-6
2023-11-09 13:11:20,127 INFO  ExportHelperExtension.cs: 1136 - Found 35 in 内六角圆柱头螺钉[M2×6]-6
2023-11-09 13:11:20,127 INFO  ExportHelperExtension.cs: 1145 - Found 0 features of type [RefAxis] in 内六角圆柱头螺钉[M2×6]-6
2023-11-09 13:11:20,128 INFO  ExportHelperExtension.cs: 1125 - Retrieving features of type [RefAxis] from 十字槽沉头螺钉[M3×10]-7
2023-11-09 13:11:20,128 INFO  ExportHelperExtension.cs: 1136 - Found 81 in 十字槽沉头螺钉[M3×10]-7
2023-11-09 13:11:20,129 INFO  ExportHelperExtension.cs: 1145 - Found 0 features of type [RefAxis] in 十字槽沉头螺钉[M3×10]-7
2023-11-09 13:11:20,129 INFO  ExportHelperExtension.cs: 1125 - Retrieving features of type [RefAxis] from CTPM3F20.01.15_连接法兰-1
2023-11-09 13:11:20,130 INFO  ExportHelperExtension.cs: 1136 - Found 99 in CTPM3F20.01.15_连接法兰-1
2023-11-09 13:11:20,130 INFO  ExportHelperExtension.cs: 1145 - Found 1 features of type [RefAxis] in CTPM3F20.01.15_连接法兰-1
2023-11-09 13:11:20,131 INFO  ExportHelperExtension.cs: 1125 - Retrieving features of type [RefAxis] from 内六角圆柱头螺钉[M2×6]-2
2023-11-09 13:11:20,131 INFO  ExportHelperExtension.cs: 1136 - Found 35 in 内六角圆柱头螺钉[M2×6]-2
2023-11-09 13:11:20,131 INFO  ExportHelperExtension.cs: 1145 - Found 0 features of type [RefAxis] in 内六角圆柱头螺钉[M2×6]-2
2023-11-09 13:11:20,135 INFO  ExportHelperExtension.cs: 1125 - Retrieving features of type [RefAxis] from 金属电缆防水接头[M10×1.5适用电缆3-6.5]-1
2023-11-09 13:11:20,139 INFO  ExportHelperExtension.cs: 1136 - Found 44 in 金属电缆防水接头[M10×1.5适用电缆3-6.5]-1
2023-11-09 13:11:20,139 INFO  ExportHelperExtension.cs: 1145 - Found 0 features of type [RefAxis] in 金属电缆防水接头[M10×1.5适用电缆3-6.5]-1
2023-11-09 13:11:20,140 INFO  ExportHelperExtension.cs: 1125 - Retrieving features of type [RefAxis] from 内六角圆柱头螺钉[M2×6]-1
2023-11-09 13:11:20,140 INFO  ExportHelperExtension.cs: 1136 - Found 35 in 内六角圆柱头螺钉[M2×6]-1
2023-11-09 13:11:20,141 INFO  ExportHelperExtension.cs: 1145 - Found 0 features of type [RefAxis] in 内六角圆柱头螺钉[M2×6]-1
2023-11-09 13:11:20,141 INFO  ExportHelperExtension.cs: 1125 - Retrieving features of type [RefAxis] from 调整垫片[4×10×0.5]-215
2023-11-09 13:11:20,141 INFO  ExportHelperExtension.cs: 1136 - Found 27 in 调整垫片[4×10×0.5]-215
2023-11-09 13:11:20,142 INFO  ExportHelperExtension.cs: 1145 - Found 0 features of type [RefAxis] in 调整垫片[4×10×0.5]-215
2023-11-09 13:11:20,142 INFO  ExportHelperExtension.cs: 1125 - Retrieving features of type [RefAxis] from 十字槽沉头螺钉[M3×10]-10
2023-11-09 13:11:20,143 INFO  ExportHelperExtension.cs: 1136 - Found 81 in 十字槽沉头螺钉[M3×10]-10
2023-11-09 13:11:20,143 INFO  ExportHelperExtension.cs: 1145 - Found 0 features of type [RefAxis] in 十字槽沉头螺钉[M3×10]-10
2023-11-09 13:11:20,143 INFO  ExportHelperExtension.cs: 1125 - Retrieving features of type [RefAxis] from 调整垫片[4×10×0.5]-212
2023-11-09 13:11:20,144 INFO  ExportHelperExtension.cs: 1136 - Found 27 in 调整垫片[4×10×0.5]-212
2023-11-09 13:11:20,144 INFO  ExportHelperExtension.cs: 1145 - Found 0 features of type [RefAxis] in 调整垫片[4×10×0.5]-212
2023-11-09 13:11:20,144 INFO  ExportHelperExtension.cs: 1125 - Retrieving features of type [RefAxis] from 调整垫片[4×6×0.5]-213
2023-11-09 13:11:20,145 INFO  ExportHelperExtension.cs: 1136 - Found 27 in 调整垫片[4×6×0.5]-213
2023-11-09 13:11:20,145 INFO  ExportHelperExtension.cs: 1145 - Found 0 features of type [RefAxis] in 调整垫片[4×6×0.5]-213
2023-11-09 13:11:20,146 INFO  ExportHelperExtension.cs: 1125 - Retrieving features of type [RefAxis] from 调整垫片[4×10×0.5]-216
2023-11-09 13:11:20,146 INFO  ExportHelperExtension.cs: 1136 - Found 27 in 调整垫片[4×10×0.5]-216
2023-11-09 13:11:20,146 INFO  ExportHelperExtension.cs: 1145 - Found 0 features of type [RefAxis] in 调整垫片[4×10×0.5]-216
2023-11-09 13:11:20,147 INFO  ExportHelperExtension.cs: 1125 - Retrieving features of type [RefAxis] from 调整垫片[4×6×0.5]-214
2023-11-09 13:11:20,147 INFO  ExportHelperExtension.cs: 1136 - Found 27 in 调整垫片[4×6×0.5]-214
2023-11-09 13:11:20,147 INFO  ExportHelperExtension.cs: 1145 - Found 0 features of type [RefAxis] in 调整垫片[4×6×0.5]-214
2023-11-09 13:11:20,148 INFO  ExportHelperExtension.cs: 1125 - Retrieving features of type [RefAxis] from 开口挡圈[M3]-42
2023-11-09 13:11:20,148 INFO  ExportHelperExtension.cs: 1136 - Found 27 in 开口挡圈[M3]-42
2023-11-09 13:11:20,148 INFO  ExportHelperExtension.cs: 1145 - Found 0 features of type [RefAxis] in 开口挡圈[M3]-42
2023-11-09 13:11:20,149 INFO  ExportHelperExtension.cs: 1125 - Retrieving features of type [RefAxis] from 调整垫片[4×6×0.5]-211
2023-11-09 13:11:20,149 INFO  ExportHelperExtension.cs: 1136 - Found 27 in 调整垫片[4×6×0.5]-211
2023-11-09 13:11:20,149 INFO  ExportHelperExtension.cs: 1145 - Found 0 features of type [RefAxis] in 调整垫片[4×6×0.5]-211
2023-11-09 13:11:20,150 INFO  ExportHelperExtension.cs: 1125 - Retrieving features of type [RefAxis] from 十字槽沉头螺钉[M3×10]-9
2023-11-09 13:11:20,150 INFO  ExportHelperExtension.cs: 1136 - Found 81 in 十字槽沉头螺钉[M3×10]-9
2023-11-09 13:11:20,150 INFO  ExportHelperExtension.cs: 1145 - Found 0 features of type [RefAxis] in 十字槽沉头螺钉[M3×10]-9
2023-11-09 13:11:20,197 INFO  ExportPropertyManager.cs: 1142 - AfterClose called. This method no longer throws an Exception. It just silently does nothing. Ok, except for this logging message
2023-11-09 13:12:46,060 INFO  AssemblyExportForm.cs: 253 - Completing URDF export
2023-11-09 13:12:46,068 INFO  ConfigurationSerialization.cs: 276 - URDF Configuration found
<Link z:Id="i1" xmlns="http://schemas.datacontract.org/2004/07/SW2URDF" xmlns:i="http://www.w3.org/2001/XMLSchema-instance" xmlns:z="http://schemas.microsoft.com/2003/10/Serialization/"><Attributes><Attribute z:Id="i2"><AttributeType>name</AttributeType><IsRequired>true</IsRequired><Value i:type="a:string" xmlns:a="http://www.w3.org/2001/XMLSchema">base_link</Value></Attribute></Attributes><ChildElements><URDFElement z:Id="i3" i:type="Inertial"><Attributes/><ChildElements><URDFElement z:Id="i4" i:type="Origin"><Attributes><Attribute z:Id="i5"><AttributeType>xyz</AttributeType><IsRequired>true</IsRequired><Value i:type="a:ArrayOfdouble" xmlns:a="http://schemas.microsoft.com/2003/10/Serialization/Arrays"><a:double>0</a:double><a:double>0</a:double><a:double>0</a:double></Value></Attribute><Attribute z:Id="i6"><AttributeType>rpy</AttributeType><IsRequired>true</IsRequired><Value i:type="a:ArrayOfdouble" xmlns:a="http://schemas.microsoft.com/2003/10/Serialization/Arrays"><a:double>0</a:double><a:double>0</a:double><a:double>0</a:double></Value></Attribute></Attributes><ChildElements/><ElementName>origin</ElementName><required>false</required><RPYAttribute z:Ref="i6"/><XYZAttribute z:Ref="i5"/><isCustomized>false</isCustomized></URDFElement><URDFElement z:Id="i7" i:type="Mass"><Attributes><Attribute z:Id="i8"><AttributeType>value</AttributeType><IsRequired>true</IsRequired><Value i:type="a:double" xmlns:a="http://www.w3.org/2001/XMLSchema">0</Value></Attribute></Attributes><ChildElements/><ElementName>mass</ElementName><required>false</required><ValueAttribute z:Ref="i8"/></URDFElement><URDFElement z:Id="i9" i:type="Inertia"><Attributes><Attribute z:Id="i10"><AttributeType>ixx</AttributeType><IsRequired>true</IsRequired><Value i:type="a:double" xmlns:a="http://www.w3.org/2001/XMLSchema">0</Value></Attribute><Attribute z:Id="i11"><AttributeType>ixy</AttributeType><IsRequired>true</IsRequired><Value i:type="a:double" xmlns:a="http://www.w3.org/2001/XMLSchema">0</Value></Attribute><Attribute z:Id="i12"><AttributeType>ixz</AttributeType><IsRequired>true</IsRequired><Value i:type="a:double" xmlns:a="http://www.w3.org/2001/XMLSchema">0</Value></Attribute><Attribute z:Id="i13"><AttributeType>iyy</AttributeType><IsRequired>true</IsRequired><Value i:type="a:double" xmlns:a="http://www.w3.org/2001/XMLSchema">0</Value></Attribute><Attribute z:Id="i14"><AttributeType>iyz</AttributeType><IsRequired>true</IsRequired><Value i:type="a:double" xmlns:a="http://www.w3.org/2001/XMLSchema">0</Value></Attribute><Attribute z:Id="i15"><AttributeType>izz</AttributeType><IsRequired>true</IsRequired><Value i:type="a:double" xmlns:a="http://www.w3.org/2001/XMLSchema">0</Value></Attribute></Attributes><ChildElements/><ElementName>inertia</ElementName><required>false</required><IxxAttribute z:Ref="i10"/><IxyAttribute z:Ref="i11"/><IxzAttribute z:Ref="i12"/><IyyAttribute z:Ref="i13"/><IyzAttribute z:Ref="i14"/><IzzAttribute z:Ref="i15"/></URDFElement></ChildElements><ElementName>inertial</ElementName><required>false</required><Inertia z:Ref="i9"/><Mass z:Ref="i7"/><Origin z:Ref="i4"/></URDFElement><URDFElement z:Id="i16" i:type="Visual"><Attributes/><ChildElements><URDFElement z:Id="i17" i:type="Origin"><Attributes><Attribute z:Id="i18"><AttributeType>xyz</AttributeType><IsRequired>true</IsRequired><Value i:type="a:ArrayOfdouble" xmlns:a="http://schemas.microsoft.com/2003/10/Serialization/Arrays"><a:double>0</a:double><a:double>0</a:double><a:double>0</a:double></Value></Attribute><Attribute z:Id="i19"><AttributeType>rpy</AttributeType><IsRequired>true</IsRequired><Value i:type="a:ArrayOfdouble" xmlns:a="http://schemas.microsoft.com/2003/10/Serialization/Arrays"><a:double>0</a:double><a:double>0</a:double><a:double>0</a:double></Value></Attribute></Attributes><ChildElements/><ElementName>origin</ElementName><required>false</required><RPYAttribute z:Ref="i19"/><XYZAttribute z:Ref="i18"/><isCustomized>false</isCustomized></URDFElement><URDFElement z:Id="i20" i:type="Geometry"><Attributes/><ChildElements><URDFElement z:Id="i21" i:type="Mesh"><Attributes><Attribute z:Id="i22"><AttributeType>filename</AttributeType><IsRequired>true</IsRequired><Value i:nil="true"/></Attribute></Attributes><ChildElements/><ElementName>mesh</ElementName><required>false</required><FilenameAttribute z:Ref="i22"/></URDFElement></ChildElements><ElementName>geometry</ElementName><required>true</required><Mesh z:Ref="i21"/></URDFElement><URDFElement z:Id="i23" i:type="Material"><Attributes><Attribute z:Id="i24"><AttributeType>name</AttributeType><IsRequired>true</IsRequired><Value i:type="a:string" xmlns:a="http://www.w3.org/2001/XMLSchema"/></Attribute></Attributes><ChildElements><URDFElement z:Id="i25" i:type="Color"><Attributes><Attribute z:Id="i26"><AttributeType>rgba</AttributeType><IsRequired>true</IsRequired><Value i:type="a:ArrayOfdouble" xmlns:a="http://schemas.microsoft.com/2003/10/Serialization/Arrays"><a:double>1</a:double><a:double>1</a:double><a:double>1</a:double><a:double>1</a:double></Value></Attribute></Attributes><ChildElements/><ElementName>color</ElementName><required>false</required><RGBAAttribute z:Ref="i26"/></URDFElement><URDFElement z:Id="i27" i:type="Texture"><Attributes><Attribute z:Id="i28"><AttributeType>filename</AttributeType><IsRequired>true</IsRequired><Value i:nil="true"/></Attribute></Attributes><ChildElements/><ElementName>texture</ElementName><required>false</required><FilenameAttribute z:Ref="i28"/><wFilename/></URDFElement></ChildElements><ElementName>material</ElementName><required>false</required><Color z:Ref="i25"/><NameAttribute z:Ref="i24"/><Texture z:Ref="i27"/></URDFElement></ChildElements><ElementName>visual</ElementName><required>false</required><Geometry z:Ref="i20"/><Material z:Ref="i23"/><Origin z:Ref="i17"/></URDFElement><URDFElement z:Id="i29" i:type="Collision"><Attributes/><ChildElements><URDFElement z:Id="i30" i:type="Origin"><Attributes><Attribute z:Id="i31"><AttributeType>xyz</AttributeType><IsRequired>true</IsRequired><Value i:type="a:ArrayOfdouble" xmlns:a="http://schemas.microsoft.com/2003/10/Serialization/Arrays"><a:double>0</a:double><a:double>0</a:double><a:double>0</a:double></Value></Attribute><Attribute z:Id="i32"><AttributeType>rpy</AttributeType><IsRequired>true</IsRequired><Value i:type="a:ArrayOfdouble" xmlns:a="http://schemas.microsoft.com/2003/10/Serialization/Arrays"><a:double>0</a:double><a:double>0</a:double><a:double>0</a:double></Value></Attribute></Attributes><ChildElements/><ElementName>origin</ElementName><required>false</required><RPYAttribute z:Ref="i32"/><XYZAttribute z:Ref="i31"/><isCustomized>false</isCustomized></URDFElement><URDFElement z:Id="i33" i:type="Geometry"><Attributes/><ChildElements><URDFElement z:Id="i34" i:type="Mesh"><Attributes><Attribute z:Id="i35"><AttributeType>filename</AttributeType><IsRequired>true</IsRequired><Value i:nil="true"/></Attribute></Attributes><ChildElements/><ElementName>mesh</ElementName><required>false</required><FilenameAttribute z:Ref="i35"/></URDFElement></ChildElements><ElementName>geometry</ElementName><required>true</required><Mesh z:Ref="i34"/></URDFElement></ChildElements><ElementName>collision</ElementName><required>false</required><Geometry z:Ref="i33"/><Origin z:Ref="i30"/></URDFElement><URDFElement z:Id="i36" i:type="Joint"><Attributes><Attribute z:Id="i37"><AttributeType>name</AttributeType><IsRequired>true</IsRequired><Value i:type="a:string" xmlns:a="http://www.w3.org/2001/XMLSchema"/></Attribute><Attribute z:Id="i38"><AttributeType>type</AttributeType><IsRequired>true</IsRequired><Value i:type="a:string" xmlns:a="http://www.w3.org/2001/XMLSchema"/></Attribute></Attributes><ChildElements><URDFElement z:Id="i39" i:type="Origin"><Attributes><Attribute z:Id="i40"><AttributeType>xyz</AttributeType><IsRequired>true</IsRequired><Value i:type="a:ArrayOfdouble" xmlns:a="http://schemas.microsoft.com/2003/10/Serialization/Arrays"><a:double>0</a:double><a:double>0</a:double><a:double>0</a:double></Value></Attribute><Attribute z:Id="i41"><AttributeType>rpy</AttributeType><IsRequired>true</IsRequired><Value i:type="a:ArrayOfdouble" xmlns:a="http://schemas.microsoft.com/2003/10/Serialization/Arrays"><a:double>0</a:double><a:double>0</a:double><a:double>0</a:double></Value></Attribute></Attributes><ChildElements/><ElementName>origin</ElementName><required>false</required><RPYAttribute z:Ref="i41"/><XYZAttribute z:Ref="i40"/><isCustomized>false</isCustomized></URDFElement><URDFElement z:Id="i42" i:type="ParentLink"><Attributes><Attribute z:Id="i43"><AttributeType>link</AttributeType><IsRequired>true</IsRequired><Value i:type="a:string" xmlns:a="http://www.w3.org/2001/XMLSchema"/></Attribute></Attributes><ChildElements/><ElementName>parent</ElementName><required>true</required><NameAttribute z:Ref="i43"/></URDFElement><URDFElement z:Id="i44" i:type="ChildLink"><Attributes><Attribute z:Id="i45"><AttributeType>link</AttributeType><IsRequired>true</IsRequired><Value i:type="a:string" xmlns:a="http://www.w3.org/2001/XMLSchema"/></Attribute></Attributes><ChildElements/><ElementName>child</ElementName><required>true</required><NameAttribute z:Ref="i45"/></URDFElement><URDFElement z:Id="i46" i:type="Axis"><Attributes><Attribute z:Id="i47"><AttributeType>xyz</AttributeType><IsRequired>true</IsRequired><Value i:type="a:ArrayOfdouble" xmlns:a="http://schemas.microsoft.com/2003/10/Serialization/Arrays"><a:double>0</a:double><a:double>0</a:double><a:double>0</a:double></Value></Attribute></Attributes><ChildElements/><ElementName>axis</ElementName><required>false</required><XYZAttribute z:Ref="i47"/></URDFElement><URDFElement z:Id="i48" i:type="Limit"><Attributes><Attribute z:Id="i49"><AttributeType>lower</AttributeType><IsRequired>false</IsRequired><Value i:nil="true"/></Attribute><Attribute z:Id="i50"><AttributeType>upper</AttributeType><IsRequired>false</IsRequired><Value i:nil="true"/></Attribute><Attribute z:Id="i51"><AttributeType>effort</AttributeType><IsRequired>true</IsRequired><Value i:nil="true"/></Attribute><Attribute z:Id="i52"><AttributeType>velocity</AttributeType><IsRequired>true</IsRequired><Value i:nil="true"/></Attribute></Attributes><ChildElements/><ElementName>limit</ElementName><required>false</required><EffortAttribute z:Ref="i51"/><LowerAttribute z:Ref="i49"/><UpperAttribute z:Ref="i50"/><VelocityAttribute z:Ref="i52"/></URDFElement><URDFElement z:Id="i53" i:type="Calibration"><Attributes><Attribute z:Id="i54"><AttributeType>rising</AttributeType><IsRequired>false</IsRequired><Value i:nil="true"/></Attribute><Attribute z:Id="i55"><AttributeType>falling</AttributeType><IsRequired>false</IsRequired><Value i:nil="true"/></Attribute></Attributes><ChildElements/><ElementName>calibration</ElementName><required>false</required><FallingAttribute z:Ref="i55"/><RisingAttribute z:Ref="i54"/></URDFElement><URDFElement z:Id="i56" i:type="Dynamics"><Attributes><Attribute z:Id="i57"><AttributeType>damping</AttributeType><IsRequired>false</IsRequired><Value i:nil="true"/></Attribute><Attribute z:Id="i58"><AttributeType>friction</AttributeType><IsRequired>false</IsRequired><Value i:nil="true"/></Attribute></Attributes><ChildElements/><ElementName>dynamics</ElementName><required>false</required><DampingAttribute z:Ref="i57"/><FrictionAttribute z:Ref="i58"/></URDFElement><URDFElement z:Id="i59" i:type="SafetyController"><Attributes><Attribute z:Id="i60"><AttributeType>soft_upper_limit</AttributeType><IsRequired>false</IsRequired><Value i:nil="true"/></Attribute><Attribute z:Id="i61"><AttributeType>soft_lower_limit</AttributeType><IsRequired>false</IsRequired><Value i:nil="true"/></Attribute><Attribute z:Id="i62"><AttributeType>k_position</AttributeType><IsRequired>false</IsRequired><Value i:nil="true"/></Attribute><Attribute z:Id="i63"><AttributeType>k_velocity</AttributeType><IsRequired>true</IsRequired><Value i:nil="true"/></Attribute></Attributes><ChildElements/><ElementName>safety_controller</ElementName><required>false</required><KPositionAttribute z:Ref="i62"/><KVelocityAttribute z:Ref="i63"/><SoftLowerAttribute z:Ref="i61"/><SoftUpperAttribute z:Ref="i60"/></URDFElement><URDFElement z:Id="i64" i:type="Mimic"><Attributes><Attribute z:Id="i65"><AttributeType>joint</AttributeType><IsRequired>true</IsRequired><Value i:nil="true"/></Attribute><Attribute z:Id="i66"><AttributeType>multiplier</AttributeType><IsRequired>false</IsRequired><Value i:nil="true"/></Attribute><Attribute z:Id="i67"><AttributeType>offset</AttributeType><IsRequired>false</IsRequired><Value i:nil="true"/></Attribute></Attributes><ChildElements/><ElementName>mimic</ElementName><required>false</required><JointNameAttribute z:Ref="i65"/><MultiplierAttribute z:Ref="i66"/><OffsetAttribute z:Ref="i67"/></URDFElement></ChildElements><ElementName>joint</ElementName><required>false</required><Axis z:Ref="i46"/><AxisName/><Calibration z:Ref="i53"/><Child z:Ref="i44"/><CoordinateSystemName>?????????0</CoordinateSystemName><Dynamics z:Ref="i56"/><Limit z:Ref="i48"/><Mimic z:Ref="i64"/><NameAttribute z:Ref="i37"/><Origin z:Ref="i39"/><Parent z:Ref="i42"/><Safety z:Ref="i59"/><TypeAttribute z:Ref="i38"/></URDFElement></ChildElements><ElementName>link</ElementName><required>true</required><Children><Link z:Id="i68"><Attributes><Attribute z:Id="i69"><AttributeType>name</AttributeType><IsRequired>true</IsRequired><Value i:type="a:string" xmlns:a="http://www.w3.org/2001/XMLSchema">Left_1_Link</Value></Attribute></Attributes><ChildElements><URDFElement z:Id="i70" i:type="Inertial"><Attributes/><ChildElements><URDFElement z:Id="i71" i:type="Origin"><Attributes><Attribute z:Id="i72"><AttributeType>xyz</AttributeType><IsRequired>true</IsRequired><Value i:type="a:ArrayOfdouble" xmlns:a="http://schemas.microsoft.com/2003/10/Serialization/Arrays"><a:double>0</a:double><a:double>0</a:double><a:double>0</a:double></Value></Attribute><Attribute z:Id="i73"><AttributeType>rpy</AttributeType><IsRequired>true</IsRequired><Value i:type="a:ArrayOfdouble" xmlns:a="http://schemas.microsoft.com/2003/10/Serialization/Arrays"><a:double>0</a:double><a:double>0</a:double><a:double>0</a:double></Value></Attribute></Attributes><ChildElements/><ElementName>origin</ElementName><required>false</required><RPYAttribute z:Ref="i73"/><XYZAttribute z:Ref="i72"/><isCustomized>false</isCustomized></URDFElement><URDFElement z:Id="i74" i:type="Mass"><Attributes><Attribute z:Id="i75"><AttributeType>value</AttributeType><IsRequired>true</IsRequired><Value i:type="a:double" xmlns:a="http://www.w3.org/2001/XMLSchema">0</Value></Attribute></Attributes><ChildElements/><ElementName>mass</ElementName><required>false</required><ValueAttribute z:Ref="i75"/></URDFElement><URDFElement z:Id="i76" i:type="Inertia"><Attributes><Attribute z:Id="i77"><AttributeType>ixx</AttributeType><IsRequired>true</IsRequired><Value i:type="a:double" xmlns:a="http://www.w3.org/2001/XMLSchema">0</Value></Attribute><Attribute z:Id="i78"><AttributeType>ixy</AttributeType><IsRequired>true</IsRequired><Value i:type="a:double" xmlns:a="http://www.w3.org/2001/XMLSchema">0</Value></Attribute><Attribute z:Id="i79"><AttributeType>ixz</AttributeType><IsRequired>true</IsRequired><Value i:type="a:double" xmlns:a="http://www.w3.org/2001/XMLSchema">0</Value></Attribute><Attribute z:Id="i80"><AttributeType>iyy</AttributeType><IsRequired>true</IsRequired><Value i:type="a:double" xmlns:a="http://www.w3.org/2001/XMLSchema">0</Value></Attribute><Attribute z:Id="i81"><AttributeType>iyz</AttributeType><IsRequired>true</IsRequired><Value i:type="a:double" xmlns:a="http://www.w3.org/2001/XMLSchema">0</Value></Attribute><Attribute z:Id="i82"><AttributeType>izz</AttributeType><IsRequired>true</IsRequired><Value i:type="a:double" xmlns:a="http://www.w3.org/2001/XMLSchema">0</Value></Attribute></Attributes><ChildElements/><ElementName>inertia</ElementName><required>false</required><IxxAttribute z:Ref="i77"/><IxyAttribute z:Ref="i78"/><IxzAttribute z:Ref="i79"/><IyyAttribute z:Ref="i80"/><IyzAttribute z:Ref="i81"/><IzzAttribute z:Ref="i82"/></URDFElement></ChildElements><ElementName>inertial</ElementName><required>false</required><Inertia z:Ref="i76"/><Mass z:Ref="i74"/><Origin z:Ref="i71"/></URDFElement><URDFElement z:Id="i83" i:type="Visual"><Attributes/><ChildElements><URDFElement z:Id="i84" i:type="Origin"><Attributes><Attribute z:Id="i85"><AttributeType>xyz</AttributeType><IsRequired>true</IsRequired><Value i:type="a:ArrayOfdouble" xmlns:a="http://schemas.microsoft.com/2003/10/Serialization/Arrays"><a:double>0</a:double><a:double>0</a:double><a:double>0</a:double></Value></Attribute><Attribute z:Id="i86"><AttributeType>rpy</AttributeType><IsRequired>true</IsRequired><Value i:type="a:ArrayOfdouble" xmlns:a="http://schemas.microsoft.com/2003/10/Serialization/Arrays"><a:double>0</a:double><a:double>0</a:double><a:double>0</a:double></Value></Attribute></Attributes><ChildElements/><ElementName>origin</ElementName><required>false</required><RPYAttribute z:Ref="i86"/><XYZAttribute z:Ref="i85"/><isCustomized>false</isCustomized></URDFElement><URDFElement z:Id="i87" i:type="Geometry"><Attributes/><ChildElements><URDFElement z:Id="i88" i:type="Mesh"><Attributes><Attribute z:Id="i89"><AttributeType>filename</AttributeType><IsRequired>true</IsRequired><Value i:nil="true"/></Attribute></Attributes><ChildElements/><ElementName>mesh</ElementName><required>false</required><FilenameAttribute z:Ref="i89"/></URDFElement></ChildElements><ElementName>geometry</ElementName><required>true</required><Mesh z:Ref="i88"/></URDFElement><URDFElement z:Id="i90" i:type="Material"><Attributes><Attribute z:Id="i91"><AttributeType>name</AttributeType><IsRequired>true</IsRequired><Value i:type="a:string" xmlns:a="http://www.w3.org/2001/XMLSchema"/></Attribute></Attributes><ChildElements><URDFElement z:Id="i92" i:type="Color"><Attributes><Attribute z:Id="i93"><AttributeType>rgba</AttributeType><IsRequired>true</IsRequired><Value i:type="a:ArrayOfdouble" xmlns:a="http://schemas.microsoft.com/2003/10/Serialization/Arrays"><a:double>1</a:double><a:double>1</a:double><a:double>1</a:double><a:double>1</a:double></Value></Attribute></Attributes><ChildElements/><ElementName>color</ElementName><required>false</required><RGBAAttribute z:Ref="i93"/></URDFElement><URDFElement z:Id="i94" i:type="Texture"><Attributes><Attribute z:Id="i95"><AttributeType>filename</AttributeType><IsRequired>true</IsRequired><Value i:nil="true"/></Attribute></Attributes><ChildElements/><ElementName>texture</ElementName><required>false</required><FilenameAttribute z:Ref="i95"/><wFilename/></URDFElement></ChildElements><ElementName>material</ElementName><required>false</required><Color z:Ref="i92"/><NameAttribute z:Ref="i91"/><Texture z:Ref="i94"/></URDFElement></ChildElements><ElementName>visual</ElementName><required>false</required><Geometry z:Ref="i87"/><Material z:Ref="i90"/><Origin z:Ref="i84"/></URDFElement><URDFElement z:Id="i96" i:type="Collision"><Attributes/><ChildElements><URDFElement z:Id="i97" i:type="Origin"><Attributes><Attribute z:Id="i98"><AttributeType>xyz</AttributeType><IsRequired>true</IsRequired><Value i:type="a:ArrayOfdouble" xmlns:a="http://schemas.microsoft.com/2003/10/Serialization/Arrays"><a:double>0</a:double><a:double>0</a:double><a:double>0</a:double></Value></Attribute><Attribute z:Id="i99"><AttributeType>rpy</AttributeType><IsRequired>true</IsRequired><Value i:type="a:ArrayOfdouble" xmlns:a="http://schemas.microsoft.com/2003/10/Serialization/Arrays"><a:double>0</a:double><a:double>0</a:double><a:double>0</a:double></Value></Attribute></Attributes><ChildElements/><ElementName>origin</ElementName><required>false</required><RPYAttribute z:Ref="i99"/><XYZAttribute z:Ref="i98"/><isCustomized>false</isCustomized></URDFElement><URDFElement z:Id="i100" i:type="Geometry"><Attributes/><ChildElements><URDFElement z:Id="i101" i:type="Mesh"><Attributes><Attribute z:Id="i102"><AttributeType>filename</AttributeType><IsRequired>true</IsRequired><Value i:nil="true"/></Attribute></Attributes><ChildElements/><ElementName>mesh</ElementName><required>false</required><FilenameAttribute z:Ref="i102"/></URDFElement></ChildElements><ElementName>geometry</ElementName><required>true</required><Mesh z:Ref="i101"/></URDFElement></ChildElements><ElementName>collision</ElementName><required>false</required><Geometry z:Ref="i100"/><Origin z:Ref="i97"/></URDFElement><URDFElement z:Id="i103" i:type="Joint"><Attributes><Attribute z:Id="i104"><AttributeType>name</AttributeType><IsRequired>true</IsRequired><Value i:type="a:string" xmlns:a="http://www.w3.org/2001/XMLSchema">Left_1_Joint</Value></Attribute><Attribute z:Id="i105"><AttributeType>type</AttributeType><IsRequired>true</IsRequired><Value i:type="a:string" xmlns:a="http://www.w3.org/2001/XMLSchema">revolute</Value></Attribute></Attributes><ChildElements><URDFElement z:Id="i106" i:type="Origin"><Attributes><Attribute z:Id="i107"><AttributeType>xyz</AttributeType><IsRequired>true</IsRequired><Value i:type="a:ArrayOfdouble" xmlns:a="http://schemas.microsoft.com/2003/10/Serialization/Arrays"><a:double>0</a:double><a:double>0</a:double><a:double>0</a:double></Value></Attribute><Attribute z:Id="i108"><AttributeType>rpy</AttributeType><IsRequired>true</IsRequired><Value i:type="a:ArrayOfdouble" xmlns:a="http://schemas.microsoft.com/2003/10/Serialization/Arrays"><a:double>0</a:double><a:double>0</a:double><a:double>0</a:double></Value></Attribute></Attributes><ChildElements/><ElementName>origin</ElementName><required>false</required><RPYAttribute z:Ref="i108"/><XYZAttribute z:Ref="i107"/><isCustomized>false</isCustomized></URDFElement><URDFElement z:Id="i109" i:type="ParentLink"><Attributes><Attribute z:Id="i110"><AttributeType>link</AttributeType><IsRequired>true</IsRequired><Value i:type="a:string" xmlns:a="http://www.w3.org/2001/XMLSchema"/></Attribute></Attributes><ChildElements/><ElementName>parent</ElementName><required>true</required><NameAttribute z:Ref="i110"/></URDFElement><URDFElement z:Id="i111" i:type="ChildLink"><Attributes><Attribute z:Id="i112"><AttributeType>link</AttributeType><IsRequired>true</IsRequired><Value i:type="a:string" xmlns:a="http://www.w3.org/2001/XMLSchema"/></Attribute></Attributes><ChildElements/><ElementName>child</ElementName><required>true</required><NameAttribute z:Ref="i112"/></URDFElement><URDFElement z:Id="i113" i:type="Axis"><Attributes><Attribute z:Id="i114"><AttributeType>xyz</AttributeType><IsRequired>true</IsRequired><Value i:type="a:ArrayOfdouble" xmlns:a="http://schemas.microsoft.com/2003/10/Serialization/Arrays"><a:double>0</a:double><a:double>0</a:double><a:double>0</a:double></Value></Attribute></Attributes><ChildElements/><ElementName>axis</ElementName><required>false</required><XYZAttribute z:Ref="i114"/></URDFElement><URDFElement z:Id="i115" i:type="Limit"><Attributes><Attribute z:Id="i116"><AttributeType>lower</AttributeType><IsRequired>false</IsRequired><Value i:nil="true"/></Attribute><Attribute z:Id="i117"><AttributeType>upper</AttributeType><IsRequired>false</IsRequired><Value i:nil="true"/></Attribute><Attribute z:Id="i118"><AttributeType>effort</AttributeType><IsRequired>true</IsRequired><Value i:nil="true"/></Attribute><Attribute z:Id="i119"><AttributeType>velocity</AttributeType><IsRequired>true</IsRequired><Value i:nil="true"/></Attribute></Attributes><ChildElements/><ElementName>limit</ElementName><required>false</required><EffortAttribute z:Ref="i118"/><LowerAttribute z:Ref="i116"/><UpperAttribute z:Ref="i117"/><VelocityAttribute z:Ref="i119"/></URDFElement><URDFElement z:Id="i120" i:type="Calibration"><Attributes><Attribute z:Id="i121"><AttributeType>rising</AttributeType><IsRequired>false</IsRequired><Value i:nil="true"/></Attribute><Attribute z:Id="i122"><AttributeType>falling</AttributeType><IsRequired>false</IsRequired><Value i:nil="true"/></Attribute></Attributes><ChildElements/><ElementName>calibration</ElementName><required>false</required><FallingAttribute z:Ref="i122"/><RisingAttribute z:Ref="i121"/></URDFElement><URDFElement z:Id="i123" i:type="Dynamics"><Attributes><Attribute z:Id="i124"><AttributeType>damping</AttributeType><IsRequired>false</IsRequired><Value i:nil="true"/></Attribute><Attribute z:Id="i125"><AttributeType>friction</AttributeType><IsRequired>false</IsRequired><Value i:nil="true"/></Attribute></Attributes><ChildElements/><ElementName>dynamics</ElementName><required>false</required><DampingAttribute z:Ref="i124"/><FrictionAttribute z:Ref="i125"/></URDFElement><URDFElement z:Id="i126" i:type="SafetyController"><Attributes><Attribute z:Id="i127"><AttributeType>soft_upper_limit</AttributeType><IsRequired>false</IsRequired><Value i:nil="true"/></Attribute><Attribute z:Id="i128"><AttributeType>soft_lower_limit</AttributeType><IsRequired>false</IsRequired><Value i:nil="true"/></Attribute><Attribute z:Id="i129"><AttributeType>k_position</AttributeType><IsRequired>false</IsRequired><Value i:nil="true"/></Attribute><Attribute z:Id="i130"><AttributeType>k_velocity</AttributeType><IsRequired>true</IsRequired><Value i:nil="true"/></Attribute></Attributes><ChildElements/><ElementName>safety_controller</ElementName><required>false</required><KPositionAttribute z:Ref="i129"/><KVelocityAttribute z:Ref="i130"/><SoftLowerAttribute z:Ref="i128"/><SoftUpperAttribute z:Ref="i127"/></URDFElement><URDFElement z:Id="i131" i:type="Mimic"><Attributes><Attribute z:Id="i132"><AttributeType>joint</AttributeType><IsRequired>true</IsRequired><Value i:nil="true"/></Attribute><Attribute z:Id="i133"><AttributeType>multiplier</AttributeType><IsRequired>false</IsRequired><Value i:nil="true"/></Attribute><Attribute z:Id="i134"><AttributeType>offset</AttributeType><IsRequired>false</IsRequired><Value i:nil="true"/></Attribute></Attributes><ChildElements/><ElementName>mimic</ElementName><required>false</required><JointNameAttribute z:Ref="i132"/><MultiplierAttribute z:Ref="i133"/><OffsetAttribute z:Ref="i134"/></URDFElement></ChildElements><ElementName>joint</ElementName><required>false</required><Axis z:Ref="i113"/><AxisName>?????????11</AxisName><Calibration z:Ref="i120"/><Child z:Ref="i111"/><CoordinateSystemName>?????????11</CoordinateSystemName><Dynamics z:Ref="i123"/><Limit z:Ref="i115"/><Mimic z:Ref="i131"/><NameAttribute z:Ref="i104"/><Origin z:Ref="i106"/><Parent z:Ref="i109"/><Safety z:Ref="i126"/><TypeAttribute z:Ref="i105"/></URDFElement></ChildElements><ElementName>link</ElementName><required>true</required><Children><Link z:Id="i135"><Attributes><Attribute z:Id="i136"><AttributeType>name</AttributeType><IsRequired>true</IsRequired><Value i:type="a:string" xmlns:a="http://www.w3.org/2001/XMLSchema">Left_Support_Link</Value></Attribute></Attributes><ChildElements><URDFElement z:Id="i137" i:type="Inertial"><Attributes/><ChildElements><URDFElement z:Id="i138" i:type="Origin"><Attributes><Attribute z:Id="i139"><AttributeType>xyz</AttributeType><IsRequired>true</IsRequired><Value i:type="a:ArrayOfdouble" xmlns:a="http://schemas.microsoft.com/2003/10/Serialization/Arrays"><a:double>0</a:double><a:double>0</a:double><a:double>0</a:double></Value></Attribute><Attribute z:Id="i140"><AttributeType>rpy</AttributeType><IsRequired>true</IsRequired><Value i:type="a:ArrayOfdouble" xmlns:a="http://schemas.microsoft.com/2003/10/Serialization/Arrays"><a:double>0</a:double><a:double>0</a:double><a:double>0</a:double></Value></Attribute></Attributes><ChildElements/><ElementName>origin</ElementName><required>false</required><RPYAttribute z:Ref="i140"/><XYZAttribute z:Ref="i139"/><isCustomized>false</isCustomized></URDFElement><URDFElement z:Id="i141" i:type="Mass"><Attributes><Attribute z:Id="i142"><AttributeType>value</AttributeType><IsRequired>true</IsRequired><Value i:type="a:double" xmlns:a="http://www.w3.org/2001/XMLSchema">0</Value></Attribute></Attributes><ChildElements/><ElementName>mass</ElementName><required>false</required><ValueAttribute z:Ref="i142"/></URDFElement><URDFElement z:Id="i143" i:type="Inertia"><Attributes><Attribute z:Id="i144"><AttributeType>ixx</AttributeType><IsRequired>true</IsRequired><Value i:type="a:double" xmlns:a="http://www.w3.org/2001/XMLSchema">0</Value></Attribute><Attribute z:Id="i145"><AttributeType>ixy</AttributeType><IsRequired>true</IsRequired><Value i:type="a:double" xmlns:a="http://www.w3.org/2001/XMLSchema">0</Value></Attribute><Attribute z:Id="i146"><AttributeType>ixz</AttributeType><IsRequired>true</IsRequired><Value i:type="a:double" xmlns:a="http://www.w3.org/2001/XMLSchema">0</Value></Attribute><Attribute z:Id="i147"><AttributeType>iyy</AttributeType><IsRequired>true</IsRequired><Value i:type="a:double" xmlns:a="http://www.w3.org/2001/XMLSchema">0</Value></Attribute><Attribute z:Id="i148"><AttributeType>iyz</AttributeType><IsRequired>true</IsRequired><Value i:type="a:double" xmlns:a="http://www.w3.org/2001/XMLSchema">0</Value></Attribute><Attribute z:Id="i149"><AttributeType>izz</AttributeType><IsRequired>true</IsRequired><Value i:type="a:double" xmlns:a="http://www.w3.org/2001/XMLSchema">0</Value></Attribute></Attributes><ChildElements/><ElementName>inertia</ElementName><required>false</required><IxxAttribute z:Ref="i144"/><IxyAttribute z:Ref="i145"/><IxzAttribute z:Ref="i146"/><IyyAttribute z:Ref="i147"/><IyzAttribute z:Ref="i148"/><IzzAttribute z:Ref="i149"/></URDFElement></ChildElements><ElementName>inertial</ElementName><required>false</required><Inertia z:Ref="i143"/><Mass z:Ref="i141"/><Origin z:Ref="i138"/></URDFElement><URDFElement z:Id="i150" i:type="Visual"><Attributes/><ChildElements><URDFElement z:Id="i151" i:type="Origin"><Attributes><Attribute z:Id="i152"><AttributeType>xyz</AttributeType><IsRequired>true</IsRequired><Value i:type="a:ArrayOfdouble" xmlns:a="http://schemas.microsoft.com/2003/10/Serialization/Arrays"><a:double>0</a:double><a:double>0</a:double><a:double>0</a:double></Value></Attribute><Attribute z:Id="i153"><AttributeType>rpy</AttributeType><IsRequired>true</IsRequired><Value i:type="a:ArrayOfdouble" xmlns:a="http://schemas.microsoft.com/2003/10/Serialization/Arrays"><a:double>0</a:double><a:double>0</a:double><a:double>0</a:double></Value></Attribute></Attributes><ChildElements/><ElementName>origin</ElementName><required>false</required><RPYAttribute z:Ref="i153"/><XYZAttribute z:Ref="i152"/><isCustomized>false</isCustomized></URDFElement><URDFElement z:Id="i154" i:type="Geometry"><Attributes/><ChildElements><URDFElement z:Id="i155" i:type="Mesh"><Attributes><Attribute z:Id="i156"><AttributeType>filename</AttributeType><IsRequired>true</IsRequired><Value i:nil="true"/></Attribute></Attributes><ChildElements/><ElementName>mesh</ElementName><required>false</required><FilenameAttribute z:Ref="i156"/></URDFElement></ChildElements><ElementName>geometry</ElementName><required>true</required><Mesh z:Ref="i155"/></URDFElement><URDFElement z:Id="i157" i:type="Material"><Attributes><Attribute z:Id="i158"><AttributeType>name</AttributeType><IsRequired>true</IsRequired><Value i:type="a:string" xmlns:a="http://www.w3.org/2001/XMLSchema"/></Attribute></Attributes><ChildElements><URDFElement z:Id="i159" i:type="Color"><Attributes><Attribute z:Id="i160"><AttributeType>rgba</AttributeType><IsRequired>true</IsRequired><Value i:type="a:ArrayOfdouble" xmlns:a="http://schemas.microsoft.com/2003/10/Serialization/Arrays"><a:double>1</a:double><a:double>1</a:double><a:double>1</a:double><a:double>1</a:double></Value></Attribute></Attributes><ChildElements/><ElementName>color</ElementName><required>false</required><RGBAAttribute z:Ref="i160"/></URDFElement><URDFElement z:Id="i161" i:type="Texture"><Attributes><Attribute z:Id="i162"><AttributeType>filename</AttributeType><IsRequired>true</IsRequired><Value i:nil="true"/></Attribute></Attributes><ChildElements/><ElementName>texture</ElementName><required>false</required><FilenameAttribute z:Ref="i162"/><wFilename/></URDFElement></ChildElements><ElementName>material</ElementName><required>false</required><Color z:Ref="i159"/><NameAttribute z:Ref="i158"/><Texture z:Ref="i161"/></URDFElement></ChildElements><ElementName>visual</ElementName><required>false</required><Geometry z:Ref="i154"/><Material z:Ref="i157"/><Origin z:Ref="i151"/></URDFElement><URDFElement z:Id="i163" i:type="Collision"><Attributes/><ChildElements><URDFElement z:Id="i164" i:type="Origin"><Attributes><Attribute z:Id="i165"><AttributeType>xyz</AttributeType><IsRequired>true</IsRequired><Value i:type="a:ArrayOfdouble" xmlns:a="http://schemas.microsoft.com/2003/10/Serialization/Arrays"><a:double>0</a:double><a:double>0</a:double><a:double>0</a:double></Value></Attribute><Attribute z:Id="i166"><AttributeType>rpy</AttributeType><IsRequired>true</IsRequired><Value i:type="a:ArrayOfdouble" xmlns:a="http://schemas.microsoft.com/2003/10/Serialization/Arrays"><a:double>0</a:double><a:double>0</a:double><a:double>0</a:double></Value></Attribute></Attributes><ChildElements/><ElementName>origin</ElementName><required>false</required><RPYAttribute z:Ref="i166"/><XYZAttribute z:Ref="i165"/><isCustomized>false</isCustomized></URDFElement><URDFElement z:Id="i167" i:type="Geometry"><Attributes/><ChildElements><URDFElement z:Id="i168" i:type="Mesh"><Attributes><Attribute z:Id="i169"><AttributeType>filename</AttributeType><IsRequired>true</IsRequired><Value i:nil="true"/></Attribute></Attributes><ChildElements/><ElementName>mesh</ElementName><required>false</required><FilenameAttribute z:Ref="i169"/></URDFElement></ChildElements><ElementName>geometry</ElementName><required>true</required><Mesh z:Ref="i168"/></URDFElement></ChildElements><ElementName>collision</ElementName><required>false</required><Geometry z:Ref="i167"/><Origin z:Ref="i164"/></URDFElement><URDFElement z:Id="i170" i:type="Joint"><Attributes><Attribute z:Id="i171"><AttributeType>name</AttributeType><IsRequired>true</IsRequired><Value i:type="a:string" xmlns:a="http://www.w3.org/2001/XMLSchema">Left_Support_Joint</Value></Attribute><Attribute z:Id="i172"><AttributeType>type</AttributeType><IsRequired>true</IsRequired><Value i:type="a:string" xmlns:a="http://www.w3.org/2001/XMLSchema">revolute</Value></Attribute></Attributes><ChildElements><URDFElement z:Id="i173" i:type="Origin"><Attributes><Attribute z:Id="i174"><AttributeType>xyz</AttributeType><IsRequired>true</IsRequired><Value i:type="a:ArrayOfdouble" xmlns:a="http://schemas.microsoft.com/2003/10/Serialization/Arrays"><a:double>0</a:double><a:double>0</a:double><a:double>0</a:double></Value></Attribute><Attribute z:Id="i175"><AttributeType>rpy</AttributeType><IsRequired>true</IsRequired><Value i:type="a:ArrayOfdouble" xmlns:a="http://schemas.microsoft.com/2003/10/Serialization/Arrays"><a:double>0</a:double><a:double>0</a:double><a:double>0</a:double></Value></Attribute></Attributes><ChildElements/><ElementName>origin</ElementName><required>false</required><RPYAttribute z:Ref="i175"/><XYZAttribute z:Ref="i174"/><isCustomized>false</isCustomized></URDFElement><URDFElement z:Id="i176" i:type="ParentLink"><Attributes><Attribute z:Id="i177"><AttributeType>link</AttributeType><IsRequired>true</IsRequired><Value i:type="a:string" xmlns:a="http://www.w3.org/2001/XMLSchema"/></Attribute></Attributes><ChildElements/><ElementName>parent</ElementName><required>true</required><NameAttribute z:Ref="i177"/></URDFElement><URDFElement z:Id="i178" i:type="ChildLink"><Attributes><Attribute z:Id="i179"><AttributeType>link</AttributeType><IsRequired>true</IsRequired><Value i:type="a:string" xmlns:a="http://www.w3.org/2001/XMLSchema"/></Attribute></Attributes><ChildElements/><ElementName>child</ElementName><required>true</required><NameAttribute z:Ref="i179"/></URDFElement><URDFElement z:Id="i180" i:type="Axis"><Attributes><Attribute z:Id="i181"><AttributeType>xyz</AttributeType><IsRequired>true</IsRequired><Value i:type="a:ArrayOfdouble" xmlns:a="http://schemas.microsoft.com/2003/10/Serialization/Arrays"><a:double>0</a:double><a:double>0</a:double><a:double>0</a:double></Value></Attribute></Attributes><ChildElements/><ElementName>axis</ElementName><required>false</required><XYZAttribute z:Ref="i181"/></URDFElement><URDFElement z:Id="i182" i:type="Limit"><Attributes><Attribute z:Id="i183"><AttributeType>lower</AttributeType><IsRequired>false</IsRequired><Value i:nil="true"/></Attribute><Attribute z:Id="i184"><AttributeType>upper</AttributeType><IsRequired>false</IsRequired><Value i:nil="true"/></Attribute><Attribute z:Id="i185"><AttributeType>effort</AttributeType><IsRequired>true</IsRequired><Value i:nil="true"/></Attribute><Attribute z:Id="i186"><AttributeType>velocity</AttributeType><IsRequired>true</IsRequired><Value i:nil="true"/></Attribute></Attributes><ChildElements/><ElementName>limit</ElementName><required>false</required><EffortAttribute z:Ref="i185"/><LowerAttribute z:Ref="i183"/><UpperAttribute z:Ref="i184"/><VelocityAttribute z:Ref="i186"/></URDFElement><URDFElement z:Id="i187" i:type="Calibration"><Attributes><Attribute z:Id="i188"><AttributeType>rising</AttributeType><IsRequired>false</IsRequired><Value i:nil="true"/></Attribute><Attribute z:Id="i189"><AttributeType>falling</AttributeType><IsRequired>false</IsRequired><Value i:nil="true"/></Attribute></Attributes><ChildElements/><ElementName>calibration</ElementName><required>false</required><FallingAttribute z:Ref="i189"/><RisingAttribute z:Ref="i188"/></URDFElement><URDFElement z:Id="i190" i:type="Dynamics"><Attributes><Attribute z:Id="i191"><AttributeType>damping</AttributeType><IsRequired>false</IsRequired><Value i:nil="true"/></Attribute><Attribute z:Id="i192"><AttributeType>friction</AttributeType><IsRequired>false</IsRequired><Value i:nil="true"/></Attribute></Attributes><ChildElements/><ElementName>dynamics</ElementName><required>false</required><DampingAttribute z:Ref="i191"/><FrictionAttribute z:Ref="i192"/></URDFElement><URDFElement z:Id="i193" i:type="SafetyController"><Attributes><Attribute z:Id="i194"><AttributeType>soft_upper_limit</AttributeType><IsRequired>false</IsRequired><Value i:nil="true"/></Attribute><Attribute z:Id="i195"><AttributeType>soft_lower_limit</AttributeType><IsRequired>false</IsRequired><Value i:nil="true"/></Attribute><Attribute z:Id="i196"><AttributeType>k_position</AttributeType><IsRequired>false</IsRequired><Value i:nil="true"/></Attribute><Attribute z:Id="i197"><AttributeType>k_velocity</AttributeType><IsRequired>true</IsRequired><Value i:nil="true"/></Attribute></Attributes><ChildElements/><ElementName>safety_controller</ElementName><required>false</required><KPositionAttribute z:Ref="i196"/><KVelocityAttribute z:Ref="i197"/><SoftLowerAttribute z:Ref="i195"/><SoftUpperAttribute z:Ref="i194"/></URDFElement><URDFElement z:Id="i198" i:type="Mimic"><Attributes><Attribute z:Id="i199"><AttributeType>joint</AttributeType><IsRequired>true</IsRequired><Value i:nil="true"/></Attribute><Attribute z:Id="i200"><AttributeType>multiplier</AttributeType><IsRequired>false</IsRequired><Value i:nil="true"/></Attribute><Attribute z:Id="i201"><AttributeType>offset</AttributeType><IsRequired>false</IsRequired><Value i:nil="true"/></Attribute></Attributes><ChildElements/><ElementName>mimic</ElementName><required>false</required><JointNameAttribute z:Ref="i199"/><MultiplierAttribute z:Ref="i200"/><OffsetAttribute z:Ref="i201"/></URDFElement></ChildElements><ElementName>joint</ElementName><required>false</required><Axis z:Ref="i180"/><AxisName>?????????12</AxisName><Calibration z:Ref="i187"/><Child z:Ref="i178"/><CoordinateSystemName>?????????12</CoordinateSystemName><Dynamics z:Ref="i190"/><Limit z:Ref="i182"/><Mimic z:Ref="i198"/><NameAttribute z:Ref="i171"/><Origin z:Ref="i173"/><Parent z:Ref="i176"/><Safety z:Ref="i193"/><TypeAttribute z:Ref="i172"/></URDFElement></ChildElements><ElementName>link</ElementName><required>true</required><Children><Link z:Id="i202"><Attributes><Attribute z:Id="i203"><AttributeType>name</AttributeType><IsRequired>true</IsRequired><Value i:type="a:string" xmlns:a="http://www.w3.org/2001/XMLSchema">Left_Pad_Link</Value></Attribute></Attributes><ChildElements><URDFElement z:Id="i204" i:type="Inertial"><Attributes/><ChildElements><URDFElement z:Id="i205" i:type="Origin"><Attributes><Attribute z:Id="i206"><AttributeType>xyz</AttributeType><IsRequired>true</IsRequired><Value i:type="a:ArrayOfdouble" xmlns:a="http://schemas.microsoft.com/2003/10/Serialization/Arrays"><a:double>0</a:double><a:double>0</a:double><a:double>0</a:double></Value></Attribute><Attribute z:Id="i207"><AttributeType>rpy</AttributeType><IsRequired>true</IsRequired><Value i:type="a:ArrayOfdouble" xmlns:a="http://schemas.microsoft.com/2003/10/Serialization/Arrays"><a:double>0</a:double><a:double>0</a:double><a:double>0</a:double></Value></Attribute></Attributes><ChildElements/><ElementName>origin</ElementName><required>false</required><RPYAttribute z:Ref="i207"/><XYZAttribute z:Ref="i206"/><isCustomized>false</isCustomized></URDFElement><URDFElement z:Id="i208" i:type="Mass"><Attributes><Attribute z:Id="i209"><AttributeType>value</AttributeType><IsRequired>true</IsRequired><Value i:type="a:double" xmlns:a="http://www.w3.org/2001/XMLSchema">0</Value></Attribute></Attributes><ChildElements/><ElementName>mass</ElementName><required>false</required><ValueAttribute z:Ref="i209"/></URDFElement><URDFElement z:Id="i210" i:type="Inertia"><Attributes><Attribute z:Id="i211"><AttributeType>ixx</AttributeType><IsRequired>true</IsRequired><Value i:type="a:double" xmlns:a="http://www.w3.org/2001/XMLSchema">0</Value></Attribute><Attribute z:Id="i212"><AttributeType>ixy</AttributeType><IsRequired>true</IsRequired><Value i:type="a:double" xmlns:a="http://www.w3.org/2001/XMLSchema">0</Value></Attribute><Attribute z:Id="i213"><AttributeType>ixz</AttributeType><IsRequired>true</IsRequired><Value i:type="a:double" xmlns:a="http://www.w3.org/2001/XMLSchema">0</Value></Attribute><Attribute z:Id="i214"><AttributeType>iyy</AttributeType><IsRequired>true</IsRequired><Value i:type="a:double" xmlns:a="http://www.w3.org/2001/XMLSchema">0</Value></Attribute><Attribute z:Id="i215"><AttributeType>iyz</AttributeType><IsRequired>true</IsRequired><Value i:type="a:double" xmlns:a="http://www.w3.org/2001/XMLSchema">0</Value></Attribute><Attribute z:Id="i216"><AttributeType>izz</AttributeType><IsRequired>true</IsRequired><Value i:type="a:double" xmlns:a="http://www.w3.org/2001/XMLSchema">0</Value></Attribute></Attributes><ChildElements/><ElementName>inertia</ElementName><required>false</required><IxxAttribute z:Ref="i211"/><IxyAttribute z:Ref="i212"/><IxzAttribute z:Ref="i213"/><IyyAttribute z:Ref="i214"/><IyzAttribute z:Ref="i215"/><IzzAttribute z:Ref="i216"/></URDFElement></ChildElements><ElementName>inertial</ElementName><required>false</required><Inertia z:Ref="i210"/><Mass z:Ref="i208"/><Origin z:Ref="i205"/></URDFElement><URDFElement z:Id="i217" i:type="Visual"><Attributes/><ChildElements><URDFElement z:Id="i218" i:type="Origin"><Attributes><Attribute z:Id="i219"><AttributeType>xyz</AttributeType><IsRequired>true</IsRequired><Value i:type="a:ArrayOfdouble" xmlns:a="http://schemas.microsoft.com/2003/10/Serialization/Arrays"><a:double>0</a:double><a:double>0</a:double><a:double>0</a:double></Value></Attribute><Attribute z:Id="i220"><AttributeType>rpy</AttributeType><IsRequired>true</IsRequired><Value i:type="a:ArrayOfdouble" xmlns:a="http://schemas.microsoft.com/2003/10/Serialization/Arrays"><a:double>0</a:double><a:double>0</a:double><a:double>0</a:double></Value></Attribute></Attributes><ChildElements/><ElementName>origin</ElementName><required>false</required><RPYAttribute z:Ref="i220"/><XYZAttribute z:Ref="i219"/><isCustomized>false</isCustomized></URDFElement><URDFElement z:Id="i221" i:type="Geometry"><Attributes/><ChildElements><URDFElement z:Id="i222" i:type="Mesh"><Attributes><Attribute z:Id="i223"><AttributeType>filename</AttributeType><IsRequired>true</IsRequired><Value i:nil="true"/></Attribute></Attributes><ChildElements/><ElementName>mesh</ElementName><required>false</required><FilenameAttribute z:Ref="i223"/></URDFElement></ChildElements><ElementName>geometry</ElementName><required>true</required><Mesh z:Ref="i222"/></URDFElement><URDFElement z:Id="i224" i:type="Material"><Attributes><Attribute z:Id="i225"><AttributeType>name</AttributeType><IsRequired>true</IsRequired><Value i:type="a:string" xmlns:a="http://www.w3.org/2001/XMLSchema"/></Attribute></Attributes><ChildElements><URDFElement z:Id="i226" i:type="Color"><Attributes><Attribute z:Id="i227"><AttributeType>rgba</AttributeType><IsRequired>true</IsRequired><Value i:type="a:ArrayOfdouble" xmlns:a="http://schemas.microsoft.com/2003/10/Serialization/Arrays"><a:double>1</a:double><a:double>1</a:double><a:double>1</a:double><a:double>1</a:double></Value></Attribute></Attributes><ChildElements/><ElementName>color</ElementName><required>false</required><RGBAAttribute z:Ref="i227"/></URDFElement><URDFElement z:Id="i228" i:type="Texture"><Attributes><Attribute z:Id="i229"><AttributeType>filename</AttributeType><IsRequired>true</IsRequired><Value i:nil="true"/></Attribute></Attributes><ChildElements/><ElementName>texture</ElementName><required>false</required><FilenameAttribute z:Ref="i229"/><wFilename/></URDFElement></ChildElements><ElementName>material</ElementName><required>false</required><Color z:Ref="i226"/><NameAttribute z:Ref="i225"/><Texture z:Ref="i228"/></URDFElement></ChildElements><ElementName>visual</ElementName><required>false</required><Geometry z:Ref="i221"/><Material z:Ref="i224"/><Origin z:Ref="i218"/></URDFElement><URDFElement z:Id="i230" i:type="Collision"><Attributes/><ChildElements><URDFElement z:Id="i231" i:type="Origin"><Attributes><Attribute z:Id="i232"><AttributeType>xyz</AttributeType><IsRequired>true</IsRequired><Value i:type="a:ArrayOfdouble" xmlns:a="http://schemas.microsoft.com/2003/10/Serialization/Arrays"><a:double>0</a:double><a:double>0</a:double><a:double>0</a:double></Value></Attribute><Attribute z:Id="i233"><AttributeType>rpy</AttributeType><IsRequired>true</IsRequired><Value i:type="a:ArrayOfdouble" xmlns:a="http://schemas.microsoft.com/2003/10/Serialization/Arrays"><a:double>0</a:double><a:double>0</a:double><a:double>0</a:double></Value></Attribute></Attributes><ChildElements/><ElementName>origin</ElementName><required>false</required><RPYAttribute z:Ref="i233"/><XYZAttribute z:Ref="i232"/><isCustomized>false</isCustomized></URDFElement><URDFElement z:Id="i234" i:type="Geometry"><Attributes/><ChildElements><URDFElement z:Id="i235" i:type="Mesh"><Attributes><Attribute z:Id="i236"><AttributeType>filename</AttributeType><IsRequired>true</IsRequired><Value i:nil="true"/></Attribute></Attributes><ChildElements/><ElementName>mesh</ElementName><required>false</required><FilenameAttribute z:Ref="i236"/></URDFElement></ChildElements><ElementName>geometry</ElementName><required>true</required><Mesh z:Ref="i235"/></URDFElement></ChildElements><ElementName>collision</ElementName><required>false</required><Geometry z:Ref="i234"/><Origin z:Ref="i231"/></URDFElement><URDFElement z:Id="i237" i:type="Joint"><Attributes><Attribute z:Id="i238"><AttributeType>name</AttributeType><IsRequired>true</IsRequired><Value i:type="a:string" xmlns:a="http://www.w3.org/2001/XMLSchema">Left_Pad_Joint</Value></Attribute><Attribute z:Id="i239"><AttributeType>type</AttributeType><IsRequired>true</IsRequired><Value i:type="a:string" xmlns:a="http://www.w3.org/2001/XMLSchema">fixed</Value></Attribute></Attributes><ChildElements><URDFElement z:Id="i240" i:type="Origin"><Attributes><Attribute z:Id="i241"><AttributeType>xyz</AttributeType><IsRequired>true</IsRequired><Value i:type="a:ArrayOfdouble" xmlns:a="http://schemas.microsoft.com/2003/10/Serialization/Arrays"><a:double>0</a:double><a:double>0</a:double><a:double>0</a:double></Value></Attribute><Attribute z:Id="i242"><AttributeType>rpy</AttributeType><IsRequired>true</IsRequired><Value i:type="a:ArrayOfdouble" xmlns:a="http://schemas.microsoft.com/2003/10/Serialization/Arrays"><a:double>0</a:double><a:double>0</a:double><a:double>0</a:double></Value></Attribute></Attributes><ChildElements/><ElementName>origin</ElementName><required>false</required><RPYAttribute z:Ref="i242"/><XYZAttribute z:Ref="i241"/><isCustomized>false</isCustomized></URDFElement><URDFElement z:Id="i243" i:type="ParentLink"><Attributes><Attribute z:Id="i244"><AttributeType>link</AttributeType><IsRequired>true</IsRequired><Value i:type="a:string" xmlns:a="http://www.w3.org/2001/XMLSchema"/></Attribute></Attributes><ChildElements/><ElementName>parent</ElementName><required>true</required><NameAttribute z:Ref="i244"/></URDFElement><URDFElement z:Id="i245" i:type="ChildLink"><Attributes><Attribute z:Id="i246"><AttributeType>link</AttributeType><IsRequired>true</IsRequired><Value i:type="a:string" xmlns:a="http://www.w3.org/2001/XMLSchema"/></Attribute></Attributes><ChildElements/><ElementName>child</ElementName><required>true</required><NameAttribute z:Ref="i246"/></URDFElement><URDFElement z:Id="i247" i:type="Axis"><Attributes><Attribute z:Id="i248"><AttributeType>xyz</AttributeType><IsRequired>true</IsRequired><Value i:type="a:ArrayOfdouble" xmlns:a="http://schemas.microsoft.com/2003/10/Serialization/Arrays"><a:double>0</a:double><a:double>0</a:double><a:double>0</a:double></Value></Attribute></Attributes><ChildElements/><ElementName>axis</ElementName><required>false</required><XYZAttribute z:Ref="i248"/></URDFElement><URDFElement z:Id="i249" i:type="Limit"><Attributes><Attribute z:Id="i250"><AttributeType>lower</AttributeType><IsRequired>false</IsRequired><Value i:nil="true"/></Attribute><Attribute z:Id="i251"><AttributeType>upper</AttributeType><IsRequired>false</IsRequired><Value i:nil="true"/></Attribute><Attribute z:Id="i252"><AttributeType>effort</AttributeType><IsRequired>true</IsRequired><Value i:nil="true"/></Attribute><Attribute z:Id="i253"><AttributeType>velocity</AttributeType><IsRequired>true</IsRequired><Value i:nil="true"/></Attribute></Attributes><ChildElements/><ElementName>limit</ElementName><required>false</required><EffortAttribute z:Ref="i252"/><LowerAttribute z:Ref="i250"/><UpperAttribute z:Ref="i251"/><VelocityAttribute z:Ref="i253"/></URDFElement><URDFElement z:Id="i254" i:type="Calibration"><Attributes><Attribute z:Id="i255"><AttributeType>rising</AttributeType><IsRequired>false</IsRequired><Value i:nil="true"/></Attribute><Attribute z:Id="i256"><AttributeType>falling</AttributeType><IsRequired>false</IsRequired><Value i:nil="true"/></Attribute></Attributes><ChildElements/><ElementName>calibration</ElementName><required>false</required><FallingAttribute z:Ref="i256"/><RisingAttribute z:Ref="i255"/></URDFElement><URDFElement z:Id="i257" i:type="Dynamics"><Attributes><Attribute z:Id="i258"><AttributeType>damping</AttributeType><IsRequired>false</IsRequired><Value i:nil="true"/></Attribute><Attribute z:Id="i259"><AttributeType>friction</AttributeType><IsRequired>false</IsRequired><Value i:nil="true"/></Attribute></Attributes><ChildElements/><ElementName>dynamics</ElementName><required>false</required><DampingAttribute z:Ref="i258"/><FrictionAttribute z:Ref="i259"/></URDFElement><URDFElement z:Id="i260" i:type="SafetyController"><Attributes><Attribute z:Id="i261"><AttributeType>soft_upper_limit</AttributeType><IsRequired>false</IsRequired><Value i:nil="true"/></Attribute><Attribute z:Id="i262"><AttributeType>soft_lower_limit</AttributeType><IsRequired>false</IsRequired><Value i:nil="true"/></Attribute><Attribute z:Id="i263"><AttributeType>k_position</AttributeType><IsRequired>false</IsRequired><Value i:nil="true"/></Attribute><Attribute z:Id="i264"><AttributeType>k_velocity</AttributeType><IsRequired>true</IsRequired><Value i:nil="true"/></Attribute></Attributes><ChildElements/><ElementName>safety_controller</ElementName><required>false</required><KPositionAttribute z:Ref="i263"/><KVelocityAttribute z:Ref="i264"/><SoftLowerAttribute z:Ref="i262"/><SoftUpperAttribute z:Ref="i261"/></URDFElement><URDFElement z:Id="i265" i:type="Mimic"><Attributes><Attribute z:Id="i266"><AttributeType>joint</AttributeType><IsRequired>true</IsRequired><Value i:nil="true"/></Attribute><Attribute z:Id="i267"><AttributeType>multiplier</AttributeType><IsRequired>false</IsRequired><Value i:nil="true"/></Attribute><Attribute z:Id="i268"><AttributeType>offset</AttributeType><IsRequired>false</IsRequired><Value i:nil="true"/></Attribute></Attributes><ChildElements/><ElementName>mimic</ElementName><required>false</required><JointNameAttribute z:Ref="i266"/><MultiplierAttribute z:Ref="i267"/><OffsetAttribute z:Ref="i268"/></URDFElement></ChildElements><ElementName>joint</ElementName><required>false</required><Axis z:Ref="i247"/><AxisName>?????????14</AxisName><Calibration z:Ref="i254"/><Child z:Ref="i245"/><CoordinateSystemName>?????????14</CoordinateSystemName><Dynamics z:Ref="i257"/><Limit z:Ref="i249"/><Mimic z:Ref="i265"/><NameAttribute z:Ref="i238"/><Origin z:Ref="i240"/><Parent z:Ref="i243"/><Safety z:Ref="i260"/><TypeAttribute z:Ref="i239"/></URDFElement></ChildElements><ElementName>link</ElementName><required>true</required><Children/><Collision z:Ref="i230"/><Inertial z:Ref="i204"/><Joint z:Ref="i237"/><NameAttribute z:Ref="i203"/><Parent z:Ref="i135"/><STLQualityFine>false</STLQualityFine><SWComponentPIDs xmlns:a="http://schemas.microsoft.com/2003/10/Serialization/Arrays"><a:base64Binary>sDYAAAUAAAD//v8kQwBUAEEARwAyAEYAOQAwAC0AMQA1ACAAB2Pvei0AMQBAAEMAVABBAEcAMgBGADkAMAAtAEMALQAwADAAIAAkTgdjc16oUktiBAAAABAAAAABAAAAAQAAAIUEAAA=</a:base64Binary></SWComponentPIDs><SWMainComponentPID i:nil="true"/><Visual z:Ref="i217"/><isFixedFrame>false</isFixedFrame><isIncomplete>false</isIncomplete></Link></Children><Collision z:Ref="i163"/><Inertial z:Ref="i137"/><Joint z:Ref="i170"/><NameAttribute z:Ref="i136"/><Parent z:Ref="i68"/><STLQualityFine>false</STLQualityFine><SWComponentPIDs xmlns:a="http://schemas.microsoft.com/2003/10/Serialization/Arrays"><a:base64Binary>sDYAAAUAAAD//v8mQwBUAEEARwAyAEYAOQAwAC0AMAA2ACAAB2Pvet6PRmctADEAQABDAFQAQQBHADIARgA5ADAALQBDAC0AMAAwACAAJE4HY3NeqFJLYgQAAAAQAAAAAQAAAAEAAAAvAwAA</a:base64Binary><a:base64Binary>sDYAAAUAAAD//v8nQwBUAEEARwAyAEYAOQAwAC0AMQAzACAABlfxZwCVMgAzAC0AOQBAAEMAVABBAEcAMgBGADkAMAAtAEMALQAwADAAIAAkTgdjc16oUktiBAAAABAAAAABAAAAAQAAAPoAAAA=</a:base64Binary></SWComponentPIDs><SWMainComponentPID i:nil="true"/><Visual z:Ref="i150"/><isFixedFrame>false</isFixedFrame><isIncomplete>false</isIncomplete></Link></Children><Collision z:Ref="i96"/><Inertial z:Ref="i70"/><Joint z:Ref="i103"/><NameAttribute z:Ref="i69"/><Parent z:Ref="i1"/><STLQualityFine>false</STLQualityFine><SWComponentPIDs xmlns:a="http://schemas.microsoft.com/2003/10/Serialization/Arrays"><a:base64Binary>sDYAAAUAAAD//v8fopRXWVsANADXADYA1wA4AF0ALQAyAEAAQwBUAEEARwAyAEYAOQAwAC0AQwAtADAAMAAgACROB2NzXqhSS2IEAAAAEAAAAAEAAAABAAAAAAQAAA==</a:base64Binary><a:base64Binary>sDYAAAUAAAD//v8lA4x0ZatXR3JbADQA1wA2ANcAMAAuADUAXQAtADIAMAA5AEAAQwBUAEEARwAyAEYAOQAwAC0AQwAtADAAMAAgACROB2NzXqhSS2IEAAAAEAAAAAEAAAABAAAAAgUAAA==</a:base64Binary><a:base64Binary>sDYAAAUAAAD//v8mQwBUAEEARwAyAEYAOQAwAC0AMAA5ACAARmSoUt6PRmctADIAQABDAFQAQQBHADIARgA5ADAALQBDAC0AMAAwACAAJE4HY3NeqFJLYgQAAAAQAAAAAQAAAAEAAAA7AwAA</a:base64Binary><a:base64Binary>sDYAAAUAAAD//v8lA4x0ZatXR3JbADQA1wA2ANcAMAAuADUAXQAtADIAMQAxAEAAQwBUAEEARwAyAEYAOQAwAC0AQwAtADAAMAAgACROB2NzXqhSS2IEAAAAEAAAAAEAAAABAAAABgUAAA==</a:base64Binary><a:base64Binary>sDYAAAUAAAD//v8mA4x0ZatXR3JbADQA1wAxADAA1wAwAC4ANQBdAC0AMQA5ADUAQABDAFQAQQBHADIARgA5ADAALQBDAC0AMAAwACAAJE4HY3NeqFJLYgQAAAAQAAAAAQAAAAEAAAC+AwAA</a:base64Binary><a:base64Binary>sDYAAAUAAAD//v8mQwBUAEEARwAyAEYAOQAwAC0AMAA5ACAARmSoUt6PRmctADEAQABDAFQAQQBHADIARgA5ADAALQBDAC0AMAAwACAAJE4HY3NeqFJLYgQAAAAQAAAAAQAAAAEAAAA1AwAA</a:base64Binary><a:base64Binary>sDYAAAUAAAD//v8mA4x0ZatXR3JbADQA1wAxADAA1wAwAC4ANQBdAC0AMQA0ADQAQABDAFQAQQBHADIARgA5ADAALQBDAC0AMAAwACAAJE4HY3NeqFJLYgQAAAAQAAAAAQAAAAEAAABWAwAA</a:base64Binary><a:base64Binary>sDYAAAUAAAD//v8fAF/jUyFjCFdbAE0AMwBdAC0AMwA0AEAAQwBUAEEARwAyAEYAOQAwAC0AQwAtADAAMAAgACROB2NzXqhSS2IEAAAAEAAAAAEAAAABAAAAeQQAAA==</a:base64Binary><a:base64Binary>sDYAAAUAAAD//v8g3JRXWVsANADXADgA1wA0AF0ALQA5ADQAQABDAFQAQQBHADIARgA5ADAALQBDAC0AMAAwACAAJE4HY3NeqFJLYgQAAAAQAAAAAQAAAAEAAADGAwAA</a:base64Binary><a:base64Binary>sDYAAAUAAAD//v8mA4x0ZatXR3JbADQA1wAxADAA1wAwAC4ANQBdAC0AMQA1ADEAQABDAFQAQQBHADIARgA5ADAALQBDAC0AMAAwACAAJE4HY3NeqFJLYgQAAAAQAAAAAQAAAAEAAAB3AwAA</a:base64Binary><a:base64Binary>sDYAAAUAAAD//v8mA4x0ZatXR3JbADQA1wAxADAA1wAwAC4ANQBdAC0AMQA5ADcAQABDAFQAQQBHADIARgA5ADAALQBDAC0AMAAwACAAJE4HY3NeqFJLYgQAAAAQAAAAAQAAAAEAAADFAwAA</a:base64Binary><a:base64Binary>sDYAAAUAAAD//v8g3JRXWVsANADXADgA1wA0AF0ALQA5ADMAQABDAFQAQQBHADIARgA5ADAALQBDAC0AMAAwACAAJE4HY3NeqFJLYgQAAAAQAAAAAQAAAAEAAAB4AwAA</a:base64Binary><a:base64Binary>sDYAAAUAAAD//v8fAF/jUyFjCFdbAE0AMwBdAC0AMwAwAEAAQwBUAEEARwAyAEYAOQAwAC0AQwAtADAAMAAgACROB2NzXqhSS2IEAAAAEAAAAAEAAAABAAAAcQQAAA==</a:base64Binary></SWComponentPIDs><SWMainComponentPID i:nil="true"/><Visual z:Ref="i83"/><isFixedFrame>false</isFixedFrame><isIncomplete>false</isIncomplete></Link><Link z:Id="i269"><Attributes><Attribute z:Id="i270"><AttributeType>name</AttributeType><IsRequired>true</IsRequired><Value i:type="a:string" xmlns:a="http://www.w3.org/2001/XMLSchema">Left_2_Link</Value></Attribute></Attributes><ChildElements><URDFElement z:Id="i271" i:type="Inertial"><Attributes/><ChildElements><URDFElement z:Id="i272" i:type="Origin"><Attributes><Attribute z:Id="i273"><AttributeType>xyz</AttributeType><IsRequired>true</IsRequired><Value i:type="a:ArrayOfdouble" xmlns:a="http://schemas.microsoft.com/2003/10/Serialization/Arrays"><a:double>0</a:double><a:double>0</a:double><a:double>0</a:double></Value></Attribute><Attribute z:Id="i274"><AttributeType>rpy</AttributeType><IsRequired>true</IsRequired><Value i:type="a:ArrayOfdouble" xmlns:a="http://schemas.microsoft.com/2003/10/Serialization/Arrays"><a:double>0</a:double><a:double>0</a:double><a:double>0</a:double></Value></Attribute></Attributes><ChildElements/><ElementName>origin</ElementName><required>false</required><RPYAttribute z:Ref="i274"/><XYZAttribute z:Ref="i273"/><isCustomized>false</isCustomized></URDFElement><URDFElement z:Id="i275" i:type="Mass"><Attributes><Attribute z:Id="i276"><AttributeType>value</AttributeType><IsRequired>true</IsRequired><Value i:type="a:double" xmlns:a="http://www.w3.org/2001/XMLSchema">0</Value></Attribute></Attributes><ChildElements/><ElementName>mass</ElementName><required>false</required><ValueAttribute z:Ref="i276"/></URDFElement><URDFElement z:Id="i277" i:type="Inertia"><Attributes><Attribute z:Id="i278"><AttributeType>ixx</AttributeType><IsRequired>true</IsRequired><Value i:type="a:double" xmlns:a="http://www.w3.org/2001/XMLSchema">0</Value></Attribute><Attribute z:Id="i279"><AttributeType>ixy</AttributeType><IsRequired>true</IsRequired><Value i:type="a:double" xmlns:a="http://www.w3.org/2001/XMLSchema">0</Value></Attribute><Attribute z:Id="i280"><AttributeType>ixz</AttributeType><IsRequired>true</IsRequired><Value i:type="a:double" xmlns:a="http://www.w3.org/2001/XMLSchema">0</Value></Attribute><Attribute z:Id="i281"><AttributeType>iyy</AttributeType><IsRequired>true</IsRequired><Value i:type="a:double" xmlns:a="http://www.w3.org/2001/XMLSchema">0</Value></Attribute><Attribute z:Id="i282"><AttributeType>iyz</AttributeType><IsRequired>true</IsRequired><Value i:type="a:double" xmlns:a="http://www.w3.org/2001/XMLSchema">0</Value></Attribute><Attribute z:Id="i283"><AttributeType>izz</AttributeType><IsRequired>true</IsRequired><Value i:type="a:double" xmlns:a="http://www.w3.org/2001/XMLSchema">0</Value></Attribute></Attributes><ChildElements/><ElementName>inertia</ElementName><required>false</required><IxxAttribute z:Ref="i278"/><IxyAttribute z:Ref="i279"/><IxzAttribute z:Ref="i280"/><IyyAttribute z:Ref="i281"/><IyzAttribute z:Ref="i282"/><IzzAttribute z:Ref="i283"/></URDFElement></ChildElements><ElementName>inertial</ElementName><required>false</required><Inertia z:Ref="i277"/><Mass z:Ref="i275"/><Origin z:Ref="i272"/></URDFElement><URDFElement z:Id="i284" i:type="Visual"><Attributes/><ChildElements><URDFElement z:Id="i285" i:type="Origin"><Attributes><Attribute z:Id="i286"><AttributeType>xyz</AttributeType><IsRequired>true</IsRequired><Value i:type="a:ArrayOfdouble" xmlns:a="http://schemas.microsoft.com/2003/10/Serialization/Arrays"><a:double>0</a:double><a:double>0</a:double><a:double>0</a:double></Value></Attribute><Attribute z:Id="i287"><AttributeType>rpy</AttributeType><IsRequired>true</IsRequired><Value i:type="a:ArrayOfdouble" xmlns:a="http://schemas.microsoft.com/2003/10/Serialization/Arrays"><a:double>0</a:double><a:double>0</a:double><a:double>0</a:double></Value></Attribute></Attributes><ChildElements/><ElementName>origin</ElementName><required>false</required><RPYAttribute z:Ref="i287"/><XYZAttribute z:Ref="i286"/><isCustomized>false</isCustomized></URDFElement><URDFElement z:Id="i288" i:type="Geometry"><Attributes/><ChildElements><URDFElement z:Id="i289" i:type="Mesh"><Attributes><Attribute z:Id="i290"><AttributeType>filename</AttributeType><IsRequired>true</IsRequired><Value i:nil="true"/></Attribute></Attributes><ChildElements/><ElementName>mesh</ElementName><required>false</required><FilenameAttribute z:Ref="i290"/></URDFElement></ChildElements><ElementName>geometry</ElementName><required>true</required><Mesh z:Ref="i289"/></URDFElement><URDFElement z:Id="i291" i:type="Material"><Attributes><Attribute z:Id="i292"><AttributeType>name</AttributeType><IsRequired>true</IsRequired><Value i:type="a:string" xmlns:a="http://www.w3.org/2001/XMLSchema"/></Attribute></Attributes><ChildElements><URDFElement z:Id="i293" i:type="Color"><Attributes><Attribute z:Id="i294"><AttributeType>rgba</AttributeType><IsRequired>true</IsRequired><Value i:type="a:ArrayOfdouble" xmlns:a="http://schemas.microsoft.com/2003/10/Serialization/Arrays"><a:double>1</a:double><a:double>1</a:double><a:double>1</a:double><a:double>1</a:double></Value></Attribute></Attributes><ChildElements/><ElementName>color</ElementName><required>false</required><RGBAAttribute z:Ref="i294"/></URDFElement><URDFElement z:Id="i295" i:type="Texture"><Attributes><Attribute z:Id="i296"><AttributeType>filename</AttributeType><IsRequired>true</IsRequired><Value i:nil="true"/></Attribute></Attributes><ChildElements/><ElementName>texture</ElementName><required>false</required><FilenameAttribute z:Ref="i296"/><wFilename/></URDFElement></ChildElements><ElementName>material</ElementName><required>false</required><Color z:Ref="i293"/><NameAttribute z:Ref="i292"/><Texture z:Ref="i295"/></URDFElement></ChildElements><ElementName>visual</ElementName><required>false</required><Geometry z:Ref="i288"/><Material z:Ref="i291"/><Origin z:Ref="i285"/></URDFElement><URDFElement z:Id="i297" i:type="Collision"><Attributes/><ChildElements><URDFElement z:Id="i298" i:type="Origin"><Attributes><Attribute z:Id="i299"><AttributeType>xyz</AttributeType><IsRequired>true</IsRequired><Value i:type="a:ArrayOfdouble" xmlns:a="http://schemas.microsoft.com/2003/10/Serialization/Arrays"><a:double>0</a:double><a:double>0</a:double><a:double>0</a:double></Value></Attribute><Attribute z:Id="i300"><AttributeType>rpy</AttributeType><IsRequired>true</IsRequired><Value i:type="a:ArrayOfdouble" xmlns:a="http://schemas.microsoft.com/2003/10/Serialization/Arrays"><a:double>0</a:double><a:double>0</a:double><a:double>0</a:double></Value></Attribute></Attributes><ChildElements/><ElementName>origin</ElementName><required>false</required><RPYAttribute z:Ref="i300"/><XYZAttribute z:Ref="i299"/><isCustomized>false</isCustomized></URDFElement><URDFElement z:Id="i301" i:type="Geometry"><Attributes/><ChildElements><URDFElement z:Id="i302" i:type="Mesh"><Attributes><Attribute z:Id="i303"><AttributeType>filename</AttributeType><IsRequired>true</IsRequired><Value i:nil="true"/></Attribute></Attributes><ChildElements/><ElementName>mesh</ElementName><required>false</required><FilenameAttribute z:Ref="i303"/></URDFElement></ChildElements><ElementName>geometry</ElementName><required>true</required><Mesh z:Ref="i302"/></URDFElement></ChildElements><ElementName>collision</ElementName><required>false</required><Geometry z:Ref="i301"/><Origin z:Ref="i298"/></URDFElement><URDFElement z:Id="i304" i:type="Joint"><Attributes><Attribute z:Id="i305"><AttributeType>name</AttributeType><IsRequired>true</IsRequired><Value i:type="a:string" xmlns:a="http://www.w3.org/2001/XMLSchema">Left_2_Joint</Value></Attribute><Attribute z:Id="i306"><AttributeType>type</AttributeType><IsRequired>true</IsRequired><Value i:type="a:string" xmlns:a="http://www.w3.org/2001/XMLSchema">revolute</Value></Attribute></Attributes><ChildElements><URDFElement z:Id="i307" i:type="Origin"><Attributes><Attribute z:Id="i308"><AttributeType>xyz</AttributeType><IsRequired>true</IsRequired><Value i:type="a:ArrayOfdouble" xmlns:a="http://schemas.microsoft.com/2003/10/Serialization/Arrays"><a:double>0</a:double><a:double>0</a:double><a:double>0</a:double></Value></Attribute><Attribute z:Id="i309"><AttributeType>rpy</AttributeType><IsRequired>true</IsRequired><Value i:type="a:ArrayOfdouble" xmlns:a="http://schemas.microsoft.com/2003/10/Serialization/Arrays"><a:double>0</a:double><a:double>0</a:double><a:double>0</a:double></Value></Attribute></Attributes><ChildElements/><ElementName>origin</ElementName><required>false</required><RPYAttribute z:Ref="i309"/><XYZAttribute z:Ref="i308"/><isCustomized>false</isCustomized></URDFElement><URDFElement z:Id="i310" i:type="ParentLink"><Attributes><Attribute z:Id="i311"><AttributeType>link</AttributeType><IsRequired>true</IsRequired><Value i:type="a:string" xmlns:a="http://www.w3.org/2001/XMLSchema"/></Attribute></Attributes><ChildElements/><ElementName>parent</ElementName><required>true</required><NameAttribute z:Ref="i311"/></URDFElement><URDFElement z:Id="i312" i:type="ChildLink"><Attributes><Attribute z:Id="i313"><AttributeType>link</AttributeType><IsRequired>true</IsRequired><Value i:type="a:string" xmlns:a="http://www.w3.org/2001/XMLSchema"/></Attribute></Attributes><ChildElements/><ElementName>child</ElementName><required>true</required><NameAttribute z:Ref="i313"/></URDFElement><URDFElement z:Id="i314" i:type="Axis"><Attributes><Attribute z:Id="i315"><AttributeType>xyz</AttributeType><IsRequired>true</IsRequired><Value i:type="a:ArrayOfdouble" xmlns:a="http://schemas.microsoft.com/2003/10/Serialization/Arrays"><a:double>0</a:double><a:double>0</a:double><a:double>0</a:double></Value></Attribute></Attributes><ChildElements/><ElementName>axis</ElementName><required>false</required><XYZAttribute z:Ref="i315"/></URDFElement><URDFElement z:Id="i316" i:type="Limit"><Attributes><Attribute z:Id="i317"><AttributeType>lower</AttributeType><IsRequired>false</IsRequired><Value i:nil="true"/></Attribute><Attribute z:Id="i318"><AttributeType>upper</AttributeType><IsRequired>false</IsRequired><Value i:nil="true"/></Attribute><Attribute z:Id="i319"><AttributeType>effort</AttributeType><IsRequired>true</IsRequired><Value i:nil="true"/></Attribute><Attribute z:Id="i320"><AttributeType>velocity</AttributeType><IsRequired>true</IsRequired><Value i:nil="true"/></Attribute></Attributes><ChildElements/><ElementName>limit</ElementName><required>false</required><EffortAttribute z:Ref="i319"/><LowerAttribute z:Ref="i317"/><UpperAttribute z:Ref="i318"/><VelocityAttribute z:Ref="i320"/></URDFElement><URDFElement z:Id="i321" i:type="Calibration"><Attributes><Attribute z:Id="i322"><AttributeType>rising</AttributeType><IsRequired>false</IsRequired><Value i:nil="true"/></Attribute><Attribute z:Id="i323"><AttributeType>falling</AttributeType><IsRequired>false</IsRequired><Value i:nil="true"/></Attribute></Attributes><ChildElements/><ElementName>calibration</ElementName><required>false</required><FallingAttribute z:Ref="i323"/><RisingAttribute z:Ref="i322"/></URDFElement><URDFElement z:Id="i324" i:type="Dynamics"><Attributes><Attribute z:Id="i325"><AttributeType>damping</AttributeType><IsRequired>false</IsRequired><Value i:nil="true"/></Attribute><Attribute z:Id="i326"><AttributeType>friction</AttributeType><IsRequired>false</IsRequired><Value i:nil="true"/></Attribute></Attributes><ChildElements/><ElementName>dynamics</ElementName><required>false</required><DampingAttribute z:Ref="i325"/><FrictionAttribute z:Ref="i326"/></URDFElement><URDFElement z:Id="i327" i:type="SafetyController"><Attributes><Attribute z:Id="i328"><AttributeType>soft_upper_limit</AttributeType><IsRequired>false</IsRequired><Value i:nil="true"/></Attribute><Attribute z:Id="i329"><AttributeType>soft_lower_limit</AttributeType><IsRequired>false</IsRequired><Value i:nil="true"/></Attribute><Attribute z:Id="i330"><AttributeType>k_position</AttributeType><IsRequired>false</IsRequired><Value i:nil="true"/></Attribute><Attribute z:Id="i331"><AttributeType>k_velocity</AttributeType><IsRequired>true</IsRequired><Value i:nil="true"/></Attribute></Attributes><ChildElements/><ElementName>safety_controller</ElementName><required>false</required><KPositionAttribute z:Ref="i330"/><KVelocityAttribute z:Ref="i331"/><SoftLowerAttribute z:Ref="i329"/><SoftUpperAttribute z:Ref="i328"/></URDFElement><URDFElement z:Id="i332" i:type="Mimic"><Attributes><Attribute z:Id="i333"><AttributeType>joint</AttributeType><IsRequired>true</IsRequired><Value i:nil="true"/></Attribute><Attribute z:Id="i334"><AttributeType>multiplier</AttributeType><IsRequired>false</IsRequired><Value i:nil="true"/></Attribute><Attribute z:Id="i335"><AttributeType>offset</AttributeType><IsRequired>false</IsRequired><Value i:nil="true"/></Attribute></Attributes><ChildElements/><ElementName>mimic</ElementName><required>false</required><JointNameAttribute z:Ref="i333"/><MultiplierAttribute z:Ref="i334"/><OffsetAttribute z:Ref="i335"/></URDFElement></ChildElements><ElementName>joint</ElementName><required>false</required><Axis z:Ref="i314"/><AxisName>?????????22</AxisName><Calibration z:Ref="i321"/><Child z:Ref="i312"/><CoordinateSystemName>?????????22</CoordinateSystemName><Dynamics z:Ref="i324"/><Limit z:Ref="i316"/><Mimic z:Ref="i332"/><NameAttribute z:Ref="i305"/><Origin z:Ref="i307"/><Parent z:Ref="i310"/><Safety z:Ref="i327"/><TypeAttribute z:Ref="i306"/></URDFElement></ChildElements><ElementName>link</ElementName><required>true</required><Children/><Collision z:Ref="i297"/><Inertial z:Ref="i271"/><Joint z:Ref="i304"/><NameAttribute z:Ref="i270"/><Parent z:Ref="i1"/><STLQualityFine>false</STLQualityFine><SWComponentPIDs xmlns:a="http://schemas.microsoft.com/2003/10/Serialization/Arrays"><a:base64Binary>sDYAAAUAAAD//v8mQwBUAEEARwAyAEYAOQAwAC0AMAA1ACAAj5aoUt6PRmctADIAQABDAFQAQQBHADIARgA5ADAALQBDAC0AMAAwACAAJE4HY3NeqFJLYgQAAAAQAAAAAQAAAAEAAAA6AwAA</a:base64Binary><a:base64Binary>sDYAAAUAAAD//v8oQwBUAEEARwAyAEYAOQAwAC0AMQAzACAABlfxZwCVMgAzAC0AMQAwAEAAQwBUAEEARwAyAEYAOQAwAC0AQwAtADAAMAAgACROB2NzXqhSS2IEAAAAEAAAAAEAAAABAAAA/QAAAA==</a:base64Binary><a:base64Binary>sDYAAAUAAAD//v8mQwBUAEEARwAyAEYAOQAwAC0AMAA1ACAAj5aoUt6PRmctADEAQABDAFQAQQBHADIARgA5ADAALQBDAC0AMAAwACAAJE4HY3NeqFJLYgQAAAAQAAAAAQAAAAEAAAApAwAA</a:base64Binary><a:base64Binary>sDYAAAUAAAD//v8fAF/jUyFjCFdbAE0AMwBdAC0AMwAyAEAAQwBUAEEARwAyAEYAOQAwAC0AQwAtADAAMAAgACROB2NzXqhSS2IEAAAAEAAAAAEAAAABAAAAdQQAAA==</a:base64Binary><a:base64Binary>sDYAAAUAAAD//v8g3JRXWVsANADXADgA1wA0AF0ALQA4ADEAQABDAFQAQQBHADIARgA5ADAALQBDAC0AMAAwACAAJE4HY3NeqFJLYgQAAAAQAAAAAQAAAAEAAACrAwAA</a:base64Binary><a:base64Binary>sDYAAAUAAAD//v8mA4x0ZatXR3JbADQA1wAxADAA1wAwAC4ANQBdAC0AMQA2ADEAQABDAFQAQQBHADIARgA5ADAALQBDAC0AMAAwACAAJE4HY3NeqFJLYgQAAAAQAAAAAQAAAAEAAACsAwAA</a:base64Binary><a:base64Binary>sDYAAAUAAAD//v8mA4x0ZatXR3JbADQA1wAxADAA1wAwAC4ANQBdAC0AMQA5ADgAQABDAFQAQQBHADIARgA5ADAALQBDAC0AMAAwACAAJE4HY3NeqFJLYgQAAAAQAAAAAQAAAAEAAADHAwAA</a:base64Binary><a:base64Binary>sDYAAAUAAAD//v8g3JRXWVsANADXADgA1wA0AF0ALQA4ADIAQABDAFQAQQBHADIARgA5ADAALQBDAC0AMAAwACAAJE4HY3NeqFJLYgQAAAAQAAAAAQAAAAEAAADIAwAA</a:base64Binary><a:base64Binary>sDYAAAUAAAD//v8fAF/jUyFjCFdbAE0AMwBdAC0AMwA1AEAAQwBUAEEARwAyAEYAOQAwAC0AQwAtADAAMAAgACROB2NzXqhSS2IEAAAAEAAAAAEAAAABAAAAegQAAA==</a:base64Binary><a:base64Binary>sDYAAAUAAAD//v8fopRXWVsANADXADYA1wA4AF0ALQAxAEAAQwBUAEEARwAyAEYAOQAwAC0AQwAtADAAMAAgACROB2NzXqhSS2IEAAAAEAAAAAEAAAABAAAA/QMAAA==</a:base64Binary><a:base64Binary>sDYAAAUAAAD//v8mA4x0ZatXR3JbADQA1wAxADAA1wAwAC4ANQBdAC0AMgAxADAAQABDAFQAQQBHADIARgA5ADAALQBDAC0AMAAwACAAJE4HY3NeqFJLYgQAAAAQAAAAAQAAAAEAAAD+BAAA</a:base64Binary><a:base64Binary>sDYAAAUAAAD//v8mA4x0ZatXR3JbADQA1wAxADAA1wAwAC4ANQBdAC0AMgAxADIAQABDAFQAQQBHADIARgA5ADAALQBDAC0AMAAwACAAJE4HY3NeqFJLYgQAAAAQAAAAAQAAAAEAAAAHBQAA</a:base64Binary></SWComponentPIDs><SWMainComponentPID i:nil="true"/><Visual z:Ref="i284"/><isFixedFrame>false</isFixedFrame><isIncomplete>false</isIncomplete></Link><Link z:Id="i336"><Attributes><Attribute z:Id="i337"><AttributeType>name</AttributeType><IsRequired>true</IsRequired><Value i:type="a:string" xmlns:a="http://www.w3.org/2001/XMLSchema">Right_2_Link</Value></Attribute></Attributes><ChildElements><URDFElement z:Id="i338" i:type="Inertial"><Attributes/><ChildElements><URDFElement z:Id="i339" i:type="Origin"><Attributes><Attribute z:Id="i340"><AttributeType>xyz</AttributeType><IsRequired>true</IsRequired><Value i:type="a:ArrayOfdouble" xmlns:a="http://schemas.microsoft.com/2003/10/Serialization/Arrays"><a:double>0</a:double><a:double>0</a:double><a:double>0</a:double></Value></Attribute><Attribute z:Id="i341"><AttributeType>rpy</AttributeType><IsRequired>true</IsRequired><Value i:type="a:ArrayOfdouble" xmlns:a="http://schemas.microsoft.com/2003/10/Serialization/Arrays"><a:double>0</a:double><a:double>0</a:double><a:double>0</a:double></Value></Attribute></Attributes><ChildElements/><ElementName>origin</ElementName><required>false</required><RPYAttribute z:Ref="i341"/><XYZAttribute z:Ref="i340"/><isCustomized>false</isCustomized></URDFElement><URDFElement z:Id="i342" i:type="Mass"><Attributes><Attribute z:Id="i343"><AttributeType>value</AttributeType><IsRequired>true</IsRequired><Value i:type="a:double" xmlns:a="http://www.w3.org/2001/XMLSchema">0</Value></Attribute></Attributes><ChildElements/><ElementName>mass</ElementName><required>false</required><ValueAttribute z:Ref="i343"/></URDFElement><URDFElement z:Id="i344" i:type="Inertia"><Attributes><Attribute z:Id="i345"><AttributeType>ixx</AttributeType><IsRequired>true</IsRequired><Value i:type="a:double" xmlns:a="http://www.w3.org/2001/XMLSchema">0</Value></Attribute><Attribute z:Id="i346"><AttributeType>ixy</AttributeType><IsRequired>true</IsRequired><Value i:type="a:double" xmlns:a="http://www.w3.org/2001/XMLSchema">0</Value></Attribute><Attribute z:Id="i347"><AttributeType>ixz</AttributeType><IsRequired>true</IsRequired><Value i:type="a:double" xmlns:a="http://www.w3.org/2001/XMLSchema">0</Value></Attribute><Attribute z:Id="i348"><AttributeType>iyy</AttributeType><IsRequired>true</IsRequired><Value i:type="a:double" xmlns:a="http://www.w3.org/2001/XMLSchema">0</Value></Attribute><Attribute z:Id="i349"><AttributeType>iyz</AttributeType><IsRequired>true</IsRequired><Value i:type="a:double" xmlns:a="http://www.w3.org/2001/XMLSchema">0</Value></Attribute><Attribute z:Id="i350"><AttributeType>izz</AttributeType><IsRequired>true</IsRequired><Value i:type="a:double" xmlns:a="http://www.w3.org/2001/XMLSchema">0</Value></Attribute></Attributes><ChildElements/><ElementName>inertia</ElementName><required>false</required><IxxAttribute z:Ref="i345"/><IxyAttribute z:Ref="i346"/><IxzAttribute z:Ref="i347"/><IyyAttribute z:Ref="i348"/><IyzAttribute z:Ref="i349"/><IzzAttribute z:Ref="i350"/></URDFElement></ChildElements><ElementName>inertial</ElementName><required>false</required><Inertia z:Ref="i344"/><Mass z:Ref="i342"/><Origin z:Ref="i339"/></URDFElement><URDFElement z:Id="i351" i:type="Visual"><Attributes/><ChildElements><URDFElement z:Id="i352" i:type="Origin"><Attributes><Attribute z:Id="i353"><AttributeType>xyz</AttributeType><IsRequired>true</IsRequired><Value i:type="a:ArrayOfdouble" xmlns:a="http://schemas.microsoft.com/2003/10/Serialization/Arrays"><a:double>0</a:double><a:double>0</a:double><a:double>0</a:double></Value></Attribute><Attribute z:Id="i354"><AttributeType>rpy</AttributeType><IsRequired>true</IsRequired><Value i:type="a:ArrayOfdouble" xmlns:a="http://schemas.microsoft.com/2003/10/Serialization/Arrays"><a:double>0</a:double><a:double>0</a:double><a:double>0</a:double></Value></Attribute></Attributes><ChildElements/><ElementName>origin</ElementName><required>false</required><RPYAttribute z:Ref="i354"/><XYZAttribute z:Ref="i353"/><isCustomized>false</isCustomized></URDFElement><URDFElement z:Id="i355" i:type="Geometry"><Attributes/><ChildElements><URDFElement z:Id="i356" i:type="Mesh"><Attributes><Attribute z:Id="i357"><AttributeType>filename</AttributeType><IsRequired>true</IsRequired><Value i:nil="true"/></Attribute></Attributes><ChildElements/><ElementName>mesh</ElementName><required>false</required><FilenameAttribute z:Ref="i357"/></URDFElement></ChildElements><ElementName>geometry</ElementName><required>true</required><Mesh z:Ref="i356"/></URDFElement><URDFElement z:Id="i358" i:type="Material"><Attributes><Attribute z:Id="i359"><AttributeType>name</AttributeType><IsRequired>true</IsRequired><Value i:type="a:string" xmlns:a="http://www.w3.org/2001/XMLSchema"/></Attribute></Attributes><ChildElements><URDFElement z:Id="i360" i:type="Color"><Attributes><Attribute z:Id="i361"><AttributeType>rgba</AttributeType><IsRequired>true</IsRequired><Value i:type="a:ArrayOfdouble" xmlns:a="http://schemas.microsoft.com/2003/10/Serialization/Arrays"><a:double>1</a:double><a:double>1</a:double><a:double>1</a:double><a:double>1</a:double></Value></Attribute></Attributes><ChildElements/><ElementName>color</ElementName><required>false</required><RGBAAttribute z:Ref="i361"/></URDFElement><URDFElement z:Id="i362" i:type="Texture"><Attributes><Attribute z:Id="i363"><AttributeType>filename</AttributeType><IsRequired>true</IsRequired><Value i:nil="true"/></Attribute></Attributes><ChildElements/><ElementName>texture</ElementName><required>false</required><FilenameAttribute z:Ref="i363"/><wFilename/></URDFElement></ChildElements><ElementName>material</ElementName><required>false</required><Color z:Ref="i360"/><NameAttribute z:Ref="i359"/><Texture z:Ref="i362"/></URDFElement></ChildElements><ElementName>visual</ElementName><required>false</required><Geometry z:Ref="i355"/><Material z:Ref="i358"/><Origin z:Ref="i352"/></URDFElement><URDFElement z:Id="i364" i:type="Collision"><Attributes/><ChildElements><URDFElement z:Id="i365" i:type="Origin"><Attributes><Attribute z:Id="i366"><AttributeType>xyz</AttributeType><IsRequired>true</IsRequired><Value i:type="a:ArrayOfdouble" xmlns:a="http://schemas.microsoft.com/2003/10/Serialization/Arrays"><a:double>0</a:double><a:double>0</a:double><a:double>0</a:double></Value></Attribute><Attribute z:Id="i367"><AttributeType>rpy</AttributeType><IsRequired>true</IsRequired><Value i:type="a:ArrayOfdouble" xmlns:a="http://schemas.microsoft.com/2003/10/Serialization/Arrays"><a:double>0</a:double><a:double>0</a:double><a:double>0</a:double></Value></Attribute></Attributes><ChildElements/><ElementName>origin</ElementName><required>false</required><RPYAttribute z:Ref="i367"/><XYZAttribute z:Ref="i366"/><isCustomized>false</isCustomized></URDFElement><URDFElement z:Id="i368" i:type="Geometry"><Attributes/><ChildElements><URDFElement z:Id="i369" i:type="Mesh"><Attributes><Attribute z:Id="i370"><AttributeType>filename</AttributeType><IsRequired>true</IsRequired><Value i:nil="true"/></Attribute></Attributes><ChildElements/><ElementName>mesh</ElementName><required>false</required><FilenameAttribute z:Ref="i370"/></URDFElement></ChildElements><ElementName>geometry</ElementName><required>true</required><Mesh z:Ref="i369"/></URDFElement></ChildElements><ElementName>collision</ElementName><required>false</required><Geometry z:Ref="i368"/><Origin z:Ref="i365"/></URDFElement><URDFElement z:Id="i371" i:type="Joint"><Attributes><Attribute z:Id="i372"><AttributeType>name</AttributeType><IsRequired>true</IsRequired><Value i:type="a:string" xmlns:a="http://www.w3.org/2001/XMLSchema">Right_2_Joint</Value></Attribute><Attribute z:Id="i373"><AttributeType>type</AttributeType><IsRequired>true</IsRequired><Value i:type="a:string" xmlns:a="http://www.w3.org/2001/XMLSchema">revolute</Value></Attribute></Attributes><ChildElements><URDFElement z:Id="i374" i:type="Origin"><Attributes><Attribute z:Id="i375"><AttributeType>xyz</AttributeType><IsRequired>true</IsRequired><Value i:type="a:ArrayOfdouble" xmlns:a="http://schemas.microsoft.com/2003/10/Serialization/Arrays"><a:double>0</a:double><a:double>0</a:double><a:double>0</a:double></Value></Attribute><Attribute z:Id="i376"><AttributeType>rpy</AttributeType><IsRequired>true</IsRequired><Value i:type="a:ArrayOfdouble" xmlns:a="http://schemas.microsoft.com/2003/10/Serialization/Arrays"><a:double>0</a:double><a:double>0</a:double><a:double>0</a:double></Value></Attribute></Attributes><ChildElements/><ElementName>origin</ElementName><required>false</required><RPYAttribute z:Ref="i376"/><XYZAttribute z:Ref="i375"/><isCustomized>false</isCustomized></URDFElement><URDFElement z:Id="i377" i:type="ParentLink"><Attributes><Attribute z:Id="i378"><AttributeType>link</AttributeType><IsRequired>true</IsRequired><Value i:type="a:string" xmlns:a="http://www.w3.org/2001/XMLSchema"/></Attribute></Attributes><ChildElements/><ElementName>parent</ElementName><required>true</required><NameAttribute z:Ref="i378"/></URDFElement><URDFElement z:Id="i379" i:type="ChildLink"><Attributes><Attribute z:Id="i380"><AttributeType>link</AttributeType><IsRequired>true</IsRequired><Value i:type="a:string" xmlns:a="http://www.w3.org/2001/XMLSchema"/></Attribute></Attributes><ChildElements/><ElementName>child</ElementName><required>true</required><NameAttribute z:Ref="i380"/></URDFElement><URDFElement z:Id="i381" i:type="Axis"><Attributes><Attribute z:Id="i382"><AttributeType>xyz</AttributeType><IsRequired>true</IsRequired><Value i:type="a:ArrayOfdouble" xmlns:a="http://schemas.microsoft.com/2003/10/Serialization/Arrays"><a:double>0</a:double><a:double>0</a:double><a:double>0</a:double></Value></Attribute></Attributes><ChildElements/><ElementName>axis</ElementName><required>false</required><XYZAttribute z:Ref="i382"/></URDFElement><URDFElement z:Id="i383" i:type="Limit"><Attributes><Attribute z:Id="i384"><AttributeType>lower</AttributeType><IsRequired>false</IsRequired><Value i:nil="true"/></Attribute><Attribute z:Id="i385"><AttributeType>upper</AttributeType><IsRequired>false</IsRequired><Value i:nil="true"/></Attribute><Attribute z:Id="i386"><AttributeType>effort</AttributeType><IsRequired>true</IsRequired><Value i:nil="true"/></Attribute><Attribute z:Id="i387"><AttributeType>velocity</AttributeType><IsRequired>true</IsRequired><Value i:nil="true"/></Attribute></Attributes><ChildElements/><ElementName>limit</ElementName><required>false</required><EffortAttribute z:Ref="i386"/><LowerAttribute z:Ref="i384"/><UpperAttribute z:Ref="i385"/><VelocityAttribute z:Ref="i387"/></URDFElement><URDFElement z:Id="i388" i:type="Calibration"><Attributes><Attribute z:Id="i389"><AttributeType>rising</AttributeType><IsRequired>false</IsRequired><Value i:nil="true"/></Attribute><Attribute z:Id="i390"><AttributeType>falling</AttributeType><IsRequired>false</IsRequired><Value i:nil="true"/></Attribute></Attributes><ChildElements/><ElementName>calibration</ElementName><required>false</required><FallingAttribute z:Ref="i390"/><RisingAttribute z:Ref="i389"/></URDFElement><URDFElement z:Id="i391" i:type="Dynamics"><Attributes><Attribute z:Id="i392"><AttributeType>damping</AttributeType><IsRequired>false</IsRequired><Value i:nil="true"/></Attribute><Attribute z:Id="i393"><AttributeType>friction</AttributeType><IsRequired>false</IsRequired><Value i:nil="true"/></Attribute></Attributes><ChildElements/><ElementName>dynamics</ElementName><required>false</required><DampingAttribute z:Ref="i392"/><FrictionAttribute z:Ref="i393"/></URDFElement><URDFElement z:Id="i394" i:type="SafetyController"><Attributes><Attribute z:Id="i395"><AttributeType>soft_upper_limit</AttributeType><IsRequired>false</IsRequired><Value i:nil="true"/></Attribute><Attribute z:Id="i396"><AttributeType>soft_lower_limit</AttributeType><IsRequired>false</IsRequired><Value i:nil="true"/></Attribute><Attribute z:Id="i397"><AttributeType>k_position</AttributeType><IsRequired>false</IsRequired><Value i:nil="true"/></Attribute><Attribute z:Id="i398"><AttributeType>k_velocity</AttributeType><IsRequired>true</IsRequired><Value i:nil="true"/></Attribute></Attributes><ChildElements/><ElementName>safety_controller</ElementName><required>false</required><KPositionAttribute z:Ref="i397"/><KVelocityAttribute z:Ref="i398"/><SoftLowerAttribute z:Ref="i396"/><SoftUpperAttribute z:Ref="i395"/></URDFElement><URDFElement z:Id="i399" i:type="Mimic"><Attributes><Attribute z:Id="i400"><AttributeType>joint</AttributeType><IsRequired>true</IsRequired><Value i:nil="true"/></Attribute><Attribute z:Id="i401"><AttributeType>multiplier</AttributeType><IsRequired>false</IsRequired><Value i:nil="true"/></Attribute><Attribute z:Id="i402"><AttributeType>offset</AttributeType><IsRequired>false</IsRequired><Value i:nil="true"/></Attribute></Attributes><ChildElements/><ElementName>mimic</ElementName><required>false</required><JointNameAttribute z:Ref="i400"/><MultiplierAttribute z:Ref="i401"/><OffsetAttribute z:Ref="i402"/></URDFElement></ChildElements><ElementName>joint</ElementName><required>false</required><Axis z:Ref="i381"/><AxisName>?????????33</AxisName><Calibration z:Ref="i388"/><Child z:Ref="i379"/><CoordinateSystemName>?????????33</CoordinateSystemName><Dynamics z:Ref="i391"/><Limit z:Ref="i383"/><Mimic z:Ref="i399"/><NameAttribute z:Ref="i372"/><Origin z:Ref="i374"/><Parent z:Ref="i377"/><Safety z:Ref="i394"/><TypeAttribute z:Ref="i373"/></URDFElement></ChildElements><ElementName>link</ElementName><required>true</required><Children/><Collision z:Ref="i364"/><Inertial z:Ref="i338"/><Joint z:Ref="i371"/><NameAttribute z:Ref="i337"/><Parent z:Ref="i1"/><STLQualityFine>false</STLQualityFine><SWComponentPIDs xmlns:a="http://schemas.microsoft.com/2003/10/Serialization/Arrays"><a:base64Binary>sDYAAAUAAAD//v8mQwBUAEEARwAyAEYAOQAwAC0AMAA1ACAAj5aoUt6PRmctADQAQABDAFQAQQBHADIARgA5ADAALQBDAC0AMAAwACAAJE4HY3NeqFJLYgQAAAAQAAAAAQAAAAEAAABOAwAA</a:base64Binary><a:base64Binary>sDYAAAUAAAD//v8fAF/jUyFjCFdbAE0AMwBdAC0ANAAyAEAAQwBUAEEARwAyAEYAOQAwAC0AQwAtADAAMAAgACROB2NzXqhSS2IEAAAAEAAAAAEAAAABAAAAJwUAAA==</a:base64Binary><a:base64Binary>sDYAAAUAAAD//v8oQwBUAEEARwAyAEYAOQAwAC0AMQAzACAABlfxZwCVMgAzAC0AMQA0AEAAQwBUAEEARwAyAEYAOQAwAC0AQwAtADAAMAAgACROB2NzXqhSS2IEAAAAEAAAAAEAAAABAAAATQMAAA==</a:base64Binary><a:base64Binary>sDYAAAUAAAD//v8g3JRXWVsANADXADgA1wA0AF0ALQA4ADMAQABDAFQAQQBHADIARgA5ADAALQBDAC0AMAAwACAAJE4HY3NeqFJLYgQAAAAQAAAAAQAAAAEAAADTAwAA</a:base64Binary><a:base64Binary>sDYAAAUAAAD//v8mA4x0ZatXR3JbADQA1wAxADAA1wAwAC4ANQBdAC0AMgAxADYAQABDAFQAQQBHADIARgA5ADAALQBDAC0AMAAwACAAJE4HY3NeqFJLYgQAAAAQAAAAAQAAAAEAAAALBQAA</a:base64Binary><a:base64Binary>sDYAAAUAAAD//v8fopRXWVsANADXADYA1wA4AF0ALQA0AEAAQwBUAEEARwAyAEYAOQAwAC0AQwAtADAAMAAgACROB2NzXqhSS2IEAAAAEAAAAAEAAAABAAAABAQAAA==</a:base64Binary><a:base64Binary>sDYAAAUAAAD//v8mA4x0ZatXR3JbADQA1wAxADAA1wAwAC4ANQBdAC0AMgAxADUAQABDAFQAQQBHADIARgA5ADAALQBDAC0AMAAwACAAJE4HY3NeqFJLYgQAAAAQAAAAAQAAAAEAAAAKBQAA</a:base64Binary><a:base64Binary>sDYAAAUAAAD//v8mQwBUAEEARwAyAEYAOQAwAC0AMAA1ACAAj5aoUt6PRmctADMAQABDAFQAQQBHADIARgA5ADAALQBDAC0AMAAwACAAJE4HY3NeqFJLYgQAAAAQAAAAAQAAAAEAAABHAwAA</a:base64Binary><a:base64Binary>sDYAAAUAAAD//v8mA4x0ZatXR3JbADQA1wAxADAA1wAwAC4ANQBdAC0AMQA5ADkAQABDAFQAQQBHADIARgA5ADAALQBDAC0AMAAwACAAJE4HY3NeqFJLYgQAAAAQAAAAAQAAAAEAAADJAwAA</a:base64Binary><a:base64Binary>sDYAAAUAAAD//v8fAF/jUyFjCFdbAE0AMwBdAC0AMwA3AEAAQwBUAEEARwAyAEYAOQAwAC0AQwAtADAAMAAgACROB2NzXqhSS2IEAAAAEAAAAAEAAAABAAAAfAQAAA==</a:base64Binary><a:base64Binary>sDYAAAUAAAD//v8g3JRXWVsANADXADgA1wA0AF0ALQA4ADQAQABDAFQAQQBHADIARgA5ADAALQBDAC0AMAAwACAAJE4HY3NeqFJLYgQAAAAQAAAAAQAAAAEAAADWAwAA</a:base64Binary><a:base64Binary>sDYAAAUAAAD//v8mA4x0ZatXR3JbADQA1wAxADAA1wAwAC4ANQBdAC0AMgAwADMAQABDAFQAQQBHADIARgA5ADAALQBDAC0AMAAwACAAJE4HY3NeqFJLYgQAAAAQAAAAAQAAAAEAAADVAwAA</a:base64Binary></SWComponentPIDs><SWMainComponentPID i:nil="true"/><Visual z:Ref="i351"/><isFixedFrame>false</isFixedFrame><isIncomplete>false</isIncomplete></Link><Link z:Id="i403"><Attributes><Attribute z:Id="i404"><AttributeType>name</AttributeType><IsRequired>true</IsRequired><Value i:type="a:string" xmlns:a="http://www.w3.org/2001/XMLSchema">Right_1_Link</Value></Attribute></Attributes><ChildElements><URDFElement z:Id="i405" i:type="Inertial"><Attributes/><ChildElements><URDFElement z:Id="i406" i:type="Origin"><Attributes><Attribute z:Id="i407"><AttributeType>xyz</AttributeType><IsRequired>true</IsRequired><Value i:type="a:ArrayOfdouble" xmlns:a="http://schemas.microsoft.com/2003/10/Serialization/Arrays"><a:double>0</a:double><a:double>0</a:double><a:double>0</a:double></Value></Attribute><Attribute z:Id="i408"><AttributeType>rpy</AttributeType><IsRequired>true</IsRequired><Value i:type="a:ArrayOfdouble" xmlns:a="http://schemas.microsoft.com/2003/10/Serialization/Arrays"><a:double>0</a:double><a:double>0</a:double><a:double>0</a:double></Value></Attribute></Attributes><ChildElements/><ElementName>origin</ElementName><required>false</required><RPYAttribute z:Ref="i408"/><XYZAttribute z:Ref="i407"/><isCustomized>false</isCustomized></URDFElement><URDFElement z:Id="i409" i:type="Mass"><Attributes><Attribute z:Id="i410"><AttributeType>value</AttributeType><IsRequired>true</IsRequired><Value i:type="a:double" xmlns:a="http://www.w3.org/2001/XMLSchema">0</Value></Attribute></Attributes><ChildElements/><ElementName>mass</ElementName><required>false</required><ValueAttribute z:Ref="i410"/></URDFElement><URDFElement z:Id="i411" i:type="Inertia"><Attributes><Attribute z:Id="i412"><AttributeType>ixx</AttributeType><IsRequired>true</IsRequired><Value i:type="a:double" xmlns:a="http://www.w3.org/2001/XMLSchema">0</Value></Attribute><Attribute z:Id="i413"><AttributeType>ixy</AttributeType><IsRequired>true</IsRequired><Value i:type="a:double" xmlns:a="http://www.w3.org/2001/XMLSchema">0</Value></Attribute><Attribute z:Id="i414"><AttributeType>ixz</AttributeType><IsRequired>true</IsRequired><Value i:type="a:double" xmlns:a="http://www.w3.org/2001/XMLSchema">0</Value></Attribute><Attribute z:Id="i415"><AttributeType>iyy</AttributeType><IsRequired>true</IsRequired><Value i:type="a:double" xmlns:a="http://www.w3.org/2001/XMLSchema">0</Value></Attribute><Attribute z:Id="i416"><AttributeType>iyz</AttributeType><IsRequired>true</IsRequired><Value i:type="a:double" xmlns:a="http://www.w3.org/2001/XMLSchema">0</Value></Attribute><Attribute z:Id="i417"><AttributeType>izz</AttributeType><IsRequired>true</IsRequired><Value i:type="a:double" xmlns:a="http://www.w3.org/2001/XMLSchema">0</Value></Attribute></Attributes><ChildElements/><ElementName>inertia</ElementName><required>false</required><IxxAttribute z:Ref="i412"/><IxyAttribute z:Ref="i413"/><IxzAttribute z:Ref="i414"/><IyyAttribute z:Ref="i415"/><IyzAttribute z:Ref="i416"/><IzzAttribute z:Ref="i417"/></URDFElement></ChildElements><ElementName>inertial</ElementName><required>false</required><Inertia z:Ref="i411"/><Mass z:Ref="i409"/><Origin z:Ref="i406"/></URDFElement><URDFElement z:Id="i418" i:type="Visual"><Attributes/><ChildElements><URDFElement z:Id="i419" i:type="Origin"><Attributes><Attribute z:Id="i420"><AttributeType>xyz</AttributeType><IsRequired>true</IsRequired><Value i:type="a:ArrayOfdouble" xmlns:a="http://schemas.microsoft.com/2003/10/Serialization/Arrays"><a:double>0</a:double><a:double>0</a:double><a:double>0</a:double></Value></Attribute><Attribute z:Id="i421"><AttributeType>rpy</AttributeType><IsRequired>true</IsRequired><Value i:type="a:ArrayOfdouble" xmlns:a="http://schemas.microsoft.com/2003/10/Serialization/Arrays"><a:double>0</a:double><a:double>0</a:double><a:double>0</a:double></Value></Attribute></Attributes><ChildElements/><ElementName>origin</ElementName><required>false</required><RPYAttribute z:Ref="i421"/><XYZAttribute z:Ref="i420"/><isCustomized>false</isCustomized></URDFElement><URDFElement z:Id="i422" i:type="Geometry"><Attributes/><ChildElements><URDFElement z:Id="i423" i:type="Mesh"><Attributes><Attribute z:Id="i424"><AttributeType>filename</AttributeType><IsRequired>true</IsRequired><Value i:nil="true"/></Attribute></Attributes><ChildElements/><ElementName>mesh</ElementName><required>false</required><FilenameAttribute z:Ref="i424"/></URDFElement></ChildElements><ElementName>geometry</ElementName><required>true</required><Mesh z:Ref="i423"/></URDFElement><URDFElement z:Id="i425" i:type="Material"><Attributes><Attribute z:Id="i426"><AttributeType>name</AttributeType><IsRequired>true</IsRequired><Value i:type="a:string" xmlns:a="http://www.w3.org/2001/XMLSchema"/></Attribute></Attributes><ChildElements><URDFElement z:Id="i427" i:type="Color"><Attributes><Attribute z:Id="i428"><AttributeType>rgba</AttributeType><IsRequired>true</IsRequired><Value i:type="a:ArrayOfdouble" xmlns:a="http://schemas.microsoft.com/2003/10/Serialization/Arrays"><a:double>1</a:double><a:double>1</a:double><a:double>1</a:double><a:double>1</a:double></Value></Attribute></Attributes><ChildElements/><ElementName>color</ElementName><required>false</required><RGBAAttribute z:Ref="i428"/></URDFElement><URDFElement z:Id="i429" i:type="Texture"><Attributes><Attribute z:Id="i430"><AttributeType>filename</AttributeType><IsRequired>true</IsRequired><Value i:nil="true"/></Attribute></Attributes><ChildElements/><ElementName>texture</ElementName><required>false</required><FilenameAttribute z:Ref="i430"/><wFilename/></URDFElement></ChildElements><ElementName>material</ElementName><required>false</required><Color z:Ref="i427"/><NameAttribute z:Ref="i426"/><Texture z:Ref="i429"/></URDFElement></ChildElements><ElementName>visual</ElementName><required>false</required><Geometry z:Ref="i422"/><Material z:Ref="i425"/><Origin z:Ref="i419"/></URDFElement><URDFElement z:Id="i431" i:type="Collision"><Attributes/><ChildElements><URDFElement z:Id="i432" i:type="Origin"><Attributes><Attribute z:Id="i433"><AttributeType>xyz</AttributeType><IsRequired>true</IsRequired><Value i:type="a:ArrayOfdouble" xmlns:a="http://schemas.microsoft.com/2003/10/Serialization/Arrays"><a:double>0</a:double><a:double>0</a:double><a:double>0</a:double></Value></Attribute><Attribute z:Id="i434"><AttributeType>rpy</AttributeType><IsRequired>true</IsRequired><Value i:type="a:ArrayOfdouble" xmlns:a="http://schemas.microsoft.com/2003/10/Serialization/Arrays"><a:double>0</a:double><a:double>0</a:double><a:double>0</a:double></Value></Attribute></Attributes><ChildElements/><ElementName>origin</ElementName><required>false</required><RPYAttribute z:Ref="i434"/><XYZAttribute z:Ref="i433"/><isCustomized>false</isCustomized></URDFElement><URDFElement z:Id="i435" i:type="Geometry"><Attributes/><ChildElements><URDFElement z:Id="i436" i:type="Mesh"><Attributes><Attribute z:Id="i437"><AttributeType>filename</AttributeType><IsRequired>true</IsRequired><Value i:nil="true"/></Attribute></Attributes><ChildElements/><ElementName>mesh</ElementName><required>false</required><FilenameAttribute z:Ref="i437"/></URDFElement></ChildElements><ElementName>geometry</ElementName><required>true</required><Mesh z:Ref="i436"/></URDFElement></ChildElements><ElementName>collision</ElementName><required>false</required><Geometry z:Ref="i435"/><Origin z:Ref="i432"/></URDFElement><URDFElement z:Id="i438" i:type="Joint"><Attributes><Attribute z:Id="i439"><AttributeType>name</AttributeType><IsRequired>true</IsRequired><Value i:type="a:string" xmlns:a="http://www.w3.org/2001/XMLSchema">Right_1_Joint</Value></Attribute><Attribute z:Id="i440"><AttributeType>type</AttributeType><IsRequired>true</IsRequired><Value i:type="a:string" xmlns:a="http://www.w3.org/2001/XMLSchema">revolute</Value></Attribute></Attributes><ChildElements><URDFElement z:Id="i441" i:type="Origin"><Attributes><Attribute z:Id="i442"><AttributeType>xyz</AttributeType><IsRequired>true</IsRequired><Value i:type="a:ArrayOfdouble" xmlns:a="http://schemas.microsoft.com/2003/10/Serialization/Arrays"><a:double>0</a:double><a:double>0</a:double><a:double>0</a:double></Value></Attribute><Attribute z:Id="i443"><AttributeType>rpy</AttributeType><IsRequired>true</IsRequired><Value i:type="a:ArrayOfdouble" xmlns:a="http://schemas.microsoft.com/2003/10/Serialization/Arrays"><a:double>0</a:double><a:double>0</a:double><a:double>0</a:double></Value></Attribute></Attributes><ChildElements/><ElementName>origin</ElementName><required>false</required><RPYAttribute z:Ref="i443"/><XYZAttribute z:Ref="i442"/><isCustomized>false</isCustomized></URDFElement><URDFElement z:Id="i444" i:type="ParentLink"><Attributes><Attribute z:Id="i445"><AttributeType>link</AttributeType><IsRequired>true</IsRequired><Value i:type="a:string" xmlns:a="http://www.w3.org/2001/XMLSchema"/></Attribute></Attributes><ChildElements/><ElementName>parent</ElementName><required>true</required><NameAttribute z:Ref="i445"/></URDFElement><URDFElement z:Id="i446" i:type="ChildLink"><Attributes><Attribute z:Id="i447"><AttributeType>link</AttributeType><IsRequired>true</IsRequired><Value i:type="a:string" xmlns:a="http://www.w3.org/2001/XMLSchema"/></Attribute></Attributes><ChildElements/><ElementName>child</ElementName><required>true</required><NameAttribute z:Ref="i447"/></URDFElement><URDFElement z:Id="i448" i:type="Axis"><Attributes><Attribute z:Id="i449"><AttributeType>xyz</AttributeType><IsRequired>true</IsRequired><Value i:type="a:ArrayOfdouble" xmlns:a="http://schemas.microsoft.com/2003/10/Serialization/Arrays"><a:double>0</a:double><a:double>0</a:double><a:double>0</a:double></Value></Attribute></Attributes><ChildElements/><ElementName>axis</ElementName><required>false</required><XYZAttribute z:Ref="i449"/></URDFElement><URDFElement z:Id="i450" i:type="Limit"><Attributes><Attribute z:Id="i451"><AttributeType>lower</AttributeType><IsRequired>false</IsRequired><Value i:nil="true"/></Attribute><Attribute z:Id="i452"><AttributeType>upper</AttributeType><IsRequired>false</IsRequired><Value i:nil="true"/></Attribute><Attribute z:Id="i453"><AttributeType>effort</AttributeType><IsRequired>true</IsRequired><Value i:nil="true"/></Attribute><Attribute z:Id="i454"><AttributeType>velocity</AttributeType><IsRequired>true</IsRequired><Value i:nil="true"/></Attribute></Attributes><ChildElements/><ElementName>limit</ElementName><required>false</required><EffortAttribute z:Ref="i453"/><LowerAttribute z:Ref="i451"/><UpperAttribute z:Ref="i452"/><VelocityAttribute z:Ref="i454"/></URDFElement><URDFElement z:Id="i455" i:type="Calibration"><Attributes><Attribute z:Id="i456"><AttributeType>rising</AttributeType><IsRequired>false</IsRequired><Value i:nil="true"/></Attribute><Attribute z:Id="i457"><AttributeType>falling</AttributeType><IsRequired>false</IsRequired><Value i:nil="true"/></Attribute></Attributes><ChildElements/><ElementName>calibration</ElementName><required>false</required><FallingAttribute z:Ref="i457"/><RisingAttribute z:Ref="i456"/></URDFElement><URDFElement z:Id="i458" i:type="Dynamics"><Attributes><Attribute z:Id="i459"><AttributeType>damping</AttributeType><IsRequired>false</IsRequired><Value i:nil="true"/></Attribute><Attribute z:Id="i460"><AttributeType>friction</AttributeType><IsRequired>false</IsRequired><Value i:nil="true"/></Attribute></Attributes><ChildElements/><ElementName>dynamics</ElementName><required>false</required><DampingAttribute z:Ref="i459"/><FrictionAttribute z:Ref="i460"/></URDFElement><URDFElement z:Id="i461" i:type="SafetyController"><Attributes><Attribute z:Id="i462"><AttributeType>soft_upper_limit</AttributeType><IsRequired>false</IsRequired><Value i:nil="true"/></Attribute><Attribute z:Id="i463"><AttributeType>soft_lower_limit</AttributeType><IsRequired>false</IsRequired><Value i:nil="true"/></Attribute><Attribute z:Id="i464"><AttributeType>k_position</AttributeType><IsRequired>false</IsRequired><Value i:nil="true"/></Attribute><Attribute z:Id="i465"><AttributeType>k_velocity</AttributeType><IsRequired>true</IsRequired><Value i:nil="true"/></Attribute></Attributes><ChildElements/><ElementName>safety_controller</ElementName><required>false</required><KPositionAttribute z:Ref="i464"/><KVelocityAttribute z:Ref="i465"/><SoftLowerAttribute z:Ref="i463"/><SoftUpperAttribute z:Ref="i462"/></URDFElement><URDFElement z:Id="i466" i:type="Mimic"><Attributes><Attribute z:Id="i467"><AttributeType>joint</AttributeType><IsRequired>true</IsRequired><Value i:nil="true"/></Attribute><Attribute z:Id="i468"><AttributeType>multiplier</AttributeType><IsRequired>false</IsRequired><Value i:nil="true"/></Attribute><Attribute z:Id="i469"><AttributeType>offset</AttributeType><IsRequired>false</IsRequired><Value i:nil="true"/></Attribute></Attributes><ChildElements/><ElementName>mimic</ElementName><required>false</required><JointNameAttribute z:Ref="i467"/><MultiplierAttribute z:Ref="i468"/><OffsetAttribute z:Ref="i469"/></URDFElement></ChildElements><ElementName>joint</ElementName><required>false</required><Axis z:Ref="i448"/><AxisName>?????????41</AxisName><Calibration z:Ref="i455"/><Child z:Ref="i446"/><CoordinateSystemName>?????????41</CoordinateSystemName><Dynamics z:Ref="i458"/><Limit z:Ref="i450"/><Mimic z:Ref="i466"/><NameAttribute z:Ref="i439"/><Origin z:Ref="i441"/><Parent z:Ref="i444"/><Safety z:Ref="i461"/><TypeAttribute z:Ref="i440"/></URDFElement></ChildElements><ElementName>link</ElementName><required>true</required><Children><Link z:Id="i470"><Attributes><Attribute z:Id="i471"><AttributeType>name</AttributeType><IsRequired>true</IsRequired><Value i:type="a:string" xmlns:a="http://www.w3.org/2001/XMLSchema">Right_Support_Link</Value></Attribute></Attributes><ChildElements><URDFElement z:Id="i472" i:type="Inertial"><Attributes/><ChildElements><URDFElement z:Id="i473" i:type="Origin"><Attributes><Attribute z:Id="i474"><AttributeType>xyz</AttributeType><IsRequired>true</IsRequired><Value i:type="a:ArrayOfdouble" xmlns:a="http://schemas.microsoft.com/2003/10/Serialization/Arrays"><a:double>0</a:double><a:double>0</a:double><a:double>0</a:double></Value></Attribute><Attribute z:Id="i475"><AttributeType>rpy</AttributeType><IsRequired>true</IsRequired><Value i:type="a:ArrayOfdouble" xmlns:a="http://schemas.microsoft.com/2003/10/Serialization/Arrays"><a:double>0</a:double><a:double>0</a:double><a:double>0</a:double></Value></Attribute></Attributes><ChildElements/><ElementName>origin</ElementName><required>false</required><RPYAttribute z:Ref="i475"/><XYZAttribute z:Ref="i474"/><isCustomized>false</isCustomized></URDFElement><URDFElement z:Id="i476" i:type="Mass"><Attributes><Attribute z:Id="i477"><AttributeType>value</AttributeType><IsRequired>true</IsRequired><Value i:type="a:double" xmlns:a="http://www.w3.org/2001/XMLSchema">0</Value></Attribute></Attributes><ChildElements/><ElementName>mass</ElementName><required>false</required><ValueAttribute z:Ref="i477"/></URDFElement><URDFElement z:Id="i478" i:type="Inertia"><Attributes><Attribute z:Id="i479"><AttributeType>ixx</AttributeType><IsRequired>true</IsRequired><Value i:type="a:double" xmlns:a="http://www.w3.org/2001/XMLSchema">0</Value></Attribute><Attribute z:Id="i480"><AttributeType>ixy</AttributeType><IsRequired>true</IsRequired><Value i:type="a:double" xmlns:a="http://www.w3.org/2001/XMLSchema">0</Value></Attribute><Attribute z:Id="i481"><AttributeType>ixz</AttributeType><IsRequired>true</IsRequired><Value i:type="a:double" xmlns:a="http://www.w3.org/2001/XMLSchema">0</Value></Attribute><Attribute z:Id="i482"><AttributeType>iyy</AttributeType><IsRequired>true</IsRequired><Value i:type="a:double" xmlns:a="http://www.w3.org/2001/XMLSchema">0</Value></Attribute><Attribute z:Id="i483"><AttributeType>iyz</AttributeType><IsRequired>true</IsRequired><Value i:type="a:double" xmlns:a="http://www.w3.org/2001/XMLSchema">0</Value></Attribute><Attribute z:Id="i484"><AttributeType>izz</AttributeType><IsRequired>true</IsRequired><Value i:type="a:double" xmlns:a="http://www.w3.org/2001/XMLSchema">0</Value></Attribute></Attributes><ChildElements/><ElementName>inertia</ElementName><required>false</required><IxxAttribute z:Ref="i479"/><IxyAttribute z:Ref="i480"/><IxzAttribute z:Ref="i481"/><IyyAttribute z:Ref="i482"/><IyzAttribute z:Ref="i483"/><IzzAttribute z:Ref="i484"/></URDFElement></ChildElements><ElementName>inertial</ElementName><required>false</required><Inertia z:Ref="i478"/><Mass z:Ref="i476"/><Origin z:Ref="i473"/></URDFElement><URDFElement z:Id="i485" i:type="Visual"><Attributes/><ChildElements><URDFElement z:Id="i486" i:type="Origin"><Attributes><Attribute z:Id="i487"><AttributeType>xyz</AttributeType><IsRequired>true</IsRequired><Value i:type="a:ArrayOfdouble" xmlns:a="http://schemas.microsoft.com/2003/10/Serialization/Arrays"><a:double>0</a:double><a:double>0</a:double><a:double>0</a:double></Value></Attribute><Attribute z:Id="i488"><AttributeType>rpy</AttributeType><IsRequired>true</IsRequired><Value i:type="a:ArrayOfdouble" xmlns:a="http://schemas.microsoft.com/2003/10/Serialization/Arrays"><a:double>0</a:double><a:double>0</a:double><a:double>0</a:double></Value></Attribute></Attributes><ChildElements/><ElementName>origin</ElementName><required>false</required><RPYAttribute z:Ref="i488"/><XYZAttribute z:Ref="i487"/><isCustomized>false</isCustomized></URDFElement><URDFElement z:Id="i489" i:type="Geometry"><Attributes/><ChildElements><URDFElement z:Id="i490" i:type="Mesh"><Attributes><Attribute z:Id="i491"><AttributeType>filename</AttributeType><IsRequired>true</IsRequired><Value i:nil="true"/></Attribute></Attributes><ChildElements/><ElementName>mesh</ElementName><required>false</required><FilenameAttribute z:Ref="i491"/></URDFElement></ChildElements><ElementName>geometry</ElementName><required>true</required><Mesh z:Ref="i490"/></URDFElement><URDFElement z:Id="i492" i:type="Material"><Attributes><Attribute z:Id="i493"><AttributeType>name</AttributeType><IsRequired>true</IsRequired><Value i:type="a:string" xmlns:a="http://www.w3.org/2001/XMLSchema"/></Attribute></Attributes><ChildElements><URDFElement z:Id="i494" i:type="Color"><Attributes><Attribute z:Id="i495"><AttributeType>rgba</AttributeType><IsRequired>true</IsRequired><Value i:type="a:ArrayOfdouble" xmlns:a="http://schemas.microsoft.com/2003/10/Serialization/Arrays"><a:double>1</a:double><a:double>1</a:double><a:double>1</a:double><a:double>1</a:double></Value></Attribute></Attributes><ChildElements/><ElementName>color</ElementName><required>false</required><RGBAAttribute z:Ref="i495"/></URDFElement><URDFElement z:Id="i496" i:type="Texture"><Attributes><Attribute z:Id="i497"><AttributeType>filename</AttributeType><IsRequired>true</IsRequired><Value i:nil="true"/></Attribute></Attributes><ChildElements/><ElementName>texture</ElementName><required>false</required><FilenameAttribute z:Ref="i497"/><wFilename/></URDFElement></ChildElements><ElementName>material</ElementName><required>false</required><Color z:Ref="i494"/><NameAttribute z:Ref="i493"/><Texture z:Ref="i496"/></URDFElement></ChildElements><ElementName>visual</ElementName><required>false</required><Geometry z:Ref="i489"/><Material z:Ref="i492"/><Origin z:Ref="i486"/></URDFElement><URDFElement z:Id="i498" i:type="Collision"><Attributes/><ChildElements><URDFElement z:Id="i499" i:type="Origin"><Attributes><Attribute z:Id="i500"><AttributeType>xyz</AttributeType><IsRequired>true</IsRequired><Value i:type="a:ArrayOfdouble" xmlns:a="http://schemas.microsoft.com/2003/10/Serialization/Arrays"><a:double>0</a:double><a:double>0</a:double><a:double>0</a:double></Value></Attribute><Attribute z:Id="i501"><AttributeType>rpy</AttributeType><IsRequired>true</IsRequired><Value i:type="a:ArrayOfdouble" xmlns:a="http://schemas.microsoft.com/2003/10/Serialization/Arrays"><a:double>0</a:double><a:double>0</a:double><a:double>0</a:double></Value></Attribute></Attributes><ChildElements/><ElementName>origin</ElementName><required>false</required><RPYAttribute z:Ref="i501"/><XYZAttribute z:Ref="i500"/><isCustomized>false</isCustomized></URDFElement><URDFElement z:Id="i502" i:type="Geometry"><Attributes/><ChildElements><URDFElement z:Id="i503" i:type="Mesh"><Attributes><Attribute z:Id="i504"><AttributeType>filename</AttributeType><IsRequired>true</IsRequired><Value i:nil="true"/></Attribute></Attributes><ChildElements/><ElementName>mesh</ElementName><required>false</required><FilenameAttribute z:Ref="i504"/></URDFElement></ChildElements><ElementName>geometry</ElementName><required>true</required><Mesh z:Ref="i503"/></URDFElement></ChildElements><ElementName>collision</ElementName><required>false</required><Geometry z:Ref="i502"/><Origin z:Ref="i499"/></URDFElement><URDFElement z:Id="i505" i:type="Joint"><Attributes><Attribute z:Id="i506"><AttributeType>name</AttributeType><IsRequired>true</IsRequired><Value i:type="a:string" xmlns:a="http://www.w3.org/2001/XMLSchema">Right_Support_Joint</Value></Attribute><Attribute z:Id="i507"><AttributeType>type</AttributeType><IsRequired>true</IsRequired><Value i:type="a:string" xmlns:a="http://www.w3.org/2001/XMLSchema">revolute</Value></Attribute></Attributes><ChildElements><URDFElement z:Id="i508" i:type="Origin"><Attributes><Attribute z:Id="i509"><AttributeType>xyz</AttributeType><IsRequired>true</IsRequired><Value i:type="a:ArrayOfdouble" xmlns:a="http://schemas.microsoft.com/2003/10/Serialization/Arrays"><a:double>0</a:double><a:double>0</a:double><a:double>0</a:double></Value></Attribute><Attribute z:Id="i510"><AttributeType>rpy</AttributeType><IsRequired>true</IsRequired><Value i:type="a:ArrayOfdouble" xmlns:a="http://schemas.microsoft.com/2003/10/Serialization/Arrays"><a:double>0</a:double><a:double>0</a:double><a:double>0</a:double></Value></Attribute></Attributes><ChildElements/><ElementName>origin</ElementName><required>false</required><RPYAttribute z:Ref="i510"/><XYZAttribute z:Ref="i509"/><isCustomized>false</isCustomized></URDFElement><URDFElement z:Id="i511" i:type="ParentLink"><Attributes><Attribute z:Id="i512"><AttributeType>link</AttributeType><IsRequired>true</IsRequired><Value i:type="a:string" xmlns:a="http://www.w3.org/2001/XMLSchema"/></Attribute></Attributes><ChildElements/><ElementName>parent</ElementName><required>true</required><NameAttribute z:Ref="i512"/></URDFElement><URDFElement z:Id="i513" i:type="ChildLink"><Attributes><Attribute z:Id="i514"><AttributeType>link</AttributeType><IsRequired>true</IsRequired><Value i:type="a:string" xmlns:a="http://www.w3.org/2001/XMLSchema"/></Attribute></Attributes><ChildElements/><ElementName>child</ElementName><required>true</required><NameAttribute z:Ref="i514"/></URDFElement><URDFElement z:Id="i515" i:type="Axis"><Attributes><Attribute z:Id="i516"><AttributeType>xyz</AttributeType><IsRequired>true</IsRequired><Value i:type="a:ArrayOfdouble" xmlns:a="http://schemas.microsoft.com/2003/10/Serialization/Arrays"><a:double>0</a:double><a:double>0</a:double><a:double>0</a:double></Value></Attribute></Attributes><ChildElements/><ElementName>axis</ElementName><required>false</required><XYZAttribute z:Ref="i516"/></URDFElement><URDFElement z:Id="i517" i:type="Limit"><Attributes><Attribute z:Id="i518"><AttributeType>lower</AttributeType><IsRequired>false</IsRequired><Value i:nil="true"/></Attribute><Attribute z:Id="i519"><AttributeType>upper</AttributeType><IsRequired>false</IsRequired><Value i:nil="true"/></Attribute><Attribute z:Id="i520"><AttributeType>effort</AttributeType><IsRequired>true</IsRequired><Value i:nil="true"/></Attribute><Attribute z:Id="i521"><AttributeType>velocity</AttributeType><IsRequired>true</IsRequired><Value i:nil="true"/></Attribute></Attributes><ChildElements/><ElementName>limit</ElementName><required>false</required><EffortAttribute z:Ref="i520"/><LowerAttribute z:Ref="i518"/><UpperAttribute z:Ref="i519"/><VelocityAttribute z:Ref="i521"/></URDFElement><URDFElement z:Id="i522" i:type="Calibration"><Attributes><Attribute z:Id="i523"><AttributeType>rising</AttributeType><IsRequired>false</IsRequired><Value i:nil="true"/></Attribute><Attribute z:Id="i524"><AttributeType>falling</AttributeType><IsRequired>false</IsRequired><Value i:nil="true"/></Attribute></Attributes><ChildElements/><ElementName>calibration</ElementName><required>false</required><FallingAttribute z:Ref="i524"/><RisingAttribute z:Ref="i523"/></URDFElement><URDFElement z:Id="i525" i:type="Dynamics"><Attributes><Attribute z:Id="i526"><AttributeType>damping</AttributeType><IsRequired>false</IsRequired><Value i:nil="true"/></Attribute><Attribute z:Id="i527"><AttributeType>friction</AttributeType><IsRequired>false</IsRequired><Value i:nil="true"/></Attribute></Attributes><ChildElements/><ElementName>dynamics</ElementName><required>false</required><DampingAttribute z:Ref="i526"/><FrictionAttribute z:Ref="i527"/></URDFElement><URDFElement z:Id="i528" i:type="SafetyController"><Attributes><Attribute z:Id="i529"><AttributeType>soft_upper_limit</AttributeType><IsRequired>false</IsRequired><Value i:nil="true"/></Attribute><Attribute z:Id="i530"><AttributeType>soft_lower_limit</AttributeType><IsRequired>false</IsRequired><Value i:nil="true"/></Attribute><Attribute z:Id="i531"><AttributeType>k_position</AttributeType><IsRequired>false</IsRequired><Value i:nil="true"/></Attribute><Attribute z:Id="i532"><AttributeType>k_velocity</AttributeType><IsRequired>true</IsRequired><Value i:nil="true"/></Attribute></Attributes><ChildElements/><ElementName>safety_controller</ElementName><required>false</required><KPositionAttribute z:Ref="i531"/><KVelocityAttribute z:Ref="i532"/><SoftLowerAttribute z:Ref="i530"/><SoftUpperAttribute z:Ref="i529"/></URDFElement><URDFElement z:Id="i533" i:type="Mimic"><Attributes><Attribute z:Id="i534"><AttributeType>joint</AttributeType><IsRequired>true</IsRequired><Value i:nil="true"/></Attribute><Attribute z:Id="i535"><AttributeType>multiplier</AttributeType><IsRequired>false</IsRequired><Value i:nil="true"/></Attribute><Attribute z:Id="i536"><AttributeType>offset</AttributeType><IsRequired>false</IsRequired><Value i:nil="true"/></Attribute></Attributes><ChildElements/><ElementName>mimic</ElementName><required>false</required><JointNameAttribute z:Ref="i534"/><MultiplierAttribute z:Ref="i535"/><OffsetAttribute z:Ref="i536"/></URDFElement></ChildElements><ElementName>joint</ElementName><required>false</required><Axis z:Ref="i515"/><AxisName>?????????42</AxisName><Calibration z:Ref="i522"/><Child z:Ref="i513"/><CoordinateSystemName>?????????42</CoordinateSystemName><Dynamics z:Ref="i525"/><Limit z:Ref="i517"/><Mimic z:Ref="i533"/><NameAttribute z:Ref="i506"/><Origin z:Ref="i508"/><Parent z:Ref="i511"/><Safety z:Ref="i528"/><TypeAttribute z:Ref="i507"/></URDFElement></ChildElements><ElementName>link</ElementName><required>true</required><Children><Link z:Id="i537"><Attributes><Attribute z:Id="i538"><AttributeType>name</AttributeType><IsRequired>true</IsRequired><Value i:type="a:string" xmlns:a="http://www.w3.org/2001/XMLSchema">Right_Pad_Link</Value></Attribute></Attributes><ChildElements><URDFElement z:Id="i539" i:type="Inertial"><Attributes/><ChildElements><URDFElement z:Id="i540" i:type="Origin"><Attributes><Attribute z:Id="i541"><AttributeType>xyz</AttributeType><IsRequired>true</IsRequired><Value i:type="a:ArrayOfdouble" xmlns:a="http://schemas.microsoft.com/2003/10/Serialization/Arrays"><a:double>0</a:double><a:double>0</a:double><a:double>0</a:double></Value></Attribute><Attribute z:Id="i542"><AttributeType>rpy</AttributeType><IsRequired>true</IsRequired><Value i:type="a:ArrayOfdouble" xmlns:a="http://schemas.microsoft.com/2003/10/Serialization/Arrays"><a:double>0</a:double><a:double>0</a:double><a:double>0</a:double></Value></Attribute></Attributes><ChildElements/><ElementName>origin</ElementName><required>false</required><RPYAttribute z:Ref="i542"/><XYZAttribute z:Ref="i541"/><isCustomized>false</isCustomized></URDFElement><URDFElement z:Id="i543" i:type="Mass"><Attributes><Attribute z:Id="i544"><AttributeType>value</AttributeType><IsRequired>true</IsRequired><Value i:type="a:double" xmlns:a="http://www.w3.org/2001/XMLSchema">0</Value></Attribute></Attributes><ChildElements/><ElementName>mass</ElementName><required>false</required><ValueAttribute z:Ref="i544"/></URDFElement><URDFElement z:Id="i545" i:type="Inertia"><Attributes><Attribute z:Id="i546"><AttributeType>ixx</AttributeType><IsRequired>true</IsRequired><Value i:type="a:double" xmlns:a="http://www.w3.org/2001/XMLSchema">0</Value></Attribute><Attribute z:Id="i547"><AttributeType>ixy</AttributeType><IsRequired>true</IsRequired><Value i:type="a:double" xmlns:a="http://www.w3.org/2001/XMLSchema">0</Value></Attribute><Attribute z:Id="i548"><AttributeType>ixz</AttributeType><IsRequired>true</IsRequired><Value i:type="a:double" xmlns:a="http://www.w3.org/2001/XMLSchema">0</Value></Attribute><Attribute z:Id="i549"><AttributeType>iyy</AttributeType><IsRequired>true</IsRequired><Value i:type="a:double" xmlns:a="http://www.w3.org/2001/XMLSchema">0</Value></Attribute><Attribute z:Id="i550"><AttributeType>iyz</AttributeType><IsRequired>true</IsRequired><Value i:type="a:double" xmlns:a="http://www.w3.org/2001/XMLSchema">0</Value></Attribute><Attribute z:Id="i551"><AttributeType>izz</AttributeType><IsRequired>true</IsRequired><Value i:type="a:double" xmlns:a="http://www.w3.org/2001/XMLSchema">0</Value></Attribute></Attributes><ChildElements/><ElementName>inertia</ElementName><required>false</required><IxxAttribute z:Ref="i546"/><IxyAttribute z:Ref="i547"/><IxzAttribute z:Ref="i548"/><IyyAttribute z:Ref="i549"/><IyzAttribute z:Ref="i550"/><IzzAttribute z:Ref="i551"/></URDFElement></ChildElements><ElementName>inertial</ElementName><required>false</required><Inertia z:Ref="i545"/><Mass z:Ref="i543"/><Origin z:Ref="i540"/></URDFElement><URDFElement z:Id="i552" i:type="Visual"><Attributes/><ChildElements><URDFElement z:Id="i553" i:type="Origin"><Attributes><Attribute z:Id="i554"><AttributeType>xyz</AttributeType><IsRequired>true</IsRequired><Value i:type="a:ArrayOfdouble" xmlns:a="http://schemas.microsoft.com/2003/10/Serialization/Arrays"><a:double>0</a:double><a:double>0</a:double><a:double>0</a:double></Value></Attribute><Attribute z:Id="i555"><AttributeType>rpy</AttributeType><IsRequired>true</IsRequired><Value i:type="a:ArrayOfdouble" xmlns:a="http://schemas.microsoft.com/2003/10/Serialization/Arrays"><a:double>0</a:double><a:double>0</a:double><a:double>0</a:double></Value></Attribute></Attributes><ChildElements/><ElementName>origin</ElementName><required>false</required><RPYAttribute z:Ref="i555"/><XYZAttribute z:Ref="i554"/><isCustomized>false</isCustomized></URDFElement><URDFElement z:Id="i556" i:type="Geometry"><Attributes/><ChildElements><URDFElement z:Id="i557" i:type="Mesh"><Attributes><Attribute z:Id="i558"><AttributeType>filename</AttributeType><IsRequired>true</IsRequired><Value i:nil="true"/></Attribute></Attributes><ChildElements/><ElementName>mesh</ElementName><required>false</required><FilenameAttribute z:Ref="i558"/></URDFElement></ChildElements><ElementName>geometry</ElementName><required>true</required><Mesh z:Ref="i557"/></URDFElement><URDFElement z:Id="i559" i:type="Material"><Attributes><Attribute z:Id="i560"><AttributeType>name</AttributeType><IsRequired>true</IsRequired><Value i:type="a:string" xmlns:a="http://www.w3.org/2001/XMLSchema"/></Attribute></Attributes><ChildElements><URDFElement z:Id="i561" i:type="Color"><Attributes><Attribute z:Id="i562"><AttributeType>rgba</AttributeType><IsRequired>true</IsRequired><Value i:type="a:ArrayOfdouble" xmlns:a="http://schemas.microsoft.com/2003/10/Serialization/Arrays"><a:double>1</a:double><a:double>1</a:double><a:double>1</a:double><a:double>1</a:double></Value></Attribute></Attributes><ChildElements/><ElementName>color</ElementName><required>false</required><RGBAAttribute z:Ref="i562"/></URDFElement><URDFElement z:Id="i563" i:type="Texture"><Attributes><Attribute z:Id="i564"><AttributeType>filename</AttributeType><IsRequired>true</IsRequired><Value i:nil="true"/></Attribute></Attributes><ChildElements/><ElementName>texture</ElementName><required>false</required><FilenameAttribute z:Ref="i564"/><wFilename/></URDFElement></ChildElements><ElementName>material</ElementName><required>false</required><Color z:Ref="i561"/><NameAttribute z:Ref="i560"/><Texture z:Ref="i563"/></URDFElement></ChildElements><ElementName>visual</ElementName><required>false</required><Geometry z:Ref="i556"/><Material z:Ref="i559"/><Origin z:Ref="i553"/></URDFElement><URDFElement z:Id="i565" i:type="Collision"><Attributes/><ChildElements><URDFElement z:Id="i566" i:type="Origin"><Attributes><Attribute z:Id="i567"><AttributeType>xyz</AttributeType><IsRequired>true</IsRequired><Value i:type="a:ArrayOfdouble" xmlns:a="http://schemas.microsoft.com/2003/10/Serialization/Arrays"><a:double>0</a:double><a:double>0</a:double><a:double>0</a:double></Value></Attribute><Attribute z:Id="i568"><AttributeType>rpy</AttributeType><IsRequired>true</IsRequired><Value i:type="a:ArrayOfdouble" xmlns:a="http://schemas.microsoft.com/2003/10/Serialization/Arrays"><a:double>0</a:double><a:double>0</a:double><a:double>0</a:double></Value></Attribute></Attributes><ChildElements/><ElementName>origin</ElementName><required>false</required><RPYAttribute z:Ref="i568"/><XYZAttribute z:Ref="i567"/><isCustomized>false</isCustomized></URDFElement><URDFElement z:Id="i569" i:type="Geometry"><Attributes/><ChildElements><URDFElement z:Id="i570" i:type="Mesh"><Attributes><Attribute z:Id="i571"><AttributeType>filename</AttributeType><IsRequired>true</IsRequired><Value i:nil="true"/></Attribute></Attributes><ChildElements/><ElementName>mesh</ElementName><required>false</required><FilenameAttribute z:Ref="i571"/></URDFElement></ChildElements><ElementName>geometry</ElementName><required>true</required><Mesh z:Ref="i570"/></URDFElement></ChildElements><ElementName>collision</ElementName><required>false</required><Geometry z:Ref="i569"/><Origin z:Ref="i566"/></URDFElement><URDFElement z:Id="i572" i:type="Joint"><Attributes><Attribute z:Id="i573"><AttributeType>name</AttributeType><IsRequired>true</IsRequired><Value i:type="a:string" xmlns:a="http://www.w3.org/2001/XMLSchema">Right_Pad_Joint</Value></Attribute><Attribute z:Id="i574"><AttributeType>type</AttributeType><IsRequired>true</IsRequired><Value i:type="a:string" xmlns:a="http://www.w3.org/2001/XMLSchema">revolute</Value></Attribute></Attributes><ChildElements><URDFElement z:Id="i575" i:type="Origin"><Attributes><Attribute z:Id="i576"><AttributeType>xyz</AttributeType><IsRequired>true</IsRequired><Value i:type="a:ArrayOfdouble" xmlns:a="http://schemas.microsoft.com/2003/10/Serialization/Arrays"><a:double>0</a:double><a:double>0</a:double><a:double>0</a:double></Value></Attribute><Attribute z:Id="i577"><AttributeType>rpy</AttributeType><IsRequired>true</IsRequired><Value i:type="a:ArrayOfdouble" xmlns:a="http://schemas.microsoft.com/2003/10/Serialization/Arrays"><a:double>0</a:double><a:double>0</a:double><a:double>0</a:double></Value></Attribute></Attributes><ChildElements/><ElementName>origin</ElementName><required>false</required><RPYAttribute z:Ref="i577"/><XYZAttribute z:Ref="i576"/><isCustomized>false</isCustomized></URDFElement><URDFElement z:Id="i578" i:type="ParentLink"><Attributes><Attribute z:Id="i579"><AttributeType>link</AttributeType><IsRequired>true</IsRequired><Value i:type="a:string" xmlns:a="http://www.w3.org/2001/XMLSchema"/></Attribute></Attributes><ChildElements/><ElementName>parent</ElementName><required>true</required><NameAttribute z:Ref="i579"/></URDFElement><URDFElement z:Id="i580" i:type="ChildLink"><Attributes><Attribute z:Id="i581"><AttributeType>link</AttributeType><IsRequired>true</IsRequired><Value i:type="a:string" xmlns:a="http://www.w3.org/2001/XMLSchema"/></Attribute></Attributes><ChildElements/><ElementName>child</ElementName><required>true</required><NameAttribute z:Ref="i581"/></URDFElement><URDFElement z:Id="i582" i:type="Axis"><Attributes><Attribute z:Id="i583"><AttributeType>xyz</AttributeType><IsRequired>true</IsRequired><Value i:type="a:ArrayOfdouble" xmlns:a="http://schemas.microsoft.com/2003/10/Serialization/Arrays"><a:double>0</a:double><a:double>0</a:double><a:double>0</a:double></Value></Attribute></Attributes><ChildElements/><ElementName>axis</ElementName><required>false</required><XYZAttribute z:Ref="i583"/></URDFElement><URDFElement z:Id="i584" i:type="Limit"><Attributes><Attribute z:Id="i585"><AttributeType>lower</AttributeType><IsRequired>false</IsRequired><Value i:nil="true"/></Attribute><Attribute z:Id="i586"><AttributeType>upper</AttributeType><IsRequired>false</IsRequired><Value i:nil="true"/></Attribute><Attribute z:Id="i587"><AttributeType>effort</AttributeType><IsRequired>true</IsRequired><Value i:nil="true"/></Attribute><Attribute z:Id="i588"><AttributeType>velocity</AttributeType><IsRequired>true</IsRequired><Value i:nil="true"/></Attribute></Attributes><ChildElements/><ElementName>limit</ElementName><required>false</required><EffortAttribute z:Ref="i587"/><LowerAttribute z:Ref="i585"/><UpperAttribute z:Ref="i586"/><VelocityAttribute z:Ref="i588"/></URDFElement><URDFElement z:Id="i589" i:type="Calibration"><Attributes><Attribute z:Id="i590"><AttributeType>rising</AttributeType><IsRequired>false</IsRequired><Value i:nil="true"/></Attribute><Attribute z:Id="i591"><AttributeType>falling</AttributeType><IsRequired>false</IsRequired><Value i:nil="true"/></Attribute></Attributes><ChildElements/><ElementName>calibration</ElementName><required>false</required><FallingAttribute z:Ref="i591"/><RisingAttribute z:Ref="i590"/></URDFElement><URDFElement z:Id="i592" i:type="Dynamics"><Attributes><Attribute z:Id="i593"><AttributeType>damping</AttributeType><IsRequired>false</IsRequired><Value i:nil="true"/></Attribute><Attribute z:Id="i594"><AttributeType>friction</AttributeType><IsRequired>false</IsRequired><Value i:nil="true"/></Attribute></Attributes><ChildElements/><ElementName>dynamics</ElementName><required>false</required><DampingAttribute z:Ref="i593"/><FrictionAttribute z:Ref="i594"/></URDFElement><URDFElement z:Id="i595" i:type="SafetyController"><Attributes><Attribute z:Id="i596"><AttributeType>soft_upper_limit</AttributeType><IsRequired>false</IsRequired><Value i:nil="true"/></Attribute><Attribute z:Id="i597"><AttributeType>soft_lower_limit</AttributeType><IsRequired>false</IsRequired><Value i:nil="true"/></Attribute><Attribute z:Id="i598"><AttributeType>k_position</AttributeType><IsRequired>false</IsRequired><Value i:nil="true"/></Attribute><Attribute z:Id="i599"><AttributeType>k_velocity</AttributeType><IsRequired>true</IsRequired><Value i:nil="true"/></Attribute></Attributes><ChildElements/><ElementName>safety_controller</ElementName><required>false</required><KPositionAttribute z:Ref="i598"/><KVelocityAttribute z:Ref="i599"/><SoftLowerAttribute z:Ref="i597"/><SoftUpperAttribute z:Ref="i596"/></URDFElement><URDFElement z:Id="i600" i:type="Mimic"><Attributes><Attribute z:Id="i601"><AttributeType>joint</AttributeType><IsRequired>true</IsRequired><Value i:nil="true"/></Attribute><Attribute z:Id="i602"><AttributeType>multiplier</AttributeType><IsRequired>false</IsRequired><Value i:nil="true"/></Attribute><Attribute z:Id="i603"><AttributeType>offset</AttributeType><IsRequired>false</IsRequired><Value i:nil="true"/></Attribute></Attributes><ChildElements/><ElementName>mimic</ElementName><required>false</required><JointNameAttribute z:Ref="i601"/><MultiplierAttribute z:Ref="i602"/><OffsetAttribute z:Ref="i603"/></URDFElement></ChildElements><ElementName>joint</ElementName><required>false</required><Axis z:Ref="i582"/><AxisName>?????????44</AxisName><Calibration z:Ref="i589"/><Child z:Ref="i580"/><CoordinateSystemName>?????????44</CoordinateSystemName><Dynamics z:Ref="i592"/><Limit z:Ref="i584"/><Mimic z:Ref="i600"/><NameAttribute z:Ref="i573"/><Origin z:Ref="i575"/><Parent z:Ref="i578"/><Safety z:Ref="i595"/><TypeAttribute z:Ref="i574"/></URDFElement></ChildElements><ElementName>link</ElementName><required>true</required><Children/><Collision z:Ref="i565"/><Inertial z:Ref="i539"/><Joint z:Ref="i572"/><NameAttribute z:Ref="i538"/><Parent z:Ref="i470"/><STLQualityFine>false</STLQualityFine><SWComponentPIDs xmlns:a="http://schemas.microsoft.com/2003/10/Serialization/Arrays"><a:base64Binary>sDYAAAUAAAD//v8kQwBUAEEARwAyAEYAOQAwAC0AMQA1ACAAB2Pvei0AMgBAAEMAVABBAEcAMgBGADkAMAAtAEMALQAwADAAIAAkTgdjc16oUktiBAAAABAAAAABAAAAAQAAAI0EAAA=</a:base64Binary></SWComponentPIDs><SWMainComponentPID i:nil="true"/><Visual z:Ref="i552"/><isFixedFrame>false</isFixedFrame><isIncomplete>false</isIncomplete></Link></Children><Collision z:Ref="i498"/><Inertial z:Ref="i472"/><Joint z:Ref="i505"/><NameAttribute z:Ref="i471"/><Parent z:Ref="i403"/><STLQualityFine>false</STLQualityFine><SWComponentPIDs xmlns:a="http://schemas.microsoft.com/2003/10/Serialization/Arrays"><a:base64Binary>sDYAAAUAAAD//v8oQwBUAEEARwAyAEYAOQAwAC0AMQAzACAABlfxZwCVMgAzAC0AMQAzAEAAQwBUAEEARwAyAEYAOQAwAC0AQwAtADAAMAAgACROB2NzXqhSS2IEAAAAEAAAAAEAAAABAAAATAMAAA==</a:base64Binary><a:base64Binary>sDYAAAUAAAD//v8mQwBUAEEARwAyAEYAOQAwAC0AMAA2ACAAB2Pvet6PRmctADIAQABDAFQAQQBHADIARgA5ADAALQBDAC0AMAAwACAAJE4HY3NeqFJLYgQAAAAQAAAAAQAAAAEAAABGAwAA</a:base64Binary></SWComponentPIDs><SWMainComponentPID i:nil="true"/><Visual z:Ref="i485"/><isFixedFrame>false</isFixedFrame><isIncomplete>false</isIncomplete></Link></Children><Collision z:Ref="i431"/><Inertial z:Ref="i405"/><Joint z:Ref="i438"/><NameAttribute z:Ref="i404"/><Parent z:Ref="i1"/><STLQualityFine>false</STLQualityFine><SWComponentPIDs xmlns:a="http://schemas.microsoft.com/2003/10/Serialization/Arrays"><a:base64Binary>sDYAAAUAAAD//v8mQwBUAEEARwAyAEYAOQAwAC0AMAA5ACAARmSoUt6PRmctADMAQABDAFQAQQBHADIARgA5ADAALQBDAC0AMAAwACAAJE4HY3NeqFJLYgQAAAAQAAAAAQAAAAEAAABIAwAA</a:base64Binary><a:base64Binary>sDYAAAUAAAD//v8g3JRXWVsANADXADgA1wA0AF0ALQA5ADUAQABDAFQAQQBHADIARgA5ADAALQBDAC0AMAAwACAAJE4HY3NeqFJLYgQAAAAQAAAAAQAAAAEAAADQAwAA</a:base64Binary><a:base64Binary>sDYAAAUAAAD//v8fAF/jUyFjCFdbAE0AMwBdAC0ANAAwAEAAQwBUAEEARwAyAEYAOQAwAC0AQwAtADAAMAAgACROB2NzXqhSS2IEAAAAEAAAAAEAAAABAAAAfwQAAA==</a:base64Binary><a:base64Binary>sDYAAAUAAAD//v8mA4x0ZatXR3JbADQA1wAxADAA1wAwAC4ANQBdAC0AMgAwADUAQABDAFQAQQBHADIARgA5ADAALQBDAC0AMAAwACAAJE4HY3NeqFJLYgQAAAAQAAAAAQAAAAEAAADmAwAA</a:base64Binary><a:base64Binary>sDYAAAUAAAD//v8lA4x0ZatXR3JbADQA1wA2ANcAMAAuADUAXQAtADIAMQAzAEAAQwBUAEEARwAyAEYAOQAwAC0AQwAtADAAMAAgACROB2NzXqhSS2IEAAAAEAAAAAEAAAABAAAACAUAAA==</a:base64Binary><a:base64Binary>sDYAAAUAAAD//v8fopRXWVsANADXADYA1wA4AF0ALQA1AEAAQwBUAEEARwAyAEYAOQAwAC0AQwAtADAAMAAgACROB2NzXqhSS2IEAAAAEAAAAAEAAAABAAAABQQAAA==</a:base64Binary><a:base64Binary>sDYAAAUAAAD//v8lA4x0ZatXR3JbADQA1wA2ANcAMAAuADUAXQAtADIAMQA0AEAAQwBUAEEARwAyAEYAOQAwAC0AQwAtADAAMAAgACROB2NzXqhSS2IEAAAAEAAAAAEAAAABAAAACQUAAA==</a:base64Binary><a:base64Binary>sDYAAAUAAAD//v8mQwBUAEEARwAyAEYAOQAwAC0AMAA5ACAARmSoUt6PRmctADQAQABDAFQAQQBHADIARgA5ADAALQBDAC0AMAAwACAAJE4HY3NeqFJLYgQAAAAQAAAAAQAAAAEAAABJAwAA</a:base64Binary><a:base64Binary>sDYAAAUAAAD//v8mA4x0ZatXR3JbADQA1wAxADAA1wAwAC4ANQBdAC0AMgAwADIAQABDAFQAQQBHADIARgA5ADAALQBDAC0AMAAwACAAJE4HY3NeqFJLYgQAAAAQAAAAAQAAAAEAAADRAwAA</a:base64Binary><a:base64Binary>sDYAAAUAAAD//v8fAF/jUyFjCFdbAE0AMwBdAC0AMwA4AEAAQwBUAEEARwAyAEYAOQAwAC0AQwAtADAAMAAgACROB2NzXqhSS2IEAAAAEAAAAAEAAAABAAAAfQQAAA==</a:base64Binary><a:base64Binary>sDYAAAUAAAD//v8g3JRXWVsANADXADgA1wA0AF0ALQA5ADYAQABDAFQAQQBHADIARgA5ADAALQBDAC0AMAAwACAAJE4HY3NeqFJLYgQAAAAQAAAAAQAAAAEAAADgAwAA</a:base64Binary><a:base64Binary>sDYAAAUAAAD//v8mA4x0ZatXR3JbADQA1wAxADAA1wAwAC4ANQBdAC0AMgAwADQAQABDAFQAQQBHADIARgA5ADAALQBDAC0AMAAwACAAJE4HY3NeqFJLYgQAAAAQAAAAAQAAAAEAAADkAwAA</a:base64Binary><a:base64Binary>sDYAAAUAAAD//v8mA4x0ZatXR3JbADQA1wAxADAA1wAwAC4ANQBdAC0AMgAwADAAQABDAFQAQQBHADIARgA5ADAALQBDAC0AMAAwACAAJE4HY3NeqFJLYgQAAAAQAAAAAQAAAAEAAADKAwAA</a:base64Binary></SWComponentPIDs><SWMainComponentPID i:nil="true"/><Visual z:Ref="i418"/><isFixedFrame>false</isFixedFrame><isIncomplete>false</isIncomplete></Link></Children><Collision z:Ref="i29"/><Inertial z:Ref="i3"/><Joint z:Ref="i36"/><NameAttribute z:Ref="i2"/><Parent i:nil="true"/><STLQualityFine>false</STLQualityFine><SWComponentPIDs xmlns:a="http://schemas.microsoft.com/2003/10/Serialization/Arrays"><a:base64Binary>sDYAAAUAAAD//v8pQwBUAFAATQAzAEYAMgAwAC4AMAAxAC4AMQA1AF8A3o+lY9VscFEtADEAQABDAFQAQQBHADIARgA5ADAALQBDAC0AMAAwACAAJE4HY3NeqFJLYgQAAAAQAAAAAQAAAAEAAABMBQAA</a:base64Binary><a:base64Binary>sDYAAAUAAAD//v9VQwBUAEEARwAyAEYAOQAwAC0AQwAtADAANAAgADpnU08WWfNYLQAxAEAAQwBUAEEARwAyAEYAOQAwAC0AQwAtADAAMAAgACROB2NzXqhSS2IvAEMAVABBAEcAMgBGADkAMAAtAEMALQAwADQALQAwADEAIAA6Z1NPFlnzWC0ATVItADEAQABDAFQAQQBHADIARgA5ADAALQBDAC0AMAA0ACAAOmdTTxZZ81gEAAAAEAAAAAEAAAACAAAANgEAABYAAAA=</a:base64Binary><a:base64Binary>sDYAAAUAAAD//v9VQwBUAEEARwAyAEYAOQAwAC0AQwAtADAANAAgADpnU08WWfNYLQAxAEAAQwBUAEEARwAyAEYAOQAwAC0AQwAtADAAMAAgACROB2NzXqhSS2IvAEMAVABBAEcAMgBGADkAMAAtAEMALQAwADQALQAwADIAIAA6Z1NPFlnzWC0ADlQtADEAQABDAFQAQQBHADIARgA5ADAALQBDAC0AMAA0ACAAOmdTTxZZ81gEAAAAEAAAAAEAAAACAAAANgEAABcAAAA=</a:base64Binary><a:base64Binary>sDYAAAUAAAD//v8lhVFtUdKJBlfxZzRZuoeJlFsATQAzANcAMwAwAF0ALQAyAEAAQwBUAEEARwAyAEYAOQAwAC0AQwAtADAAMAAgACROB2NzXqhSS2IEAAAAEAAAAAEAAAABAAAAzgQAAA==</a:base64Binary><a:base64Binary>sDYAAAUAAAD//v8lhVFtUdKJBlfxZzRZuoeJlFsATQAzANcAMwAwAF0ALQAxAEAAQwBUAEEARwAyAEYAOQAwAC0AQwAtADAAMAAgACROB2NzXqhSS2IEAAAAEAAAAAEAAAABAAAAywQAAA==</a:base64Binary></SWComponentPIDs><SWMainComponentPID i:nil="true"/><Visual z:Ref="i16"/><isFixedFrame>false</isFixedFrame><isIncomplete>false</isIncomplete></Link>
2023-11-09 13:13:09,120 INFO  AssemblyExportForm.cs: 309 - Saving URDF package to C:\Users\Administrator\Desktop\ctag2f90c
2023-11-09 13:13:09,122 INFO  ExportHelper.cs: 147 - Beginning the export process
2023-11-09 13:13:09,123 INFO  ExportHelper.cs: 153 - Creating package directories with name ctag2f90c and save path C:\Users\Administrator\Desktop
2023-11-09 13:13:10,364 INFO  ExportHelper.cs: 162 - Creating CMakeLists.txt at C:\Users\Administrator\Desktop\ctag2f90c\CMakeLists.txt
2023-11-09 13:13:10,365 INFO  ExportHelper.cs: 166 - Creating joint names config at C:\Users\Administrator\Desktop\ctag2f90c\config\joint_names_ctag2f90c.yaml
2023-11-09 13:13:10,370 INFO  ExportHelper.cs: 170 - Creating package.xml at C:\Users\Administrator\Desktop\ctag2f90c\package.xml
2023-11-09 13:13:10,370 INFO  PackageXMLWriter.cs: 21 - Creating package.xml at C:\Users\Administrator\Desktop\ctag2f90c\package.xml
2023-11-09 13:13:10,373 INFO  ExportHelper.cs: 177 - Creating RVIZ launch file in C:\Users\Administrator\Desktop\ctag2f90c\launch\
2023-11-09 13:13:10,375 INFO  ExportHelper.cs: 182 - Creating Gazebo launch file in C:\Users\Administrator\Desktop\ctag2f90c\launch\
2023-11-09 13:13:10,376 INFO  ExportHelper.cs: 187 - Saving existing STL preferences
2023-11-09 13:13:10,377 INFO  ExportHelper.cs: 450 - Saving users preferences
2023-11-09 13:13:10,378 INFO  ExportHelper.cs: 190 - Modifying STL preferences
2023-11-09 13:13:10,378 INFO  ExportHelper.cs: 464 - Setting STL preferences
2023-11-09 13:13:10,384 INFO  ExportHelper.cs: 196 - Found 0 hidden components 
2023-11-09 13:13:10,385 INFO  ExportHelper.cs: 197 - Hiding all components
2023-11-09 13:13:11,227 INFO  ExportHelper.cs: 204 - Beginning individual files export
2023-11-09 13:13:11,229 INFO  ExportHelper.cs: 270 - Exporting link: base_link
2023-11-09 13:13:11,229 INFO  ExportHelper.cs: 272 - Link base_link has 4 children
2023-11-09 13:13:11,230 INFO  ExportHelper.cs: 270 - Exporting link: Left_1_Link
2023-11-09 13:13:11,230 INFO  ExportHelper.cs: 272 - Link Left_1_Link has 1 children
2023-11-09 13:13:11,231 INFO  ExportHelper.cs: 270 - Exporting link: Left_Support_Link
2023-11-09 13:13:11,231 INFO  ExportHelper.cs: 272 - Link Left_Support_Link has 1 children
2023-11-09 13:13:11,232 INFO  ExportHelper.cs: 270 - Exporting link: Left_Pad_Link
2023-11-09 13:13:11,233 INFO  ExportHelper.cs: 272 - Link Left_Pad_Link has 0 children
2023-11-09 13:13:11,233 INFO  ExportHelper.cs: 317 - Left_Pad_Link: Exporting STL with coordinate frame 坐标系14
2023-11-09 13:13:11,234 INFO  ExportHelper.cs: 322 - Left_Pad_Link: Reference geometry name 
2023-11-09 13:13:11,364 INFO  ExportHelper.cs: 330 - Saving STL to C:\Users\Administrator\Desktop\ctag2f90c\meshes\Left_Pad_Link.STL
2023-11-09 13:13:11,445 INFO  ExportHelper.cs: 405 - Removing SW header in STL file
2023-11-09 13:13:11,446 INFO  ExportHelper.cs: 317 - Left_Support_Link: Exporting STL with coordinate frame 坐标系12
2023-11-09 13:13:11,447 INFO  ExportHelper.cs: 322 - Left_Support_Link: Reference geometry name 
2023-11-09 13:13:11,752 INFO  ExportHelper.cs: 330 - Saving STL to C:\Users\Administrator\Desktop\ctag2f90c\meshes\Left_Support_Link.STL
2023-11-09 13:13:12,112 INFO  ExportHelper.cs: 405 - Removing SW header in STL file
2023-11-09 13:13:12,113 INFO  ExportHelper.cs: 317 - Left_1_Link: Exporting STL with coordinate frame 坐标系11
2023-11-09 13:13:12,113 INFO  ExportHelper.cs: 322 - Left_1_Link: Reference geometry name 
2023-11-09 13:13:12,604 INFO  ExportHelper.cs: 330 - Saving STL to C:\Users\Administrator\Desktop\ctag2f90c\meshes\Left_1_Link.STL
2023-11-09 13:13:13,280 INFO  ExportHelper.cs: 405 - Removing SW header in STL file
2023-11-09 13:13:13,282 INFO  ExportHelper.cs: 270 - Exporting link: Left_2_Link
2023-11-09 13:13:13,283 INFO  ExportHelper.cs: 272 - Link Left_2_Link has 0 children
2023-11-09 13:13:13,283 INFO  ExportHelper.cs: 317 - Left_2_Link: Exporting STL with coordinate frame 坐标系22
2023-11-09 13:13:13,283 INFO  ExportHelper.cs: 322 - Left_2_Link: Reference geometry name 
2023-11-09 13:13:13,712 INFO  ExportHelper.cs: 330 - Saving STL to C:\Users\Administrator\Desktop\ctag2f90c\meshes\Left_2_Link.STL
2023-11-09 13:13:14,361 INFO  ExportHelper.cs: 405 - Removing SW header in STL file
2023-11-09 13:13:14,363 INFO  ExportHelper.cs: 270 - Exporting link: Right_2_Link
2023-11-09 13:13:14,363 INFO  ExportHelper.cs: 272 - Link Right_2_Link has 0 children
2023-11-09 13:13:14,364 INFO  ExportHelper.cs: 317 - Right_2_Link: Exporting STL with coordinate frame 坐标系33
2023-11-09 13:13:14,364 INFO  ExportHelper.cs: 322 - Right_2_Link: Reference geometry name 
2023-11-09 13:13:14,545 INFO  ExportHelper.cs: 330 - Saving STL to C:\Users\Administrator\Desktop\ctag2f90c\meshes\Right_2_Link.STL
2023-11-09 13:13:14,929 INFO  ExportHelper.cs: 405 - Removing SW header in STL file
2023-11-09 13:13:14,930 INFO  ExportHelper.cs: 270 - Exporting link: Right_1_Link
2023-11-09 13:13:14,931 INFO  ExportHelper.cs: 272 - Link Right_1_Link has 1 children
2023-11-09 13:13:14,932 INFO  ExportHelper.cs: 270 - Exporting link: Right_Support_Link
2023-11-09 13:13:14,932 INFO  ExportHelper.cs: 272 - Link Right_Support_Link has 1 children
2023-11-09 13:13:14,933 INFO  ExportHelper.cs: 270 - Exporting link: Right_Pad_Link
2023-11-09 13:13:14,933 INFO  ExportHelper.cs: 272 - Link Right_Pad_Link has 0 children
2023-11-09 13:13:14,934 INFO  ExportHelper.cs: 317 - Right_Pad_Link: Exporting STL with coordinate frame 坐标系44
2023-11-09 13:13:14,934 INFO  ExportHelper.cs: 322 - Right_Pad_Link: Reference geometry name 
2023-11-09 13:13:14,992 INFO  ExportHelper.cs: 330 - Saving STL to C:\Users\Administrator\Desktop\ctag2f90c\meshes\Right_Pad_Link.STL
2023-11-09 13:13:15,060 INFO  ExportHelper.cs: 405 - Removing SW header in STL file
2023-11-09 13:13:15,060 INFO  ExportHelper.cs: 317 - Right_Support_Link: Exporting STL with coordinate frame 坐标系42
2023-11-09 13:13:15,061 INFO  ExportHelper.cs: 322 - Right_Support_Link: Reference geometry name 
2023-11-09 13:13:15,109 INFO  ExportHelper.cs: 330 - Saving STL to C:\Users\Administrator\Desktop\ctag2f90c\meshes\Right_Support_Link.STL
2023-11-09 13:13:15,199 INFO  ExportHelper.cs: 405 - Removing SW header in STL file
2023-11-09 13:13:15,200 INFO  ExportHelper.cs: 317 - Right_1_Link: Exporting STL with coordinate frame 坐标系41
2023-11-09 13:13:15,200 INFO  ExportHelper.cs: 322 - Right_1_Link: Reference geometry name 
2023-11-09 13:13:15,417 INFO  ExportHelper.cs: 330 - Saving STL to C:\Users\Administrator\Desktop\ctag2f90c\meshes\Right_1_Link.STL
2023-11-09 13:13:15,817 INFO  ExportHelper.cs: 405 - Removing SW header in STL file
2023-11-09 13:13:15,818 INFO  ExportHelper.cs: 317 - base_link: Exporting STL with coordinate frame 坐标系0
2023-11-09 13:13:15,818 INFO  ExportHelper.cs: 322 - base_link: Reference geometry name 
2023-11-09 13:13:16,011 INFO  ExportHelper.cs: 330 - Saving STL to C:\Users\Administrator\Desktop\ctag2f90c\meshes\base_link.STL
2023-11-09 13:13:16,570 INFO  ExportHelper.cs: 405 - Removing SW header in STL file
2023-11-09 13:13:16,571 INFO  ExportHelper.cs: 145 - Showing all components except previously hidden components
2023-11-09 13:13:18,516 INFO  ExportHelper.cs: 145 - Resetting STL preferences
2023-11-09 13:13:18,517 INFO  ExportHelper.cs: 478 - Returning STL preferences to user preferences
2023-11-09 13:13:18,517 INFO  ExportHelper.cs: 228 - Writing URDF file to C:\Users\Administrator\Desktop\ctag2f90c\urdf\ctag2f90c.urdf
2023-11-09 13:13:18,522 INFO  CSVImportExport.cs: 32 - Writing CSV file C:\Users\Administrator\Desktop\ctag2f90c\urdf\ctag2f90c.csv
2023-11-09 13:13:18,558 ERROR CSVImportExport.cs: 130 - The following columns were not written to the CSV: Link.Joint.ChildLink.link,
2023-11-09 13:13:18,558 ERROR CSVImportExport.cs: 130 - The following columns were not written to the CSV: Link.Joint.ChildLink.link,
2023-11-09 13:13:18,559 ERROR CSVImportExport.cs: 130 - The following columns were not written to the CSV: Link.Joint.ChildLink.link,Link.Joint.Mimic.joint,Link.Joint.Mimic.multiplier,Link.Joint.Mimic.offset,
2023-11-09 13:13:18,559 ERROR CSVImportExport.cs: 130 - The following columns were not written to the CSV: Link.Joint.ChildLink.link,
2023-11-09 13:13:18,560 ERROR CSVImportExport.cs: 130 - The following columns were not written to the CSV: Link.Joint.ChildLink.link,Link.Joint.Mimic.joint,Link.Joint.Mimic.multiplier,Link.Joint.Mimic.offset,
2023-11-09 13:13:18,561 ERROR CSVImportExport.cs: 130 - The following columns were not written to the CSV: Link.Joint.ChildLink.link,Link.Joint.Mimic.joint,Link.Joint.Mimic.multiplier,Link.Joint.Mimic.offset,
2023-11-09 13:13:18,561 ERROR CSVImportExport.cs: 130 - The following columns were not written to the CSV: Link.Joint.ChildLink.link,Link.Joint.Mimic.joint,Link.Joint.Mimic.multiplier,Link.Joint.Mimic.offset,
2023-11-09 13:13:18,562 ERROR CSVImportExport.cs: 130 - The following columns were not written to the CSV: Link.Joint.ChildLink.link,Link.Joint.Mimic.joint,Link.Joint.Mimic.multiplier,Link.Joint.Mimic.offset,
2023-11-09 13:13:18,562 ERROR CSVImportExport.cs: 130 - The following columns were not written to the CSV: Link.Joint.ChildLink.link,
2023-11-09 13:13:18,562 INFO  ExportHelper.cs: 234 - Copying log file
2023-11-09 13:13:18,566 INFO  ExportHelper.cs: 439 - Copying C:\Users\Administrator\sw2urdf_logs\sw2urdf.log to C:\Users\Administrator\Desktop\ctag2f90c\export.log
