2025-08-11 09:33:16,398 INFO  Logger.cs: 70 - 
--------------------------------------------------------------------------------
2025-08-11 09:33:16,424 INFO  Logger.cs: 71 - Logging commencing for SW2URDF exporter
2025-08-11 09:33:16,426 INFO  Logger.cs: 73 - Commit version 1.6.0-4-g7f85cfe
2025-08-11 09:33:16,426 INFO  Logger.cs: 74 - Build version 1.6.7995.38578
2025-08-11 09:33:16,427 INFO  SwAddin.cs: 192 - Attempting to connect to SW
2025-08-11 09:33:16,428 INFO  SwAddin.cs: 197 - Setting up callbacks
2025-08-11 09:33:16,428 INFO  SwAddin.cs: 201 - Setting up command manager
2025-08-11 09:33:16,429 INFO  SwAddin.cs: 204 - Adding command manager
2025-08-11 09:33:16,430 INFO  SwAddin.cs: 263 - Adding Assembly export to file menu
2025-08-11 09:33:16,431 INFO  SwAddin.cs: 272 - Adding Part export to file menu
2025-08-11 09:33:16,432 INFO  SwAddin.cs: 210 - Adding event handlers
2025-08-11 09:33:16,433 INFO  SwAddin.cs: 217 - Connecting plugin to SolidWorks
2025-08-11 10:18:53,288 INFO  SwAddin.cs: 294 - Assembly export called for file CTDH3F110 三指灵巧手.SLDASM
2025-08-11 10:18:53,289 INFO  SwAddin.cs: 299 - Save is required
2025-08-11 10:18:53,289 INFO  SwAddin.cs: 313 - Saving assembly
2025-08-11 10:18:55,144 INFO  SwAddin.cs: 316 - Opening property manager
2025-08-11 10:18:55,152 INFO  ExportHelperExtension.cs: 1125 - Retrieving features of type [CoordSys] from CTDH3F110 三指灵巧手.SLDASM
2025-08-11 10:18:55,157 INFO  ExportHelperExtension.cs: 1136 - Found 124 in CTDH3F110 三指灵巧手.SLDASM
2025-08-11 10:18:55,159 INFO  ExportHelperExtension.cs: 1145 - Found 10 features of type [CoordSys] in CTDH3F110 三指灵巧手.SLDASM
2025-08-11 10:18:55,160 INFO  ExportHelperExtension.cs: 1148 - Proceeding through assembly components
2025-08-11 10:18:55,160 INFO  ExportHelperExtension.cs: 1160 - 15 components to check
2025-08-11 10:18:55,162 INFO  ExportHelperExtension.cs: 1125 - Retrieving features of type [CoordSys] from GB╱T 119.1-2000[圆柱销(不淬硬钢和奥氏体不锈钢)3×6]-6
2025-08-11 10:18:55,163 INFO  ExportHelperExtension.cs: 1136 - Found 25 in GB╱T 119.1-2000[圆柱销(不淬硬钢和奥氏体不锈钢)3×6]-6
2025-08-11 10:18:55,163 INFO  ExportHelperExtension.cs: 1145 - Found 0 features of type [CoordSys] in GB╱T 119.1-2000[圆柱销(不淬硬钢和奥氏体不锈钢)3×6]-6
2025-08-11 10:18:55,163 INFO  ExportHelperExtension.cs: 1125 - Retrieving features of type [CoordSys] from GB╱T 119.1-2000[圆柱销(不淬硬钢和奥氏体不锈钢)3×6]-4
2025-08-11 10:18:55,164 INFO  ExportHelperExtension.cs: 1136 - Found 25 in GB╱T 119.1-2000[圆柱销(不淬硬钢和奥氏体不锈钢)3×6]-4
2025-08-11 10:18:55,164 INFO  ExportHelperExtension.cs: 1145 - Found 0 features of type [CoordSys] in GB╱T 119.1-2000[圆柱销(不淬硬钢和奥氏体不锈钢)3×6]-4
2025-08-11 10:18:55,164 INFO  ExportHelperExtension.cs: 1125 - Retrieving features of type [CoordSys] from GB╱T 119.1-2000[圆柱销(不淬硬钢和奥氏体不锈钢)3×6]-3
2025-08-11 10:18:55,164 INFO  ExportHelperExtension.cs: 1136 - Found 25 in GB╱T 119.1-2000[圆柱销(不淬硬钢和奥氏体不锈钢)3×6]-3
2025-08-11 10:18:55,165 INFO  ExportHelperExtension.cs: 1145 - Found 0 features of type [CoordSys] in GB╱T 119.1-2000[圆柱销(不淬硬钢和奥氏体不锈钢)3×6]-3
2025-08-11 10:18:55,165 INFO  ExportHelperExtension.cs: 1125 - Retrieving features of type [CoordSys] from GB╱T 119.1-2000[圆柱销(不淬硬钢和奥氏体不锈钢)3×6]-5
2025-08-11 10:18:55,165 INFO  ExportHelperExtension.cs: 1136 - Found 25 in GB╱T 119.1-2000[圆柱销(不淬硬钢和奥氏体不锈钢)3×6]-5
2025-08-11 10:18:55,165 INFO  ExportHelperExtension.cs: 1145 - Found 0 features of type [CoordSys] in GB╱T 119.1-2000[圆柱销(不淬硬钢和奥氏体不锈钢)3×6]-5
2025-08-11 10:18:55,165 INFO  ExportHelperExtension.cs: 1125 - Retrieving features of type [CoordSys] from CTDH3F110-11 三指手封盖-1
2025-08-11 10:18:55,166 INFO  ExportHelperExtension.cs: 1136 - Found 32 in CTDH3F110-11 三指手封盖-1
2025-08-11 10:18:55,166 INFO  ExportHelperExtension.cs: 1145 - Found 0 features of type [CoordSys] in CTDH3F110-11 三指手封盖-1
2025-08-11 10:18:55,166 INFO  ExportHelperExtension.cs: 1125 - Retrieving features of type [CoordSys] from GB╱T 70.1-2008[内六角圆柱头螺钉M3×12]-2
2025-08-11 10:18:55,166 INFO  ExportHelperExtension.cs: 1136 - Found 35 in GB╱T 70.1-2008[内六角圆柱头螺钉M3×12]-2
2025-08-11 10:18:55,167 INFO  ExportHelperExtension.cs: 1145 - Found 0 features of type [CoordSys] in GB╱T 70.1-2008[内六角圆柱头螺钉M3×12]-2
2025-08-11 10:18:55,167 INFO  ExportHelperExtension.cs: 1125 - Retrieving features of type [CoordSys] from GB╱T 119.1-2000[圆柱销(不淬硬钢和奥氏体不锈钢)3×6]-2
2025-08-11 10:18:55,167 INFO  ExportHelperExtension.cs: 1136 - Found 25 in GB╱T 119.1-2000[圆柱销(不淬硬钢和奥氏体不锈钢)3×6]-2
2025-08-11 10:18:55,167 INFO  ExportHelperExtension.cs: 1145 - Found 0 features of type [CoordSys] in GB╱T 119.1-2000[圆柱销(不淬硬钢和奥氏体不锈钢)3×6]-2
2025-08-11 10:18:55,168 INFO  ExportHelperExtension.cs: 1125 - Retrieving features of type [CoordSys] from CTDH3F110-J02-00 底座组件-1
2025-08-11 10:18:55,168 INFO  ExportHelperExtension.cs: 1136 - Found 30 in CTDH3F110-J02-00 底座组件-1
2025-08-11 10:18:55,168 INFO  ExportHelperExtension.cs: 1145 - Found 0 features of type [CoordSys] in CTDH3F110-J02-00 底座组件-1
2025-08-11 10:18:55,168 INFO  ExportHelperExtension.cs: 1125 - Retrieving features of type [CoordSys] from CTDH3F110-J01-00 手指组件-18
2025-08-11 10:18:55,169 INFO  ExportHelperExtension.cs: 1136 - Found 56 in CTDH3F110-J01-00 手指组件-18
2025-08-11 10:18:55,169 INFO  ExportHelperExtension.cs: 1145 - Found 0 features of type [CoordSys] in CTDH3F110-J01-00 手指组件-18
2025-08-11 10:18:55,169 INFO  ExportHelperExtension.cs: 1125 - Retrieving features of type [CoordSys] from CTDH3F110-J00-00 手指安装板组件-2
2025-08-11 10:18:55,169 INFO  ExportHelperExtension.cs: 1136 - Found 27 in CTDH3F110-J00-00 手指安装板组件-2
2025-08-11 10:18:55,169 INFO  ExportHelperExtension.cs: 1145 - Found 0 features of type [CoordSys] in CTDH3F110-J00-00 手指安装板组件-2
2025-08-11 10:18:55,170 INFO  ExportHelperExtension.cs: 1125 - Retrieving features of type [CoordSys] from CTDH3F110-J01-00 手指组件-19
2025-08-11 10:18:55,170 INFO  ExportHelperExtension.cs: 1136 - Found 56 in CTDH3F110-J01-00 手指组件-19
2025-08-11 10:18:55,170 INFO  ExportHelperExtension.cs: 1145 - Found 0 features of type [CoordSys] in CTDH3F110-J01-00 手指组件-19
2025-08-11 10:18:55,170 INFO  ExportHelperExtension.cs: 1125 - Retrieving features of type [CoordSys] from CTDH3F110-J01-00 手指组件-20
2025-08-11 10:18:55,171 INFO  ExportHelperExtension.cs: 1136 - Found 56 in CTDH3F110-J01-00 手指组件-20
2025-08-11 10:18:55,171 INFO  ExportHelperExtension.cs: 1145 - Found 0 features of type [CoordSys] in CTDH3F110-J01-00 手指组件-20
2025-08-11 10:18:55,171 INFO  ExportHelperExtension.cs: 1125 - Retrieving features of type [CoordSys] from CTDH3F110-12 三指手封盖硅胶垫-1
2025-08-11 10:18:55,171 INFO  ExportHelperExtension.cs: 1136 - Found 39 in CTDH3F110-12 三指手封盖硅胶垫-1
2025-08-11 10:18:55,172 INFO  ExportHelperExtension.cs: 1145 - Found 0 features of type [CoordSys] in CTDH3F110-12 三指手封盖硅胶垫-1
2025-08-11 10:18:55,172 INFO  ExportHelperExtension.cs: 1125 - Retrieving features of type [CoordSys] from CTDH3F110-25 法兰-1
2025-08-11 10:18:55,172 INFO  ExportHelperExtension.cs: 1136 - Found 60 in CTDH3F110-25 法兰-1
2025-08-11 10:18:55,172 INFO  ExportHelperExtension.cs: 1145 - Found 0 features of type [CoordSys] in CTDH3F110-25 法兰-1
2025-08-11 10:18:55,172 INFO  ExportHelperExtension.cs: 1125 - Retrieving features of type [CoordSys] from GB╱T 119.1-2000[圆柱销(不淬硬钢和奥氏体不锈钢)3×6]-1
2025-08-11 10:18:55,173 INFO  ExportHelperExtension.cs: 1136 - Found 25 in GB╱T 119.1-2000[圆柱销(不淬硬钢和奥氏体不锈钢)3×6]-1
2025-08-11 10:18:55,173 INFO  ExportHelperExtension.cs: 1145 - Found 0 features of type [CoordSys] in GB╱T 119.1-2000[圆柱销(不淬硬钢和奥氏体不锈钢)3×6]-1
2025-08-11 10:18:55,174 INFO  ExportHelperExtension.cs: 1125 - Retrieving features of type [RefAxis] from CTDH3F110 三指灵巧手.SLDASM
2025-08-11 10:18:55,174 INFO  ExportHelperExtension.cs: 1136 - Found 124 in CTDH3F110 三指灵巧手.SLDASM
2025-08-11 10:18:55,174 INFO  ExportHelperExtension.cs: 1145 - Found 9 features of type [RefAxis] in CTDH3F110 三指灵巧手.SLDASM
2025-08-11 10:18:55,175 INFO  ExportHelperExtension.cs: 1148 - Proceeding through assembly components
2025-08-11 10:18:55,175 INFO  ExportHelperExtension.cs: 1160 - 15 components to check
2025-08-11 10:18:55,175 INFO  ExportHelperExtension.cs: 1125 - Retrieving features of type [RefAxis] from GB╱T 119.1-2000[圆柱销(不淬硬钢和奥氏体不锈钢)3×6]-6
2025-08-11 10:18:55,175 INFO  ExportHelperExtension.cs: 1136 - Found 25 in GB╱T 119.1-2000[圆柱销(不淬硬钢和奥氏体不锈钢)3×6]-6
2025-08-11 10:18:55,176 INFO  ExportHelperExtension.cs: 1145 - Found 0 features of type [RefAxis] in GB╱T 119.1-2000[圆柱销(不淬硬钢和奥氏体不锈钢)3×6]-6
2025-08-11 10:18:55,178 INFO  ExportHelperExtension.cs: 1125 - Retrieving features of type [RefAxis] from GB╱T 119.1-2000[圆柱销(不淬硬钢和奥氏体不锈钢)3×6]-4
2025-08-11 10:18:55,178 INFO  ExportHelperExtension.cs: 1136 - Found 25 in GB╱T 119.1-2000[圆柱销(不淬硬钢和奥氏体不锈钢)3×6]-4
2025-08-11 10:18:55,178 INFO  ExportHelperExtension.cs: 1145 - Found 0 features of type [RefAxis] in GB╱T 119.1-2000[圆柱销(不淬硬钢和奥氏体不锈钢)3×6]-4
2025-08-11 10:18:55,178 INFO  ExportHelperExtension.cs: 1125 - Retrieving features of type [RefAxis] from GB╱T 119.1-2000[圆柱销(不淬硬钢和奥氏体不锈钢)3×6]-3
2025-08-11 10:18:55,178 INFO  ExportHelperExtension.cs: 1136 - Found 25 in GB╱T 119.1-2000[圆柱销(不淬硬钢和奥氏体不锈钢)3×6]-3
2025-08-11 10:18:55,179 INFO  ExportHelperExtension.cs: 1145 - Found 0 features of type [RefAxis] in GB╱T 119.1-2000[圆柱销(不淬硬钢和奥氏体不锈钢)3×6]-3
2025-08-11 10:18:55,179 INFO  ExportHelperExtension.cs: 1125 - Retrieving features of type [RefAxis] from GB╱T 119.1-2000[圆柱销(不淬硬钢和奥氏体不锈钢)3×6]-5
2025-08-11 10:18:55,179 INFO  ExportHelperExtension.cs: 1136 - Found 25 in GB╱T 119.1-2000[圆柱销(不淬硬钢和奥氏体不锈钢)3×6]-5
2025-08-11 10:18:55,179 INFO  ExportHelperExtension.cs: 1145 - Found 0 features of type [RefAxis] in GB╱T 119.1-2000[圆柱销(不淬硬钢和奥氏体不锈钢)3×6]-5
2025-08-11 10:18:55,180 INFO  ExportHelperExtension.cs: 1125 - Retrieving features of type [RefAxis] from CTDH3F110-11 三指手封盖-1
2025-08-11 10:18:55,389 INFO  ExportHelperExtension.cs: 1136 - Found 32 in CTDH3F110-11 三指手封盖-1
2025-08-11 10:18:55,390 INFO  ExportHelperExtension.cs: 1145 - Found 0 features of type [RefAxis] in CTDH3F110-11 三指手封盖-1
2025-08-11 10:18:55,390 INFO  ExportHelperExtension.cs: 1125 - Retrieving features of type [RefAxis] from GB╱T 70.1-2008[内六角圆柱头螺钉M3×12]-2
2025-08-11 10:18:55,391 INFO  ExportHelperExtension.cs: 1136 - Found 35 in GB╱T 70.1-2008[内六角圆柱头螺钉M3×12]-2
2025-08-11 10:18:55,391 INFO  ExportHelperExtension.cs: 1145 - Found 0 features of type [RefAxis] in GB╱T 70.1-2008[内六角圆柱头螺钉M3×12]-2
2025-08-11 10:18:55,391 INFO  ExportHelperExtension.cs: 1125 - Retrieving features of type [RefAxis] from GB╱T 119.1-2000[圆柱销(不淬硬钢和奥氏体不锈钢)3×6]-2
2025-08-11 10:18:55,391 INFO  ExportHelperExtension.cs: 1136 - Found 25 in GB╱T 119.1-2000[圆柱销(不淬硬钢和奥氏体不锈钢)3×6]-2
2025-08-11 10:18:55,392 INFO  ExportHelperExtension.cs: 1145 - Found 0 features of type [RefAxis] in GB╱T 119.1-2000[圆柱销(不淬硬钢和奥氏体不锈钢)3×6]-2
2025-08-11 10:18:55,392 INFO  ExportHelperExtension.cs: 1125 - Retrieving features of type [RefAxis] from CTDH3F110-J02-00 底座组件-1
2025-08-11 10:18:55,392 INFO  ExportHelperExtension.cs: 1136 - Found 30 in CTDH3F110-J02-00 底座组件-1
2025-08-11 10:18:55,392 INFO  ExportHelperExtension.cs: 1145 - Found 0 features of type [RefAxis] in CTDH3F110-J02-00 底座组件-1
2025-08-11 10:18:55,393 INFO  ExportHelperExtension.cs: 1125 - Retrieving features of type [RefAxis] from CTDH3F110-J01-00 手指组件-18
2025-08-11 10:18:55,393 INFO  ExportHelperExtension.cs: 1136 - Found 56 in CTDH3F110-J01-00 手指组件-18
2025-08-11 10:18:55,393 INFO  ExportHelperExtension.cs: 1145 - Found 0 features of type [RefAxis] in CTDH3F110-J01-00 手指组件-18
2025-08-11 10:18:55,393 INFO  ExportHelperExtension.cs: 1125 - Retrieving features of type [RefAxis] from CTDH3F110-J00-00 手指安装板组件-2
2025-08-11 10:18:55,394 INFO  ExportHelperExtension.cs: 1136 - Found 27 in CTDH3F110-J00-00 手指安装板组件-2
2025-08-11 10:18:55,394 INFO  ExportHelperExtension.cs: 1145 - Found 0 features of type [RefAxis] in CTDH3F110-J00-00 手指安装板组件-2
2025-08-11 10:18:55,394 INFO  ExportHelperExtension.cs: 1125 - Retrieving features of type [RefAxis] from CTDH3F110-J01-00 手指组件-19
2025-08-11 10:18:55,394 INFO  ExportHelperExtension.cs: 1136 - Found 56 in CTDH3F110-J01-00 手指组件-19
2025-08-11 10:18:55,394 INFO  ExportHelperExtension.cs: 1145 - Found 0 features of type [RefAxis] in CTDH3F110-J01-00 手指组件-19
2025-08-11 10:18:55,395 INFO  ExportHelperExtension.cs: 1125 - Retrieving features of type [RefAxis] from CTDH3F110-J01-00 手指组件-20
2025-08-11 10:18:55,395 INFO  ExportHelperExtension.cs: 1136 - Found 56 in CTDH3F110-J01-00 手指组件-20
2025-08-11 10:18:55,395 INFO  ExportHelperExtension.cs: 1145 - Found 0 features of type [RefAxis] in CTDH3F110-J01-00 手指组件-20
2025-08-11 10:18:55,395 INFO  ExportHelperExtension.cs: 1125 - Retrieving features of type [RefAxis] from CTDH3F110-12 三指手封盖硅胶垫-1
2025-08-11 10:18:55,396 INFO  ExportHelperExtension.cs: 1136 - Found 39 in CTDH3F110-12 三指手封盖硅胶垫-1
2025-08-11 10:18:55,396 INFO  ExportHelperExtension.cs: 1145 - Found 0 features of type [RefAxis] in CTDH3F110-12 三指手封盖硅胶垫-1
2025-08-11 10:18:55,396 INFO  ExportHelperExtension.cs: 1125 - Retrieving features of type [RefAxis] from CTDH3F110-25 法兰-1
2025-08-11 10:18:55,396 INFO  ExportHelperExtension.cs: 1136 - Found 60 in CTDH3F110-25 法兰-1
2025-08-11 10:18:55,396 INFO  ExportHelperExtension.cs: 1145 - Found 0 features of type [RefAxis] in CTDH3F110-25 法兰-1
2025-08-11 10:18:55,396 INFO  ExportHelperExtension.cs: 1125 - Retrieving features of type [RefAxis] from GB╱T 119.1-2000[圆柱销(不淬硬钢和奥氏体不锈钢)3×6]-1
2025-08-11 10:18:55,397 INFO  ExportHelperExtension.cs: 1136 - Found 25 in GB╱T 119.1-2000[圆柱销(不淬硬钢和奥氏体不锈钢)3×6]-1
2025-08-11 10:18:55,397 INFO  ExportHelperExtension.cs: 1145 - Found 0 features of type [RefAxis] in GB╱T 119.1-2000[圆柱销(不淬硬钢和奥氏体不锈钢)3×6]-1
2025-08-11 10:18:55,922 INFO  SwAddin.cs: 339 - Loading config tree
2025-08-11 10:18:55,924 INFO  ExportPropertyManagerExtension.cs: 520 - Starting new configuration
2025-08-11 10:18:55,926 INFO  SwAddin.cs: 344 - Showing property manager
2025-08-11 10:19:03,974 INFO  ExportPropertyManager.cs: 1018 - OnComboboxSelectionChanged called. This method no longer throws an Exception. It just silently does nothing. Ok, except for this logging message
2025-08-11 10:19:06,094 INFO  ExportPropertyManager.cs: 1142 - AfterClose called. This method no longer throws an Exception. It just silently does nothing. Ok, except for this logging message
2025-08-11 10:19:18,321 INFO  SwAddin.cs: 294 - Assembly export called for file CTDH3F110 三指灵巧手.SLDASM
2025-08-11 10:20:05,558 INFO  SwAddin.cs: 294 - Assembly export called for file CTDH3F110 三指灵巧手.SLDASM
2025-08-11 10:20:05,558 INFO  SwAddin.cs: 299 - Save is required
2025-08-11 10:20:05,558 INFO  SwAddin.cs: 313 - Saving assembly
2025-08-11 10:20:07,093 INFO  SwAddin.cs: 316 - Opening property manager
2025-08-11 10:20:07,093 INFO  ExportHelperExtension.cs: 1125 - Retrieving features of type [CoordSys] from CTDH3F110 三指灵巧手.SLDASM
2025-08-11 10:20:07,093 INFO  ExportHelperExtension.cs: 1136 - Found 125 in CTDH3F110 三指灵巧手.SLDASM
2025-08-11 10:20:07,094 INFO  ExportHelperExtension.cs: 1145 - Found 10 features of type [CoordSys] in CTDH3F110 三指灵巧手.SLDASM
2025-08-11 10:20:07,094 INFO  ExportHelperExtension.cs: 1148 - Proceeding through assembly components
2025-08-11 10:20:07,094 INFO  ExportHelperExtension.cs: 1160 - 15 components to check
2025-08-11 10:20:07,094 INFO  ExportHelperExtension.cs: 1125 - Retrieving features of type [CoordSys] from GB╱T 119.1-2000[圆柱销(不淬硬钢和奥氏体不锈钢)3×6]-6
2025-08-11 10:20:07,095 INFO  ExportHelperExtension.cs: 1136 - Found 25 in GB╱T 119.1-2000[圆柱销(不淬硬钢和奥氏体不锈钢)3×6]-6
2025-08-11 10:20:07,095 INFO  ExportHelperExtension.cs: 1145 - Found 0 features of type [CoordSys] in GB╱T 119.1-2000[圆柱销(不淬硬钢和奥氏体不锈钢)3×6]-6
2025-08-11 10:20:07,095 INFO  ExportHelperExtension.cs: 1125 - Retrieving features of type [CoordSys] from GB╱T 119.1-2000[圆柱销(不淬硬钢和奥氏体不锈钢)3×6]-4
2025-08-11 10:20:07,095 INFO  ExportHelperExtension.cs: 1136 - Found 25 in GB╱T 119.1-2000[圆柱销(不淬硬钢和奥氏体不锈钢)3×6]-4
2025-08-11 10:20:07,096 INFO  ExportHelperExtension.cs: 1145 - Found 0 features of type [CoordSys] in GB╱T 119.1-2000[圆柱销(不淬硬钢和奥氏体不锈钢)3×6]-4
2025-08-11 10:20:07,096 INFO  ExportHelperExtension.cs: 1125 - Retrieving features of type [CoordSys] from GB╱T 119.1-2000[圆柱销(不淬硬钢和奥氏体不锈钢)3×6]-3
2025-08-11 10:20:07,096 INFO  ExportHelperExtension.cs: 1136 - Found 25 in GB╱T 119.1-2000[圆柱销(不淬硬钢和奥氏体不锈钢)3×6]-3
2025-08-11 10:20:07,096 INFO  ExportHelperExtension.cs: 1145 - Found 0 features of type [CoordSys] in GB╱T 119.1-2000[圆柱销(不淬硬钢和奥氏体不锈钢)3×6]-3
2025-08-11 10:20:07,096 INFO  ExportHelperExtension.cs: 1125 - Retrieving features of type [CoordSys] from GB╱T 119.1-2000[圆柱销(不淬硬钢和奥氏体不锈钢)3×6]-5
2025-08-11 10:20:07,097 INFO  ExportHelperExtension.cs: 1136 - Found 25 in GB╱T 119.1-2000[圆柱销(不淬硬钢和奥氏体不锈钢)3×6]-5
2025-08-11 10:20:07,097 INFO  ExportHelperExtension.cs: 1145 - Found 0 features of type [CoordSys] in GB╱T 119.1-2000[圆柱销(不淬硬钢和奥氏体不锈钢)3×6]-5
2025-08-11 10:20:07,097 INFO  ExportHelperExtension.cs: 1125 - Retrieving features of type [CoordSys] from CTDH3F110-11 三指手封盖-1
2025-08-11 10:20:07,097 INFO  ExportHelperExtension.cs: 1136 - Found 32 in CTDH3F110-11 三指手封盖-1
2025-08-11 10:20:07,097 INFO  ExportHelperExtension.cs: 1145 - Found 0 features of type [CoordSys] in CTDH3F110-11 三指手封盖-1
2025-08-11 10:20:07,098 INFO  ExportHelperExtension.cs: 1125 - Retrieving features of type [CoordSys] from GB╱T 70.1-2008[内六角圆柱头螺钉M3×12]-2
2025-08-11 10:20:07,098 INFO  ExportHelperExtension.cs: 1136 - Found 35 in GB╱T 70.1-2008[内六角圆柱头螺钉M3×12]-2
2025-08-11 10:20:07,098 INFO  ExportHelperExtension.cs: 1145 - Found 0 features of type [CoordSys] in GB╱T 70.1-2008[内六角圆柱头螺钉M3×12]-2
2025-08-11 10:20:07,098 INFO  ExportHelperExtension.cs: 1125 - Retrieving features of type [CoordSys] from GB╱T 119.1-2000[圆柱销(不淬硬钢和奥氏体不锈钢)3×6]-2
2025-08-11 10:20:07,098 INFO  ExportHelperExtension.cs: 1136 - Found 25 in GB╱T 119.1-2000[圆柱销(不淬硬钢和奥氏体不锈钢)3×6]-2
2025-08-11 10:20:07,098 INFO  ExportHelperExtension.cs: 1145 - Found 0 features of type [CoordSys] in GB╱T 119.1-2000[圆柱销(不淬硬钢和奥氏体不锈钢)3×6]-2
2025-08-11 10:20:07,098 INFO  ExportHelperExtension.cs: 1125 - Retrieving features of type [CoordSys] from CTDH3F110-J02-00 底座组件-1
2025-08-11 10:20:07,099 INFO  ExportHelperExtension.cs: 1136 - Found 30 in CTDH3F110-J02-00 底座组件-1
2025-08-11 10:20:07,099 INFO  ExportHelperExtension.cs: 1145 - Found 0 features of type [CoordSys] in CTDH3F110-J02-00 底座组件-1
2025-08-11 10:20:07,099 INFO  ExportHelperExtension.cs: 1125 - Retrieving features of type [CoordSys] from CTDH3F110-J01-00 手指组件-18
2025-08-11 10:20:07,099 INFO  ExportHelperExtension.cs: 1136 - Found 56 in CTDH3F110-J01-00 手指组件-18
2025-08-11 10:20:07,100 INFO  ExportHelperExtension.cs: 1145 - Found 0 features of type [CoordSys] in CTDH3F110-J01-00 手指组件-18
2025-08-11 10:20:07,100 INFO  ExportHelperExtension.cs: 1125 - Retrieving features of type [CoordSys] from CTDH3F110-J00-00 手指安装板组件-2
2025-08-11 10:20:07,100 INFO  ExportHelperExtension.cs: 1136 - Found 27 in CTDH3F110-J00-00 手指安装板组件-2
2025-08-11 10:20:07,100 INFO  ExportHelperExtension.cs: 1145 - Found 0 features of type [CoordSys] in CTDH3F110-J00-00 手指安装板组件-2
2025-08-11 10:20:07,101 INFO  ExportHelperExtension.cs: 1125 - Retrieving features of type [CoordSys] from CTDH3F110-J01-00 手指组件-19
2025-08-11 10:20:07,101 INFO  ExportHelperExtension.cs: 1136 - Found 56 in CTDH3F110-J01-00 手指组件-19
2025-08-11 10:20:07,101 INFO  ExportHelperExtension.cs: 1145 - Found 0 features of type [CoordSys] in CTDH3F110-J01-00 手指组件-19
2025-08-11 10:20:07,101 INFO  ExportHelperExtension.cs: 1125 - Retrieving features of type [CoordSys] from CTDH3F110-J01-00 手指组件-20
2025-08-11 10:20:07,101 INFO  ExportHelperExtension.cs: 1136 - Found 56 in CTDH3F110-J01-00 手指组件-20
2025-08-11 10:20:07,101 INFO  ExportHelperExtension.cs: 1145 - Found 0 features of type [CoordSys] in CTDH3F110-J01-00 手指组件-20
2025-08-11 10:20:07,103 INFO  ExportHelperExtension.cs: 1125 - Retrieving features of type [CoordSys] from CTDH3F110-12 三指手封盖硅胶垫-1
2025-08-11 10:20:07,103 INFO  ExportHelperExtension.cs: 1136 - Found 39 in CTDH3F110-12 三指手封盖硅胶垫-1
2025-08-11 10:20:07,103 INFO  ExportHelperExtension.cs: 1145 - Found 0 features of type [CoordSys] in CTDH3F110-12 三指手封盖硅胶垫-1
2025-08-11 10:20:07,103 INFO  ExportHelperExtension.cs: 1125 - Retrieving features of type [CoordSys] from CTDH3F110-25 法兰-1
2025-08-11 10:20:07,104 INFO  ExportHelperExtension.cs: 1136 - Found 60 in CTDH3F110-25 法兰-1
2025-08-11 10:20:07,104 INFO  ExportHelperExtension.cs: 1145 - Found 0 features of type [CoordSys] in CTDH3F110-25 法兰-1
2025-08-11 10:20:07,104 INFO  ExportHelperExtension.cs: 1125 - Retrieving features of type [CoordSys] from GB╱T 119.1-2000[圆柱销(不淬硬钢和奥氏体不锈钢)3×6]-1
2025-08-11 10:20:07,104 INFO  ExportHelperExtension.cs: 1136 - Found 25 in GB╱T 119.1-2000[圆柱销(不淬硬钢和奥氏体不锈钢)3×6]-1
2025-08-11 10:20:07,104 INFO  ExportHelperExtension.cs: 1145 - Found 0 features of type [CoordSys] in GB╱T 119.1-2000[圆柱销(不淬硬钢和奥氏体不锈钢)3×6]-1
2025-08-11 10:20:07,104 INFO  ExportHelperExtension.cs: 1125 - Retrieving features of type [RefAxis] from CTDH3F110 三指灵巧手.SLDASM
2025-08-11 10:20:07,105 INFO  ExportHelperExtension.cs: 1136 - Found 125 in CTDH3F110 三指灵巧手.SLDASM
2025-08-11 10:20:07,105 INFO  ExportHelperExtension.cs: 1145 - Found 9 features of type [RefAxis] in CTDH3F110 三指灵巧手.SLDASM
2025-08-11 10:20:07,105 INFO  ExportHelperExtension.cs: 1148 - Proceeding through assembly components
2025-08-11 10:20:07,105 INFO  ExportHelperExtension.cs: 1160 - 15 components to check
2025-08-11 10:20:07,105 INFO  ExportHelperExtension.cs: 1125 - Retrieving features of type [RefAxis] from GB╱T 119.1-2000[圆柱销(不淬硬钢和奥氏体不锈钢)3×6]-6
2025-08-11 10:20:07,105 INFO  ExportHelperExtension.cs: 1136 - Found 25 in GB╱T 119.1-2000[圆柱销(不淬硬钢和奥氏体不锈钢)3×6]-6
2025-08-11 10:20:07,106 INFO  ExportHelperExtension.cs: 1145 - Found 0 features of type [RefAxis] in GB╱T 119.1-2000[圆柱销(不淬硬钢和奥氏体不锈钢)3×6]-6
2025-08-11 10:20:07,106 INFO  ExportHelperExtension.cs: 1125 - Retrieving features of type [RefAxis] from GB╱T 119.1-2000[圆柱销(不淬硬钢和奥氏体不锈钢)3×6]-4
2025-08-11 10:20:07,106 INFO  ExportHelperExtension.cs: 1136 - Found 25 in GB╱T 119.1-2000[圆柱销(不淬硬钢和奥氏体不锈钢)3×6]-4
2025-08-11 10:20:07,106 INFO  ExportHelperExtension.cs: 1145 - Found 0 features of type [RefAxis] in GB╱T 119.1-2000[圆柱销(不淬硬钢和奥氏体不锈钢)3×6]-4
2025-08-11 10:20:07,106 INFO  ExportHelperExtension.cs: 1125 - Retrieving features of type [RefAxis] from GB╱T 119.1-2000[圆柱销(不淬硬钢和奥氏体不锈钢)3×6]-3
2025-08-11 10:20:07,108 INFO  ExportHelperExtension.cs: 1136 - Found 25 in GB╱T 119.1-2000[圆柱销(不淬硬钢和奥氏体不锈钢)3×6]-3
2025-08-11 10:20:07,108 INFO  ExportHelperExtension.cs: 1145 - Found 0 features of type [RefAxis] in GB╱T 119.1-2000[圆柱销(不淬硬钢和奥氏体不锈钢)3×6]-3
2025-08-11 10:20:07,108 INFO  ExportHelperExtension.cs: 1125 - Retrieving features of type [RefAxis] from GB╱T 119.1-2000[圆柱销(不淬硬钢和奥氏体不锈钢)3×6]-5
2025-08-11 10:20:07,108 INFO  ExportHelperExtension.cs: 1136 - Found 25 in GB╱T 119.1-2000[圆柱销(不淬硬钢和奥氏体不锈钢)3×6]-5
2025-08-11 10:20:07,108 INFO  ExportHelperExtension.cs: 1145 - Found 0 features of type [RefAxis] in GB╱T 119.1-2000[圆柱销(不淬硬钢和奥氏体不锈钢)3×6]-5
2025-08-11 10:20:07,108 INFO  ExportHelperExtension.cs: 1125 - Retrieving features of type [RefAxis] from CTDH3F110-11 三指手封盖-1
2025-08-11 10:20:07,109 INFO  ExportHelperExtension.cs: 1136 - Found 32 in CTDH3F110-11 三指手封盖-1
2025-08-11 10:20:07,109 INFO  ExportHelperExtension.cs: 1145 - Found 0 features of type [RefAxis] in CTDH3F110-11 三指手封盖-1
2025-08-11 10:20:07,109 INFO  ExportHelperExtension.cs: 1125 - Retrieving features of type [RefAxis] from GB╱T 70.1-2008[内六角圆柱头螺钉M3×12]-2
2025-08-11 10:20:07,109 INFO  ExportHelperExtension.cs: 1136 - Found 35 in GB╱T 70.1-2008[内六角圆柱头螺钉M3×12]-2
2025-08-11 10:20:07,109 INFO  ExportHelperExtension.cs: 1145 - Found 0 features of type [RefAxis] in GB╱T 70.1-2008[内六角圆柱头螺钉M3×12]-2
2025-08-11 10:20:07,110 INFO  ExportHelperExtension.cs: 1125 - Retrieving features of type [RefAxis] from GB╱T 119.1-2000[圆柱销(不淬硬钢和奥氏体不锈钢)3×6]-2
2025-08-11 10:20:07,110 INFO  ExportHelperExtension.cs: 1136 - Found 25 in GB╱T 119.1-2000[圆柱销(不淬硬钢和奥氏体不锈钢)3×6]-2
2025-08-11 10:20:07,110 INFO  ExportHelperExtension.cs: 1145 - Found 0 features of type [RefAxis] in GB╱T 119.1-2000[圆柱销(不淬硬钢和奥氏体不锈钢)3×6]-2
2025-08-11 10:20:07,110 INFO  ExportHelperExtension.cs: 1125 - Retrieving features of type [RefAxis] from CTDH3F110-J02-00 底座组件-1
2025-08-11 10:20:07,110 INFO  ExportHelperExtension.cs: 1136 - Found 30 in CTDH3F110-J02-00 底座组件-1
2025-08-11 10:20:07,110 INFO  ExportHelperExtension.cs: 1145 - Found 0 features of type [RefAxis] in CTDH3F110-J02-00 底座组件-1
2025-08-11 10:20:07,110 INFO  ExportHelperExtension.cs: 1125 - Retrieving features of type [RefAxis] from CTDH3F110-J01-00 手指组件-18
2025-08-11 10:20:07,111 INFO  ExportHelperExtension.cs: 1136 - Found 56 in CTDH3F110-J01-00 手指组件-18
2025-08-11 10:20:07,111 INFO  ExportHelperExtension.cs: 1145 - Found 0 features of type [RefAxis] in CTDH3F110-J01-00 手指组件-18
2025-08-11 10:20:07,111 INFO  ExportHelperExtension.cs: 1125 - Retrieving features of type [RefAxis] from CTDH3F110-J00-00 手指安装板组件-2
2025-08-11 10:20:07,111 INFO  ExportHelperExtension.cs: 1136 - Found 27 in CTDH3F110-J00-00 手指安装板组件-2
2025-08-11 10:20:07,112 INFO  ExportHelperExtension.cs: 1145 - Found 0 features of type [RefAxis] in CTDH3F110-J00-00 手指安装板组件-2
2025-08-11 10:20:07,112 INFO  ExportHelperExtension.cs: 1125 - Retrieving features of type [RefAxis] from CTDH3F110-J01-00 手指组件-19
2025-08-11 10:20:07,112 INFO  ExportHelperExtension.cs: 1136 - Found 56 in CTDH3F110-J01-00 手指组件-19
2025-08-11 10:20:07,112 INFO  ExportHelperExtension.cs: 1145 - Found 0 features of type [RefAxis] in CTDH3F110-J01-00 手指组件-19
2025-08-11 10:20:07,113 INFO  ExportHelperExtension.cs: 1125 - Retrieving features of type [RefAxis] from CTDH3F110-J01-00 手指组件-20
2025-08-11 10:20:07,113 INFO  ExportHelperExtension.cs: 1136 - Found 56 in CTDH3F110-J01-00 手指组件-20
2025-08-11 10:20:07,113 INFO  ExportHelperExtension.cs: 1145 - Found 0 features of type [RefAxis] in CTDH3F110-J01-00 手指组件-20
2025-08-11 10:20:07,113 INFO  ExportHelperExtension.cs: 1125 - Retrieving features of type [RefAxis] from CTDH3F110-12 三指手封盖硅胶垫-1
2025-08-11 10:20:07,113 INFO  ExportHelperExtension.cs: 1136 - Found 39 in CTDH3F110-12 三指手封盖硅胶垫-1
2025-08-11 10:20:07,114 INFO  ExportHelperExtension.cs: 1145 - Found 0 features of type [RefAxis] in CTDH3F110-12 三指手封盖硅胶垫-1
2025-08-11 10:20:07,114 INFO  ExportHelperExtension.cs: 1125 - Retrieving features of type [RefAxis] from CTDH3F110-25 法兰-1
2025-08-11 10:20:07,114 INFO  ExportHelperExtension.cs: 1136 - Found 60 in CTDH3F110-25 法兰-1
2025-08-11 10:20:07,114 INFO  ExportHelperExtension.cs: 1145 - Found 0 features of type [RefAxis] in CTDH3F110-25 法兰-1
2025-08-11 10:20:07,115 INFO  ExportHelperExtension.cs: 1125 - Retrieving features of type [RefAxis] from GB╱T 119.1-2000[圆柱销(不淬硬钢和奥氏体不锈钢)3×6]-1
2025-08-11 10:20:07,115 INFO  ExportHelperExtension.cs: 1136 - Found 25 in GB╱T 119.1-2000[圆柱销(不淬硬钢和奥氏体不锈钢)3×6]-1
2025-08-11 10:20:07,115 INFO  ExportHelperExtension.cs: 1145 - Found 0 features of type [RefAxis] in GB╱T 119.1-2000[圆柱销(不淬硬钢和奥氏体不锈钢)3×6]-1
2025-08-11 10:20:07,947 INFO  SwAddin.cs: 339 - Loading config tree
2025-08-11 10:20:07,948 INFO  ExportPropertyManagerExtension.cs: 520 - Starting new configuration
2025-08-11 10:20:07,949 INFO  SwAddin.cs: 344 - Showing property manager
2025-08-11 10:21:47,352 INFO  ExportPropertyManager.cs: 1136 - OnNumberBoxTrackingCompleted called. This method no longer throws an Exception. It just silently does nothing. Ok, except for this logging message
2025-08-11 10:21:47,715 INFO  ExportPropertyManager.cs: 1136 - OnNumberBoxTrackingCompleted called. This method no longer throws an Exception. It just silently does nothing. Ok, except for this logging message
2025-08-11 10:21:48,136 INFO  ExportPropertyManager.cs: 1136 - OnNumberBoxTrackingCompleted called. This method no longer throws an Exception. It just silently does nothing. Ok, except for this logging message
2025-08-11 10:23:32,573 INFO  ExportPropertyManager.cs: 1018 - OnComboboxSelectionChanged called. This method no longer throws an Exception. It just silently does nothing. Ok, except for this logging message
2025-08-11 10:23:37,462 INFO  ExportPropertyManager.cs: 1018 - OnComboboxSelectionChanged called. This method no longer throws an Exception. It just silently does nothing. Ok, except for this logging message
2025-08-11 10:23:40,181 INFO  ExportPropertyManager.cs: 1018 - OnComboboxSelectionChanged called. This method no longer throws an Exception. It just silently does nothing. Ok, except for this logging message
2025-08-11 10:24:14,900 INFO  ExportPropertyManager.cs: 1018 - OnComboboxSelectionChanged called. This method no longer throws an Exception. It just silently does nothing. Ok, except for this logging message
2025-08-11 10:24:19,817 INFO  ExportPropertyManager.cs: 1018 - OnComboboxSelectionChanged called. This method no longer throws an Exception. It just silently does nothing. Ok, except for this logging message
2025-08-11 10:24:34,071 INFO  ExportPropertyManager.cs: 1018 - OnComboboxSelectionChanged called. This method no longer throws an Exception. It just silently does nothing. Ok, except for this logging message
2025-08-11 10:24:59,739 INFO  ExportPropertyManager.cs: 1018 - OnComboboxSelectionChanged called. This method no longer throws an Exception. It just silently does nothing. Ok, except for this logging message
2025-08-11 10:25:03,635 INFO  ExportPropertyManager.cs: 1018 - OnComboboxSelectionChanged called. This method no longer throws an Exception. It just silently does nothing. Ok, except for this logging message
2025-08-11 10:25:06,344 INFO  ExportPropertyManager.cs: 1018 - OnComboboxSelectionChanged called. This method no longer throws an Exception. It just silently does nothing. Ok, except for this logging message
2025-08-11 10:26:28,776 INFO  ExportPropertyManager.cs: 1136 - OnNumberBoxTrackingCompleted called. This method no longer throws an Exception. It just silently does nothing. Ok, except for this logging message
2025-08-11 10:27:04,194 INFO  ExportPropertyManager.cs: 1018 - OnComboboxSelectionChanged called. This method no longer throws an Exception. It just silently does nothing. Ok, except for this logging message
2025-08-11 10:27:07,247 INFO  ExportPropertyManager.cs: 1018 - OnComboboxSelectionChanged called. This method no longer throws an Exception. It just silently does nothing. Ok, except for this logging message
2025-08-11 10:27:10,528 INFO  ExportPropertyManager.cs: 1018 - OnComboboxSelectionChanged called. This method no longer throws an Exception. It just silently does nothing. Ok, except for this logging message
2025-08-11 10:28:02,034 INFO  ExportPropertyManager.cs: 1136 - OnNumberBoxTrackingCompleted called. This method no longer throws an Exception. It just silently does nothing. Ok, except for this logging message
2025-08-11 10:28:34,800 INFO  ExportPropertyManager.cs: 1018 - OnComboboxSelectionChanged called. This method no longer throws an Exception. It just silently does nothing. Ok, except for this logging message
2025-08-11 10:28:38,724 INFO  ExportPropertyManager.cs: 1018 - OnComboboxSelectionChanged called. This method no longer throws an Exception. It just silently does nothing. Ok, except for this logging message
2025-08-11 10:28:41,002 INFO  ExportPropertyManager.cs: 1018 - OnComboboxSelectionChanged called. This method no longer throws an Exception. It just silently does nothing. Ok, except for this logging message
2025-08-11 10:28:53,739 INFO  ExportPropertyManager.cs: 1142 - AfterClose called. This method no longer throws an Exception. It just silently does nothing. Ok, except for this logging message
2025-08-11 11:08:17,474 INFO  SwAddin.cs: 294 - Assembly export called for file CTDH3F110 三指灵巧手.SLDASM
2025-08-11 11:08:23,513 INFO  SwAddin.cs: 313 - Saving assembly
2025-08-11 11:08:24,622 INFO  SwAddin.cs: 316 - Opening property manager
2025-08-11 11:08:24,622 INFO  ExportHelperExtension.cs: 1125 - Retrieving features of type [CoordSys] from CTDH3F110 三指灵巧手.SLDASM
2025-08-11 11:08:24,623 INFO  ExportHelperExtension.cs: 1136 - Found 125 in CTDH3F110 三指灵巧手.SLDASM
2025-08-11 11:08:24,623 INFO  ExportHelperExtension.cs: 1145 - Found 10 features of type [CoordSys] in CTDH3F110 三指灵巧手.SLDASM
2025-08-11 11:08:24,624 INFO  ExportHelperExtension.cs: 1148 - Proceeding through assembly components
2025-08-11 11:08:24,624 INFO  ExportHelperExtension.cs: 1160 - 15 components to check
2025-08-11 11:08:24,624 INFO  ExportHelperExtension.cs: 1125 - Retrieving features of type [CoordSys] from GB╱T 119.1-2000[圆柱销(不淬硬钢和奥氏体不锈钢)3×6]-6
2025-08-11 11:08:24,624 INFO  ExportHelperExtension.cs: 1136 - Found 25 in GB╱T 119.1-2000[圆柱销(不淬硬钢和奥氏体不锈钢)3×6]-6
2025-08-11 11:08:24,624 INFO  ExportHelperExtension.cs: 1145 - Found 0 features of type [CoordSys] in GB╱T 119.1-2000[圆柱销(不淬硬钢和奥氏体不锈钢)3×6]-6
2025-08-11 11:08:24,625 INFO  ExportHelperExtension.cs: 1125 - Retrieving features of type [CoordSys] from GB╱T 119.1-2000[圆柱销(不淬硬钢和奥氏体不锈钢)3×6]-4
2025-08-11 11:08:24,625 INFO  ExportHelperExtension.cs: 1136 - Found 25 in GB╱T 119.1-2000[圆柱销(不淬硬钢和奥氏体不锈钢)3×6]-4
2025-08-11 11:08:24,625 INFO  ExportHelperExtension.cs: 1145 - Found 0 features of type [CoordSys] in GB╱T 119.1-2000[圆柱销(不淬硬钢和奥氏体不锈钢)3×6]-4
2025-08-11 11:08:24,625 INFO  ExportHelperExtension.cs: 1125 - Retrieving features of type [CoordSys] from GB╱T 119.1-2000[圆柱销(不淬硬钢和奥氏体不锈钢)3×6]-3
2025-08-11 11:08:24,625 INFO  ExportHelperExtension.cs: 1136 - Found 25 in GB╱T 119.1-2000[圆柱销(不淬硬钢和奥氏体不锈钢)3×6]-3
2025-08-11 11:08:24,626 INFO  ExportHelperExtension.cs: 1145 - Found 0 features of type [CoordSys] in GB╱T 119.1-2000[圆柱销(不淬硬钢和奥氏体不锈钢)3×6]-3
2025-08-11 11:08:24,626 INFO  ExportHelperExtension.cs: 1125 - Retrieving features of type [CoordSys] from GB╱T 119.1-2000[圆柱销(不淬硬钢和奥氏体不锈钢)3×6]-5
2025-08-11 11:08:24,626 INFO  ExportHelperExtension.cs: 1136 - Found 25 in GB╱T 119.1-2000[圆柱销(不淬硬钢和奥氏体不锈钢)3×6]-5
2025-08-11 11:08:24,626 INFO  ExportHelperExtension.cs: 1145 - Found 0 features of type [CoordSys] in GB╱T 119.1-2000[圆柱销(不淬硬钢和奥氏体不锈钢)3×6]-5
2025-08-11 11:08:24,628 INFO  ExportHelperExtension.cs: 1125 - Retrieving features of type [CoordSys] from CTDH3F110-11 三指手封盖-1
2025-08-11 11:08:24,628 INFO  ExportHelperExtension.cs: 1136 - Found 32 in CTDH3F110-11 三指手封盖-1
2025-08-11 11:08:24,628 INFO  ExportHelperExtension.cs: 1145 - Found 0 features of type [CoordSys] in CTDH3F110-11 三指手封盖-1
2025-08-11 11:08:24,628 INFO  ExportHelperExtension.cs: 1125 - Retrieving features of type [CoordSys] from GB╱T 70.1-2008[内六角圆柱头螺钉M3×12]-2
2025-08-11 11:08:24,629 INFO  ExportHelperExtension.cs: 1136 - Found 35 in GB╱T 70.1-2008[内六角圆柱头螺钉M3×12]-2
2025-08-11 11:08:24,629 INFO  ExportHelperExtension.cs: 1145 - Found 0 features of type [CoordSys] in GB╱T 70.1-2008[内六角圆柱头螺钉M3×12]-2
2025-08-11 11:08:24,629 INFO  ExportHelperExtension.cs: 1125 - Retrieving features of type [CoordSys] from GB╱T 119.1-2000[圆柱销(不淬硬钢和奥氏体不锈钢)3×6]-2
2025-08-11 11:08:24,629 INFO  ExportHelperExtension.cs: 1136 - Found 25 in GB╱T 119.1-2000[圆柱销(不淬硬钢和奥氏体不锈钢)3×6]-2
2025-08-11 11:08:24,630 INFO  ExportHelperExtension.cs: 1145 - Found 0 features of type [CoordSys] in GB╱T 119.1-2000[圆柱销(不淬硬钢和奥氏体不锈钢)3×6]-2
2025-08-11 11:08:24,630 INFO  ExportHelperExtension.cs: 1125 - Retrieving features of type [CoordSys] from CTDH3F110-J02-00 底座组件-1
2025-08-11 11:08:24,631 INFO  ExportHelperExtension.cs: 1136 - Found 30 in CTDH3F110-J02-00 底座组件-1
2025-08-11 11:08:24,631 INFO  ExportHelperExtension.cs: 1145 - Found 0 features of type [CoordSys] in CTDH3F110-J02-00 底座组件-1
2025-08-11 11:08:24,632 INFO  ExportHelperExtension.cs: 1125 - Retrieving features of type [CoordSys] from CTDH3F110-J01-00 手指组件-18
2025-08-11 11:08:24,632 INFO  ExportHelperExtension.cs: 1136 - Found 56 in CTDH3F110-J01-00 手指组件-18
2025-08-11 11:08:24,632 INFO  ExportHelperExtension.cs: 1145 - Found 0 features of type [CoordSys] in CTDH3F110-J01-00 手指组件-18
2025-08-11 11:08:24,632 INFO  ExportHelperExtension.cs: 1125 - Retrieving features of type [CoordSys] from CTDH3F110-J00-00 手指安装板组件-2
2025-08-11 11:08:24,632 INFO  ExportHelperExtension.cs: 1136 - Found 27 in CTDH3F110-J00-00 手指安装板组件-2
2025-08-11 11:08:24,633 INFO  ExportHelperExtension.cs: 1145 - Found 0 features of type [CoordSys] in CTDH3F110-J00-00 手指安装板组件-2
2025-08-11 11:08:24,633 INFO  ExportHelperExtension.cs: 1125 - Retrieving features of type [CoordSys] from CTDH3F110-J01-00 手指组件-19
2025-08-11 11:08:24,633 INFO  ExportHelperExtension.cs: 1136 - Found 56 in CTDH3F110-J01-00 手指组件-19
2025-08-11 11:08:24,633 INFO  ExportHelperExtension.cs: 1145 - Found 0 features of type [CoordSys] in CTDH3F110-J01-00 手指组件-19
2025-08-11 11:08:24,633 INFO  ExportHelperExtension.cs: 1125 - Retrieving features of type [CoordSys] from CTDH3F110-J01-00 手指组件-20
2025-08-11 11:08:24,634 INFO  ExportHelperExtension.cs: 1136 - Found 56 in CTDH3F110-J01-00 手指组件-20
2025-08-11 11:08:24,634 INFO  ExportHelperExtension.cs: 1145 - Found 0 features of type [CoordSys] in CTDH3F110-J01-00 手指组件-20
2025-08-11 11:08:24,634 INFO  ExportHelperExtension.cs: 1125 - Retrieving features of type [CoordSys] from CTDH3F110-12 三指手封盖硅胶垫-1
2025-08-11 11:08:24,634 INFO  ExportHelperExtension.cs: 1136 - Found 39 in CTDH3F110-12 三指手封盖硅胶垫-1
2025-08-11 11:08:24,635 INFO  ExportHelperExtension.cs: 1145 - Found 0 features of type [CoordSys] in CTDH3F110-12 三指手封盖硅胶垫-1
2025-08-11 11:08:24,635 INFO  ExportHelperExtension.cs: 1125 - Retrieving features of type [CoordSys] from CTDH3F110-25 法兰-1
2025-08-11 11:08:24,635 INFO  ExportHelperExtension.cs: 1136 - Found 60 in CTDH3F110-25 法兰-1
2025-08-11 11:08:24,635 INFO  ExportHelperExtension.cs: 1145 - Found 0 features of type [CoordSys] in CTDH3F110-25 法兰-1
2025-08-11 11:08:24,636 INFO  ExportHelperExtension.cs: 1125 - Retrieving features of type [CoordSys] from GB╱T 119.1-2000[圆柱销(不淬硬钢和奥氏体不锈钢)3×6]-1
2025-08-11 11:08:24,636 INFO  ExportHelperExtension.cs: 1136 - Found 25 in GB╱T 119.1-2000[圆柱销(不淬硬钢和奥氏体不锈钢)3×6]-1
2025-08-11 11:08:24,636 INFO  ExportHelperExtension.cs: 1145 - Found 0 features of type [CoordSys] in GB╱T 119.1-2000[圆柱销(不淬硬钢和奥氏体不锈钢)3×6]-1
2025-08-11 11:08:24,636 INFO  ExportHelperExtension.cs: 1125 - Retrieving features of type [RefAxis] from CTDH3F110 三指灵巧手.SLDASM
2025-08-11 11:08:24,636 INFO  ExportHelperExtension.cs: 1136 - Found 125 in CTDH3F110 三指灵巧手.SLDASM
2025-08-11 11:08:24,638 INFO  ExportHelperExtension.cs: 1145 - Found 9 features of type [RefAxis] in CTDH3F110 三指灵巧手.SLDASM
2025-08-11 11:08:24,638 INFO  ExportHelperExtension.cs: 1148 - Proceeding through assembly components
2025-08-11 11:08:24,638 INFO  ExportHelperExtension.cs: 1160 - 15 components to check
2025-08-11 11:08:24,638 INFO  ExportHelperExtension.cs: 1125 - Retrieving features of type [RefAxis] from GB╱T 119.1-2000[圆柱销(不淬硬钢和奥氏体不锈钢)3×6]-6
2025-08-11 11:08:24,638 INFO  ExportHelperExtension.cs: 1136 - Found 25 in GB╱T 119.1-2000[圆柱销(不淬硬钢和奥氏体不锈钢)3×6]-6
2025-08-11 11:08:24,638 INFO  ExportHelperExtension.cs: 1145 - Found 0 features of type [RefAxis] in GB╱T 119.1-2000[圆柱销(不淬硬钢和奥氏体不锈钢)3×6]-6
2025-08-11 11:08:24,639 INFO  ExportHelperExtension.cs: 1125 - Retrieving features of type [RefAxis] from GB╱T 119.1-2000[圆柱销(不淬硬钢和奥氏体不锈钢)3×6]-4
2025-08-11 11:08:24,639 INFO  ExportHelperExtension.cs: 1136 - Found 25 in GB╱T 119.1-2000[圆柱销(不淬硬钢和奥氏体不锈钢)3×6]-4
2025-08-11 11:08:24,639 INFO  ExportHelperExtension.cs: 1145 - Found 0 features of type [RefAxis] in GB╱T 119.1-2000[圆柱销(不淬硬钢和奥氏体不锈钢)3×6]-4
2025-08-11 11:08:24,639 INFO  ExportHelperExtension.cs: 1125 - Retrieving features of type [RefAxis] from GB╱T 119.1-2000[圆柱销(不淬硬钢和奥氏体不锈钢)3×6]-3
2025-08-11 11:08:24,639 INFO  ExportHelperExtension.cs: 1136 - Found 25 in GB╱T 119.1-2000[圆柱销(不淬硬钢和奥氏体不锈钢)3×6]-3
2025-08-11 11:08:24,640 INFO  ExportHelperExtension.cs: 1145 - Found 0 features of type [RefAxis] in GB╱T 119.1-2000[圆柱销(不淬硬钢和奥氏体不锈钢)3×6]-3
2025-08-11 11:08:24,640 INFO  ExportHelperExtension.cs: 1125 - Retrieving features of type [RefAxis] from GB╱T 119.1-2000[圆柱销(不淬硬钢和奥氏体不锈钢)3×6]-5
2025-08-11 11:08:24,640 INFO  ExportHelperExtension.cs: 1136 - Found 25 in GB╱T 119.1-2000[圆柱销(不淬硬钢和奥氏体不锈钢)3×6]-5
2025-08-11 11:08:24,640 INFO  ExportHelperExtension.cs: 1145 - Found 0 features of type [RefAxis] in GB╱T 119.1-2000[圆柱销(不淬硬钢和奥氏体不锈钢)3×6]-5
2025-08-11 11:08:24,641 INFO  ExportHelperExtension.cs: 1125 - Retrieving features of type [RefAxis] from CTDH3F110-11 三指手封盖-1
2025-08-11 11:08:24,641 INFO  ExportHelperExtension.cs: 1136 - Found 32 in CTDH3F110-11 三指手封盖-1
2025-08-11 11:08:24,641 INFO  ExportHelperExtension.cs: 1145 - Found 0 features of type [RefAxis] in CTDH3F110-11 三指手封盖-1
2025-08-11 11:08:24,641 INFO  ExportHelperExtension.cs: 1125 - Retrieving features of type [RefAxis] from GB╱T 70.1-2008[内六角圆柱头螺钉M3×12]-2
2025-08-11 11:08:24,641 INFO  ExportHelperExtension.cs: 1136 - Found 35 in GB╱T 70.1-2008[内六角圆柱头螺钉M3×12]-2
2025-08-11 11:08:24,642 INFO  ExportHelperExtension.cs: 1145 - Found 0 features of type [RefAxis] in GB╱T 70.1-2008[内六角圆柱头螺钉M3×12]-2
2025-08-11 11:08:24,642 INFO  ExportHelperExtension.cs: 1125 - Retrieving features of type [RefAxis] from GB╱T 119.1-2000[圆柱销(不淬硬钢和奥氏体不锈钢)3×6]-2
2025-08-11 11:08:24,642 INFO  ExportHelperExtension.cs: 1136 - Found 25 in GB╱T 119.1-2000[圆柱销(不淬硬钢和奥氏体不锈钢)3×6]-2
2025-08-11 11:08:24,642 INFO  ExportHelperExtension.cs: 1145 - Found 0 features of type [RefAxis] in GB╱T 119.1-2000[圆柱销(不淬硬钢和奥氏体不锈钢)3×6]-2
2025-08-11 11:08:24,642 INFO  ExportHelperExtension.cs: 1125 - Retrieving features of type [RefAxis] from CTDH3F110-J02-00 底座组件-1
2025-08-11 11:08:24,643 INFO  ExportHelperExtension.cs: 1136 - Found 30 in CTDH3F110-J02-00 底座组件-1
2025-08-11 11:08:24,643 INFO  ExportHelperExtension.cs: 1145 - Found 0 features of type [RefAxis] in CTDH3F110-J02-00 底座组件-1
2025-08-11 11:08:24,643 INFO  ExportHelperExtension.cs: 1125 - Retrieving features of type [RefAxis] from CTDH3F110-J01-00 手指组件-18
2025-08-11 11:08:24,643 INFO  ExportHelperExtension.cs: 1136 - Found 56 in CTDH3F110-J01-00 手指组件-18
2025-08-11 11:08:24,643 INFO  ExportHelperExtension.cs: 1145 - Found 0 features of type [RefAxis] in CTDH3F110-J01-00 手指组件-18
2025-08-11 11:08:24,644 INFO  ExportHelperExtension.cs: 1125 - Retrieving features of type [RefAxis] from CTDH3F110-J00-00 手指安装板组件-2
2025-08-11 11:08:24,644 INFO  ExportHelperExtension.cs: 1136 - Found 27 in CTDH3F110-J00-00 手指安装板组件-2
2025-08-11 11:08:24,644 INFO  ExportHelperExtension.cs: 1145 - Found 0 features of type [RefAxis] in CTDH3F110-J00-00 手指安装板组件-2
2025-08-11 11:08:24,644 INFO  ExportHelperExtension.cs: 1125 - Retrieving features of type [RefAxis] from CTDH3F110-J01-00 手指组件-19
2025-08-11 11:08:24,645 INFO  ExportHelperExtension.cs: 1136 - Found 56 in CTDH3F110-J01-00 手指组件-19
2025-08-11 11:08:24,645 INFO  ExportHelperExtension.cs: 1145 - Found 0 features of type [RefAxis] in CTDH3F110-J01-00 手指组件-19
2025-08-11 11:08:24,645 INFO  ExportHelperExtension.cs: 1125 - Retrieving features of type [RefAxis] from CTDH3F110-J01-00 手指组件-20
2025-08-11 11:08:24,645 INFO  ExportHelperExtension.cs: 1136 - Found 56 in CTDH3F110-J01-00 手指组件-20
2025-08-11 11:08:24,645 INFO  ExportHelperExtension.cs: 1145 - Found 0 features of type [RefAxis] in CTDH3F110-J01-00 手指组件-20
2025-08-11 11:08:24,645 INFO  ExportHelperExtension.cs: 1125 - Retrieving features of type [RefAxis] from CTDH3F110-12 三指手封盖硅胶垫-1
2025-08-11 11:08:24,645 INFO  ExportHelperExtension.cs: 1136 - Found 39 in CTDH3F110-12 三指手封盖硅胶垫-1
2025-08-11 11:08:24,646 INFO  ExportHelperExtension.cs: 1145 - Found 0 features of type [RefAxis] in CTDH3F110-12 三指手封盖硅胶垫-1
2025-08-11 11:08:24,646 INFO  ExportHelperExtension.cs: 1125 - Retrieving features of type [RefAxis] from CTDH3F110-25 法兰-1
2025-08-11 11:08:24,646 INFO  ExportHelperExtension.cs: 1136 - Found 60 in CTDH3F110-25 法兰-1
2025-08-11 11:08:24,646 INFO  ExportHelperExtension.cs: 1145 - Found 0 features of type [RefAxis] in CTDH3F110-25 法兰-1
2025-08-11 11:08:24,646 INFO  ExportHelperExtension.cs: 1125 - Retrieving features of type [RefAxis] from GB╱T 119.1-2000[圆柱销(不淬硬钢和奥氏体不锈钢)3×6]-1
2025-08-11 11:08:24,648 INFO  ExportHelperExtension.cs: 1136 - Found 25 in GB╱T 119.1-2000[圆柱销(不淬硬钢和奥氏体不锈钢)3×6]-1
2025-08-11 11:08:24,648 INFO  ExportHelperExtension.cs: 1145 - Found 0 features of type [RefAxis] in GB╱T 119.1-2000[圆柱销(不淬硬钢和奥氏体不锈钢)3×6]-1
2025-08-11 11:08:24,691 INFO  SwAddin.cs: 339 - Loading config tree
2025-08-11 11:08:24,692 INFO  ExportPropertyManagerExtension.cs: 520 - Starting new configuration
2025-08-11 11:08:24,695 INFO  SwAddin.cs: 344 - Showing property manager
2025-08-11 11:16:00,172 INFO  ExportPropertyManager.cs: 1018 - OnComboboxSelectionChanged called. This method no longer throws an Exception. It just silently does nothing. Ok, except for this logging message
2025-08-11 11:19:20,769 INFO  ExportPropertyManager.cs: 1136 - OnNumberBoxTrackingCompleted called. This method no longer throws an Exception. It just silently does nothing. Ok, except for this logging message
2025-08-11 11:19:20,986 INFO  ExportPropertyManager.cs: 1136 - OnNumberBoxTrackingCompleted called. This method no longer throws an Exception. It just silently does nothing. Ok, except for this logging message
2025-08-11 11:19:21,353 INFO  ExportPropertyManager.cs: 1136 - OnNumberBoxTrackingCompleted called. This method no longer throws an Exception. It just silently does nothing. Ok, except for this logging message
2025-08-11 11:19:41,165 INFO  ExportPropertyManager.cs: 1018 - OnComboboxSelectionChanged called. This method no longer throws an Exception. It just silently does nothing. Ok, except for this logging message
2025-08-11 11:19:43,381 INFO  ExportPropertyManager.cs: 1018 - OnComboboxSelectionChanged called. This method no longer throws an Exception. It just silently does nothing. Ok, except for this logging message
2025-08-11 11:19:45,790 INFO  ExportPropertyManager.cs: 1018 - OnComboboxSelectionChanged called. This method no longer throws an Exception. It just silently does nothing. Ok, except for this logging message
2025-08-11 11:25:32,559 INFO  ExportPropertyManager.cs: 1018 - OnComboboxSelectionChanged called. This method no longer throws an Exception. It just silently does nothing. Ok, except for this logging message
2025-08-11 11:25:35,543 INFO  ExportPropertyManager.cs: 1018 - OnComboboxSelectionChanged called. This method no longer throws an Exception. It just silently does nothing. Ok, except for this logging message
2025-08-11 11:25:37,819 INFO  ExportPropertyManager.cs: 1018 - OnComboboxSelectionChanged called. This method no longer throws an Exception. It just silently does nothing. Ok, except for this logging message
2025-08-11 11:26:15,096 INFO  ExportPropertyManager.cs: 1018 - OnComboboxSelectionChanged called. This method no longer throws an Exception. It just silently does nothing. Ok, except for this logging message
2025-08-11 11:26:18,881 INFO  ExportPropertyManager.cs: 1018 - OnComboboxSelectionChanged called. This method no longer throws an Exception. It just silently does nothing. Ok, except for this logging message
2025-08-11 11:26:21,517 INFO  ExportPropertyManager.cs: 1018 - OnComboboxSelectionChanged called. This method no longer throws an Exception. It just silently does nothing. Ok, except for this logging message
2025-08-11 11:27:01,008 INFO  ExportPropertyManager.cs: 1136 - OnNumberBoxTrackingCompleted called. This method no longer throws an Exception. It just silently does nothing. Ok, except for this logging message
2025-08-11 11:27:03,401 INFO  ExportPropertyManager.cs: 1136 - OnNumberBoxTrackingCompleted called. This method no longer throws an Exception. It just silently does nothing. Ok, except for this logging message
2025-08-11 11:27:07,877 INFO  ExportPropertyManager.cs: 1136 - OnNumberBoxTrackingCompleted called. This method no longer throws an Exception. It just silently does nothing. Ok, except for this logging message
2025-08-11 11:27:11,084 INFO  ExportPropertyManager.cs: 1136 - OnNumberBoxTrackingCompleted called. This method no longer throws an Exception. It just silently does nothing. Ok, except for this logging message
2025-08-11 11:27:14,173 INFO  ExportPropertyManager.cs: 1136 - OnNumberBoxTrackingCompleted called. This method no longer throws an Exception. It just silently does nothing. Ok, except for this logging message
2025-08-11 11:27:17,235 INFO  ExportPropertyManager.cs: 1136 - OnNumberBoxTrackingCompleted called. This method no longer throws an Exception. It just silently does nothing. Ok, except for this logging message
2025-08-11 11:27:24,635 WARN  ExportPropertyManager.cs: 334 - Loading a configuration with an incomplete export
2025-08-11 11:30:33,502 INFO  ExportPropertyManager.cs: 1018 - OnComboboxSelectionChanged called. This method no longer throws an Exception. It just silently does nothing. Ok, except for this logging message
2025-08-11 11:30:36,355 INFO  ExportPropertyManager.cs: 1018 - OnComboboxSelectionChanged called. This method no longer throws an Exception. It just silently does nothing. Ok, except for this logging message
2025-08-11 11:30:38,747 INFO  ExportPropertyManager.cs: 1018 - OnComboboxSelectionChanged called. This method no longer throws an Exception. It just silently does nothing. Ok, except for this logging message
2025-08-11 11:31:24,728 INFO  ExportPropertyManager.cs: 1018 - OnComboboxSelectionChanged called. This method no longer throws an Exception. It just silently does nothing. Ok, except for this logging message
2025-08-11 11:31:26,717 INFO  ExportPropertyManager.cs: 1018 - OnComboboxSelectionChanged called. This method no longer throws an Exception. It just silently does nothing. Ok, except for this logging message
2025-08-11 11:31:29,129 INFO  ExportPropertyManager.cs: 1018 - OnComboboxSelectionChanged called. This method no longer throws an Exception. It just silently does nothing. Ok, except for this logging message
2025-08-11 11:38:41,666 INFO  ExportPropertyManager.cs: 1018 - OnComboboxSelectionChanged called. This method no longer throws an Exception. It just silently does nothing. Ok, except for this logging message
2025-08-11 11:38:44,463 INFO  ExportPropertyManager.cs: 1018 - OnComboboxSelectionChanged called. This method no longer throws an Exception. It just silently does nothing. Ok, except for this logging message
2025-08-11 11:38:46,562 INFO  ExportPropertyManager.cs: 1018 - OnComboboxSelectionChanged called. This method no longer throws an Exception. It just silently does nothing. Ok, except for this logging message
2025-08-11 11:40:02,858 INFO  ExportPropertyManager.cs: 1018 - OnComboboxSelectionChanged called. This method no longer throws an Exception. It just silently does nothing. Ok, except for this logging message
2025-08-11 11:40:07,231 INFO  ExportPropertyManager.cs: 1018 - OnComboboxSelectionChanged called. This method no longer throws an Exception. It just silently does nothing. Ok, except for this logging message
2025-08-11 11:40:09,498 INFO  ExportPropertyManager.cs: 1018 - OnComboboxSelectionChanged called. This method no longer throws an Exception. It just silently does nothing. Ok, except for this logging message
2025-08-11 11:41:46,898 INFO  ExportPropertyManager.cs: 1018 - OnComboboxSelectionChanged called. This method no longer throws an Exception. It just silently does nothing. Ok, except for this logging message
2025-08-11 11:41:49,751 INFO  ExportPropertyManager.cs: 1018 - OnComboboxSelectionChanged called. This method no longer throws an Exception. It just silently does nothing. Ok, except for this logging message
2025-08-11 11:41:51,958 INFO  ExportPropertyManager.cs: 1018 - OnComboboxSelectionChanged called. This method no longer throws an Exception. It just silently does nothing. Ok, except for this logging message
2025-08-11 11:43:52,113 INFO  ExportPropertyManager.cs: 1018 - OnComboboxSelectionChanged called. This method no longer throws an Exception. It just silently does nothing. Ok, except for this logging message
2025-08-11 11:44:02,767 INFO  ExportPropertyManager.cs: 1018 - OnComboboxSelectionChanged called. This method no longer throws an Exception. It just silently does nothing. Ok, except for this logging message
2025-08-11 11:44:04,946 INFO  ExportPropertyManager.cs: 1018 - OnComboboxSelectionChanged called. This method no longer throws an Exception. It just silently does nothing. Ok, except for this logging message
2025-08-11 11:45:10,570 INFO  ExportPropertyManager.cs: 422 - Configuration saved
2025-08-11 11:45:12,690 INFO  ExportHelperExtension.cs: 347 - Creating joint Link13
2025-08-11 11:45:13,012 WARN  ExportHelperExtension.cs: 351 - Creating joint from parent base_link to child Link13 failed
2025-08-11 11:45:13,351 INFO  ExportHelperExtension.cs: 347 - Creating joint Link12
2025-08-11 11:45:13,509 WARN  ExportHelperExtension.cs: 351 - Creating joint from parent Link13 to child Link12 failed
2025-08-11 11:45:14,477 INFO  ExportHelperExtension.cs: 347 - Creating joint Link11
2025-08-11 11:45:14,678 WARN  ExportHelperExtension.cs: 351 - Creating joint from parent Link12 to child Link11 failed
2025-08-11 11:45:16,460 INFO  ExportHelperExtension.cs: 347 - Creating joint Link23
2025-08-11 11:45:16,681 WARN  ExportHelperExtension.cs: 351 - Creating joint from parent base_link to child Link23 failed
2025-08-11 11:45:17,034 INFO  ExportHelperExtension.cs: 347 - Creating joint Link22
2025-08-11 11:45:17,252 WARN  ExportHelperExtension.cs: 351 - Creating joint from parent Link23 to child Link22 failed
2025-08-11 11:45:18,232 INFO  ExportHelperExtension.cs: 347 - Creating joint Link21
2025-08-11 11:45:18,441 WARN  ExportHelperExtension.cs: 351 - Creating joint from parent Link22 to child Link21 failed
2025-08-11 11:45:20,238 INFO  ExportHelperExtension.cs: 347 - Creating joint Link33
2025-08-11 11:45:20,457 WARN  ExportHelperExtension.cs: 351 - Creating joint from parent base_link to child Link33 failed
2025-08-11 11:45:20,828 INFO  ExportHelperExtension.cs: 347 - Creating joint Link32
2025-08-11 11:45:21,036 WARN  ExportHelperExtension.cs: 351 - Creating joint from parent Link33 to child Link32 failed
2025-08-11 11:45:21,989 INFO  ExportHelperExtension.cs: 347 - Creating joint Link31
2025-08-11 11:45:22,186 WARN  ExportHelperExtension.cs: 351 - Creating joint from parent Link32 to child Link31 failed
2025-08-11 11:45:24,093 INFO  ExportHelperExtension.cs: 1125 - Retrieving features of type [CoordSys] from CTDH3F110 三指灵巧手.SLDASM
2025-08-11 11:45:24,097 INFO  ExportHelperExtension.cs: 1136 - Found 126 in CTDH3F110 三指灵巧手.SLDASM
2025-08-11 11:45:24,097 INFO  ExportHelperExtension.cs: 1145 - Found 10 features of type [CoordSys] in CTDH3F110 三指灵巧手.SLDASM
2025-08-11 11:45:24,097 INFO  ExportHelperExtension.cs: 1148 - Proceeding through assembly components
2025-08-11 11:45:24,098 INFO  ExportHelperExtension.cs: 1160 - 15 components to check
2025-08-11 11:45:24,098 INFO  ExportHelperExtension.cs: 1125 - Retrieving features of type [CoordSys] from GB╱T 119.1-2000[圆柱销(不淬硬钢和奥氏体不锈钢)3×6]-6
2025-08-11 11:45:24,098 INFO  ExportHelperExtension.cs: 1136 - Found 25 in GB╱T 119.1-2000[圆柱销(不淬硬钢和奥氏体不锈钢)3×6]-6
2025-08-11 11:45:24,099 INFO  ExportHelperExtension.cs: 1145 - Found 0 features of type [CoordSys] in GB╱T 119.1-2000[圆柱销(不淬硬钢和奥氏体不锈钢)3×6]-6
2025-08-11 11:45:24,099 INFO  ExportHelperExtension.cs: 1125 - Retrieving features of type [CoordSys] from GB╱T 119.1-2000[圆柱销(不淬硬钢和奥氏体不锈钢)3×6]-4
2025-08-11 11:45:24,099 INFO  ExportHelperExtension.cs: 1136 - Found 25 in GB╱T 119.1-2000[圆柱销(不淬硬钢和奥氏体不锈钢)3×6]-4
2025-08-11 11:45:24,099 INFO  ExportHelperExtension.cs: 1145 - Found 0 features of type [CoordSys] in GB╱T 119.1-2000[圆柱销(不淬硬钢和奥氏体不锈钢)3×6]-4
2025-08-11 11:45:24,099 INFO  ExportHelperExtension.cs: 1125 - Retrieving features of type [CoordSys] from GB╱T 119.1-2000[圆柱销(不淬硬钢和奥氏体不锈钢)3×6]-3
2025-08-11 11:45:24,100 INFO  ExportHelperExtension.cs: 1136 - Found 25 in GB╱T 119.1-2000[圆柱销(不淬硬钢和奥氏体不锈钢)3×6]-3
2025-08-11 11:45:24,100 INFO  ExportHelperExtension.cs: 1145 - Found 0 features of type [CoordSys] in GB╱T 119.1-2000[圆柱销(不淬硬钢和奥氏体不锈钢)3×6]-3
2025-08-11 11:45:24,100 INFO  ExportHelperExtension.cs: 1125 - Retrieving features of type [CoordSys] from GB╱T 119.1-2000[圆柱销(不淬硬钢和奥氏体不锈钢)3×6]-5
2025-08-11 11:45:24,100 INFO  ExportHelperExtension.cs: 1136 - Found 25 in GB╱T 119.1-2000[圆柱销(不淬硬钢和奥氏体不锈钢)3×6]-5
2025-08-11 11:45:24,101 INFO  ExportHelperExtension.cs: 1145 - Found 0 features of type [CoordSys] in GB╱T 119.1-2000[圆柱销(不淬硬钢和奥氏体不锈钢)3×6]-5
2025-08-11 11:45:24,101 INFO  ExportHelperExtension.cs: 1125 - Retrieving features of type [CoordSys] from CTDH3F110-11 三指手封盖-1
2025-08-11 11:45:24,101 INFO  ExportHelperExtension.cs: 1136 - Found 32 in CTDH3F110-11 三指手封盖-1
2025-08-11 11:45:24,102 INFO  ExportHelperExtension.cs: 1145 - Found 0 features of type [CoordSys] in CTDH3F110-11 三指手封盖-1
2025-08-11 11:45:24,108 INFO  ExportHelperExtension.cs: 1125 - Retrieving features of type [CoordSys] from GB╱T 70.1-2008[内六角圆柱头螺钉M3×12]-2
2025-08-11 11:45:24,118 INFO  ExportHelperExtension.cs: 1136 - Found 35 in GB╱T 70.1-2008[内六角圆柱头螺钉M3×12]-2
2025-08-11 11:45:24,119 INFO  ExportHelperExtension.cs: 1145 - Found 0 features of type [CoordSys] in GB╱T 70.1-2008[内六角圆柱头螺钉M3×12]-2
2025-08-11 11:45:24,119 INFO  ExportHelperExtension.cs: 1125 - Retrieving features of type [CoordSys] from GB╱T 119.1-2000[圆柱销(不淬硬钢和奥氏体不锈钢)3×6]-2
2025-08-11 11:45:24,119 INFO  ExportHelperExtension.cs: 1136 - Found 25 in GB╱T 119.1-2000[圆柱销(不淬硬钢和奥氏体不锈钢)3×6]-2
2025-08-11 11:45:24,120 INFO  ExportHelperExtension.cs: 1145 - Found 0 features of type [CoordSys] in GB╱T 119.1-2000[圆柱销(不淬硬钢和奥氏体不锈钢)3×6]-2
2025-08-11 11:45:24,120 INFO  ExportHelperExtension.cs: 1125 - Retrieving features of type [CoordSys] from CTDH3F110-J02-00 底座组件-1
2025-08-11 11:45:24,120 INFO  ExportHelperExtension.cs: 1136 - Found 30 in CTDH3F110-J02-00 底座组件-1
2025-08-11 11:45:24,121 INFO  ExportHelperExtension.cs: 1145 - Found 0 features of type [CoordSys] in CTDH3F110-J02-00 底座组件-1
2025-08-11 11:45:24,121 INFO  ExportHelperExtension.cs: 1125 - Retrieving features of type [CoordSys] from CTDH3F110-J01-00 手指组件-18
2025-08-11 11:45:24,121 INFO  ExportHelperExtension.cs: 1136 - Found 56 in CTDH3F110-J01-00 手指组件-18
2025-08-11 11:45:24,122 INFO  ExportHelperExtension.cs: 1145 - Found 0 features of type [CoordSys] in CTDH3F110-J01-00 手指组件-18
2025-08-11 11:45:24,122 INFO  ExportHelperExtension.cs: 1125 - Retrieving features of type [CoordSys] from CTDH3F110-J00-00 手指安装板组件-2
2025-08-11 11:45:24,122 INFO  ExportHelperExtension.cs: 1136 - Found 27 in CTDH3F110-J00-00 手指安装板组件-2
2025-08-11 11:45:24,122 INFO  ExportHelperExtension.cs: 1145 - Found 0 features of type [CoordSys] in CTDH3F110-J00-00 手指安装板组件-2
2025-08-11 11:45:24,123 INFO  ExportHelperExtension.cs: 1125 - Retrieving features of type [CoordSys] from CTDH3F110-J01-00 手指组件-19
2025-08-11 11:45:24,123 INFO  ExportHelperExtension.cs: 1136 - Found 56 in CTDH3F110-J01-00 手指组件-19
2025-08-11 11:45:24,123 INFO  ExportHelperExtension.cs: 1145 - Found 0 features of type [CoordSys] in CTDH3F110-J01-00 手指组件-19
2025-08-11 11:45:24,123 INFO  ExportHelperExtension.cs: 1125 - Retrieving features of type [CoordSys] from CTDH3F110-J01-00 手指组件-20
2025-08-11 11:45:24,124 INFO  ExportHelperExtension.cs: 1136 - Found 56 in CTDH3F110-J01-00 手指组件-20
2025-08-11 11:45:24,124 INFO  ExportHelperExtension.cs: 1145 - Found 0 features of type [CoordSys] in CTDH3F110-J01-00 手指组件-20
2025-08-11 11:45:24,124 INFO  ExportHelperExtension.cs: 1125 - Retrieving features of type [CoordSys] from CTDH3F110-12 三指手封盖硅胶垫-1
2025-08-11 11:45:24,124 INFO  ExportHelperExtension.cs: 1136 - Found 39 in CTDH3F110-12 三指手封盖硅胶垫-1
2025-08-11 11:45:24,125 INFO  ExportHelperExtension.cs: 1145 - Found 0 features of type [CoordSys] in CTDH3F110-12 三指手封盖硅胶垫-1
2025-08-11 11:45:24,125 INFO  ExportHelperExtension.cs: 1125 - Retrieving features of type [CoordSys] from CTDH3F110-25 法兰-1
2025-08-11 11:45:24,125 INFO  ExportHelperExtension.cs: 1136 - Found 60 in CTDH3F110-25 法兰-1
2025-08-11 11:45:24,125 INFO  ExportHelperExtension.cs: 1145 - Found 0 features of type [CoordSys] in CTDH3F110-25 法兰-1
2025-08-11 11:45:24,126 INFO  ExportHelperExtension.cs: 1125 - Retrieving features of type [CoordSys] from GB╱T 119.1-2000[圆柱销(不淬硬钢和奥氏体不锈钢)3×6]-1
2025-08-11 11:45:24,126 INFO  ExportHelperExtension.cs: 1136 - Found 25 in GB╱T 119.1-2000[圆柱销(不淬硬钢和奥氏体不锈钢)3×6]-1
2025-08-11 11:45:24,126 INFO  ExportHelperExtension.cs: 1145 - Found 0 features of type [CoordSys] in GB╱T 119.1-2000[圆柱销(不淬硬钢和奥氏体不锈钢)3×6]-1
2025-08-11 11:45:24,127 INFO  ExportHelperExtension.cs: 1125 - Retrieving features of type [RefAxis] from CTDH3F110 三指灵巧手.SLDASM
2025-08-11 11:45:24,127 INFO  ExportHelperExtension.cs: 1136 - Found 126 in CTDH3F110 三指灵巧手.SLDASM
2025-08-11 11:45:24,128 INFO  ExportHelperExtension.cs: 1145 - Found 9 features of type [RefAxis] in CTDH3F110 三指灵巧手.SLDASM
2025-08-11 11:45:24,128 INFO  ExportHelperExtension.cs: 1148 - Proceeding through assembly components
2025-08-11 11:45:24,128 INFO  ExportHelperExtension.cs: 1160 - 15 components to check
2025-08-11 11:45:24,128 INFO  ExportHelperExtension.cs: 1125 - Retrieving features of type [RefAxis] from GB╱T 119.1-2000[圆柱销(不淬硬钢和奥氏体不锈钢)3×6]-6
2025-08-11 11:45:24,129 INFO  ExportHelperExtension.cs: 1136 - Found 25 in GB╱T 119.1-2000[圆柱销(不淬硬钢和奥氏体不锈钢)3×6]-6
2025-08-11 11:45:24,129 INFO  ExportHelperExtension.cs: 1145 - Found 0 features of type [RefAxis] in GB╱T 119.1-2000[圆柱销(不淬硬钢和奥氏体不锈钢)3×6]-6
2025-08-11 11:45:24,129 INFO  ExportHelperExtension.cs: 1125 - Retrieving features of type [RefAxis] from GB╱T 119.1-2000[圆柱销(不淬硬钢和奥氏体不锈钢)3×6]-4
2025-08-11 11:45:24,129 INFO  ExportHelperExtension.cs: 1136 - Found 25 in GB╱T 119.1-2000[圆柱销(不淬硬钢和奥氏体不锈钢)3×6]-4
2025-08-11 11:45:24,129 INFO  ExportHelperExtension.cs: 1145 - Found 0 features of type [RefAxis] in GB╱T 119.1-2000[圆柱销(不淬硬钢和奥氏体不锈钢)3×6]-4
2025-08-11 11:45:24,130 INFO  ExportHelperExtension.cs: 1125 - Retrieving features of type [RefAxis] from GB╱T 119.1-2000[圆柱销(不淬硬钢和奥氏体不锈钢)3×6]-3
2025-08-11 11:45:24,130 INFO  ExportHelperExtension.cs: 1136 - Found 25 in GB╱T 119.1-2000[圆柱销(不淬硬钢和奥氏体不锈钢)3×6]-3
2025-08-11 11:45:24,130 INFO  ExportHelperExtension.cs: 1145 - Found 0 features of type [RefAxis] in GB╱T 119.1-2000[圆柱销(不淬硬钢和奥氏体不锈钢)3×6]-3
2025-08-11 11:45:24,130 INFO  ExportHelperExtension.cs: 1125 - Retrieving features of type [RefAxis] from GB╱T 119.1-2000[圆柱销(不淬硬钢和奥氏体不锈钢)3×6]-5
2025-08-11 11:45:24,131 INFO  ExportHelperExtension.cs: 1136 - Found 25 in GB╱T 119.1-2000[圆柱销(不淬硬钢和奥氏体不锈钢)3×6]-5
2025-08-11 11:45:24,131 INFO  ExportHelperExtension.cs: 1145 - Found 0 features of type [RefAxis] in GB╱T 119.1-2000[圆柱销(不淬硬钢和奥氏体不锈钢)3×6]-5
2025-08-11 11:45:24,131 INFO  ExportHelperExtension.cs: 1125 - Retrieving features of type [RefAxis] from CTDH3F110-11 三指手封盖-1
2025-08-11 11:45:24,131 INFO  ExportHelperExtension.cs: 1136 - Found 32 in CTDH3F110-11 三指手封盖-1
2025-08-11 11:45:24,131 INFO  ExportHelperExtension.cs: 1145 - Found 0 features of type [RefAxis] in CTDH3F110-11 三指手封盖-1
2025-08-11 11:45:24,132 INFO  ExportHelperExtension.cs: 1125 - Retrieving features of type [RefAxis] from GB╱T 70.1-2008[内六角圆柱头螺钉M3×12]-2
2025-08-11 11:45:24,132 INFO  ExportHelperExtension.cs: 1136 - Found 35 in GB╱T 70.1-2008[内六角圆柱头螺钉M3×12]-2
2025-08-11 11:45:24,132 INFO  ExportHelperExtension.cs: 1145 - Found 0 features of type [RefAxis] in GB╱T 70.1-2008[内六角圆柱头螺钉M3×12]-2
2025-08-11 11:45:24,132 INFO  ExportHelperExtension.cs: 1125 - Retrieving features of type [RefAxis] from GB╱T 119.1-2000[圆柱销(不淬硬钢和奥氏体不锈钢)3×6]-2
2025-08-11 11:45:24,133 INFO  ExportHelperExtension.cs: 1136 - Found 25 in GB╱T 119.1-2000[圆柱销(不淬硬钢和奥氏体不锈钢)3×6]-2
2025-08-11 11:45:24,133 INFO  ExportHelperExtension.cs: 1145 - Found 0 features of type [RefAxis] in GB╱T 119.1-2000[圆柱销(不淬硬钢和奥氏体不锈钢)3×6]-2
2025-08-11 11:45:24,133 INFO  ExportHelperExtension.cs: 1125 - Retrieving features of type [RefAxis] from CTDH3F110-J02-00 底座组件-1
2025-08-11 11:45:24,133 INFO  ExportHelperExtension.cs: 1136 - Found 30 in CTDH3F110-J02-00 底座组件-1
2025-08-11 11:45:24,133 INFO  ExportHelperExtension.cs: 1145 - Found 0 features of type [RefAxis] in CTDH3F110-J02-00 底座组件-1
2025-08-11 11:45:24,134 INFO  ExportHelperExtension.cs: 1125 - Retrieving features of type [RefAxis] from CTDH3F110-J01-00 手指组件-18
2025-08-11 11:45:24,134 INFO  ExportHelperExtension.cs: 1136 - Found 56 in CTDH3F110-J01-00 手指组件-18
2025-08-11 11:45:24,134 INFO  ExportHelperExtension.cs: 1145 - Found 0 features of type [RefAxis] in CTDH3F110-J01-00 手指组件-18
2025-08-11 11:45:24,134 INFO  ExportHelperExtension.cs: 1125 - Retrieving features of type [RefAxis] from CTDH3F110-J00-00 手指安装板组件-2
2025-08-11 11:45:24,135 INFO  ExportHelperExtension.cs: 1136 - Found 27 in CTDH3F110-J00-00 手指安装板组件-2
2025-08-11 11:45:24,135 INFO  ExportHelperExtension.cs: 1145 - Found 0 features of type [RefAxis] in CTDH3F110-J00-00 手指安装板组件-2
2025-08-11 11:45:24,135 INFO  ExportHelperExtension.cs: 1125 - Retrieving features of type [RefAxis] from CTDH3F110-J01-00 手指组件-19
2025-08-11 11:45:24,135 INFO  ExportHelperExtension.cs: 1136 - Found 56 in CTDH3F110-J01-00 手指组件-19
2025-08-11 11:45:24,135 INFO  ExportHelperExtension.cs: 1145 - Found 0 features of type [RefAxis] in CTDH3F110-J01-00 手指组件-19
2025-08-11 11:45:24,136 INFO  ExportHelperExtension.cs: 1125 - Retrieving features of type [RefAxis] from CTDH3F110-J01-00 手指组件-20
2025-08-11 11:45:24,136 INFO  ExportHelperExtension.cs: 1136 - Found 56 in CTDH3F110-J01-00 手指组件-20
2025-08-11 11:45:24,136 INFO  ExportHelperExtension.cs: 1145 - Found 0 features of type [RefAxis] in CTDH3F110-J01-00 手指组件-20
2025-08-11 11:45:24,136 INFO  ExportHelperExtension.cs: 1125 - Retrieving features of type [RefAxis] from CTDH3F110-12 三指手封盖硅胶垫-1
2025-08-11 11:45:24,137 INFO  ExportHelperExtension.cs: 1136 - Found 39 in CTDH3F110-12 三指手封盖硅胶垫-1
2025-08-11 11:45:24,137 INFO  ExportHelperExtension.cs: 1145 - Found 0 features of type [RefAxis] in CTDH3F110-12 三指手封盖硅胶垫-1
2025-08-11 11:45:24,137 INFO  ExportHelperExtension.cs: 1125 - Retrieving features of type [RefAxis] from CTDH3F110-25 法兰-1
2025-08-11 11:45:24,137 INFO  ExportHelperExtension.cs: 1136 - Found 60 in CTDH3F110-25 法兰-1
2025-08-11 11:45:24,137 INFO  ExportHelperExtension.cs: 1145 - Found 0 features of type [RefAxis] in CTDH3F110-25 法兰-1
2025-08-11 11:45:24,138 INFO  ExportHelperExtension.cs: 1125 - Retrieving features of type [RefAxis] from GB╱T 119.1-2000[圆柱销(不淬硬钢和奥氏体不锈钢)3×6]-1
2025-08-11 11:45:24,138 INFO  ExportHelperExtension.cs: 1136 - Found 25 in GB╱T 119.1-2000[圆柱销(不淬硬钢和奥氏体不锈钢)3×6]-1
2025-08-11 11:45:24,138 INFO  ExportHelperExtension.cs: 1145 - Found 0 features of type [RefAxis] in GB╱T 119.1-2000[圆柱销(不淬硬钢和奥氏体不锈钢)3×6]-1
2025-08-11 11:45:24,200 INFO  ExportPropertyManager.cs: 1142 - AfterClose called. This method no longer throws an Exception. It just silently does nothing. Ok, except for this logging message
2025-08-11 11:47:03,003 INFO  AssemblyExportForm.cs: 253 - Completing URDF export
2025-08-11 11:47:03,018 INFO  ConfigurationSerialization.cs: 276 - URDF Configuration found
<Link z:Id="i1" xmlns="http://schemas.datacontract.org/2004/07/SW2URDF" xmlns:i="http://www.w3.org/2001/XMLSchema-instance" xmlns:z="http://schemas.microsoft.com/2003/10/Serialization/"><Attributes><Attribute z:Id="i2"><AttributeType>name</AttributeType><IsRequired>true</IsRequired><Value i:type="a:string" xmlns:a="http://www.w3.org/2001/XMLSchema">base_link</Value></Attribute></Attributes><ChildElements><URDFElement z:Id="i3" i:type="Inertial"><Attributes/><ChildElements><URDFElement z:Id="i4" i:type="Origin"><Attributes><Attribute z:Id="i5"><AttributeType>xyz</AttributeType><IsRequired>true</IsRequired><Value i:type="a:ArrayOfdouble" xmlns:a="http://schemas.microsoft.com/2003/10/Serialization/Arrays"><a:double>0</a:double><a:double>0</a:double><a:double>0</a:double></Value></Attribute><Attribute z:Id="i6"><AttributeType>rpy</AttributeType><IsRequired>true</IsRequired><Value i:type="a:ArrayOfdouble" xmlns:a="http://schemas.microsoft.com/2003/10/Serialization/Arrays"><a:double>0</a:double><a:double>0</a:double><a:double>0</a:double></Value></Attribute></Attributes><ChildElements/><ElementName>origin</ElementName><required>false</required><RPYAttribute z:Ref="i6"/><XYZAttribute z:Ref="i5"/><isCustomized>false</isCustomized></URDFElement><URDFElement z:Id="i7" i:type="Mass"><Attributes><Attribute z:Id="i8"><AttributeType>value</AttributeType><IsRequired>true</IsRequired><Value i:type="a:double" xmlns:a="http://www.w3.org/2001/XMLSchema">0</Value></Attribute></Attributes><ChildElements/><ElementName>mass</ElementName><required>false</required><ValueAttribute z:Ref="i8"/></URDFElement><URDFElement z:Id="i9" i:type="Inertia"><Attributes><Attribute z:Id="i10"><AttributeType>ixx</AttributeType><IsRequired>true</IsRequired><Value i:type="a:double" xmlns:a="http://www.w3.org/2001/XMLSchema">0</Value></Attribute><Attribute z:Id="i11"><AttributeType>ixy</AttributeType><IsRequired>true</IsRequired><Value i:type="a:double" xmlns:a="http://www.w3.org/2001/XMLSchema">0</Value></Attribute><Attribute z:Id="i12"><AttributeType>ixz</AttributeType><IsRequired>true</IsRequired><Value i:type="a:double" xmlns:a="http://www.w3.org/2001/XMLSchema">0</Value></Attribute><Attribute z:Id="i13"><AttributeType>iyy</AttributeType><IsRequired>true</IsRequired><Value i:type="a:double" xmlns:a="http://www.w3.org/2001/XMLSchema">0</Value></Attribute><Attribute z:Id="i14"><AttributeType>iyz</AttributeType><IsRequired>true</IsRequired><Value i:type="a:double" xmlns:a="http://www.w3.org/2001/XMLSchema">0</Value></Attribute><Attribute z:Id="i15"><AttributeType>izz</AttributeType><IsRequired>true</IsRequired><Value i:type="a:double" xmlns:a="http://www.w3.org/2001/XMLSchema">0</Value></Attribute></Attributes><ChildElements/><ElementName>inertia</ElementName><required>false</required><IxxAttribute z:Ref="i10"/><IxyAttribute z:Ref="i11"/><IxzAttribute z:Ref="i12"/><IyyAttribute z:Ref="i13"/><IyzAttribute z:Ref="i14"/><IzzAttribute z:Ref="i15"/></URDFElement></ChildElements><ElementName>inertial</ElementName><required>false</required><Inertia z:Ref="i9"/><Mass z:Ref="i7"/><Origin z:Ref="i4"/></URDFElement><URDFElement z:Id="i16" i:type="Visual"><Attributes/><ChildElements><URDFElement z:Id="i17" i:type="Origin"><Attributes><Attribute z:Id="i18"><AttributeType>xyz</AttributeType><IsRequired>true</IsRequired><Value i:type="a:ArrayOfdouble" xmlns:a="http://schemas.microsoft.com/2003/10/Serialization/Arrays"><a:double>0</a:double><a:double>0</a:double><a:double>0</a:double></Value></Attribute><Attribute z:Id="i19"><AttributeType>rpy</AttributeType><IsRequired>true</IsRequired><Value i:type="a:ArrayOfdouble" xmlns:a="http://schemas.microsoft.com/2003/10/Serialization/Arrays"><a:double>0</a:double><a:double>0</a:double><a:double>0</a:double></Value></Attribute></Attributes><ChildElements/><ElementName>origin</ElementName><required>false</required><RPYAttribute z:Ref="i19"/><XYZAttribute z:Ref="i18"/><isCustomized>false</isCustomized></URDFElement><URDFElement z:Id="i20" i:type="Geometry"><Attributes/><ChildElements><URDFElement z:Id="i21" i:type="Mesh"><Attributes><Attribute z:Id="i22"><AttributeType>filename</AttributeType><IsRequired>true</IsRequired><Value i:nil="true"/></Attribute></Attributes><ChildElements/><ElementName>mesh</ElementName><required>false</required><FilenameAttribute z:Ref="i22"/></URDFElement></ChildElements><ElementName>geometry</ElementName><required>true</required><Mesh z:Ref="i21"/></URDFElement><URDFElement z:Id="i23" i:type="Material"><Attributes><Attribute z:Id="i24"><AttributeType>name</AttributeType><IsRequired>true</IsRequired><Value i:type="a:string" xmlns:a="http://www.w3.org/2001/XMLSchema"/></Attribute></Attributes><ChildElements><URDFElement z:Id="i25" i:type="Color"><Attributes><Attribute z:Id="i26"><AttributeType>rgba</AttributeType><IsRequired>true</IsRequired><Value i:type="a:ArrayOfdouble" xmlns:a="http://schemas.microsoft.com/2003/10/Serialization/Arrays"><a:double>1</a:double><a:double>1</a:double><a:double>1</a:double><a:double>1</a:double></Value></Attribute></Attributes><ChildElements/><ElementName>color</ElementName><required>false</required><RGBAAttribute z:Ref="i26"/></URDFElement><URDFElement z:Id="i27" i:type="Texture"><Attributes><Attribute z:Id="i28"><AttributeType>filename</AttributeType><IsRequired>true</IsRequired><Value i:nil="true"/></Attribute></Attributes><ChildElements/><ElementName>texture</ElementName><required>false</required><FilenameAttribute z:Ref="i28"/><wFilename/></URDFElement></ChildElements><ElementName>material</ElementName><required>false</required><Color z:Ref="i25"/><NameAttribute z:Ref="i24"/><Texture z:Ref="i27"/></URDFElement></ChildElements><ElementName>visual</ElementName><required>false</required><Geometry z:Ref="i20"/><Material z:Ref="i23"/><Origin z:Ref="i17"/></URDFElement><URDFElement z:Id="i29" i:type="Collision"><Attributes/><ChildElements><URDFElement z:Id="i30" i:type="Origin"><Attributes><Attribute z:Id="i31"><AttributeType>xyz</AttributeType><IsRequired>true</IsRequired><Value i:type="a:ArrayOfdouble" xmlns:a="http://schemas.microsoft.com/2003/10/Serialization/Arrays"><a:double>0</a:double><a:double>0</a:double><a:double>0</a:double></Value></Attribute><Attribute z:Id="i32"><AttributeType>rpy</AttributeType><IsRequired>true</IsRequired><Value i:type="a:ArrayOfdouble" xmlns:a="http://schemas.microsoft.com/2003/10/Serialization/Arrays"><a:double>0</a:double><a:double>0</a:double><a:double>0</a:double></Value></Attribute></Attributes><ChildElements/><ElementName>origin</ElementName><required>false</required><RPYAttribute z:Ref="i32"/><XYZAttribute z:Ref="i31"/><isCustomized>false</isCustomized></URDFElement><URDFElement z:Id="i33" i:type="Geometry"><Attributes/><ChildElements><URDFElement z:Id="i34" i:type="Mesh"><Attributes><Attribute z:Id="i35"><AttributeType>filename</AttributeType><IsRequired>true</IsRequired><Value i:nil="true"/></Attribute></Attributes><ChildElements/><ElementName>mesh</ElementName><required>false</required><FilenameAttribute z:Ref="i35"/></URDFElement></ChildElements><ElementName>geometry</ElementName><required>true</required><Mesh z:Ref="i34"/></URDFElement></ChildElements><ElementName>collision</ElementName><required>false</required><Geometry z:Ref="i33"/><Origin z:Ref="i30"/></URDFElement><URDFElement z:Id="i36" i:type="Joint"><Attributes><Attribute z:Id="i37"><AttributeType>name</AttributeType><IsRequired>true</IsRequired><Value i:type="a:string" xmlns:a="http://www.w3.org/2001/XMLSchema"/></Attribute><Attribute z:Id="i38"><AttributeType>type</AttributeType><IsRequired>true</IsRequired><Value i:type="a:string" xmlns:a="http://www.w3.org/2001/XMLSchema"/></Attribute></Attributes><ChildElements><URDFElement z:Id="i39" i:type="Origin"><Attributes><Attribute z:Id="i40"><AttributeType>xyz</AttributeType><IsRequired>true</IsRequired><Value i:type="a:ArrayOfdouble" xmlns:a="http://schemas.microsoft.com/2003/10/Serialization/Arrays"><a:double>0</a:double><a:double>0</a:double><a:double>0</a:double></Value></Attribute><Attribute z:Id="i41"><AttributeType>rpy</AttributeType><IsRequired>true</IsRequired><Value i:type="a:ArrayOfdouble" xmlns:a="http://schemas.microsoft.com/2003/10/Serialization/Arrays"><a:double>0</a:double><a:double>0</a:double><a:double>0</a:double></Value></Attribute></Attributes><ChildElements/><ElementName>origin</ElementName><required>false</required><RPYAttribute z:Ref="i41"/><XYZAttribute z:Ref="i40"/><isCustomized>false</isCustomized></URDFElement><URDFElement z:Id="i42" i:type="ParentLink"><Attributes><Attribute z:Id="i43"><AttributeType>link</AttributeType><IsRequired>true</IsRequired><Value i:type="a:string" xmlns:a="http://www.w3.org/2001/XMLSchema"/></Attribute></Attributes><ChildElements/><ElementName>parent</ElementName><required>true</required><NameAttribute z:Ref="i43"/></URDFElement><URDFElement z:Id="i44" i:type="ChildLink"><Attributes><Attribute z:Id="i45"><AttributeType>link</AttributeType><IsRequired>true</IsRequired><Value i:type="a:string" xmlns:a="http://www.w3.org/2001/XMLSchema"/></Attribute></Attributes><ChildElements/><ElementName>child</ElementName><required>true</required><NameAttribute z:Ref="i45"/></URDFElement><URDFElement z:Id="i46" i:type="Axis"><Attributes><Attribute z:Id="i47"><AttributeType>xyz</AttributeType><IsRequired>true</IsRequired><Value i:type="a:ArrayOfdouble" xmlns:a="http://schemas.microsoft.com/2003/10/Serialization/Arrays"><a:double>0</a:double><a:double>0</a:double><a:double>0</a:double></Value></Attribute></Attributes><ChildElements/><ElementName>axis</ElementName><required>false</required><XYZAttribute z:Ref="i47"/></URDFElement><URDFElement z:Id="i48" i:type="Limit"><Attributes><Attribute z:Id="i49"><AttributeType>lower</AttributeType><IsRequired>false</IsRequired><Value i:nil="true"/></Attribute><Attribute z:Id="i50"><AttributeType>upper</AttributeType><IsRequired>false</IsRequired><Value i:nil="true"/></Attribute><Attribute z:Id="i51"><AttributeType>effort</AttributeType><IsRequired>true</IsRequired><Value i:nil="true"/></Attribute><Attribute z:Id="i52"><AttributeType>velocity</AttributeType><IsRequired>true</IsRequired><Value i:nil="true"/></Attribute></Attributes><ChildElements/><ElementName>limit</ElementName><required>false</required><EffortAttribute z:Ref="i51"/><LowerAttribute z:Ref="i49"/><UpperAttribute z:Ref="i50"/><VelocityAttribute z:Ref="i52"/></URDFElement><URDFElement z:Id="i53" i:type="Calibration"><Attributes><Attribute z:Id="i54"><AttributeType>rising</AttributeType><IsRequired>false</IsRequired><Value i:nil="true"/></Attribute><Attribute z:Id="i55"><AttributeType>falling</AttributeType><IsRequired>false</IsRequired><Value i:nil="true"/></Attribute></Attributes><ChildElements/><ElementName>calibration</ElementName><required>false</required><FallingAttribute z:Ref="i55"/><RisingAttribute z:Ref="i54"/></URDFElement><URDFElement z:Id="i56" i:type="Dynamics"><Attributes><Attribute z:Id="i57"><AttributeType>damping</AttributeType><IsRequired>false</IsRequired><Value i:nil="true"/></Attribute><Attribute z:Id="i58"><AttributeType>friction</AttributeType><IsRequired>false</IsRequired><Value i:nil="true"/></Attribute></Attributes><ChildElements/><ElementName>dynamics</ElementName><required>false</required><DampingAttribute z:Ref="i57"/><FrictionAttribute z:Ref="i58"/></URDFElement><URDFElement z:Id="i59" i:type="SafetyController"><Attributes><Attribute z:Id="i60"><AttributeType>soft_upper_limit</AttributeType><IsRequired>false</IsRequired><Value i:nil="true"/></Attribute><Attribute z:Id="i61"><AttributeType>soft_lower_limit</AttributeType><IsRequired>false</IsRequired><Value i:nil="true"/></Attribute><Attribute z:Id="i62"><AttributeType>k_position</AttributeType><IsRequired>false</IsRequired><Value i:nil="true"/></Attribute><Attribute z:Id="i63"><AttributeType>k_velocity</AttributeType><IsRequired>true</IsRequired><Value i:nil="true"/></Attribute></Attributes><ChildElements/><ElementName>safety_controller</ElementName><required>false</required><KPositionAttribute z:Ref="i62"/><KVelocityAttribute z:Ref="i63"/><SoftLowerAttribute z:Ref="i61"/><SoftUpperAttribute z:Ref="i60"/></URDFElement><URDFElement z:Id="i64" i:type="Mimic"><Attributes><Attribute z:Id="i65"><AttributeType>joint</AttributeType><IsRequired>true</IsRequired><Value i:nil="true"/></Attribute><Attribute z:Id="i66"><AttributeType>multiplier</AttributeType><IsRequired>false</IsRequired><Value i:nil="true"/></Attribute><Attribute z:Id="i67"><AttributeType>offset</AttributeType><IsRequired>false</IsRequired><Value i:nil="true"/></Attribute></Attributes><ChildElements/><ElementName>mimic</ElementName><required>false</required><JointNameAttribute z:Ref="i65"/><MultiplierAttribute z:Ref="i66"/><OffsetAttribute z:Ref="i67"/></URDFElement></ChildElements><ElementName>joint</ElementName><required>false</required><Axis z:Ref="i46"/><AxisName/><Calibration z:Ref="i53"/><Child z:Ref="i44"/><CoordinateSystemName>?????????0</CoordinateSystemName><Dynamics z:Ref="i56"/><Limit z:Ref="i48"/><Mimic z:Ref="i64"/><NameAttribute z:Ref="i37"/><Origin z:Ref="i39"/><Parent z:Ref="i42"/><Safety z:Ref="i59"/><TypeAttribute z:Ref="i38"/></URDFElement></ChildElements><ElementName>link</ElementName><required>true</required><Children><Link z:Id="i68"><Attributes><Attribute z:Id="i69"><AttributeType>name</AttributeType><IsRequired>true</IsRequired><Value i:type="a:string" xmlns:a="http://www.w3.org/2001/XMLSchema">Link13</Value></Attribute></Attributes><ChildElements><URDFElement z:Id="i70" i:type="Inertial"><Attributes/><ChildElements><URDFElement z:Id="i71" i:type="Origin"><Attributes><Attribute z:Id="i72"><AttributeType>xyz</AttributeType><IsRequired>true</IsRequired><Value i:type="a:ArrayOfdouble" xmlns:a="http://schemas.microsoft.com/2003/10/Serialization/Arrays"><a:double>0</a:double><a:double>0</a:double><a:double>0</a:double></Value></Attribute><Attribute z:Id="i73"><AttributeType>rpy</AttributeType><IsRequired>true</IsRequired><Value i:type="a:ArrayOfdouble" xmlns:a="http://schemas.microsoft.com/2003/10/Serialization/Arrays"><a:double>0</a:double><a:double>0</a:double><a:double>0</a:double></Value></Attribute></Attributes><ChildElements/><ElementName>origin</ElementName><required>false</required><RPYAttribute z:Ref="i73"/><XYZAttribute z:Ref="i72"/><isCustomized>false</isCustomized></URDFElement><URDFElement z:Id="i74" i:type="Mass"><Attributes><Attribute z:Id="i75"><AttributeType>value</AttributeType><IsRequired>true</IsRequired><Value i:type="a:double" xmlns:a="http://www.w3.org/2001/XMLSchema">0</Value></Attribute></Attributes><ChildElements/><ElementName>mass</ElementName><required>false</required><ValueAttribute z:Ref="i75"/></URDFElement><URDFElement z:Id="i76" i:type="Inertia"><Attributes><Attribute z:Id="i77"><AttributeType>ixx</AttributeType><IsRequired>true</IsRequired><Value i:type="a:double" xmlns:a="http://www.w3.org/2001/XMLSchema">0</Value></Attribute><Attribute z:Id="i78"><AttributeType>ixy</AttributeType><IsRequired>true</IsRequired><Value i:type="a:double" xmlns:a="http://www.w3.org/2001/XMLSchema">0</Value></Attribute><Attribute z:Id="i79"><AttributeType>ixz</AttributeType><IsRequired>true</IsRequired><Value i:type="a:double" xmlns:a="http://www.w3.org/2001/XMLSchema">0</Value></Attribute><Attribute z:Id="i80"><AttributeType>iyy</AttributeType><IsRequired>true</IsRequired><Value i:type="a:double" xmlns:a="http://www.w3.org/2001/XMLSchema">0</Value></Attribute><Attribute z:Id="i81"><AttributeType>iyz</AttributeType><IsRequired>true</IsRequired><Value i:type="a:double" xmlns:a="http://www.w3.org/2001/XMLSchema">0</Value></Attribute><Attribute z:Id="i82"><AttributeType>izz</AttributeType><IsRequired>true</IsRequired><Value i:type="a:double" xmlns:a="http://www.w3.org/2001/XMLSchema">0</Value></Attribute></Attributes><ChildElements/><ElementName>inertia</ElementName><required>false</required><IxxAttribute z:Ref="i77"/><IxyAttribute z:Ref="i78"/><IxzAttribute z:Ref="i79"/><IyyAttribute z:Ref="i80"/><IyzAttribute z:Ref="i81"/><IzzAttribute z:Ref="i82"/></URDFElement></ChildElements><ElementName>inertial</ElementName><required>false</required><Inertia z:Ref="i76"/><Mass z:Ref="i74"/><Origin z:Ref="i71"/></URDFElement><URDFElement z:Id="i83" i:type="Visual"><Attributes/><ChildElements><URDFElement z:Id="i84" i:type="Origin"><Attributes><Attribute z:Id="i85"><AttributeType>xyz</AttributeType><IsRequired>true</IsRequired><Value i:type="a:ArrayOfdouble" xmlns:a="http://schemas.microsoft.com/2003/10/Serialization/Arrays"><a:double>0</a:double><a:double>0</a:double><a:double>0</a:double></Value></Attribute><Attribute z:Id="i86"><AttributeType>rpy</AttributeType><IsRequired>true</IsRequired><Value i:type="a:ArrayOfdouble" xmlns:a="http://schemas.microsoft.com/2003/10/Serialization/Arrays"><a:double>0</a:double><a:double>0</a:double><a:double>0</a:double></Value></Attribute></Attributes><ChildElements/><ElementName>origin</ElementName><required>false</required><RPYAttribute z:Ref="i86"/><XYZAttribute z:Ref="i85"/><isCustomized>false</isCustomized></URDFElement><URDFElement z:Id="i87" i:type="Geometry"><Attributes/><ChildElements><URDFElement z:Id="i88" i:type="Mesh"><Attributes><Attribute z:Id="i89"><AttributeType>filename</AttributeType><IsRequired>true</IsRequired><Value i:nil="true"/></Attribute></Attributes><ChildElements/><ElementName>mesh</ElementName><required>false</required><FilenameAttribute z:Ref="i89"/></URDFElement></ChildElements><ElementName>geometry</ElementName><required>true</required><Mesh z:Ref="i88"/></URDFElement><URDFElement z:Id="i90" i:type="Material"><Attributes><Attribute z:Id="i91"><AttributeType>name</AttributeType><IsRequired>true</IsRequired><Value i:type="a:string" xmlns:a="http://www.w3.org/2001/XMLSchema"/></Attribute></Attributes><ChildElements><URDFElement z:Id="i92" i:type="Color"><Attributes><Attribute z:Id="i93"><AttributeType>rgba</AttributeType><IsRequired>true</IsRequired><Value i:type="a:ArrayOfdouble" xmlns:a="http://schemas.microsoft.com/2003/10/Serialization/Arrays"><a:double>1</a:double><a:double>1</a:double><a:double>1</a:double><a:double>1</a:double></Value></Attribute></Attributes><ChildElements/><ElementName>color</ElementName><required>false</required><RGBAAttribute z:Ref="i93"/></URDFElement><URDFElement z:Id="i94" i:type="Texture"><Attributes><Attribute z:Id="i95"><AttributeType>filename</AttributeType><IsRequired>true</IsRequired><Value i:nil="true"/></Attribute></Attributes><ChildElements/><ElementName>texture</ElementName><required>false</required><FilenameAttribute z:Ref="i95"/><wFilename/></URDFElement></ChildElements><ElementName>material</ElementName><required>false</required><Color z:Ref="i92"/><NameAttribute z:Ref="i91"/><Texture z:Ref="i94"/></URDFElement></ChildElements><ElementName>visual</ElementName><required>false</required><Geometry z:Ref="i87"/><Material z:Ref="i90"/><Origin z:Ref="i84"/></URDFElement><URDFElement z:Id="i96" i:type="Collision"><Attributes/><ChildElements><URDFElement z:Id="i97" i:type="Origin"><Attributes><Attribute z:Id="i98"><AttributeType>xyz</AttributeType><IsRequired>true</IsRequired><Value i:type="a:ArrayOfdouble" xmlns:a="http://schemas.microsoft.com/2003/10/Serialization/Arrays"><a:double>0</a:double><a:double>0</a:double><a:double>0</a:double></Value></Attribute><Attribute z:Id="i99"><AttributeType>rpy</AttributeType><IsRequired>true</IsRequired><Value i:type="a:ArrayOfdouble" xmlns:a="http://schemas.microsoft.com/2003/10/Serialization/Arrays"><a:double>0</a:double><a:double>0</a:double><a:double>0</a:double></Value></Attribute></Attributes><ChildElements/><ElementName>origin</ElementName><required>false</required><RPYAttribute z:Ref="i99"/><XYZAttribute z:Ref="i98"/><isCustomized>false</isCustomized></URDFElement><URDFElement z:Id="i100" i:type="Geometry"><Attributes/><ChildElements><URDFElement z:Id="i101" i:type="Mesh"><Attributes><Attribute z:Id="i102"><AttributeType>filename</AttributeType><IsRequired>true</IsRequired><Value i:nil="true"/></Attribute></Attributes><ChildElements/><ElementName>mesh</ElementName><required>false</required><FilenameAttribute z:Ref="i102"/></URDFElement></ChildElements><ElementName>geometry</ElementName><required>true</required><Mesh z:Ref="i101"/></URDFElement></ChildElements><ElementName>collision</ElementName><required>false</required><Geometry z:Ref="i100"/><Origin z:Ref="i97"/></URDFElement><URDFElement z:Id="i103" i:type="Joint"><Attributes><Attribute z:Id="i104"><AttributeType>name</AttributeType><IsRequired>true</IsRequired><Value i:type="a:string" xmlns:a="http://www.w3.org/2001/XMLSchema">Joint13</Value></Attribute><Attribute z:Id="i105"><AttributeType>type</AttributeType><IsRequired>true</IsRequired><Value i:type="a:string" xmlns:a="http://www.w3.org/2001/XMLSchema">revolute</Value></Attribute></Attributes><ChildElements><URDFElement z:Id="i106" i:type="Origin"><Attributes><Attribute z:Id="i107"><AttributeType>xyz</AttributeType><IsRequired>true</IsRequired><Value i:type="a:ArrayOfdouble" xmlns:a="http://schemas.microsoft.com/2003/10/Serialization/Arrays"><a:double>0</a:double><a:double>0</a:double><a:double>0</a:double></Value></Attribute><Attribute z:Id="i108"><AttributeType>rpy</AttributeType><IsRequired>true</IsRequired><Value i:type="a:ArrayOfdouble" xmlns:a="http://schemas.microsoft.com/2003/10/Serialization/Arrays"><a:double>0</a:double><a:double>0</a:double><a:double>0</a:double></Value></Attribute></Attributes><ChildElements/><ElementName>origin</ElementName><required>false</required><RPYAttribute z:Ref="i108"/><XYZAttribute z:Ref="i107"/><isCustomized>false</isCustomized></URDFElement><URDFElement z:Id="i109" i:type="ParentLink"><Attributes><Attribute z:Id="i110"><AttributeType>link</AttributeType><IsRequired>true</IsRequired><Value i:type="a:string" xmlns:a="http://www.w3.org/2001/XMLSchema"/></Attribute></Attributes><ChildElements/><ElementName>parent</ElementName><required>true</required><NameAttribute z:Ref="i110"/></URDFElement><URDFElement z:Id="i111" i:type="ChildLink"><Attributes><Attribute z:Id="i112"><AttributeType>link</AttributeType><IsRequired>true</IsRequired><Value i:type="a:string" xmlns:a="http://www.w3.org/2001/XMLSchema"/></Attribute></Attributes><ChildElements/><ElementName>child</ElementName><required>true</required><NameAttribute z:Ref="i112"/></URDFElement><URDFElement z:Id="i113" i:type="Axis"><Attributes><Attribute z:Id="i114"><AttributeType>xyz</AttributeType><IsRequired>true</IsRequired><Value i:type="a:ArrayOfdouble" xmlns:a="http://schemas.microsoft.com/2003/10/Serialization/Arrays"><a:double>0</a:double><a:double>0</a:double><a:double>0</a:double></Value></Attribute></Attributes><ChildElements/><ElementName>axis</ElementName><required>false</required><XYZAttribute z:Ref="i114"/></URDFElement><URDFElement z:Id="i115" i:type="Limit"><Attributes><Attribute z:Id="i116"><AttributeType>lower</AttributeType><IsRequired>false</IsRequired><Value i:nil="true"/></Attribute><Attribute z:Id="i117"><AttributeType>upper</AttributeType><IsRequired>false</IsRequired><Value i:nil="true"/></Attribute><Attribute z:Id="i118"><AttributeType>effort</AttributeType><IsRequired>true</IsRequired><Value i:nil="true"/></Attribute><Attribute z:Id="i119"><AttributeType>velocity</AttributeType><IsRequired>true</IsRequired><Value i:nil="true"/></Attribute></Attributes><ChildElements/><ElementName>limit</ElementName><required>false</required><EffortAttribute z:Ref="i118"/><LowerAttribute z:Ref="i116"/><UpperAttribute z:Ref="i117"/><VelocityAttribute z:Ref="i119"/></URDFElement><URDFElement z:Id="i120" i:type="Calibration"><Attributes><Attribute z:Id="i121"><AttributeType>rising</AttributeType><IsRequired>false</IsRequired><Value i:nil="true"/></Attribute><Attribute z:Id="i122"><AttributeType>falling</AttributeType><IsRequired>false</IsRequired><Value i:nil="true"/></Attribute></Attributes><ChildElements/><ElementName>calibration</ElementName><required>false</required><FallingAttribute z:Ref="i122"/><RisingAttribute z:Ref="i121"/></URDFElement><URDFElement z:Id="i123" i:type="Dynamics"><Attributes><Attribute z:Id="i124"><AttributeType>damping</AttributeType><IsRequired>false</IsRequired><Value i:nil="true"/></Attribute><Attribute z:Id="i125"><AttributeType>friction</AttributeType><IsRequired>false</IsRequired><Value i:nil="true"/></Attribute></Attributes><ChildElements/><ElementName>dynamics</ElementName><required>false</required><DampingAttribute z:Ref="i124"/><FrictionAttribute z:Ref="i125"/></URDFElement><URDFElement z:Id="i126" i:type="SafetyController"><Attributes><Attribute z:Id="i127"><AttributeType>soft_upper_limit</AttributeType><IsRequired>false</IsRequired><Value i:nil="true"/></Attribute><Attribute z:Id="i128"><AttributeType>soft_lower_limit</AttributeType><IsRequired>false</IsRequired><Value i:nil="true"/></Attribute><Attribute z:Id="i129"><AttributeType>k_position</AttributeType><IsRequired>false</IsRequired><Value i:nil="true"/></Attribute><Attribute z:Id="i130"><AttributeType>k_velocity</AttributeType><IsRequired>true</IsRequired><Value i:nil="true"/></Attribute></Attributes><ChildElements/><ElementName>safety_controller</ElementName><required>false</required><KPositionAttribute z:Ref="i129"/><KVelocityAttribute z:Ref="i130"/><SoftLowerAttribute z:Ref="i128"/><SoftUpperAttribute z:Ref="i127"/></URDFElement><URDFElement z:Id="i131" i:type="Mimic"><Attributes><Attribute z:Id="i132"><AttributeType>joint</AttributeType><IsRequired>true</IsRequired><Value i:nil="true"/></Attribute><Attribute z:Id="i133"><AttributeType>multiplier</AttributeType><IsRequired>false</IsRequired><Value i:nil="true"/></Attribute><Attribute z:Id="i134"><AttributeType>offset</AttributeType><IsRequired>false</IsRequired><Value i:nil="true"/></Attribute></Attributes><ChildElements/><ElementName>mimic</ElementName><required>false</required><JointNameAttribute z:Ref="i132"/><MultiplierAttribute z:Ref="i133"/><OffsetAttribute z:Ref="i134"/></URDFElement></ChildElements><ElementName>joint</ElementName><required>false</required><Axis z:Ref="i113"/><AxisName>?????????13</AxisName><Calibration z:Ref="i120"/><Child z:Ref="i111"/><CoordinateSystemName>?????????13</CoordinateSystemName><Dynamics z:Ref="i123"/><Limit z:Ref="i115"/><Mimic z:Ref="i131"/><NameAttribute z:Ref="i104"/><Origin z:Ref="i106"/><Parent z:Ref="i109"/><Safety z:Ref="i126"/><TypeAttribute z:Ref="i105"/></URDFElement></ChildElements><ElementName>link</ElementName><required>true</required><Children><Link z:Id="i135"><Attributes><Attribute z:Id="i136"><AttributeType>name</AttributeType><IsRequired>true</IsRequired><Value i:type="a:string" xmlns:a="http://www.w3.org/2001/XMLSchema">Link12</Value></Attribute></Attributes><ChildElements><URDFElement z:Id="i137" i:type="Inertial"><Attributes/><ChildElements><URDFElement z:Id="i138" i:type="Origin"><Attributes><Attribute z:Id="i139"><AttributeType>xyz</AttributeType><IsRequired>true</IsRequired><Value i:type="a:ArrayOfdouble" xmlns:a="http://schemas.microsoft.com/2003/10/Serialization/Arrays"><a:double>0</a:double><a:double>0</a:double><a:double>0</a:double></Value></Attribute><Attribute z:Id="i140"><AttributeType>rpy</AttributeType><IsRequired>true</IsRequired><Value i:type="a:ArrayOfdouble" xmlns:a="http://schemas.microsoft.com/2003/10/Serialization/Arrays"><a:double>0</a:double><a:double>0</a:double><a:double>0</a:double></Value></Attribute></Attributes><ChildElements/><ElementName>origin</ElementName><required>false</required><RPYAttribute z:Ref="i140"/><XYZAttribute z:Ref="i139"/><isCustomized>false</isCustomized></URDFElement><URDFElement z:Id="i141" i:type="Mass"><Attributes><Attribute z:Id="i142"><AttributeType>value</AttributeType><IsRequired>true</IsRequired><Value i:type="a:double" xmlns:a="http://www.w3.org/2001/XMLSchema">0</Value></Attribute></Attributes><ChildElements/><ElementName>mass</ElementName><required>false</required><ValueAttribute z:Ref="i142"/></URDFElement><URDFElement z:Id="i143" i:type="Inertia"><Attributes><Attribute z:Id="i144"><AttributeType>ixx</AttributeType><IsRequired>true</IsRequired><Value i:type="a:double" xmlns:a="http://www.w3.org/2001/XMLSchema">0</Value></Attribute><Attribute z:Id="i145"><AttributeType>ixy</AttributeType><IsRequired>true</IsRequired><Value i:type="a:double" xmlns:a="http://www.w3.org/2001/XMLSchema">0</Value></Attribute><Attribute z:Id="i146"><AttributeType>ixz</AttributeType><IsRequired>true</IsRequired><Value i:type="a:double" xmlns:a="http://www.w3.org/2001/XMLSchema">0</Value></Attribute><Attribute z:Id="i147"><AttributeType>iyy</AttributeType><IsRequired>true</IsRequired><Value i:type="a:double" xmlns:a="http://www.w3.org/2001/XMLSchema">0</Value></Attribute><Attribute z:Id="i148"><AttributeType>iyz</AttributeType><IsRequired>true</IsRequired><Value i:type="a:double" xmlns:a="http://www.w3.org/2001/XMLSchema">0</Value></Attribute><Attribute z:Id="i149"><AttributeType>izz</AttributeType><IsRequired>true</IsRequired><Value i:type="a:double" xmlns:a="http://www.w3.org/2001/XMLSchema">0</Value></Attribute></Attributes><ChildElements/><ElementName>inertia</ElementName><required>false</required><IxxAttribute z:Ref="i144"/><IxyAttribute z:Ref="i145"/><IxzAttribute z:Ref="i146"/><IyyAttribute z:Ref="i147"/><IyzAttribute z:Ref="i148"/><IzzAttribute z:Ref="i149"/></URDFElement></ChildElements><ElementName>inertial</ElementName><required>false</required><Inertia z:Ref="i143"/><Mass z:Ref="i141"/><Origin z:Ref="i138"/></URDFElement><URDFElement z:Id="i150" i:type="Visual"><Attributes/><ChildElements><URDFElement z:Id="i151" i:type="Origin"><Attributes><Attribute z:Id="i152"><AttributeType>xyz</AttributeType><IsRequired>true</IsRequired><Value i:type="a:ArrayOfdouble" xmlns:a="http://schemas.microsoft.com/2003/10/Serialization/Arrays"><a:double>0</a:double><a:double>0</a:double><a:double>0</a:double></Value></Attribute><Attribute z:Id="i153"><AttributeType>rpy</AttributeType><IsRequired>true</IsRequired><Value i:type="a:ArrayOfdouble" xmlns:a="http://schemas.microsoft.com/2003/10/Serialization/Arrays"><a:double>0</a:double><a:double>0</a:double><a:double>0</a:double></Value></Attribute></Attributes><ChildElements/><ElementName>origin</ElementName><required>false</required><RPYAttribute z:Ref="i153"/><XYZAttribute z:Ref="i152"/><isCustomized>false</isCustomized></URDFElement><URDFElement z:Id="i154" i:type="Geometry"><Attributes/><ChildElements><URDFElement z:Id="i155" i:type="Mesh"><Attributes><Attribute z:Id="i156"><AttributeType>filename</AttributeType><IsRequired>true</IsRequired><Value i:nil="true"/></Attribute></Attributes><ChildElements/><ElementName>mesh</ElementName><required>false</required><FilenameAttribute z:Ref="i156"/></URDFElement></ChildElements><ElementName>geometry</ElementName><required>true</required><Mesh z:Ref="i155"/></URDFElement><URDFElement z:Id="i157" i:type="Material"><Attributes><Attribute z:Id="i158"><AttributeType>name</AttributeType><IsRequired>true</IsRequired><Value i:type="a:string" xmlns:a="http://www.w3.org/2001/XMLSchema"/></Attribute></Attributes><ChildElements><URDFElement z:Id="i159" i:type="Color"><Attributes><Attribute z:Id="i160"><AttributeType>rgba</AttributeType><IsRequired>true</IsRequired><Value i:type="a:ArrayOfdouble" xmlns:a="http://schemas.microsoft.com/2003/10/Serialization/Arrays"><a:double>1</a:double><a:double>1</a:double><a:double>1</a:double><a:double>1</a:double></Value></Attribute></Attributes><ChildElements/><ElementName>color</ElementName><required>false</required><RGBAAttribute z:Ref="i160"/></URDFElement><URDFElement z:Id="i161" i:type="Texture"><Attributes><Attribute z:Id="i162"><AttributeType>filename</AttributeType><IsRequired>true</IsRequired><Value i:nil="true"/></Attribute></Attributes><ChildElements/><ElementName>texture</ElementName><required>false</required><FilenameAttribute z:Ref="i162"/><wFilename/></URDFElement></ChildElements><ElementName>material</ElementName><required>false</required><Color z:Ref="i159"/><NameAttribute z:Ref="i158"/><Texture z:Ref="i161"/></URDFElement></ChildElements><ElementName>visual</ElementName><required>false</required><Geometry z:Ref="i154"/><Material z:Ref="i157"/><Origin z:Ref="i151"/></URDFElement><URDFElement z:Id="i163" i:type="Collision"><Attributes/><ChildElements><URDFElement z:Id="i164" i:type="Origin"><Attributes><Attribute z:Id="i165"><AttributeType>xyz</AttributeType><IsRequired>true</IsRequired><Value i:type="a:ArrayOfdouble" xmlns:a="http://schemas.microsoft.com/2003/10/Serialization/Arrays"><a:double>0</a:double><a:double>0</a:double><a:double>0</a:double></Value></Attribute><Attribute z:Id="i166"><AttributeType>rpy</AttributeType><IsRequired>true</IsRequired><Value i:type="a:ArrayOfdouble" xmlns:a="http://schemas.microsoft.com/2003/10/Serialization/Arrays"><a:double>0</a:double><a:double>0</a:double><a:double>0</a:double></Value></Attribute></Attributes><ChildElements/><ElementName>origin</ElementName><required>false</required><RPYAttribute z:Ref="i166"/><XYZAttribute z:Ref="i165"/><isCustomized>false</isCustomized></URDFElement><URDFElement z:Id="i167" i:type="Geometry"><Attributes/><ChildElements><URDFElement z:Id="i168" i:type="Mesh"><Attributes><Attribute z:Id="i169"><AttributeType>filename</AttributeType><IsRequired>true</IsRequired><Value i:nil="true"/></Attribute></Attributes><ChildElements/><ElementName>mesh</ElementName><required>false</required><FilenameAttribute z:Ref="i169"/></URDFElement></ChildElements><ElementName>geometry</ElementName><required>true</required><Mesh z:Ref="i168"/></URDFElement></ChildElements><ElementName>collision</ElementName><required>false</required><Geometry z:Ref="i167"/><Origin z:Ref="i164"/></URDFElement><URDFElement z:Id="i170" i:type="Joint"><Attributes><Attribute z:Id="i171"><AttributeType>name</AttributeType><IsRequired>true</IsRequired><Value i:type="a:string" xmlns:a="http://www.w3.org/2001/XMLSchema">Joint12</Value></Attribute><Attribute z:Id="i172"><AttributeType>type</AttributeType><IsRequired>true</IsRequired><Value i:type="a:string" xmlns:a="http://www.w3.org/2001/XMLSchema">revolute</Value></Attribute></Attributes><ChildElements><URDFElement z:Id="i173" i:type="Origin"><Attributes><Attribute z:Id="i174"><AttributeType>xyz</AttributeType><IsRequired>true</IsRequired><Value i:type="a:ArrayOfdouble" xmlns:a="http://schemas.microsoft.com/2003/10/Serialization/Arrays"><a:double>0</a:double><a:double>0</a:double><a:double>0</a:double></Value></Attribute><Attribute z:Id="i175"><AttributeType>rpy</AttributeType><IsRequired>true</IsRequired><Value i:type="a:ArrayOfdouble" xmlns:a="http://schemas.microsoft.com/2003/10/Serialization/Arrays"><a:double>0</a:double><a:double>0</a:double><a:double>0</a:double></Value></Attribute></Attributes><ChildElements/><ElementName>origin</ElementName><required>false</required><RPYAttribute z:Ref="i175"/><XYZAttribute z:Ref="i174"/><isCustomized>false</isCustomized></URDFElement><URDFElement z:Id="i176" i:type="ParentLink"><Attributes><Attribute z:Id="i177"><AttributeType>link</AttributeType><IsRequired>true</IsRequired><Value i:type="a:string" xmlns:a="http://www.w3.org/2001/XMLSchema"/></Attribute></Attributes><ChildElements/><ElementName>parent</ElementName><required>true</required><NameAttribute z:Ref="i177"/></URDFElement><URDFElement z:Id="i178" i:type="ChildLink"><Attributes><Attribute z:Id="i179"><AttributeType>link</AttributeType><IsRequired>true</IsRequired><Value i:type="a:string" xmlns:a="http://www.w3.org/2001/XMLSchema"/></Attribute></Attributes><ChildElements/><ElementName>child</ElementName><required>true</required><NameAttribute z:Ref="i179"/></URDFElement><URDFElement z:Id="i180" i:type="Axis"><Attributes><Attribute z:Id="i181"><AttributeType>xyz</AttributeType><IsRequired>true</IsRequired><Value i:type="a:ArrayOfdouble" xmlns:a="http://schemas.microsoft.com/2003/10/Serialization/Arrays"><a:double>0</a:double><a:double>0</a:double><a:double>0</a:double></Value></Attribute></Attributes><ChildElements/><ElementName>axis</ElementName><required>false</required><XYZAttribute z:Ref="i181"/></URDFElement><URDFElement z:Id="i182" i:type="Limit"><Attributes><Attribute z:Id="i183"><AttributeType>lower</AttributeType><IsRequired>false</IsRequired><Value i:nil="true"/></Attribute><Attribute z:Id="i184"><AttributeType>upper</AttributeType><IsRequired>false</IsRequired><Value i:nil="true"/></Attribute><Attribute z:Id="i185"><AttributeType>effort</AttributeType><IsRequired>true</IsRequired><Value i:nil="true"/></Attribute><Attribute z:Id="i186"><AttributeType>velocity</AttributeType><IsRequired>true</IsRequired><Value i:nil="true"/></Attribute></Attributes><ChildElements/><ElementName>limit</ElementName><required>false</required><EffortAttribute z:Ref="i185"/><LowerAttribute z:Ref="i183"/><UpperAttribute z:Ref="i184"/><VelocityAttribute z:Ref="i186"/></URDFElement><URDFElement z:Id="i187" i:type="Calibration"><Attributes><Attribute z:Id="i188"><AttributeType>rising</AttributeType><IsRequired>false</IsRequired><Value i:nil="true"/></Attribute><Attribute z:Id="i189"><AttributeType>falling</AttributeType><IsRequired>false</IsRequired><Value i:nil="true"/></Attribute></Attributes><ChildElements/><ElementName>calibration</ElementName><required>false</required><FallingAttribute z:Ref="i189"/><RisingAttribute z:Ref="i188"/></URDFElement><URDFElement z:Id="i190" i:type="Dynamics"><Attributes><Attribute z:Id="i191"><AttributeType>damping</AttributeType><IsRequired>false</IsRequired><Value i:nil="true"/></Attribute><Attribute z:Id="i192"><AttributeType>friction</AttributeType><IsRequired>false</IsRequired><Value i:nil="true"/></Attribute></Attributes><ChildElements/><ElementName>dynamics</ElementName><required>false</required><DampingAttribute z:Ref="i191"/><FrictionAttribute z:Ref="i192"/></URDFElement><URDFElement z:Id="i193" i:type="SafetyController"><Attributes><Attribute z:Id="i194"><AttributeType>soft_upper_limit</AttributeType><IsRequired>false</IsRequired><Value i:nil="true"/></Attribute><Attribute z:Id="i195"><AttributeType>soft_lower_limit</AttributeType><IsRequired>false</IsRequired><Value i:nil="true"/></Attribute><Attribute z:Id="i196"><AttributeType>k_position</AttributeType><IsRequired>false</IsRequired><Value i:nil="true"/></Attribute><Attribute z:Id="i197"><AttributeType>k_velocity</AttributeType><IsRequired>true</IsRequired><Value i:nil="true"/></Attribute></Attributes><ChildElements/><ElementName>safety_controller</ElementName><required>false</required><KPositionAttribute z:Ref="i196"/><KVelocityAttribute z:Ref="i197"/><SoftLowerAttribute z:Ref="i195"/><SoftUpperAttribute z:Ref="i194"/></URDFElement><URDFElement z:Id="i198" i:type="Mimic"><Attributes><Attribute z:Id="i199"><AttributeType>joint</AttributeType><IsRequired>true</IsRequired><Value i:nil="true"/></Attribute><Attribute z:Id="i200"><AttributeType>multiplier</AttributeType><IsRequired>false</IsRequired><Value i:nil="true"/></Attribute><Attribute z:Id="i201"><AttributeType>offset</AttributeType><IsRequired>false</IsRequired><Value i:nil="true"/></Attribute></Attributes><ChildElements/><ElementName>mimic</ElementName><required>false</required><JointNameAttribute z:Ref="i199"/><MultiplierAttribute z:Ref="i200"/><OffsetAttribute z:Ref="i201"/></URDFElement></ChildElements><ElementName>joint</ElementName><required>false</required><Axis z:Ref="i180"/><AxisName>?????????12</AxisName><Calibration z:Ref="i187"/><Child z:Ref="i178"/><CoordinateSystemName>?????????12</CoordinateSystemName><Dynamics z:Ref="i190"/><Limit z:Ref="i182"/><Mimic z:Ref="i198"/><NameAttribute z:Ref="i171"/><Origin z:Ref="i173"/><Parent z:Ref="i176"/><Safety z:Ref="i193"/><TypeAttribute z:Ref="i172"/></URDFElement></ChildElements><ElementName>link</ElementName><required>true</required><Children><Link z:Id="i202"><Attributes><Attribute z:Id="i203"><AttributeType>name</AttributeType><IsRequired>true</IsRequired><Value i:type="a:string" xmlns:a="http://www.w3.org/2001/XMLSchema">Link11</Value></Attribute></Attributes><ChildElements><URDFElement z:Id="i204" i:type="Inertial"><Attributes/><ChildElements><URDFElement z:Id="i205" i:type="Origin"><Attributes><Attribute z:Id="i206"><AttributeType>xyz</AttributeType><IsRequired>true</IsRequired><Value i:type="a:ArrayOfdouble" xmlns:a="http://schemas.microsoft.com/2003/10/Serialization/Arrays"><a:double>0</a:double><a:double>0</a:double><a:double>0</a:double></Value></Attribute><Attribute z:Id="i207"><AttributeType>rpy</AttributeType><IsRequired>true</IsRequired><Value i:type="a:ArrayOfdouble" xmlns:a="http://schemas.microsoft.com/2003/10/Serialization/Arrays"><a:double>0</a:double><a:double>0</a:double><a:double>0</a:double></Value></Attribute></Attributes><ChildElements/><ElementName>origin</ElementName><required>false</required><RPYAttribute z:Ref="i207"/><XYZAttribute z:Ref="i206"/><isCustomized>false</isCustomized></URDFElement><URDFElement z:Id="i208" i:type="Mass"><Attributes><Attribute z:Id="i209"><AttributeType>value</AttributeType><IsRequired>true</IsRequired><Value i:type="a:double" xmlns:a="http://www.w3.org/2001/XMLSchema">0</Value></Attribute></Attributes><ChildElements/><ElementName>mass</ElementName><required>false</required><ValueAttribute z:Ref="i209"/></URDFElement><URDFElement z:Id="i210" i:type="Inertia"><Attributes><Attribute z:Id="i211"><AttributeType>ixx</AttributeType><IsRequired>true</IsRequired><Value i:type="a:double" xmlns:a="http://www.w3.org/2001/XMLSchema">0</Value></Attribute><Attribute z:Id="i212"><AttributeType>ixy</AttributeType><IsRequired>true</IsRequired><Value i:type="a:double" xmlns:a="http://www.w3.org/2001/XMLSchema">0</Value></Attribute><Attribute z:Id="i213"><AttributeType>ixz</AttributeType><IsRequired>true</IsRequired><Value i:type="a:double" xmlns:a="http://www.w3.org/2001/XMLSchema">0</Value></Attribute><Attribute z:Id="i214"><AttributeType>iyy</AttributeType><IsRequired>true</IsRequired><Value i:type="a:double" xmlns:a="http://www.w3.org/2001/XMLSchema">0</Value></Attribute><Attribute z:Id="i215"><AttributeType>iyz</AttributeType><IsRequired>true</IsRequired><Value i:type="a:double" xmlns:a="http://www.w3.org/2001/XMLSchema">0</Value></Attribute><Attribute z:Id="i216"><AttributeType>izz</AttributeType><IsRequired>true</IsRequired><Value i:type="a:double" xmlns:a="http://www.w3.org/2001/XMLSchema">0</Value></Attribute></Attributes><ChildElements/><ElementName>inertia</ElementName><required>false</required><IxxAttribute z:Ref="i211"/><IxyAttribute z:Ref="i212"/><IxzAttribute z:Ref="i213"/><IyyAttribute z:Ref="i214"/><IyzAttribute z:Ref="i215"/><IzzAttribute z:Ref="i216"/></URDFElement></ChildElements><ElementName>inertial</ElementName><required>false</required><Inertia z:Ref="i210"/><Mass z:Ref="i208"/><Origin z:Ref="i205"/></URDFElement><URDFElement z:Id="i217" i:type="Visual"><Attributes/><ChildElements><URDFElement z:Id="i218" i:type="Origin"><Attributes><Attribute z:Id="i219"><AttributeType>xyz</AttributeType><IsRequired>true</IsRequired><Value i:type="a:ArrayOfdouble" xmlns:a="http://schemas.microsoft.com/2003/10/Serialization/Arrays"><a:double>0</a:double><a:double>0</a:double><a:double>0</a:double></Value></Attribute><Attribute z:Id="i220"><AttributeType>rpy</AttributeType><IsRequired>true</IsRequired><Value i:type="a:ArrayOfdouble" xmlns:a="http://schemas.microsoft.com/2003/10/Serialization/Arrays"><a:double>0</a:double><a:double>0</a:double><a:double>0</a:double></Value></Attribute></Attributes><ChildElements/><ElementName>origin</ElementName><required>false</required><RPYAttribute z:Ref="i220"/><XYZAttribute z:Ref="i219"/><isCustomized>false</isCustomized></URDFElement><URDFElement z:Id="i221" i:type="Geometry"><Attributes/><ChildElements><URDFElement z:Id="i222" i:type="Mesh"><Attributes><Attribute z:Id="i223"><AttributeType>filename</AttributeType><IsRequired>true</IsRequired><Value i:nil="true"/></Attribute></Attributes><ChildElements/><ElementName>mesh</ElementName><required>false</required><FilenameAttribute z:Ref="i223"/></URDFElement></ChildElements><ElementName>geometry</ElementName><required>true</required><Mesh z:Ref="i222"/></URDFElement><URDFElement z:Id="i224" i:type="Material"><Attributes><Attribute z:Id="i225"><AttributeType>name</AttributeType><IsRequired>true</IsRequired><Value i:type="a:string" xmlns:a="http://www.w3.org/2001/XMLSchema"/></Attribute></Attributes><ChildElements><URDFElement z:Id="i226" i:type="Color"><Attributes><Attribute z:Id="i227"><AttributeType>rgba</AttributeType><IsRequired>true</IsRequired><Value i:type="a:ArrayOfdouble" xmlns:a="http://schemas.microsoft.com/2003/10/Serialization/Arrays"><a:double>1</a:double><a:double>1</a:double><a:double>1</a:double><a:double>1</a:double></Value></Attribute></Attributes><ChildElements/><ElementName>color</ElementName><required>false</required><RGBAAttribute z:Ref="i227"/></URDFElement><URDFElement z:Id="i228" i:type="Texture"><Attributes><Attribute z:Id="i229"><AttributeType>filename</AttributeType><IsRequired>true</IsRequired><Value i:nil="true"/></Attribute></Attributes><ChildElements/><ElementName>texture</ElementName><required>false</required><FilenameAttribute z:Ref="i229"/><wFilename/></URDFElement></ChildElements><ElementName>material</ElementName><required>false</required><Color z:Ref="i226"/><NameAttribute z:Ref="i225"/><Texture z:Ref="i228"/></URDFElement></ChildElements><ElementName>visual</ElementName><required>false</required><Geometry z:Ref="i221"/><Material z:Ref="i224"/><Origin z:Ref="i218"/></URDFElement><URDFElement z:Id="i230" i:type="Collision"><Attributes/><ChildElements><URDFElement z:Id="i231" i:type="Origin"><Attributes><Attribute z:Id="i232"><AttributeType>xyz</AttributeType><IsRequired>true</IsRequired><Value i:type="a:ArrayOfdouble" xmlns:a="http://schemas.microsoft.com/2003/10/Serialization/Arrays"><a:double>0</a:double><a:double>0</a:double><a:double>0</a:double></Value></Attribute><Attribute z:Id="i233"><AttributeType>rpy</AttributeType><IsRequired>true</IsRequired><Value i:type="a:ArrayOfdouble" xmlns:a="http://schemas.microsoft.com/2003/10/Serialization/Arrays"><a:double>0</a:double><a:double>0</a:double><a:double>0</a:double></Value></Attribute></Attributes><ChildElements/><ElementName>origin</ElementName><required>false</required><RPYAttribute z:Ref="i233"/><XYZAttribute z:Ref="i232"/><isCustomized>false</isCustomized></URDFElement><URDFElement z:Id="i234" i:type="Geometry"><Attributes/><ChildElements><URDFElement z:Id="i235" i:type="Mesh"><Attributes><Attribute z:Id="i236"><AttributeType>filename</AttributeType><IsRequired>true</IsRequired><Value i:nil="true"/></Attribute></Attributes><ChildElements/><ElementName>mesh</ElementName><required>false</required><FilenameAttribute z:Ref="i236"/></URDFElement></ChildElements><ElementName>geometry</ElementName><required>true</required><Mesh z:Ref="i235"/></URDFElement></ChildElements><ElementName>collision</ElementName><required>false</required><Geometry z:Ref="i234"/><Origin z:Ref="i231"/></URDFElement><URDFElement z:Id="i237" i:type="Joint"><Attributes><Attribute z:Id="i238"><AttributeType>name</AttributeType><IsRequired>true</IsRequired><Value i:type="a:string" xmlns:a="http://www.w3.org/2001/XMLSchema">Joint11</Value></Attribute><Attribute z:Id="i239"><AttributeType>type</AttributeType><IsRequired>true</IsRequired><Value i:type="a:string" xmlns:a="http://www.w3.org/2001/XMLSchema">revolute</Value></Attribute></Attributes><ChildElements><URDFElement z:Id="i240" i:type="Origin"><Attributes><Attribute z:Id="i241"><AttributeType>xyz</AttributeType><IsRequired>true</IsRequired><Value i:type="a:ArrayOfdouble" xmlns:a="http://schemas.microsoft.com/2003/10/Serialization/Arrays"><a:double>0</a:double><a:double>0</a:double><a:double>0</a:double></Value></Attribute><Attribute z:Id="i242"><AttributeType>rpy</AttributeType><IsRequired>true</IsRequired><Value i:type="a:ArrayOfdouble" xmlns:a="http://schemas.microsoft.com/2003/10/Serialization/Arrays"><a:double>0</a:double><a:double>0</a:double><a:double>0</a:double></Value></Attribute></Attributes><ChildElements/><ElementName>origin</ElementName><required>false</required><RPYAttribute z:Ref="i242"/><XYZAttribute z:Ref="i241"/><isCustomized>false</isCustomized></URDFElement><URDFElement z:Id="i243" i:type="ParentLink"><Attributes><Attribute z:Id="i244"><AttributeType>link</AttributeType><IsRequired>true</IsRequired><Value i:type="a:string" xmlns:a="http://www.w3.org/2001/XMLSchema"/></Attribute></Attributes><ChildElements/><ElementName>parent</ElementName><required>true</required><NameAttribute z:Ref="i244"/></URDFElement><URDFElement z:Id="i245" i:type="ChildLink"><Attributes><Attribute z:Id="i246"><AttributeType>link</AttributeType><IsRequired>true</IsRequired><Value i:type="a:string" xmlns:a="http://www.w3.org/2001/XMLSchema"/></Attribute></Attributes><ChildElements/><ElementName>child</ElementName><required>true</required><NameAttribute z:Ref="i246"/></URDFElement><URDFElement z:Id="i247" i:type="Axis"><Attributes><Attribute z:Id="i248"><AttributeType>xyz</AttributeType><IsRequired>true</IsRequired><Value i:type="a:ArrayOfdouble" xmlns:a="http://schemas.microsoft.com/2003/10/Serialization/Arrays"><a:double>0</a:double><a:double>0</a:double><a:double>0</a:double></Value></Attribute></Attributes><ChildElements/><ElementName>axis</ElementName><required>false</required><XYZAttribute z:Ref="i248"/></URDFElement><URDFElement z:Id="i249" i:type="Limit"><Attributes><Attribute z:Id="i250"><AttributeType>lower</AttributeType><IsRequired>false</IsRequired><Value i:nil="true"/></Attribute><Attribute z:Id="i251"><AttributeType>upper</AttributeType><IsRequired>false</IsRequired><Value i:nil="true"/></Attribute><Attribute z:Id="i252"><AttributeType>effort</AttributeType><IsRequired>true</IsRequired><Value i:nil="true"/></Attribute><Attribute z:Id="i253"><AttributeType>velocity</AttributeType><IsRequired>true</IsRequired><Value i:nil="true"/></Attribute></Attributes><ChildElements/><ElementName>limit</ElementName><required>false</required><EffortAttribute z:Ref="i252"/><LowerAttribute z:Ref="i250"/><UpperAttribute z:Ref="i251"/><VelocityAttribute z:Ref="i253"/></URDFElement><URDFElement z:Id="i254" i:type="Calibration"><Attributes><Attribute z:Id="i255"><AttributeType>rising</AttributeType><IsRequired>false</IsRequired><Value i:nil="true"/></Attribute><Attribute z:Id="i256"><AttributeType>falling</AttributeType><IsRequired>false</IsRequired><Value i:nil="true"/></Attribute></Attributes><ChildElements/><ElementName>calibration</ElementName><required>false</required><FallingAttribute z:Ref="i256"/><RisingAttribute z:Ref="i255"/></URDFElement><URDFElement z:Id="i257" i:type="Dynamics"><Attributes><Attribute z:Id="i258"><AttributeType>damping</AttributeType><IsRequired>false</IsRequired><Value i:nil="true"/></Attribute><Attribute z:Id="i259"><AttributeType>friction</AttributeType><IsRequired>false</IsRequired><Value i:nil="true"/></Attribute></Attributes><ChildElements/><ElementName>dynamics</ElementName><required>false</required><DampingAttribute z:Ref="i258"/><FrictionAttribute z:Ref="i259"/></URDFElement><URDFElement z:Id="i260" i:type="SafetyController"><Attributes><Attribute z:Id="i261"><AttributeType>soft_upper_limit</AttributeType><IsRequired>false</IsRequired><Value i:nil="true"/></Attribute><Attribute z:Id="i262"><AttributeType>soft_lower_limit</AttributeType><IsRequired>false</IsRequired><Value i:nil="true"/></Attribute><Attribute z:Id="i263"><AttributeType>k_position</AttributeType><IsRequired>false</IsRequired><Value i:nil="true"/></Attribute><Attribute z:Id="i264"><AttributeType>k_velocity</AttributeType><IsRequired>true</IsRequired><Value i:nil="true"/></Attribute></Attributes><ChildElements/><ElementName>safety_controller</ElementName><required>false</required><KPositionAttribute z:Ref="i263"/><KVelocityAttribute z:Ref="i264"/><SoftLowerAttribute z:Ref="i262"/><SoftUpperAttribute z:Ref="i261"/></URDFElement><URDFElement z:Id="i265" i:type="Mimic"><Attributes><Attribute z:Id="i266"><AttributeType>joint</AttributeType><IsRequired>true</IsRequired><Value i:nil="true"/></Attribute><Attribute z:Id="i267"><AttributeType>multiplier</AttributeType><IsRequired>false</IsRequired><Value i:nil="true"/></Attribute><Attribute z:Id="i268"><AttributeType>offset</AttributeType><IsRequired>false</IsRequired><Value i:nil="true"/></Attribute></Attributes><ChildElements/><ElementName>mimic</ElementName><required>false</required><JointNameAttribute z:Ref="i266"/><MultiplierAttribute z:Ref="i267"/><OffsetAttribute z:Ref="i268"/></URDFElement></ChildElements><ElementName>joint</ElementName><required>false</required><Axis z:Ref="i247"/><AxisName>?????????11</AxisName><Calibration z:Ref="i254"/><Child z:Ref="i245"/><CoordinateSystemName>?????????11</CoordinateSystemName><Dynamics z:Ref="i257"/><Limit z:Ref="i249"/><Mimic z:Ref="i265"/><NameAttribute z:Ref="i238"/><Origin z:Ref="i240"/><Parent z:Ref="i243"/><Safety z:Ref="i260"/><TypeAttribute z:Ref="i239"/></URDFElement></ChildElements><ElementName>link</ElementName><required>true</required><Children/><Collision z:Ref="i230"/><Inertial z:Ref="i204"/><Joint z:Ref="i237"/><NameAttribute z:Ref="i203"/><Parent z:Ref="i135"/><STLQualityFine>false</STLQualityFine><SWComponentPIDs xmlns:a="http://schemas.microsoft.com/2003/10/Serialization/Arrays"><a:base64Binary>sDYAAAUAAAD//v+BQwBUAEQASAAzAEYAMQAxADAALQBKADAAMQAtADAAMAAgAEtiB2PEfvZOLQAxADgAQABDAFQARABIADMARgAxADEAMAAgAAlOB2N1cOddS2IvAEMAVABEAEgAMwBGADEAMQAwAC0ASgAwADEALQAwADMAIAAHY+96xH72Ti0AMQBAAEMAVABEAEgAMwBGADEAMQAwAC0ASgAwADEALQAwADAAIABLYgdjxH72Ti8AQwBUAEQASAAzAEYAMQAxADAALQAwADkAIAAHY+96RXj2gKtXLQAxAEAAQwBUAEQASAAzAEYAMQAxADAALQBKADAAMQAtADAAMwAgAAdj73rEfvZOBAAAABAAAAABAAAAAwAAAJUJAABiCgAAVAcAAA==</a:base64Binary><a:base64Binary>sDYAAAUAAAD//v9+QwBUAEQASAAzAEYAMQAxADAALQBKADAAMQAtADAAMAAgAEtiB2PEfvZOLQAxADgAQABDAFQARABIADMARgAxADEAMAAgAAlOB2N1cOddS2IvAEMAVABEAEgAMwBGADEAMQAwAC0ASgAwADEALQAwADMAIAAHY+96xH72Ti0AMQBAAEMAVABEAEgAMwBGADEAMQAwAC0ASgAwADEALQAwADAAIABLYgdjxH72Ti8AQwBUAEQASAAzAEYAMQAxADAALQAwADUAIAAHY+96LQAxAEAAQwBUAEQASAAzAEYAMQAxADAALQBKADAAMQAtADAAMwAgAAdj73rEfvZOBAAAABAAAAABAAAAAwAAAJUJAABiCgAAUwcAAA==</a:base64Binary><a:base64Binary>sDYAAAUAAAD//v9VQwBUAEQASAAzAEYAMQAxADAALQBKADAAMQAtADAAMAAgAEtiB2PEfvZOLQAxADgAQABDAFQARABIADMARgAxADEAMAAgAAlOB2N1cOddS2IvAEMAVABEAEgAMwBGADEAMQAwAC0AMQA0ACAAS2IHY7qHHU5FePaAq1ctADcAQABDAFQARABIADMARgAxADEAMAAtAEoAMAAxAC0AMAAwACAAS2IHY8R+9k4EAAAAEAAAAAEAAAACAAAAlQkAALAIAAA=</a:base64Binary><a:base64Binary>sDYAAAUAAAD//v9VQwBUAEQASAAzAEYAMQAxADAALQBKADAAMQAtADAAMAAgAEtiB2PEfvZOLQAxADgAQABDAFQARABIADMARgAxADEAMAAgAAlOB2N1cOddS2IvAEMAVABEAEgAMwBGADEAMQAwAC0AMQA0ACAAS2IHY7qHHU5FePaAq1ctADYAQABDAFQARABIADMARgAxADEAMAAtAEoAMAAxAC0AMAAwACAAS2IHY8R+9k4EAAAAEAAAAAEAAAACAAAAlQkAAKwIAAA=</a:base64Binary></SWComponentPIDs><SWMainComponentPID i:nil="true"/><Visual z:Ref="i217"/><isFixedFrame>false</isFixedFrame><isIncomplete>false</isIncomplete></Link></Children><Collision z:Ref="i163"/><Inertial z:Ref="i137"/><Joint z:Ref="i170"/><NameAttribute z:Ref="i136"/><Parent z:Ref="i68"/><STLQualityFine>false</STLQualityFine><SWComponentPIDs xmlns:a="http://schemas.microsoft.com/2003/10/Serialization/Arrays"><a:base64Binary>sDYAAAUAAAD//v9+QwBUAEQASAAzAEYAMQAxADAALQBKADAAMQAtADAAMAAgAEtiB2PEfvZOLQAxADgAQABDAFQARABIADMARgAxADEAMAAgAAlOB2N1cOddS2IvAEMAVABEAEgAMwBGADEAMQAwAC0ASgAwADEALQAwADIAIAAHY3mBxH72Ti0AMQBAAEMAVABEAEgAMwBGADEAMQAwAC0ASgAwADEALQAwADAAIABLYgdjxH72Ti8AQwBUAEQASAAzAEYAMQAxADAALQAwADQAIAAHY3mBLQAyAEAAQwBUAEQASAAzAEYAMQAxADAALQBKADAAMQAtADAAMgAgAAdjeYHEfvZOBAAAABAAAAABAAAAAwAAAJUJAACaBwAABwgAAA==</a:base64Binary><a:base64Binary>sDYAAAUAAAD//v+BQwBUAEQASAAzAEYAMQAxADAALQBKADAAMQAtADAAMAAgAEtiB2PEfvZOLQAxADgAQABDAFQARABIADMARgAxADEAMAAgAAlOB2N1cOddS2IvAEMAVABEAEgAMwBGADEAMQAwAC0ASgAwADEALQAwADIAIAAHY3mBxH72Ti0AMQBAAEMAVABEAEgAMwBGADEAMQAwAC0ASgAwADEALQAwADAAIABLYgdjxH72Ti8AQwBUAEQASAAzAEYAMQAxADAALQAxADUAIAAHY3mBRXj2gKtXLQAxAEAAQwBUAEQASAAzAEYAMQAxADAALQBKADAAMQAtADAAMgAgAAdjeYHEfvZOBAAAABAAAAABAAAAAwAAAJUJAACaBwAAAwgAAA==</a:base64Binary><a:base64Binary>sDYAAAUAAAD//v+BQwBUAEQASAAzAEYAMQAxADAALQBKADAAMQAtADAAMAAgAEtiB2PEfvZOLQAxADgAQABDAFQARABIADMARgAxADEAMAAgAAlOB2N1cOddS2IvAEMAVABEAEgAMwBGADEAMQAwAC0ASgAwADEALQAwADIAIAAHY3mBxH72Ti0AMQBAAEMAVABEAEgAMwBGADEAMQAwAC0ASgAwADEALQAwADAAIABLYgdjxH72Ti8AQwBUAEQASAAzAEYAMQAxADAALQAwADcAIAAHY3mBCk7Wdn9nLQAxAEAAQwBUAEQASAAzAEYAMQAxADAALQBKADAAMQAtADAAMgAgAAdjeYHEfvZOBAAAABAAAAABAAAAAwAAAJUJAACaBwAAdwcAAA==</a:base64Binary><a:base64Binary>sDYAAAUAAAD//v+BQwBUAEQASAAzAEYAMQAxADAALQBKADAAMQAtADAAMAAgAEtiB2PEfvZOLQAxADgAQABDAFQARABIADMARgAxADEAMAAgAAlOB2N1cOddS2IvAEMAVABEAEgAMwBGADEAMQAwAC0ASgAwADEALQAwADIAIAAHY3mBxH72Ti0AMQBAAEMAVABEAEgAMwBGADEAMQAwAC0ASgAwADEALQAwADAAIABLYgdjxH72Ti8AQwBUAEQASAAzAEYAMQAxADAALQAwADYAIAAHY3mBC07Wdn9nLQAxAEAAQwBUAEQASAAzAEYAMQAxADAALQBKADAAMQAtADAAMgAgAAdjeYHEfvZOBAAAABAAAAABAAAAAwAAAJUJAACaBwAAcwcAAA==</a:base64Binary></SWComponentPIDs><SWMainComponentPID i:nil="true"/><Visual z:Ref="i150"/><isFixedFrame>false</isFixedFrame><isIncomplete>false</isIncomplete></Link></Children><Collision z:Ref="i96"/><Inertial z:Ref="i70"/><Joint z:Ref="i103"/><NameAttribute z:Ref="i69"/><Parent z:Ref="i1"/><STLQualityFine>false</STLQualityFine><SWComponentPIDs xmlns:a="http://schemas.microsoft.com/2003/10/Serialization/Arrays"><a:base64Binary>sDYAAAUAAAD//v+BQwBUAEQASAAzAEYAMQAxADAALQBKADAAMQAtADAAMAAgAEtiB2PEfvZOLQAxADgAQABDAFQARABIADMARgAxADEAMAAgAAlOB2N1cOddS2IvAEMAVABEAEgAMwBGADEAMQAwAC0ASgAwADEALQAwADEAIAAHYzloxH72Ti0AMQBAAEMAVABEAEgAMwBGADEAMQAwAC0ASgAwADEALQAwADAAIABLYgdjxH72Ti8AQwBUAEQASAAzAEYAMQAxADAALQAwADMAIAAHYzlo3o+lY1dXLQAxAEAAQwBUAEQASAAzAEYAMQAxADAALQBKADAAMQAtADAAMQAgAAdjOWjEfvZOBAAAABAAAAABAAAAAwAAAJUJAABhBwAAXAgAAA==</a:base64Binary><a:base64Binary>sDYAAAUAAAD//v9VQwBUAEQASAAzAEYAMQAxADAALQBKADAAMQAtADAAMAAgAEtiB2PEfvZOLQAxADgAQABDAFQARABIADMARgAxADEAMAAgAAlOB2N1cOddS2IvAEMAVABEAEgAMwBGADEAMQAwAC0AMQA0ACAAS2IHY7qHHU5FePaAq1ctADgAQABDAFQARABIADMARgAxADEAMAAtAEoAMAAxAC0AMAAwACAAS2IHY8R+9k4EAAAAEAAAAAEAAAACAAAAlQkAAH4IAAA=</a:base64Binary><a:base64Binary>sDYAAAUAAAD//v9VQwBUAEQASAAzAEYAMQAxADAALQBKADAAMQAtADAAMAAgAEtiB2PEfvZOLQAxADgAQABDAFQARABIADMARgAxADEAMAAgAAlOB2N1cOddS2IvAEMAVABEAEgAMwBGADEAMQAwAC0AMQA0ACAAS2IHY7qHHU5FePaAq1ctADMAQABDAFQARABIADMARgAxADEAMAAtAEoAMAAxAC0AMAAwACAAS2IHY8R+9k4EAAAAEAAAAAEAAAACAAAAlQkAAIEIAAA=</a:base64Binary></SWComponentPIDs><SWMainComponentPID i:nil="true"/><Visual z:Ref="i83"/><isFixedFrame>false</isFixedFrame><isIncomplete>false</isIncomplete></Link><Link z:Id="i269"><Attributes><Attribute z:Id="i270"><AttributeType>name</AttributeType><IsRequired>true</IsRequired><Value i:type="a:string" xmlns:a="http://www.w3.org/2001/XMLSchema">Link23</Value></Attribute></Attributes><ChildElements><URDFElement z:Id="i271" i:type="Inertial"><Attributes/><ChildElements><URDFElement z:Id="i272" i:type="Origin"><Attributes><Attribute z:Id="i273"><AttributeType>xyz</AttributeType><IsRequired>true</IsRequired><Value i:type="a:ArrayOfdouble" xmlns:a="http://schemas.microsoft.com/2003/10/Serialization/Arrays"><a:double>0</a:double><a:double>0</a:double><a:double>0</a:double></Value></Attribute><Attribute z:Id="i274"><AttributeType>rpy</AttributeType><IsRequired>true</IsRequired><Value i:type="a:ArrayOfdouble" xmlns:a="http://schemas.microsoft.com/2003/10/Serialization/Arrays"><a:double>0</a:double><a:double>0</a:double><a:double>0</a:double></Value></Attribute></Attributes><ChildElements/><ElementName>origin</ElementName><required>false</required><RPYAttribute z:Ref="i274"/><XYZAttribute z:Ref="i273"/><isCustomized>false</isCustomized></URDFElement><URDFElement z:Id="i275" i:type="Mass"><Attributes><Attribute z:Id="i276"><AttributeType>value</AttributeType><IsRequired>true</IsRequired><Value i:type="a:double" xmlns:a="http://www.w3.org/2001/XMLSchema">0</Value></Attribute></Attributes><ChildElements/><ElementName>mass</ElementName><required>false</required><ValueAttribute z:Ref="i276"/></URDFElement><URDFElement z:Id="i277" i:type="Inertia"><Attributes><Attribute z:Id="i278"><AttributeType>ixx</AttributeType><IsRequired>true</IsRequired><Value i:type="a:double" xmlns:a="http://www.w3.org/2001/XMLSchema">0</Value></Attribute><Attribute z:Id="i279"><AttributeType>ixy</AttributeType><IsRequired>true</IsRequired><Value i:type="a:double" xmlns:a="http://www.w3.org/2001/XMLSchema">0</Value></Attribute><Attribute z:Id="i280"><AttributeType>ixz</AttributeType><IsRequired>true</IsRequired><Value i:type="a:double" xmlns:a="http://www.w3.org/2001/XMLSchema">0</Value></Attribute><Attribute z:Id="i281"><AttributeType>iyy</AttributeType><IsRequired>true</IsRequired><Value i:type="a:double" xmlns:a="http://www.w3.org/2001/XMLSchema">0</Value></Attribute><Attribute z:Id="i282"><AttributeType>iyz</AttributeType><IsRequired>true</IsRequired><Value i:type="a:double" xmlns:a="http://www.w3.org/2001/XMLSchema">0</Value></Attribute><Attribute z:Id="i283"><AttributeType>izz</AttributeType><IsRequired>true</IsRequired><Value i:type="a:double" xmlns:a="http://www.w3.org/2001/XMLSchema">0</Value></Attribute></Attributes><ChildElements/><ElementName>inertia</ElementName><required>false</required><IxxAttribute z:Ref="i278"/><IxyAttribute z:Ref="i279"/><IxzAttribute z:Ref="i280"/><IyyAttribute z:Ref="i281"/><IyzAttribute z:Ref="i282"/><IzzAttribute z:Ref="i283"/></URDFElement></ChildElements><ElementName>inertial</ElementName><required>false</required><Inertia z:Ref="i277"/><Mass z:Ref="i275"/><Origin z:Ref="i272"/></URDFElement><URDFElement z:Id="i284" i:type="Visual"><Attributes/><ChildElements><URDFElement z:Id="i285" i:type="Origin"><Attributes><Attribute z:Id="i286"><AttributeType>xyz</AttributeType><IsRequired>true</IsRequired><Value i:type="a:ArrayOfdouble" xmlns:a="http://schemas.microsoft.com/2003/10/Serialization/Arrays"><a:double>0</a:double><a:double>0</a:double><a:double>0</a:double></Value></Attribute><Attribute z:Id="i287"><AttributeType>rpy</AttributeType><IsRequired>true</IsRequired><Value i:type="a:ArrayOfdouble" xmlns:a="http://schemas.microsoft.com/2003/10/Serialization/Arrays"><a:double>0</a:double><a:double>0</a:double><a:double>0</a:double></Value></Attribute></Attributes><ChildElements/><ElementName>origin</ElementName><required>false</required><RPYAttribute z:Ref="i287"/><XYZAttribute z:Ref="i286"/><isCustomized>false</isCustomized></URDFElement><URDFElement z:Id="i288" i:type="Geometry"><Attributes/><ChildElements><URDFElement z:Id="i289" i:type="Mesh"><Attributes><Attribute z:Id="i290"><AttributeType>filename</AttributeType><IsRequired>true</IsRequired><Value i:nil="true"/></Attribute></Attributes><ChildElements/><ElementName>mesh</ElementName><required>false</required><FilenameAttribute z:Ref="i290"/></URDFElement></ChildElements><ElementName>geometry</ElementName><required>true</required><Mesh z:Ref="i289"/></URDFElement><URDFElement z:Id="i291" i:type="Material"><Attributes><Attribute z:Id="i292"><AttributeType>name</AttributeType><IsRequired>true</IsRequired><Value i:type="a:string" xmlns:a="http://www.w3.org/2001/XMLSchema"/></Attribute></Attributes><ChildElements><URDFElement z:Id="i293" i:type="Color"><Attributes><Attribute z:Id="i294"><AttributeType>rgba</AttributeType><IsRequired>true</IsRequired><Value i:type="a:ArrayOfdouble" xmlns:a="http://schemas.microsoft.com/2003/10/Serialization/Arrays"><a:double>1</a:double><a:double>1</a:double><a:double>1</a:double><a:double>1</a:double></Value></Attribute></Attributes><ChildElements/><ElementName>color</ElementName><required>false</required><RGBAAttribute z:Ref="i294"/></URDFElement><URDFElement z:Id="i295" i:type="Texture"><Attributes><Attribute z:Id="i296"><AttributeType>filename</AttributeType><IsRequired>true</IsRequired><Value i:nil="true"/></Attribute></Attributes><ChildElements/><ElementName>texture</ElementName><required>false</required><FilenameAttribute z:Ref="i296"/><wFilename/></URDFElement></ChildElements><ElementName>material</ElementName><required>false</required><Color z:Ref="i293"/><NameAttribute z:Ref="i292"/><Texture z:Ref="i295"/></URDFElement></ChildElements><ElementName>visual</ElementName><required>false</required><Geometry z:Ref="i288"/><Material z:Ref="i291"/><Origin z:Ref="i285"/></URDFElement><URDFElement z:Id="i297" i:type="Collision"><Attributes/><ChildElements><URDFElement z:Id="i298" i:type="Origin"><Attributes><Attribute z:Id="i299"><AttributeType>xyz</AttributeType><IsRequired>true</IsRequired><Value i:type="a:ArrayOfdouble" xmlns:a="http://schemas.microsoft.com/2003/10/Serialization/Arrays"><a:double>0</a:double><a:double>0</a:double><a:double>0</a:double></Value></Attribute><Attribute z:Id="i300"><AttributeType>rpy</AttributeType><IsRequired>true</IsRequired><Value i:type="a:ArrayOfdouble" xmlns:a="http://schemas.microsoft.com/2003/10/Serialization/Arrays"><a:double>0</a:double><a:double>0</a:double><a:double>0</a:double></Value></Attribute></Attributes><ChildElements/><ElementName>origin</ElementName><required>false</required><RPYAttribute z:Ref="i300"/><XYZAttribute z:Ref="i299"/><isCustomized>false</isCustomized></URDFElement><URDFElement z:Id="i301" i:type="Geometry"><Attributes/><ChildElements><URDFElement z:Id="i302" i:type="Mesh"><Attributes><Attribute z:Id="i303"><AttributeType>filename</AttributeType><IsRequired>true</IsRequired><Value i:nil="true"/></Attribute></Attributes><ChildElements/><ElementName>mesh</ElementName><required>false</required><FilenameAttribute z:Ref="i303"/></URDFElement></ChildElements><ElementName>geometry</ElementName><required>true</required><Mesh z:Ref="i302"/></URDFElement></ChildElements><ElementName>collision</ElementName><required>false</required><Geometry z:Ref="i301"/><Origin z:Ref="i298"/></URDFElement><URDFElement z:Id="i304" i:type="Joint"><Attributes><Attribute z:Id="i305"><AttributeType>name</AttributeType><IsRequired>true</IsRequired><Value i:type="a:string" xmlns:a="http://www.w3.org/2001/XMLSchema">Joint23</Value></Attribute><Attribute z:Id="i306"><AttributeType>type</AttributeType><IsRequired>true</IsRequired><Value i:type="a:string" xmlns:a="http://www.w3.org/2001/XMLSchema">revolute</Value></Attribute></Attributes><ChildElements><URDFElement z:Id="i307" i:type="Origin"><Attributes><Attribute z:Id="i308"><AttributeType>xyz</AttributeType><IsRequired>true</IsRequired><Value i:type="a:ArrayOfdouble" xmlns:a="http://schemas.microsoft.com/2003/10/Serialization/Arrays"><a:double>0</a:double><a:double>0</a:double><a:double>0</a:double></Value></Attribute><Attribute z:Id="i309"><AttributeType>rpy</AttributeType><IsRequired>true</IsRequired><Value i:type="a:ArrayOfdouble" xmlns:a="http://schemas.microsoft.com/2003/10/Serialization/Arrays"><a:double>0</a:double><a:double>0</a:double><a:double>0</a:double></Value></Attribute></Attributes><ChildElements/><ElementName>origin</ElementName><required>false</required><RPYAttribute z:Ref="i309"/><XYZAttribute z:Ref="i308"/><isCustomized>false</isCustomized></URDFElement><URDFElement z:Id="i310" i:type="ParentLink"><Attributes><Attribute z:Id="i311"><AttributeType>link</AttributeType><IsRequired>true</IsRequired><Value i:type="a:string" xmlns:a="http://www.w3.org/2001/XMLSchema"/></Attribute></Attributes><ChildElements/><ElementName>parent</ElementName><required>true</required><NameAttribute z:Ref="i311"/></URDFElement><URDFElement z:Id="i312" i:type="ChildLink"><Attributes><Attribute z:Id="i313"><AttributeType>link</AttributeType><IsRequired>true</IsRequired><Value i:type="a:string" xmlns:a="http://www.w3.org/2001/XMLSchema"/></Attribute></Attributes><ChildElements/><ElementName>child</ElementName><required>true</required><NameAttribute z:Ref="i313"/></URDFElement><URDFElement z:Id="i314" i:type="Axis"><Attributes><Attribute z:Id="i315"><AttributeType>xyz</AttributeType><IsRequired>true</IsRequired><Value i:type="a:ArrayOfdouble" xmlns:a="http://schemas.microsoft.com/2003/10/Serialization/Arrays"><a:double>0</a:double><a:double>0</a:double><a:double>0</a:double></Value></Attribute></Attributes><ChildElements/><ElementName>axis</ElementName><required>false</required><XYZAttribute z:Ref="i315"/></URDFElement><URDFElement z:Id="i316" i:type="Limit"><Attributes><Attribute z:Id="i317"><AttributeType>lower</AttributeType><IsRequired>false</IsRequired><Value i:nil="true"/></Attribute><Attribute z:Id="i318"><AttributeType>upper</AttributeType><IsRequired>false</IsRequired><Value i:nil="true"/></Attribute><Attribute z:Id="i319"><AttributeType>effort</AttributeType><IsRequired>true</IsRequired><Value i:nil="true"/></Attribute><Attribute z:Id="i320"><AttributeType>velocity</AttributeType><IsRequired>true</IsRequired><Value i:nil="true"/></Attribute></Attributes><ChildElements/><ElementName>limit</ElementName><required>false</required><EffortAttribute z:Ref="i319"/><LowerAttribute z:Ref="i317"/><UpperAttribute z:Ref="i318"/><VelocityAttribute z:Ref="i320"/></URDFElement><URDFElement z:Id="i321" i:type="Calibration"><Attributes><Attribute z:Id="i322"><AttributeType>rising</AttributeType><IsRequired>false</IsRequired><Value i:nil="true"/></Attribute><Attribute z:Id="i323"><AttributeType>falling</AttributeType><IsRequired>false</IsRequired><Value i:nil="true"/></Attribute></Attributes><ChildElements/><ElementName>calibration</ElementName><required>false</required><FallingAttribute z:Ref="i323"/><RisingAttribute z:Ref="i322"/></URDFElement><URDFElement z:Id="i324" i:type="Dynamics"><Attributes><Attribute z:Id="i325"><AttributeType>damping</AttributeType><IsRequired>false</IsRequired><Value i:nil="true"/></Attribute><Attribute z:Id="i326"><AttributeType>friction</AttributeType><IsRequired>false</IsRequired><Value i:nil="true"/></Attribute></Attributes><ChildElements/><ElementName>dynamics</ElementName><required>false</required><DampingAttribute z:Ref="i325"/><FrictionAttribute z:Ref="i326"/></URDFElement><URDFElement z:Id="i327" i:type="SafetyController"><Attributes><Attribute z:Id="i328"><AttributeType>soft_upper_limit</AttributeType><IsRequired>false</IsRequired><Value i:nil="true"/></Attribute><Attribute z:Id="i329"><AttributeType>soft_lower_limit</AttributeType><IsRequired>false</IsRequired><Value i:nil="true"/></Attribute><Attribute z:Id="i330"><AttributeType>k_position</AttributeType><IsRequired>false</IsRequired><Value i:nil="true"/></Attribute><Attribute z:Id="i331"><AttributeType>k_velocity</AttributeType><IsRequired>true</IsRequired><Value i:nil="true"/></Attribute></Attributes><ChildElements/><ElementName>safety_controller</ElementName><required>false</required><KPositionAttribute z:Ref="i330"/><KVelocityAttribute z:Ref="i331"/><SoftLowerAttribute z:Ref="i329"/><SoftUpperAttribute z:Ref="i328"/></URDFElement><URDFElement z:Id="i332" i:type="Mimic"><Attributes><Attribute z:Id="i333"><AttributeType>joint</AttributeType><IsRequired>true</IsRequired><Value i:nil="true"/></Attribute><Attribute z:Id="i334"><AttributeType>multiplier</AttributeType><IsRequired>false</IsRequired><Value i:nil="true"/></Attribute><Attribute z:Id="i335"><AttributeType>offset</AttributeType><IsRequired>false</IsRequired><Value i:nil="true"/></Attribute></Attributes><ChildElements/><ElementName>mimic</ElementName><required>false</required><JointNameAttribute z:Ref="i333"/><MultiplierAttribute z:Ref="i334"/><OffsetAttribute z:Ref="i335"/></URDFElement></ChildElements><ElementName>joint</ElementName><required>false</required><Axis z:Ref="i314"/><AxisName>?????????23</AxisName><Calibration z:Ref="i321"/><Child z:Ref="i312"/><CoordinateSystemName>?????????23</CoordinateSystemName><Dynamics z:Ref="i324"/><Limit z:Ref="i316"/><Mimic z:Ref="i332"/><NameAttribute z:Ref="i305"/><Origin z:Ref="i307"/><Parent z:Ref="i310"/><Safety z:Ref="i327"/><TypeAttribute z:Ref="i306"/></URDFElement></ChildElements><ElementName>link</ElementName><required>true</required><Children><Link z:Id="i336"><Attributes><Attribute z:Id="i337"><AttributeType>name</AttributeType><IsRequired>true</IsRequired><Value i:type="a:string" xmlns:a="http://www.w3.org/2001/XMLSchema">Link22</Value></Attribute></Attributes><ChildElements><URDFElement z:Id="i338" i:type="Inertial"><Attributes/><ChildElements><URDFElement z:Id="i339" i:type="Origin"><Attributes><Attribute z:Id="i340"><AttributeType>xyz</AttributeType><IsRequired>true</IsRequired><Value i:type="a:ArrayOfdouble" xmlns:a="http://schemas.microsoft.com/2003/10/Serialization/Arrays"><a:double>0</a:double><a:double>0</a:double><a:double>0</a:double></Value></Attribute><Attribute z:Id="i341"><AttributeType>rpy</AttributeType><IsRequired>true</IsRequired><Value i:type="a:ArrayOfdouble" xmlns:a="http://schemas.microsoft.com/2003/10/Serialization/Arrays"><a:double>0</a:double><a:double>0</a:double><a:double>0</a:double></Value></Attribute></Attributes><ChildElements/><ElementName>origin</ElementName><required>false</required><RPYAttribute z:Ref="i341"/><XYZAttribute z:Ref="i340"/><isCustomized>false</isCustomized></URDFElement><URDFElement z:Id="i342" i:type="Mass"><Attributes><Attribute z:Id="i343"><AttributeType>value</AttributeType><IsRequired>true</IsRequired><Value i:type="a:double" xmlns:a="http://www.w3.org/2001/XMLSchema">0</Value></Attribute></Attributes><ChildElements/><ElementName>mass</ElementName><required>false</required><ValueAttribute z:Ref="i343"/></URDFElement><URDFElement z:Id="i344" i:type="Inertia"><Attributes><Attribute z:Id="i345"><AttributeType>ixx</AttributeType><IsRequired>true</IsRequired><Value i:type="a:double" xmlns:a="http://www.w3.org/2001/XMLSchema">0</Value></Attribute><Attribute z:Id="i346"><AttributeType>ixy</AttributeType><IsRequired>true</IsRequired><Value i:type="a:double" xmlns:a="http://www.w3.org/2001/XMLSchema">0</Value></Attribute><Attribute z:Id="i347"><AttributeType>ixz</AttributeType><IsRequired>true</IsRequired><Value i:type="a:double" xmlns:a="http://www.w3.org/2001/XMLSchema">0</Value></Attribute><Attribute z:Id="i348"><AttributeType>iyy</AttributeType><IsRequired>true</IsRequired><Value i:type="a:double" xmlns:a="http://www.w3.org/2001/XMLSchema">0</Value></Attribute><Attribute z:Id="i349"><AttributeType>iyz</AttributeType><IsRequired>true</IsRequired><Value i:type="a:double" xmlns:a="http://www.w3.org/2001/XMLSchema">0</Value></Attribute><Attribute z:Id="i350"><AttributeType>izz</AttributeType><IsRequired>true</IsRequired><Value i:type="a:double" xmlns:a="http://www.w3.org/2001/XMLSchema">0</Value></Attribute></Attributes><ChildElements/><ElementName>inertia</ElementName><required>false</required><IxxAttribute z:Ref="i345"/><IxyAttribute z:Ref="i346"/><IxzAttribute z:Ref="i347"/><IyyAttribute z:Ref="i348"/><IyzAttribute z:Ref="i349"/><IzzAttribute z:Ref="i350"/></URDFElement></ChildElements><ElementName>inertial</ElementName><required>false</required><Inertia z:Ref="i344"/><Mass z:Ref="i342"/><Origin z:Ref="i339"/></URDFElement><URDFElement z:Id="i351" i:type="Visual"><Attributes/><ChildElements><URDFElement z:Id="i352" i:type="Origin"><Attributes><Attribute z:Id="i353"><AttributeType>xyz</AttributeType><IsRequired>true</IsRequired><Value i:type="a:ArrayOfdouble" xmlns:a="http://schemas.microsoft.com/2003/10/Serialization/Arrays"><a:double>0</a:double><a:double>0</a:double><a:double>0</a:double></Value></Attribute><Attribute z:Id="i354"><AttributeType>rpy</AttributeType><IsRequired>true</IsRequired><Value i:type="a:ArrayOfdouble" xmlns:a="http://schemas.microsoft.com/2003/10/Serialization/Arrays"><a:double>0</a:double><a:double>0</a:double><a:double>0</a:double></Value></Attribute></Attributes><ChildElements/><ElementName>origin</ElementName><required>false</required><RPYAttribute z:Ref="i354"/><XYZAttribute z:Ref="i353"/><isCustomized>false</isCustomized></URDFElement><URDFElement z:Id="i355" i:type="Geometry"><Attributes/><ChildElements><URDFElement z:Id="i356" i:type="Mesh"><Attributes><Attribute z:Id="i357"><AttributeType>filename</AttributeType><IsRequired>true</IsRequired><Value i:nil="true"/></Attribute></Attributes><ChildElements/><ElementName>mesh</ElementName><required>false</required><FilenameAttribute z:Ref="i357"/></URDFElement></ChildElements><ElementName>geometry</ElementName><required>true</required><Mesh z:Ref="i356"/></URDFElement><URDFElement z:Id="i358" i:type="Material"><Attributes><Attribute z:Id="i359"><AttributeType>name</AttributeType><IsRequired>true</IsRequired><Value i:type="a:string" xmlns:a="http://www.w3.org/2001/XMLSchema"/></Attribute></Attributes><ChildElements><URDFElement z:Id="i360" i:type="Color"><Attributes><Attribute z:Id="i361"><AttributeType>rgba</AttributeType><IsRequired>true</IsRequired><Value i:type="a:ArrayOfdouble" xmlns:a="http://schemas.microsoft.com/2003/10/Serialization/Arrays"><a:double>1</a:double><a:double>1</a:double><a:double>1</a:double><a:double>1</a:double></Value></Attribute></Attributes><ChildElements/><ElementName>color</ElementName><required>false</required><RGBAAttribute z:Ref="i361"/></URDFElement><URDFElement z:Id="i362" i:type="Texture"><Attributes><Attribute z:Id="i363"><AttributeType>filename</AttributeType><IsRequired>true</IsRequired><Value i:nil="true"/></Attribute></Attributes><ChildElements/><ElementName>texture</ElementName><required>false</required><FilenameAttribute z:Ref="i363"/><wFilename/></URDFElement></ChildElements><ElementName>material</ElementName><required>false</required><Color z:Ref="i360"/><NameAttribute z:Ref="i359"/><Texture z:Ref="i362"/></URDFElement></ChildElements><ElementName>visual</ElementName><required>false</required><Geometry z:Ref="i355"/><Material z:Ref="i358"/><Origin z:Ref="i352"/></URDFElement><URDFElement z:Id="i364" i:type="Collision"><Attributes/><ChildElements><URDFElement z:Id="i365" i:type="Origin"><Attributes><Attribute z:Id="i366"><AttributeType>xyz</AttributeType><IsRequired>true</IsRequired><Value i:type="a:ArrayOfdouble" xmlns:a="http://schemas.microsoft.com/2003/10/Serialization/Arrays"><a:double>0</a:double><a:double>0</a:double><a:double>0</a:double></Value></Attribute><Attribute z:Id="i367"><AttributeType>rpy</AttributeType><IsRequired>true</IsRequired><Value i:type="a:ArrayOfdouble" xmlns:a="http://schemas.microsoft.com/2003/10/Serialization/Arrays"><a:double>0</a:double><a:double>0</a:double><a:double>0</a:double></Value></Attribute></Attributes><ChildElements/><ElementName>origin</ElementName><required>false</required><RPYAttribute z:Ref="i367"/><XYZAttribute z:Ref="i366"/><isCustomized>false</isCustomized></URDFElement><URDFElement z:Id="i368" i:type="Geometry"><Attributes/><ChildElements><URDFElement z:Id="i369" i:type="Mesh"><Attributes><Attribute z:Id="i370"><AttributeType>filename</AttributeType><IsRequired>true</IsRequired><Value i:nil="true"/></Attribute></Attributes><ChildElements/><ElementName>mesh</ElementName><required>false</required><FilenameAttribute z:Ref="i370"/></URDFElement></ChildElements><ElementName>geometry</ElementName><required>true</required><Mesh z:Ref="i369"/></URDFElement></ChildElements><ElementName>collision</ElementName><required>false</required><Geometry z:Ref="i368"/><Origin z:Ref="i365"/></URDFElement><URDFElement z:Id="i371" i:type="Joint"><Attributes><Attribute z:Id="i372"><AttributeType>name</AttributeType><IsRequired>true</IsRequired><Value i:type="a:string" xmlns:a="http://www.w3.org/2001/XMLSchema">Joint22</Value></Attribute><Attribute z:Id="i373"><AttributeType>type</AttributeType><IsRequired>true</IsRequired><Value i:type="a:string" xmlns:a="http://www.w3.org/2001/XMLSchema">revolute</Value></Attribute></Attributes><ChildElements><URDFElement z:Id="i374" i:type="Origin"><Attributes><Attribute z:Id="i375"><AttributeType>xyz</AttributeType><IsRequired>true</IsRequired><Value i:type="a:ArrayOfdouble" xmlns:a="http://schemas.microsoft.com/2003/10/Serialization/Arrays"><a:double>0</a:double><a:double>0</a:double><a:double>0</a:double></Value></Attribute><Attribute z:Id="i376"><AttributeType>rpy</AttributeType><IsRequired>true</IsRequired><Value i:type="a:ArrayOfdouble" xmlns:a="http://schemas.microsoft.com/2003/10/Serialization/Arrays"><a:double>0</a:double><a:double>0</a:double><a:double>0</a:double></Value></Attribute></Attributes><ChildElements/><ElementName>origin</ElementName><required>false</required><RPYAttribute z:Ref="i376"/><XYZAttribute z:Ref="i375"/><isCustomized>false</isCustomized></URDFElement><URDFElement z:Id="i377" i:type="ParentLink"><Attributes><Attribute z:Id="i378"><AttributeType>link</AttributeType><IsRequired>true</IsRequired><Value i:type="a:string" xmlns:a="http://www.w3.org/2001/XMLSchema"/></Attribute></Attributes><ChildElements/><ElementName>parent</ElementName><required>true</required><NameAttribute z:Ref="i378"/></URDFElement><URDFElement z:Id="i379" i:type="ChildLink"><Attributes><Attribute z:Id="i380"><AttributeType>link</AttributeType><IsRequired>true</IsRequired><Value i:type="a:string" xmlns:a="http://www.w3.org/2001/XMLSchema"/></Attribute></Attributes><ChildElements/><ElementName>child</ElementName><required>true</required><NameAttribute z:Ref="i380"/></URDFElement><URDFElement z:Id="i381" i:type="Axis"><Attributes><Attribute z:Id="i382"><AttributeType>xyz</AttributeType><IsRequired>true</IsRequired><Value i:type="a:ArrayOfdouble" xmlns:a="http://schemas.microsoft.com/2003/10/Serialization/Arrays"><a:double>0</a:double><a:double>0</a:double><a:double>0</a:double></Value></Attribute></Attributes><ChildElements/><ElementName>axis</ElementName><required>false</required><XYZAttribute z:Ref="i382"/></URDFElement><URDFElement z:Id="i383" i:type="Limit"><Attributes><Attribute z:Id="i384"><AttributeType>lower</AttributeType><IsRequired>false</IsRequired><Value i:nil="true"/></Attribute><Attribute z:Id="i385"><AttributeType>upper</AttributeType><IsRequired>false</IsRequired><Value i:nil="true"/></Attribute><Attribute z:Id="i386"><AttributeType>effort</AttributeType><IsRequired>true</IsRequired><Value i:nil="true"/></Attribute><Attribute z:Id="i387"><AttributeType>velocity</AttributeType><IsRequired>true</IsRequired><Value i:nil="true"/></Attribute></Attributes><ChildElements/><ElementName>limit</ElementName><required>false</required><EffortAttribute z:Ref="i386"/><LowerAttribute z:Ref="i384"/><UpperAttribute z:Ref="i385"/><VelocityAttribute z:Ref="i387"/></URDFElement><URDFElement z:Id="i388" i:type="Calibration"><Attributes><Attribute z:Id="i389"><AttributeType>rising</AttributeType><IsRequired>false</IsRequired><Value i:nil="true"/></Attribute><Attribute z:Id="i390"><AttributeType>falling</AttributeType><IsRequired>false</IsRequired><Value i:nil="true"/></Attribute></Attributes><ChildElements/><ElementName>calibration</ElementName><required>false</required><FallingAttribute z:Ref="i390"/><RisingAttribute z:Ref="i389"/></URDFElement><URDFElement z:Id="i391" i:type="Dynamics"><Attributes><Attribute z:Id="i392"><AttributeType>damping</AttributeType><IsRequired>false</IsRequired><Value i:nil="true"/></Attribute><Attribute z:Id="i393"><AttributeType>friction</AttributeType><IsRequired>false</IsRequired><Value i:nil="true"/></Attribute></Attributes><ChildElements/><ElementName>dynamics</ElementName><required>false</required><DampingAttribute z:Ref="i392"/><FrictionAttribute z:Ref="i393"/></URDFElement><URDFElement z:Id="i394" i:type="SafetyController"><Attributes><Attribute z:Id="i395"><AttributeType>soft_upper_limit</AttributeType><IsRequired>false</IsRequired><Value i:nil="true"/></Attribute><Attribute z:Id="i396"><AttributeType>soft_lower_limit</AttributeType><IsRequired>false</IsRequired><Value i:nil="true"/></Attribute><Attribute z:Id="i397"><AttributeType>k_position</AttributeType><IsRequired>false</IsRequired><Value i:nil="true"/></Attribute><Attribute z:Id="i398"><AttributeType>k_velocity</AttributeType><IsRequired>true</IsRequired><Value i:nil="true"/></Attribute></Attributes><ChildElements/><ElementName>safety_controller</ElementName><required>false</required><KPositionAttribute z:Ref="i397"/><KVelocityAttribute z:Ref="i398"/><SoftLowerAttribute z:Ref="i396"/><SoftUpperAttribute z:Ref="i395"/></URDFElement><URDFElement z:Id="i399" i:type="Mimic"><Attributes><Attribute z:Id="i400"><AttributeType>joint</AttributeType><IsRequired>true</IsRequired><Value i:nil="true"/></Attribute><Attribute z:Id="i401"><AttributeType>multiplier</AttributeType><IsRequired>false</IsRequired><Value i:nil="true"/></Attribute><Attribute z:Id="i402"><AttributeType>offset</AttributeType><IsRequired>false</IsRequired><Value i:nil="true"/></Attribute></Attributes><ChildElements/><ElementName>mimic</ElementName><required>false</required><JointNameAttribute z:Ref="i400"/><MultiplierAttribute z:Ref="i401"/><OffsetAttribute z:Ref="i402"/></URDFElement></ChildElements><ElementName>joint</ElementName><required>false</required><Axis z:Ref="i381"/><AxisName>?????????22</AxisName><Calibration z:Ref="i388"/><Child z:Ref="i379"/><CoordinateSystemName>?????????22</CoordinateSystemName><Dynamics z:Ref="i391"/><Limit z:Ref="i383"/><Mimic z:Ref="i399"/><NameAttribute z:Ref="i372"/><Origin z:Ref="i374"/><Parent z:Ref="i377"/><Safety z:Ref="i394"/><TypeAttribute z:Ref="i373"/></URDFElement></ChildElements><ElementName>link</ElementName><required>true</required><Children><Link z:Id="i403"><Attributes><Attribute z:Id="i404"><AttributeType>name</AttributeType><IsRequired>true</IsRequired><Value i:type="a:string" xmlns:a="http://www.w3.org/2001/XMLSchema">Link21</Value></Attribute></Attributes><ChildElements><URDFElement z:Id="i405" i:type="Inertial"><Attributes/><ChildElements><URDFElement z:Id="i406" i:type="Origin"><Attributes><Attribute z:Id="i407"><AttributeType>xyz</AttributeType><IsRequired>true</IsRequired><Value i:type="a:ArrayOfdouble" xmlns:a="http://schemas.microsoft.com/2003/10/Serialization/Arrays"><a:double>0</a:double><a:double>0</a:double><a:double>0</a:double></Value></Attribute><Attribute z:Id="i408"><AttributeType>rpy</AttributeType><IsRequired>true</IsRequired><Value i:type="a:ArrayOfdouble" xmlns:a="http://schemas.microsoft.com/2003/10/Serialization/Arrays"><a:double>0</a:double><a:double>0</a:double><a:double>0</a:double></Value></Attribute></Attributes><ChildElements/><ElementName>origin</ElementName><required>false</required><RPYAttribute z:Ref="i408"/><XYZAttribute z:Ref="i407"/><isCustomized>false</isCustomized></URDFElement><URDFElement z:Id="i409" i:type="Mass"><Attributes><Attribute z:Id="i410"><AttributeType>value</AttributeType><IsRequired>true</IsRequired><Value i:type="a:double" xmlns:a="http://www.w3.org/2001/XMLSchema">0</Value></Attribute></Attributes><ChildElements/><ElementName>mass</ElementName><required>false</required><ValueAttribute z:Ref="i410"/></URDFElement><URDFElement z:Id="i411" i:type="Inertia"><Attributes><Attribute z:Id="i412"><AttributeType>ixx</AttributeType><IsRequired>true</IsRequired><Value i:type="a:double" xmlns:a="http://www.w3.org/2001/XMLSchema">0</Value></Attribute><Attribute z:Id="i413"><AttributeType>ixy</AttributeType><IsRequired>true</IsRequired><Value i:type="a:double" xmlns:a="http://www.w3.org/2001/XMLSchema">0</Value></Attribute><Attribute z:Id="i414"><AttributeType>ixz</AttributeType><IsRequired>true</IsRequired><Value i:type="a:double" xmlns:a="http://www.w3.org/2001/XMLSchema">0</Value></Attribute><Attribute z:Id="i415"><AttributeType>iyy</AttributeType><IsRequired>true</IsRequired><Value i:type="a:double" xmlns:a="http://www.w3.org/2001/XMLSchema">0</Value></Attribute><Attribute z:Id="i416"><AttributeType>iyz</AttributeType><IsRequired>true</IsRequired><Value i:type="a:double" xmlns:a="http://www.w3.org/2001/XMLSchema">0</Value></Attribute><Attribute z:Id="i417"><AttributeType>izz</AttributeType><IsRequired>true</IsRequired><Value i:type="a:double" xmlns:a="http://www.w3.org/2001/XMLSchema">0</Value></Attribute></Attributes><ChildElements/><ElementName>inertia</ElementName><required>false</required><IxxAttribute z:Ref="i412"/><IxyAttribute z:Ref="i413"/><IxzAttribute z:Ref="i414"/><IyyAttribute z:Ref="i415"/><IyzAttribute z:Ref="i416"/><IzzAttribute z:Ref="i417"/></URDFElement></ChildElements><ElementName>inertial</ElementName><required>false</required><Inertia z:Ref="i411"/><Mass z:Ref="i409"/><Origin z:Ref="i406"/></URDFElement><URDFElement z:Id="i418" i:type="Visual"><Attributes/><ChildElements><URDFElement z:Id="i419" i:type="Origin"><Attributes><Attribute z:Id="i420"><AttributeType>xyz</AttributeType><IsRequired>true</IsRequired><Value i:type="a:ArrayOfdouble" xmlns:a="http://schemas.microsoft.com/2003/10/Serialization/Arrays"><a:double>0</a:double><a:double>0</a:double><a:double>0</a:double></Value></Attribute><Attribute z:Id="i421"><AttributeType>rpy</AttributeType><IsRequired>true</IsRequired><Value i:type="a:ArrayOfdouble" xmlns:a="http://schemas.microsoft.com/2003/10/Serialization/Arrays"><a:double>0</a:double><a:double>0</a:double><a:double>0</a:double></Value></Attribute></Attributes><ChildElements/><ElementName>origin</ElementName><required>false</required><RPYAttribute z:Ref="i421"/><XYZAttribute z:Ref="i420"/><isCustomized>false</isCustomized></URDFElement><URDFElement z:Id="i422" i:type="Geometry"><Attributes/><ChildElements><URDFElement z:Id="i423" i:type="Mesh"><Attributes><Attribute z:Id="i424"><AttributeType>filename</AttributeType><IsRequired>true</IsRequired><Value i:nil="true"/></Attribute></Attributes><ChildElements/><ElementName>mesh</ElementName><required>false</required><FilenameAttribute z:Ref="i424"/></URDFElement></ChildElements><ElementName>geometry</ElementName><required>true</required><Mesh z:Ref="i423"/></URDFElement><URDFElement z:Id="i425" i:type="Material"><Attributes><Attribute z:Id="i426"><AttributeType>name</AttributeType><IsRequired>true</IsRequired><Value i:type="a:string" xmlns:a="http://www.w3.org/2001/XMLSchema"/></Attribute></Attributes><ChildElements><URDFElement z:Id="i427" i:type="Color"><Attributes><Attribute z:Id="i428"><AttributeType>rgba</AttributeType><IsRequired>true</IsRequired><Value i:type="a:ArrayOfdouble" xmlns:a="http://schemas.microsoft.com/2003/10/Serialization/Arrays"><a:double>1</a:double><a:double>1</a:double><a:double>1</a:double><a:double>1</a:double></Value></Attribute></Attributes><ChildElements/><ElementName>color</ElementName><required>false</required><RGBAAttribute z:Ref="i428"/></URDFElement><URDFElement z:Id="i429" i:type="Texture"><Attributes><Attribute z:Id="i430"><AttributeType>filename</AttributeType><IsRequired>true</IsRequired><Value i:nil="true"/></Attribute></Attributes><ChildElements/><ElementName>texture</ElementName><required>false</required><FilenameAttribute z:Ref="i430"/><wFilename/></URDFElement></ChildElements><ElementName>material</ElementName><required>false</required><Color z:Ref="i427"/><NameAttribute z:Ref="i426"/><Texture z:Ref="i429"/></URDFElement></ChildElements><ElementName>visual</ElementName><required>false</required><Geometry z:Ref="i422"/><Material z:Ref="i425"/><Origin z:Ref="i419"/></URDFElement><URDFElement z:Id="i431" i:type="Collision"><Attributes/><ChildElements><URDFElement z:Id="i432" i:type="Origin"><Attributes><Attribute z:Id="i433"><AttributeType>xyz</AttributeType><IsRequired>true</IsRequired><Value i:type="a:ArrayOfdouble" xmlns:a="http://schemas.microsoft.com/2003/10/Serialization/Arrays"><a:double>0</a:double><a:double>0</a:double><a:double>0</a:double></Value></Attribute><Attribute z:Id="i434"><AttributeType>rpy</AttributeType><IsRequired>true</IsRequired><Value i:type="a:ArrayOfdouble" xmlns:a="http://schemas.microsoft.com/2003/10/Serialization/Arrays"><a:double>0</a:double><a:double>0</a:double><a:double>0</a:double></Value></Attribute></Attributes><ChildElements/><ElementName>origin</ElementName><required>false</required><RPYAttribute z:Ref="i434"/><XYZAttribute z:Ref="i433"/><isCustomized>false</isCustomized></URDFElement><URDFElement z:Id="i435" i:type="Geometry"><Attributes/><ChildElements><URDFElement z:Id="i436" i:type="Mesh"><Attributes><Attribute z:Id="i437"><AttributeType>filename</AttributeType><IsRequired>true</IsRequired><Value i:nil="true"/></Attribute></Attributes><ChildElements/><ElementName>mesh</ElementName><required>false</required><FilenameAttribute z:Ref="i437"/></URDFElement></ChildElements><ElementName>geometry</ElementName><required>true</required><Mesh z:Ref="i436"/></URDFElement></ChildElements><ElementName>collision</ElementName><required>false</required><Geometry z:Ref="i435"/><Origin z:Ref="i432"/></URDFElement><URDFElement z:Id="i438" i:type="Joint"><Attributes><Attribute z:Id="i439"><AttributeType>name</AttributeType><IsRequired>true</IsRequired><Value i:type="a:string" xmlns:a="http://www.w3.org/2001/XMLSchema">Joint21</Value></Attribute><Attribute z:Id="i440"><AttributeType>type</AttributeType><IsRequired>true</IsRequired><Value i:type="a:string" xmlns:a="http://www.w3.org/2001/XMLSchema">revolute</Value></Attribute></Attributes><ChildElements><URDFElement z:Id="i441" i:type="Origin"><Attributes><Attribute z:Id="i442"><AttributeType>xyz</AttributeType><IsRequired>true</IsRequired><Value i:type="a:ArrayOfdouble" xmlns:a="http://schemas.microsoft.com/2003/10/Serialization/Arrays"><a:double>0</a:double><a:double>0</a:double><a:double>0</a:double></Value></Attribute><Attribute z:Id="i443"><AttributeType>rpy</AttributeType><IsRequired>true</IsRequired><Value i:type="a:ArrayOfdouble" xmlns:a="http://schemas.microsoft.com/2003/10/Serialization/Arrays"><a:double>0</a:double><a:double>0</a:double><a:double>0</a:double></Value></Attribute></Attributes><ChildElements/><ElementName>origin</ElementName><required>false</required><RPYAttribute z:Ref="i443"/><XYZAttribute z:Ref="i442"/><isCustomized>false</isCustomized></URDFElement><URDFElement z:Id="i444" i:type="ParentLink"><Attributes><Attribute z:Id="i445"><AttributeType>link</AttributeType><IsRequired>true</IsRequired><Value i:type="a:string" xmlns:a="http://www.w3.org/2001/XMLSchema"/></Attribute></Attributes><ChildElements/><ElementName>parent</ElementName><required>true</required><NameAttribute z:Ref="i445"/></URDFElement><URDFElement z:Id="i446" i:type="ChildLink"><Attributes><Attribute z:Id="i447"><AttributeType>link</AttributeType><IsRequired>true</IsRequired><Value i:type="a:string" xmlns:a="http://www.w3.org/2001/XMLSchema"/></Attribute></Attributes><ChildElements/><ElementName>child</ElementName><required>true</required><NameAttribute z:Ref="i447"/></URDFElement><URDFElement z:Id="i448" i:type="Axis"><Attributes><Attribute z:Id="i449"><AttributeType>xyz</AttributeType><IsRequired>true</IsRequired><Value i:type="a:ArrayOfdouble" xmlns:a="http://schemas.microsoft.com/2003/10/Serialization/Arrays"><a:double>0</a:double><a:double>0</a:double><a:double>0</a:double></Value></Attribute></Attributes><ChildElements/><ElementName>axis</ElementName><required>false</required><XYZAttribute z:Ref="i449"/></URDFElement><URDFElement z:Id="i450" i:type="Limit"><Attributes><Attribute z:Id="i451"><AttributeType>lower</AttributeType><IsRequired>false</IsRequired><Value i:nil="true"/></Attribute><Attribute z:Id="i452"><AttributeType>upper</AttributeType><IsRequired>false</IsRequired><Value i:nil="true"/></Attribute><Attribute z:Id="i453"><AttributeType>effort</AttributeType><IsRequired>true</IsRequired><Value i:nil="true"/></Attribute><Attribute z:Id="i454"><AttributeType>velocity</AttributeType><IsRequired>true</IsRequired><Value i:nil="true"/></Attribute></Attributes><ChildElements/><ElementName>limit</ElementName><required>false</required><EffortAttribute z:Ref="i453"/><LowerAttribute z:Ref="i451"/><UpperAttribute z:Ref="i452"/><VelocityAttribute z:Ref="i454"/></URDFElement><URDFElement z:Id="i455" i:type="Calibration"><Attributes><Attribute z:Id="i456"><AttributeType>rising</AttributeType><IsRequired>false</IsRequired><Value i:nil="true"/></Attribute><Attribute z:Id="i457"><AttributeType>falling</AttributeType><IsRequired>false</IsRequired><Value i:nil="true"/></Attribute></Attributes><ChildElements/><ElementName>calibration</ElementName><required>false</required><FallingAttribute z:Ref="i457"/><RisingAttribute z:Ref="i456"/></URDFElement><URDFElement z:Id="i458" i:type="Dynamics"><Attributes><Attribute z:Id="i459"><AttributeType>damping</AttributeType><IsRequired>false</IsRequired><Value i:nil="true"/></Attribute><Attribute z:Id="i460"><AttributeType>friction</AttributeType><IsRequired>false</IsRequired><Value i:nil="true"/></Attribute></Attributes><ChildElements/><ElementName>dynamics</ElementName><required>false</required><DampingAttribute z:Ref="i459"/><FrictionAttribute z:Ref="i460"/></URDFElement><URDFElement z:Id="i461" i:type="SafetyController"><Attributes><Attribute z:Id="i462"><AttributeType>soft_upper_limit</AttributeType><IsRequired>false</IsRequired><Value i:nil="true"/></Attribute><Attribute z:Id="i463"><AttributeType>soft_lower_limit</AttributeType><IsRequired>false</IsRequired><Value i:nil="true"/></Attribute><Attribute z:Id="i464"><AttributeType>k_position</AttributeType><IsRequired>false</IsRequired><Value i:nil="true"/></Attribute><Attribute z:Id="i465"><AttributeType>k_velocity</AttributeType><IsRequired>true</IsRequired><Value i:nil="true"/></Attribute></Attributes><ChildElements/><ElementName>safety_controller</ElementName><required>false</required><KPositionAttribute z:Ref="i464"/><KVelocityAttribute z:Ref="i465"/><SoftLowerAttribute z:Ref="i463"/><SoftUpperAttribute z:Ref="i462"/></URDFElement><URDFElement z:Id="i466" i:type="Mimic"><Attributes><Attribute z:Id="i467"><AttributeType>joint</AttributeType><IsRequired>true</IsRequired><Value i:nil="true"/></Attribute><Attribute z:Id="i468"><AttributeType>multiplier</AttributeType><IsRequired>false</IsRequired><Value i:nil="true"/></Attribute><Attribute z:Id="i469"><AttributeType>offset</AttributeType><IsRequired>false</IsRequired><Value i:nil="true"/></Attribute></Attributes><ChildElements/><ElementName>mimic</ElementName><required>false</required><JointNameAttribute z:Ref="i467"/><MultiplierAttribute z:Ref="i468"/><OffsetAttribute z:Ref="i469"/></URDFElement></ChildElements><ElementName>joint</ElementName><required>false</required><Axis z:Ref="i448"/><AxisName>?????????21</AxisName><Calibration z:Ref="i455"/><Child z:Ref="i446"/><CoordinateSystemName>?????????21</CoordinateSystemName><Dynamics z:Ref="i458"/><Limit z:Ref="i450"/><Mimic z:Ref="i466"/><NameAttribute z:Ref="i439"/><Origin z:Ref="i441"/><Parent z:Ref="i444"/><Safety z:Ref="i461"/><TypeAttribute z:Ref="i440"/></URDFElement></ChildElements><ElementName>link</ElementName><required>true</required><Children/><Collision z:Ref="i431"/><Inertial z:Ref="i405"/><Joint z:Ref="i438"/><NameAttribute z:Ref="i404"/><Parent z:Ref="i336"/><STLQualityFine>false</STLQualityFine><SWComponentPIDs xmlns:a="http://schemas.microsoft.com/2003/10/Serialization/Arrays"><a:base64Binary>sDYAAAUAAAD//v+BQwBUAEQASAAzAEYAMQAxADAALQBKADAAMQAtADAAMAAgAEtiB2PEfvZOLQAxADkAQABDAFQARABIADMARgAxADEAMAAgAAlOB2N1cOddS2IvAEMAVABEAEgAMwBGADEAMQAwAC0ASgAwADEALQAwADMAIAAHY+96xH72Ti0AMQBAAEMAVABEAEgAMwBGADEAMQAwAC0ASgAwADEALQAwADAAIABLYgdjxH72Ti8AQwBUAEQASAAzAEYAMQAxADAALQAwADkAIAAHY+96RXj2gKtXLQAxAEAAQwBUAEQASAAzAEYAMQAxADAALQBKADAAMQAtADAAMwAgAAdj73rEfvZOBAAAABAAAAABAAAAAwAAAJoJAABiCgAAVAcAAA==</a:base64Binary><a:base64Binary>sDYAAAUAAAD//v9+QwBUAEQASAAzAEYAMQAxADAALQBKADAAMQAtADAAMAAgAEtiB2PEfvZOLQAxADkAQABDAFQARABIADMARgAxADEAMAAgAAlOB2N1cOddS2IvAEMAVABEAEgAMwBGADEAMQAwAC0ASgAwADEALQAwADMAIAAHY+96xH72Ti0AMQBAAEMAVABEAEgAMwBGADEAMQAwAC0ASgAwADEALQAwADAAIABLYgdjxH72Ti8AQwBUAEQASAAzAEYAMQAxADAALQAwADUAIAAHY+96LQAxAEAAQwBUAEQASAAzAEYAMQAxADAALQBKADAAMQAtADAAMwAgAAdj73rEfvZOBAAAABAAAAABAAAAAwAAAJoJAABiCgAAUwcAAA==</a:base64Binary><a:base64Binary>sDYAAAUAAAD//v9VQwBUAEQASAAzAEYAMQAxADAALQBKADAAMQAtADAAMAAgAEtiB2PEfvZOLQAxADkAQABDAFQARABIADMARgAxADEAMAAgAAlOB2N1cOddS2IvAEMAVABEAEgAMwBGADEAMQAwAC0AMQA0ACAAS2IHY7qHHU5FePaAq1ctADYAQABDAFQARABIADMARgAxADEAMAAtAEoAMAAxAC0AMAAwACAAS2IHY8R+9k4EAAAAEAAAAAEAAAACAAAAmgkAAKwIAAA=</a:base64Binary><a:base64Binary>sDYAAAUAAAD//v9VQwBUAEQASAAzAEYAMQAxADAALQBKADAAMQAtADAAMAAgAEtiB2PEfvZOLQAxADkAQABDAFQARABIADMARgAxADEAMAAgAAlOB2N1cOddS2IvAEMAVABEAEgAMwBGADEAMQAwAC0AMQA0ACAAS2IHY7qHHU5FePaAq1ctADcAQABDAFQARABIADMARgAxADEAMAAtAEoAMAAxAC0AMAAwACAAS2IHY8R+9k4EAAAAEAAAAAEAAAACAAAAmgkAALAIAAA=</a:base64Binary></SWComponentPIDs><SWMainComponentPID i:nil="true"/><Visual z:Ref="i418"/><isFixedFrame>false</isFixedFrame><isIncomplete>false</isIncomplete></Link></Children><Collision z:Ref="i364"/><Inertial z:Ref="i338"/><Joint z:Ref="i371"/><NameAttribute z:Ref="i337"/><Parent z:Ref="i269"/><STLQualityFine>false</STLQualityFine><SWComponentPIDs xmlns:a="http://schemas.microsoft.com/2003/10/Serialization/Arrays"><a:base64Binary>sDYAAAUAAAD//v9+QwBUAEQASAAzAEYAMQAxADAALQBKADAAMQAtADAAMAAgAEtiB2PEfvZOLQAxADkAQABDAFQARABIADMARgAxADEAMAAgAAlOB2N1cOddS2IvAEMAVABEAEgAMwBGADEAMQAwAC0ASgAwADEALQAwADIAIAAHY3mBxH72Ti0AMQBAAEMAVABEAEgAMwBGADEAMQAwAC0ASgAwADEALQAwADAAIABLYgdjxH72Ti8AQwBUAEQASAAzAEYAMQAxADAALQAwADQAIAAHY3mBLQAyAEAAQwBUAEQASAAzAEYAMQAxADAALQBKADAAMQAtADAAMgAgAAdjeYHEfvZOBAAAABAAAAABAAAAAwAAAJoJAACaBwAABwgAAA==</a:base64Binary><a:base64Binary>sDYAAAUAAAD//v+BQwBUAEQASAAzAEYAMQAxADAALQBKADAAMQAtADAAMAAgAEtiB2PEfvZOLQAxADkAQABDAFQARABIADMARgAxADEAMAAgAAlOB2N1cOddS2IvAEMAVABEAEgAMwBGADEAMQAwAC0ASgAwADEALQAwADIAIAAHY3mBxH72Ti0AMQBAAEMAVABEAEgAMwBGADEAMQAwAC0ASgAwADEALQAwADAAIABLYgdjxH72Ti8AQwBUAEQASAAzAEYAMQAxADAALQAxADUAIAAHY3mBRXj2gKtXLQAxAEAAQwBUAEQASAAzAEYAMQAxADAALQBKADAAMQAtADAAMgAgAAdjeYHEfvZOBAAAABAAAAABAAAAAwAAAJoJAACaBwAAAwgAAA==</a:base64Binary><a:base64Binary>sDYAAAUAAAD//v+BQwBUAEQASAAzAEYAMQAxADAALQBKADAAMQAtADAAMAAgAEtiB2PEfvZOLQAxADkAQABDAFQARABIADMARgAxADEAMAAgAAlOB2N1cOddS2IvAEMAVABEAEgAMwBGADEAMQAwAC0ASgAwADEALQAwADIAIAAHY3mBxH72Ti0AMQBAAEMAVABEAEgAMwBGADEAMQAwAC0ASgAwADEALQAwADAAIABLYgdjxH72Ti8AQwBUAEQASAAzAEYAMQAxADAALQAwADYAIAAHY3mBC07Wdn9nLQAxAEAAQwBUAEQASAAzAEYAMQAxADAALQBKADAAMQAtADAAMgAgAAdjeYHEfvZOBAAAABAAAAABAAAAAwAAAJoJAACaBwAAcwcAAA==</a:base64Binary><a:base64Binary>sDYAAAUAAAD//v+BQwBUAEQASAAzAEYAMQAxADAALQBKADAAMQAtADAAMAAgAEtiB2PEfvZOLQAxADkAQABDAFQARABIADMARgAxADEAMAAgAAlOB2N1cOddS2IvAEMAVABEAEgAMwBGADEAMQAwAC0ASgAwADEALQAwADIAIAAHY3mBxH72Ti0AMQBAAEMAVABEAEgAMwBGADEAMQAwAC0ASgAwADEALQAwADAAIABLYgdjxH72Ti8AQwBUAEQASAAzAEYAMQAxADAALQAwADcAIAAHY3mBCk7Wdn9nLQAxAEAAQwBUAEQASAAzAEYAMQAxADAALQBKADAAMQAtADAAMgAgAAdjeYHEfvZOBAAAABAAAAABAAAAAwAAAJoJAACaBwAAdwcAAA==</a:base64Binary></SWComponentPIDs><SWMainComponentPID i:nil="true"/><Visual z:Ref="i351"/><isFixedFrame>false</isFixedFrame><isIncomplete>false</isIncomplete></Link></Children><Collision z:Ref="i297"/><Inertial z:Ref="i271"/><Joint z:Ref="i304"/><NameAttribute z:Ref="i270"/><Parent z:Ref="i1"/><STLQualityFine>false</STLQualityFine><SWComponentPIDs xmlns:a="http://schemas.microsoft.com/2003/10/Serialization/Arrays"><a:base64Binary>sDYAAAUAAAD//v+BQwBUAEQASAAzAEYAMQAxADAALQBKADAAMQAtADAAMAAgAEtiB2PEfvZOLQAxADkAQABDAFQARABIADMARgAxADEAMAAgAAlOB2N1cOddS2IvAEMAVABEAEgAMwBGADEAMQAwAC0ASgAwADEALQAwADEAIAAHYzloxH72Ti0AMQBAAEMAVABEAEgAMwBGADEAMQAwAC0ASgAwADEALQAwADAAIABLYgdjxH72Ti8AQwBUAEQASAAzAEYAMQAxADAALQAwADMAIAAHYzlo3o+lY1dXLQAxAEAAQwBUAEQASAAzAEYAMQAxADAALQBKADAAMQAtADAAMQAgAAdjOWjEfvZOBAAAABAAAAABAAAAAwAAAJoJAABhBwAAXAgAAA==</a:base64Binary><a:base64Binary>sDYAAAUAAAD//v9VQwBUAEQASAAzAEYAMQAxADAALQBKADAAMQAtADAAMAAgAEtiB2PEfvZOLQAxADkAQABDAFQARABIADMARgAxADEAMAAgAAlOB2N1cOddS2IvAEMAVABEAEgAMwBGADEAMQAwAC0AMQA0ACAAS2IHY7qHHU5FePaAq1ctADgAQABDAFQARABIADMARgAxADEAMAAtAEoAMAAxAC0AMAAwACAAS2IHY8R+9k4EAAAAEAAAAAEAAAACAAAAmgkAAH4IAAA=</a:base64Binary><a:base64Binary>sDYAAAUAAAD//v9VQwBUAEQASAAzAEYAMQAxADAALQBKADAAMQAtADAAMAAgAEtiB2PEfvZOLQAxADkAQABDAFQARABIADMARgAxADEAMAAgAAlOB2N1cOddS2IvAEMAVABEAEgAMwBGADEAMQAwAC0AMQA0ACAAS2IHY7qHHU5FePaAq1ctADMAQABDAFQARABIADMARgAxADEAMAAtAEoAMAAxAC0AMAAwACAAS2IHY8R+9k4EAAAAEAAAAAEAAAACAAAAmgkAAIEIAAA=</a:base64Binary></SWComponentPIDs><SWMainComponentPID i:nil="true"/><Visual z:Ref="i284"/><isFixedFrame>false</isFixedFrame><isIncomplete>false</isIncomplete></Link><Link z:Id="i470"><Attributes><Attribute z:Id="i471"><AttributeType>name</AttributeType><IsRequired>true</IsRequired><Value i:type="a:string" xmlns:a="http://www.w3.org/2001/XMLSchema">Link33</Value></Attribute></Attributes><ChildElements><URDFElement z:Id="i472" i:type="Inertial"><Attributes/><ChildElements><URDFElement z:Id="i473" i:type="Origin"><Attributes><Attribute z:Id="i474"><AttributeType>xyz</AttributeType><IsRequired>true</IsRequired><Value i:type="a:ArrayOfdouble" xmlns:a="http://schemas.microsoft.com/2003/10/Serialization/Arrays"><a:double>0</a:double><a:double>0</a:double><a:double>0</a:double></Value></Attribute><Attribute z:Id="i475"><AttributeType>rpy</AttributeType><IsRequired>true</IsRequired><Value i:type="a:ArrayOfdouble" xmlns:a="http://schemas.microsoft.com/2003/10/Serialization/Arrays"><a:double>0</a:double><a:double>0</a:double><a:double>0</a:double></Value></Attribute></Attributes><ChildElements/><ElementName>origin</ElementName><required>false</required><RPYAttribute z:Ref="i475"/><XYZAttribute z:Ref="i474"/><isCustomized>false</isCustomized></URDFElement><URDFElement z:Id="i476" i:type="Mass"><Attributes><Attribute z:Id="i477"><AttributeType>value</AttributeType><IsRequired>true</IsRequired><Value i:type="a:double" xmlns:a="http://www.w3.org/2001/XMLSchema">0</Value></Attribute></Attributes><ChildElements/><ElementName>mass</ElementName><required>false</required><ValueAttribute z:Ref="i477"/></URDFElement><URDFElement z:Id="i478" i:type="Inertia"><Attributes><Attribute z:Id="i479"><AttributeType>ixx</AttributeType><IsRequired>true</IsRequired><Value i:type="a:double" xmlns:a="http://www.w3.org/2001/XMLSchema">0</Value></Attribute><Attribute z:Id="i480"><AttributeType>ixy</AttributeType><IsRequired>true</IsRequired><Value i:type="a:double" xmlns:a="http://www.w3.org/2001/XMLSchema">0</Value></Attribute><Attribute z:Id="i481"><AttributeType>ixz</AttributeType><IsRequired>true</IsRequired><Value i:type="a:double" xmlns:a="http://www.w3.org/2001/XMLSchema">0</Value></Attribute><Attribute z:Id="i482"><AttributeType>iyy</AttributeType><IsRequired>true</IsRequired><Value i:type="a:double" xmlns:a="http://www.w3.org/2001/XMLSchema">0</Value></Attribute><Attribute z:Id="i483"><AttributeType>iyz</AttributeType><IsRequired>true</IsRequired><Value i:type="a:double" xmlns:a="http://www.w3.org/2001/XMLSchema">0</Value></Attribute><Attribute z:Id="i484"><AttributeType>izz</AttributeType><IsRequired>true</IsRequired><Value i:type="a:double" xmlns:a="http://www.w3.org/2001/XMLSchema">0</Value></Attribute></Attributes><ChildElements/><ElementName>inertia</ElementName><required>false</required><IxxAttribute z:Ref="i479"/><IxyAttribute z:Ref="i480"/><IxzAttribute z:Ref="i481"/><IyyAttribute z:Ref="i482"/><IyzAttribute z:Ref="i483"/><IzzAttribute z:Ref="i484"/></URDFElement></ChildElements><ElementName>inertial</ElementName><required>false</required><Inertia z:Ref="i478"/><Mass z:Ref="i476"/><Origin z:Ref="i473"/></URDFElement><URDFElement z:Id="i485" i:type="Visual"><Attributes/><ChildElements><URDFElement z:Id="i486" i:type="Origin"><Attributes><Attribute z:Id="i487"><AttributeType>xyz</AttributeType><IsRequired>true</IsRequired><Value i:type="a:ArrayOfdouble" xmlns:a="http://schemas.microsoft.com/2003/10/Serialization/Arrays"><a:double>0</a:double><a:double>0</a:double><a:double>0</a:double></Value></Attribute><Attribute z:Id="i488"><AttributeType>rpy</AttributeType><IsRequired>true</IsRequired><Value i:type="a:ArrayOfdouble" xmlns:a="http://schemas.microsoft.com/2003/10/Serialization/Arrays"><a:double>0</a:double><a:double>0</a:double><a:double>0</a:double></Value></Attribute></Attributes><ChildElements/><ElementName>origin</ElementName><required>false</required><RPYAttribute z:Ref="i488"/><XYZAttribute z:Ref="i487"/><isCustomized>false</isCustomized></URDFElement><URDFElement z:Id="i489" i:type="Geometry"><Attributes/><ChildElements><URDFElement z:Id="i490" i:type="Mesh"><Attributes><Attribute z:Id="i491"><AttributeType>filename</AttributeType><IsRequired>true</IsRequired><Value i:nil="true"/></Attribute></Attributes><ChildElements/><ElementName>mesh</ElementName><required>false</required><FilenameAttribute z:Ref="i491"/></URDFElement></ChildElements><ElementName>geometry</ElementName><required>true</required><Mesh z:Ref="i490"/></URDFElement><URDFElement z:Id="i492" i:type="Material"><Attributes><Attribute z:Id="i493"><AttributeType>name</AttributeType><IsRequired>true</IsRequired><Value i:type="a:string" xmlns:a="http://www.w3.org/2001/XMLSchema"/></Attribute></Attributes><ChildElements><URDFElement z:Id="i494" i:type="Color"><Attributes><Attribute z:Id="i495"><AttributeType>rgba</AttributeType><IsRequired>true</IsRequired><Value i:type="a:ArrayOfdouble" xmlns:a="http://schemas.microsoft.com/2003/10/Serialization/Arrays"><a:double>1</a:double><a:double>1</a:double><a:double>1</a:double><a:double>1</a:double></Value></Attribute></Attributes><ChildElements/><ElementName>color</ElementName><required>false</required><RGBAAttribute z:Ref="i495"/></URDFElement><URDFElement z:Id="i496" i:type="Texture"><Attributes><Attribute z:Id="i497"><AttributeType>filename</AttributeType><IsRequired>true</IsRequired><Value i:nil="true"/></Attribute></Attributes><ChildElements/><ElementName>texture</ElementName><required>false</required><FilenameAttribute z:Ref="i497"/><wFilename/></URDFElement></ChildElements><ElementName>material</ElementName><required>false</required><Color z:Ref="i494"/><NameAttribute z:Ref="i493"/><Texture z:Ref="i496"/></URDFElement></ChildElements><ElementName>visual</ElementName><required>false</required><Geometry z:Ref="i489"/><Material z:Ref="i492"/><Origin z:Ref="i486"/></URDFElement><URDFElement z:Id="i498" i:type="Collision"><Attributes/><ChildElements><URDFElement z:Id="i499" i:type="Origin"><Attributes><Attribute z:Id="i500"><AttributeType>xyz</AttributeType><IsRequired>true</IsRequired><Value i:type="a:ArrayOfdouble" xmlns:a="http://schemas.microsoft.com/2003/10/Serialization/Arrays"><a:double>0</a:double><a:double>0</a:double><a:double>0</a:double></Value></Attribute><Attribute z:Id="i501"><AttributeType>rpy</AttributeType><IsRequired>true</IsRequired><Value i:type="a:ArrayOfdouble" xmlns:a="http://schemas.microsoft.com/2003/10/Serialization/Arrays"><a:double>0</a:double><a:double>0</a:double><a:double>0</a:double></Value></Attribute></Attributes><ChildElements/><ElementName>origin</ElementName><required>false</required><RPYAttribute z:Ref="i501"/><XYZAttribute z:Ref="i500"/><isCustomized>false</isCustomized></URDFElement><URDFElement z:Id="i502" i:type="Geometry"><Attributes/><ChildElements><URDFElement z:Id="i503" i:type="Mesh"><Attributes><Attribute z:Id="i504"><AttributeType>filename</AttributeType><IsRequired>true</IsRequired><Value i:nil="true"/></Attribute></Attributes><ChildElements/><ElementName>mesh</ElementName><required>false</required><FilenameAttribute z:Ref="i504"/></URDFElement></ChildElements><ElementName>geometry</ElementName><required>true</required><Mesh z:Ref="i503"/></URDFElement></ChildElements><ElementName>collision</ElementName><required>false</required><Geometry z:Ref="i502"/><Origin z:Ref="i499"/></URDFElement><URDFElement z:Id="i505" i:type="Joint"><Attributes><Attribute z:Id="i506"><AttributeType>name</AttributeType><IsRequired>true</IsRequired><Value i:type="a:string" xmlns:a="http://www.w3.org/2001/XMLSchema">Joint33</Value></Attribute><Attribute z:Id="i507"><AttributeType>type</AttributeType><IsRequired>true</IsRequired><Value i:type="a:string" xmlns:a="http://www.w3.org/2001/XMLSchema">revolute</Value></Attribute></Attributes><ChildElements><URDFElement z:Id="i508" i:type="Origin"><Attributes><Attribute z:Id="i509"><AttributeType>xyz</AttributeType><IsRequired>true</IsRequired><Value i:type="a:ArrayOfdouble" xmlns:a="http://schemas.microsoft.com/2003/10/Serialization/Arrays"><a:double>0</a:double><a:double>0</a:double><a:double>0</a:double></Value></Attribute><Attribute z:Id="i510"><AttributeType>rpy</AttributeType><IsRequired>true</IsRequired><Value i:type="a:ArrayOfdouble" xmlns:a="http://schemas.microsoft.com/2003/10/Serialization/Arrays"><a:double>0</a:double><a:double>0</a:double><a:double>0</a:double></Value></Attribute></Attributes><ChildElements/><ElementName>origin</ElementName><required>false</required><RPYAttribute z:Ref="i510"/><XYZAttribute z:Ref="i509"/><isCustomized>false</isCustomized></URDFElement><URDFElement z:Id="i511" i:type="ParentLink"><Attributes><Attribute z:Id="i512"><AttributeType>link</AttributeType><IsRequired>true</IsRequired><Value i:type="a:string" xmlns:a="http://www.w3.org/2001/XMLSchema"/></Attribute></Attributes><ChildElements/><ElementName>parent</ElementName><required>true</required><NameAttribute z:Ref="i512"/></URDFElement><URDFElement z:Id="i513" i:type="ChildLink"><Attributes><Attribute z:Id="i514"><AttributeType>link</AttributeType><IsRequired>true</IsRequired><Value i:type="a:string" xmlns:a="http://www.w3.org/2001/XMLSchema"/></Attribute></Attributes><ChildElements/><ElementName>child</ElementName><required>true</required><NameAttribute z:Ref="i514"/></URDFElement><URDFElement z:Id="i515" i:type="Axis"><Attributes><Attribute z:Id="i516"><AttributeType>xyz</AttributeType><IsRequired>true</IsRequired><Value i:type="a:ArrayOfdouble" xmlns:a="http://schemas.microsoft.com/2003/10/Serialization/Arrays"><a:double>0</a:double><a:double>0</a:double><a:double>0</a:double></Value></Attribute></Attributes><ChildElements/><ElementName>axis</ElementName><required>false</required><XYZAttribute z:Ref="i516"/></URDFElement><URDFElement z:Id="i517" i:type="Limit"><Attributes><Attribute z:Id="i518"><AttributeType>lower</AttributeType><IsRequired>false</IsRequired><Value i:nil="true"/></Attribute><Attribute z:Id="i519"><AttributeType>upper</AttributeType><IsRequired>false</IsRequired><Value i:nil="true"/></Attribute><Attribute z:Id="i520"><AttributeType>effort</AttributeType><IsRequired>true</IsRequired><Value i:nil="true"/></Attribute><Attribute z:Id="i521"><AttributeType>velocity</AttributeType><IsRequired>true</IsRequired><Value i:nil="true"/></Attribute></Attributes><ChildElements/><ElementName>limit</ElementName><required>false</required><EffortAttribute z:Ref="i520"/><LowerAttribute z:Ref="i518"/><UpperAttribute z:Ref="i519"/><VelocityAttribute z:Ref="i521"/></URDFElement><URDFElement z:Id="i522" i:type="Calibration"><Attributes><Attribute z:Id="i523"><AttributeType>rising</AttributeType><IsRequired>false</IsRequired><Value i:nil="true"/></Attribute><Attribute z:Id="i524"><AttributeType>falling</AttributeType><IsRequired>false</IsRequired><Value i:nil="true"/></Attribute></Attributes><ChildElements/><ElementName>calibration</ElementName><required>false</required><FallingAttribute z:Ref="i524"/><RisingAttribute z:Ref="i523"/></URDFElement><URDFElement z:Id="i525" i:type="Dynamics"><Attributes><Attribute z:Id="i526"><AttributeType>damping</AttributeType><IsRequired>false</IsRequired><Value i:nil="true"/></Attribute><Attribute z:Id="i527"><AttributeType>friction</AttributeType><IsRequired>false</IsRequired><Value i:nil="true"/></Attribute></Attributes><ChildElements/><ElementName>dynamics</ElementName><required>false</required><DampingAttribute z:Ref="i526"/><FrictionAttribute z:Ref="i527"/></URDFElement><URDFElement z:Id="i528" i:type="SafetyController"><Attributes><Attribute z:Id="i529"><AttributeType>soft_upper_limit</AttributeType><IsRequired>false</IsRequired><Value i:nil="true"/></Attribute><Attribute z:Id="i530"><AttributeType>soft_lower_limit</AttributeType><IsRequired>false</IsRequired><Value i:nil="true"/></Attribute><Attribute z:Id="i531"><AttributeType>k_position</AttributeType><IsRequired>false</IsRequired><Value i:nil="true"/></Attribute><Attribute z:Id="i532"><AttributeType>k_velocity</AttributeType><IsRequired>true</IsRequired><Value i:nil="true"/></Attribute></Attributes><ChildElements/><ElementName>safety_controller</ElementName><required>false</required><KPositionAttribute z:Ref="i531"/><KVelocityAttribute z:Ref="i532"/><SoftLowerAttribute z:Ref="i530"/><SoftUpperAttribute z:Ref="i529"/></URDFElement><URDFElement z:Id="i533" i:type="Mimic"><Attributes><Attribute z:Id="i534"><AttributeType>joint</AttributeType><IsRequired>true</IsRequired><Value i:nil="true"/></Attribute><Attribute z:Id="i535"><AttributeType>multiplier</AttributeType><IsRequired>false</IsRequired><Value i:nil="true"/></Attribute><Attribute z:Id="i536"><AttributeType>offset</AttributeType><IsRequired>false</IsRequired><Value i:nil="true"/></Attribute></Attributes><ChildElements/><ElementName>mimic</ElementName><required>false</required><JointNameAttribute z:Ref="i534"/><MultiplierAttribute z:Ref="i535"/><OffsetAttribute z:Ref="i536"/></URDFElement></ChildElements><ElementName>joint</ElementName><required>false</required><Axis z:Ref="i515"/><AxisName>?????????33</AxisName><Calibration z:Ref="i522"/><Child z:Ref="i513"/><CoordinateSystemName>?????????33</CoordinateSystemName><Dynamics z:Ref="i525"/><Limit z:Ref="i517"/><Mimic z:Ref="i533"/><NameAttribute z:Ref="i506"/><Origin z:Ref="i508"/><Parent z:Ref="i511"/><Safety z:Ref="i528"/><TypeAttribute z:Ref="i507"/></URDFElement></ChildElements><ElementName>link</ElementName><required>true</required><Children><Link z:Id="i537"><Attributes><Attribute z:Id="i538"><AttributeType>name</AttributeType><IsRequired>true</IsRequired><Value i:type="a:string" xmlns:a="http://www.w3.org/2001/XMLSchema">Link32</Value></Attribute></Attributes><ChildElements><URDFElement z:Id="i539" i:type="Inertial"><Attributes/><ChildElements><URDFElement z:Id="i540" i:type="Origin"><Attributes><Attribute z:Id="i541"><AttributeType>xyz</AttributeType><IsRequired>true</IsRequired><Value i:type="a:ArrayOfdouble" xmlns:a="http://schemas.microsoft.com/2003/10/Serialization/Arrays"><a:double>0</a:double><a:double>0</a:double><a:double>0</a:double></Value></Attribute><Attribute z:Id="i542"><AttributeType>rpy</AttributeType><IsRequired>true</IsRequired><Value i:type="a:ArrayOfdouble" xmlns:a="http://schemas.microsoft.com/2003/10/Serialization/Arrays"><a:double>0</a:double><a:double>0</a:double><a:double>0</a:double></Value></Attribute></Attributes><ChildElements/><ElementName>origin</ElementName><required>false</required><RPYAttribute z:Ref="i542"/><XYZAttribute z:Ref="i541"/><isCustomized>false</isCustomized></URDFElement><URDFElement z:Id="i543" i:type="Mass"><Attributes><Attribute z:Id="i544"><AttributeType>value</AttributeType><IsRequired>true</IsRequired><Value i:type="a:double" xmlns:a="http://www.w3.org/2001/XMLSchema">0</Value></Attribute></Attributes><ChildElements/><ElementName>mass</ElementName><required>false</required><ValueAttribute z:Ref="i544"/></URDFElement><URDFElement z:Id="i545" i:type="Inertia"><Attributes><Attribute z:Id="i546"><AttributeType>ixx</AttributeType><IsRequired>true</IsRequired><Value i:type="a:double" xmlns:a="http://www.w3.org/2001/XMLSchema">0</Value></Attribute><Attribute z:Id="i547"><AttributeType>ixy</AttributeType><IsRequired>true</IsRequired><Value i:type="a:double" xmlns:a="http://www.w3.org/2001/XMLSchema">0</Value></Attribute><Attribute z:Id="i548"><AttributeType>ixz</AttributeType><IsRequired>true</IsRequired><Value i:type="a:double" xmlns:a="http://www.w3.org/2001/XMLSchema">0</Value></Attribute><Attribute z:Id="i549"><AttributeType>iyy</AttributeType><IsRequired>true</IsRequired><Value i:type="a:double" xmlns:a="http://www.w3.org/2001/XMLSchema">0</Value></Attribute><Attribute z:Id="i550"><AttributeType>iyz</AttributeType><IsRequired>true</IsRequired><Value i:type="a:double" xmlns:a="http://www.w3.org/2001/XMLSchema">0</Value></Attribute><Attribute z:Id="i551"><AttributeType>izz</AttributeType><IsRequired>true</IsRequired><Value i:type="a:double" xmlns:a="http://www.w3.org/2001/XMLSchema">0</Value></Attribute></Attributes><ChildElements/><ElementName>inertia</ElementName><required>false</required><IxxAttribute z:Ref="i546"/><IxyAttribute z:Ref="i547"/><IxzAttribute z:Ref="i548"/><IyyAttribute z:Ref="i549"/><IyzAttribute z:Ref="i550"/><IzzAttribute z:Ref="i551"/></URDFElement></ChildElements><ElementName>inertial</ElementName><required>false</required><Inertia z:Ref="i545"/><Mass z:Ref="i543"/><Origin z:Ref="i540"/></URDFElement><URDFElement z:Id="i552" i:type="Visual"><Attributes/><ChildElements><URDFElement z:Id="i553" i:type="Origin"><Attributes><Attribute z:Id="i554"><AttributeType>xyz</AttributeType><IsRequired>true</IsRequired><Value i:type="a:ArrayOfdouble" xmlns:a="http://schemas.microsoft.com/2003/10/Serialization/Arrays"><a:double>0</a:double><a:double>0</a:double><a:double>0</a:double></Value></Attribute><Attribute z:Id="i555"><AttributeType>rpy</AttributeType><IsRequired>true</IsRequired><Value i:type="a:ArrayOfdouble" xmlns:a="http://schemas.microsoft.com/2003/10/Serialization/Arrays"><a:double>0</a:double><a:double>0</a:double><a:double>0</a:double></Value></Attribute></Attributes><ChildElements/><ElementName>origin</ElementName><required>false</required><RPYAttribute z:Ref="i555"/><XYZAttribute z:Ref="i554"/><isCustomized>false</isCustomized></URDFElement><URDFElement z:Id="i556" i:type="Geometry"><Attributes/><ChildElements><URDFElement z:Id="i557" i:type="Mesh"><Attributes><Attribute z:Id="i558"><AttributeType>filename</AttributeType><IsRequired>true</IsRequired><Value i:nil="true"/></Attribute></Attributes><ChildElements/><ElementName>mesh</ElementName><required>false</required><FilenameAttribute z:Ref="i558"/></URDFElement></ChildElements><ElementName>geometry</ElementName><required>true</required><Mesh z:Ref="i557"/></URDFElement><URDFElement z:Id="i559" i:type="Material"><Attributes><Attribute z:Id="i560"><AttributeType>name</AttributeType><IsRequired>true</IsRequired><Value i:type="a:string" xmlns:a="http://www.w3.org/2001/XMLSchema"/></Attribute></Attributes><ChildElements><URDFElement z:Id="i561" i:type="Color"><Attributes><Attribute z:Id="i562"><AttributeType>rgba</AttributeType><IsRequired>true</IsRequired><Value i:type="a:ArrayOfdouble" xmlns:a="http://schemas.microsoft.com/2003/10/Serialization/Arrays"><a:double>1</a:double><a:double>1</a:double><a:double>1</a:double><a:double>1</a:double></Value></Attribute></Attributes><ChildElements/><ElementName>color</ElementName><required>false</required><RGBAAttribute z:Ref="i562"/></URDFElement><URDFElement z:Id="i563" i:type="Texture"><Attributes><Attribute z:Id="i564"><AttributeType>filename</AttributeType><IsRequired>true</IsRequired><Value i:nil="true"/></Attribute></Attributes><ChildElements/><ElementName>texture</ElementName><required>false</required><FilenameAttribute z:Ref="i564"/><wFilename/></URDFElement></ChildElements><ElementName>material</ElementName><required>false</required><Color z:Ref="i561"/><NameAttribute z:Ref="i560"/><Texture z:Ref="i563"/></URDFElement></ChildElements><ElementName>visual</ElementName><required>false</required><Geometry z:Ref="i556"/><Material z:Ref="i559"/><Origin z:Ref="i553"/></URDFElement><URDFElement z:Id="i565" i:type="Collision"><Attributes/><ChildElements><URDFElement z:Id="i566" i:type="Origin"><Attributes><Attribute z:Id="i567"><AttributeType>xyz</AttributeType><IsRequired>true</IsRequired><Value i:type="a:ArrayOfdouble" xmlns:a="http://schemas.microsoft.com/2003/10/Serialization/Arrays"><a:double>0</a:double><a:double>0</a:double><a:double>0</a:double></Value></Attribute><Attribute z:Id="i568"><AttributeType>rpy</AttributeType><IsRequired>true</IsRequired><Value i:type="a:ArrayOfdouble" xmlns:a="http://schemas.microsoft.com/2003/10/Serialization/Arrays"><a:double>0</a:double><a:double>0</a:double><a:double>0</a:double></Value></Attribute></Attributes><ChildElements/><ElementName>origin</ElementName><required>false</required><RPYAttribute z:Ref="i568"/><XYZAttribute z:Ref="i567"/><isCustomized>false</isCustomized></URDFElement><URDFElement z:Id="i569" i:type="Geometry"><Attributes/><ChildElements><URDFElement z:Id="i570" i:type="Mesh"><Attributes><Attribute z:Id="i571"><AttributeType>filename</AttributeType><IsRequired>true</IsRequired><Value i:nil="true"/></Attribute></Attributes><ChildElements/><ElementName>mesh</ElementName><required>false</required><FilenameAttribute z:Ref="i571"/></URDFElement></ChildElements><ElementName>geometry</ElementName><required>true</required><Mesh z:Ref="i570"/></URDFElement></ChildElements><ElementName>collision</ElementName><required>false</required><Geometry z:Ref="i569"/><Origin z:Ref="i566"/></URDFElement><URDFElement z:Id="i572" i:type="Joint"><Attributes><Attribute z:Id="i573"><AttributeType>name</AttributeType><IsRequired>true</IsRequired><Value i:type="a:string" xmlns:a="http://www.w3.org/2001/XMLSchema">Joint32</Value></Attribute><Attribute z:Id="i574"><AttributeType>type</AttributeType><IsRequired>true</IsRequired><Value i:type="a:string" xmlns:a="http://www.w3.org/2001/XMLSchema">revolute</Value></Attribute></Attributes><ChildElements><URDFElement z:Id="i575" i:type="Origin"><Attributes><Attribute z:Id="i576"><AttributeType>xyz</AttributeType><IsRequired>true</IsRequired><Value i:type="a:ArrayOfdouble" xmlns:a="http://schemas.microsoft.com/2003/10/Serialization/Arrays"><a:double>0</a:double><a:double>0</a:double><a:double>0</a:double></Value></Attribute><Attribute z:Id="i577"><AttributeType>rpy</AttributeType><IsRequired>true</IsRequired><Value i:type="a:ArrayOfdouble" xmlns:a="http://schemas.microsoft.com/2003/10/Serialization/Arrays"><a:double>0</a:double><a:double>0</a:double><a:double>0</a:double></Value></Attribute></Attributes><ChildElements/><ElementName>origin</ElementName><required>false</required><RPYAttribute z:Ref="i577"/><XYZAttribute z:Ref="i576"/><isCustomized>false</isCustomized></URDFElement><URDFElement z:Id="i578" i:type="ParentLink"><Attributes><Attribute z:Id="i579"><AttributeType>link</AttributeType><IsRequired>true</IsRequired><Value i:type="a:string" xmlns:a="http://www.w3.org/2001/XMLSchema"/></Attribute></Attributes><ChildElements/><ElementName>parent</ElementName><required>true</required><NameAttribute z:Ref="i579"/></URDFElement><URDFElement z:Id="i580" i:type="ChildLink"><Attributes><Attribute z:Id="i581"><AttributeType>link</AttributeType><IsRequired>true</IsRequired><Value i:type="a:string" xmlns:a="http://www.w3.org/2001/XMLSchema"/></Attribute></Attributes><ChildElements/><ElementName>child</ElementName><required>true</required><NameAttribute z:Ref="i581"/></URDFElement><URDFElement z:Id="i582" i:type="Axis"><Attributes><Attribute z:Id="i583"><AttributeType>xyz</AttributeType><IsRequired>true</IsRequired><Value i:type="a:ArrayOfdouble" xmlns:a="http://schemas.microsoft.com/2003/10/Serialization/Arrays"><a:double>0</a:double><a:double>0</a:double><a:double>0</a:double></Value></Attribute></Attributes><ChildElements/><ElementName>axis</ElementName><required>false</required><XYZAttribute z:Ref="i583"/></URDFElement><URDFElement z:Id="i584" i:type="Limit"><Attributes><Attribute z:Id="i585"><AttributeType>lower</AttributeType><IsRequired>false</IsRequired><Value i:nil="true"/></Attribute><Attribute z:Id="i586"><AttributeType>upper</AttributeType><IsRequired>false</IsRequired><Value i:nil="true"/></Attribute><Attribute z:Id="i587"><AttributeType>effort</AttributeType><IsRequired>true</IsRequired><Value i:nil="true"/></Attribute><Attribute z:Id="i588"><AttributeType>velocity</AttributeType><IsRequired>true</IsRequired><Value i:nil="true"/></Attribute></Attributes><ChildElements/><ElementName>limit</ElementName><required>false</required><EffortAttribute z:Ref="i587"/><LowerAttribute z:Ref="i585"/><UpperAttribute z:Ref="i586"/><VelocityAttribute z:Ref="i588"/></URDFElement><URDFElement z:Id="i589" i:type="Calibration"><Attributes><Attribute z:Id="i590"><AttributeType>rising</AttributeType><IsRequired>false</IsRequired><Value i:nil="true"/></Attribute><Attribute z:Id="i591"><AttributeType>falling</AttributeType><IsRequired>false</IsRequired><Value i:nil="true"/></Attribute></Attributes><ChildElements/><ElementName>calibration</ElementName><required>false</required><FallingAttribute z:Ref="i591"/><RisingAttribute z:Ref="i590"/></URDFElement><URDFElement z:Id="i592" i:type="Dynamics"><Attributes><Attribute z:Id="i593"><AttributeType>damping</AttributeType><IsRequired>false</IsRequired><Value i:nil="true"/></Attribute><Attribute z:Id="i594"><AttributeType>friction</AttributeType><IsRequired>false</IsRequired><Value i:nil="true"/></Attribute></Attributes><ChildElements/><ElementName>dynamics</ElementName><required>false</required><DampingAttribute z:Ref="i593"/><FrictionAttribute z:Ref="i594"/></URDFElement><URDFElement z:Id="i595" i:type="SafetyController"><Attributes><Attribute z:Id="i596"><AttributeType>soft_upper_limit</AttributeType><IsRequired>false</IsRequired><Value i:nil="true"/></Attribute><Attribute z:Id="i597"><AttributeType>soft_lower_limit</AttributeType><IsRequired>false</IsRequired><Value i:nil="true"/></Attribute><Attribute z:Id="i598"><AttributeType>k_position</AttributeType><IsRequired>false</IsRequired><Value i:nil="true"/></Attribute><Attribute z:Id="i599"><AttributeType>k_velocity</AttributeType><IsRequired>true</IsRequired><Value i:nil="true"/></Attribute></Attributes><ChildElements/><ElementName>safety_controller</ElementName><required>false</required><KPositionAttribute z:Ref="i598"/><KVelocityAttribute z:Ref="i599"/><SoftLowerAttribute z:Ref="i597"/><SoftUpperAttribute z:Ref="i596"/></URDFElement><URDFElement z:Id="i600" i:type="Mimic"><Attributes><Attribute z:Id="i601"><AttributeType>joint</AttributeType><IsRequired>true</IsRequired><Value i:nil="true"/></Attribute><Attribute z:Id="i602"><AttributeType>multiplier</AttributeType><IsRequired>false</IsRequired><Value i:nil="true"/></Attribute><Attribute z:Id="i603"><AttributeType>offset</AttributeType><IsRequired>false</IsRequired><Value i:nil="true"/></Attribute></Attributes><ChildElements/><ElementName>mimic</ElementName><required>false</required><JointNameAttribute z:Ref="i601"/><MultiplierAttribute z:Ref="i602"/><OffsetAttribute z:Ref="i603"/></URDFElement></ChildElements><ElementName>joint</ElementName><required>false</required><Axis z:Ref="i582"/><AxisName>?????????32</AxisName><Calibration z:Ref="i589"/><Child z:Ref="i580"/><CoordinateSystemName>?????????32</CoordinateSystemName><Dynamics z:Ref="i592"/><Limit z:Ref="i584"/><Mimic z:Ref="i600"/><NameAttribute z:Ref="i573"/><Origin z:Ref="i575"/><Parent z:Ref="i578"/><Safety z:Ref="i595"/><TypeAttribute z:Ref="i574"/></URDFElement></ChildElements><ElementName>link</ElementName><required>true</required><Children><Link z:Id="i604"><Attributes><Attribute z:Id="i605"><AttributeType>name</AttributeType><IsRequired>true</IsRequired><Value i:type="a:string" xmlns:a="http://www.w3.org/2001/XMLSchema">Link31</Value></Attribute></Attributes><ChildElements><URDFElement z:Id="i606" i:type="Inertial"><Attributes/><ChildElements><URDFElement z:Id="i607" i:type="Origin"><Attributes><Attribute z:Id="i608"><AttributeType>xyz</AttributeType><IsRequired>true</IsRequired><Value i:type="a:ArrayOfdouble" xmlns:a="http://schemas.microsoft.com/2003/10/Serialization/Arrays"><a:double>0</a:double><a:double>0</a:double><a:double>0</a:double></Value></Attribute><Attribute z:Id="i609"><AttributeType>rpy</AttributeType><IsRequired>true</IsRequired><Value i:type="a:ArrayOfdouble" xmlns:a="http://schemas.microsoft.com/2003/10/Serialization/Arrays"><a:double>0</a:double><a:double>0</a:double><a:double>0</a:double></Value></Attribute></Attributes><ChildElements/><ElementName>origin</ElementName><required>false</required><RPYAttribute z:Ref="i609"/><XYZAttribute z:Ref="i608"/><isCustomized>false</isCustomized></URDFElement><URDFElement z:Id="i610" i:type="Mass"><Attributes><Attribute z:Id="i611"><AttributeType>value</AttributeType><IsRequired>true</IsRequired><Value i:type="a:double" xmlns:a="http://www.w3.org/2001/XMLSchema">0</Value></Attribute></Attributes><ChildElements/><ElementName>mass</ElementName><required>false</required><ValueAttribute z:Ref="i611"/></URDFElement><URDFElement z:Id="i612" i:type="Inertia"><Attributes><Attribute z:Id="i613"><AttributeType>ixx</AttributeType><IsRequired>true</IsRequired><Value i:type="a:double" xmlns:a="http://www.w3.org/2001/XMLSchema">0</Value></Attribute><Attribute z:Id="i614"><AttributeType>ixy</AttributeType><IsRequired>true</IsRequired><Value i:type="a:double" xmlns:a="http://www.w3.org/2001/XMLSchema">0</Value></Attribute><Attribute z:Id="i615"><AttributeType>ixz</AttributeType><IsRequired>true</IsRequired><Value i:type="a:double" xmlns:a="http://www.w3.org/2001/XMLSchema">0</Value></Attribute><Attribute z:Id="i616"><AttributeType>iyy</AttributeType><IsRequired>true</IsRequired><Value i:type="a:double" xmlns:a="http://www.w3.org/2001/XMLSchema">0</Value></Attribute><Attribute z:Id="i617"><AttributeType>iyz</AttributeType><IsRequired>true</IsRequired><Value i:type="a:double" xmlns:a="http://www.w3.org/2001/XMLSchema">0</Value></Attribute><Attribute z:Id="i618"><AttributeType>izz</AttributeType><IsRequired>true</IsRequired><Value i:type="a:double" xmlns:a="http://www.w3.org/2001/XMLSchema">0</Value></Attribute></Attributes><ChildElements/><ElementName>inertia</ElementName><required>false</required><IxxAttribute z:Ref="i613"/><IxyAttribute z:Ref="i614"/><IxzAttribute z:Ref="i615"/><IyyAttribute z:Ref="i616"/><IyzAttribute z:Ref="i617"/><IzzAttribute z:Ref="i618"/></URDFElement></ChildElements><ElementName>inertial</ElementName><required>false</required><Inertia z:Ref="i612"/><Mass z:Ref="i610"/><Origin z:Ref="i607"/></URDFElement><URDFElement z:Id="i619" i:type="Visual"><Attributes/><ChildElements><URDFElement z:Id="i620" i:type="Origin"><Attributes><Attribute z:Id="i621"><AttributeType>xyz</AttributeType><IsRequired>true</IsRequired><Value i:type="a:ArrayOfdouble" xmlns:a="http://schemas.microsoft.com/2003/10/Serialization/Arrays"><a:double>0</a:double><a:double>0</a:double><a:double>0</a:double></Value></Attribute><Attribute z:Id="i622"><AttributeType>rpy</AttributeType><IsRequired>true</IsRequired><Value i:type="a:ArrayOfdouble" xmlns:a="http://schemas.microsoft.com/2003/10/Serialization/Arrays"><a:double>0</a:double><a:double>0</a:double><a:double>0</a:double></Value></Attribute></Attributes><ChildElements/><ElementName>origin</ElementName><required>false</required><RPYAttribute z:Ref="i622"/><XYZAttribute z:Ref="i621"/><isCustomized>false</isCustomized></URDFElement><URDFElement z:Id="i623" i:type="Geometry"><Attributes/><ChildElements><URDFElement z:Id="i624" i:type="Mesh"><Attributes><Attribute z:Id="i625"><AttributeType>filename</AttributeType><IsRequired>true</IsRequired><Value i:nil="true"/></Attribute></Attributes><ChildElements/><ElementName>mesh</ElementName><required>false</required><FilenameAttribute z:Ref="i625"/></URDFElement></ChildElements><ElementName>geometry</ElementName><required>true</required><Mesh z:Ref="i624"/></URDFElement><URDFElement z:Id="i626" i:type="Material"><Attributes><Attribute z:Id="i627"><AttributeType>name</AttributeType><IsRequired>true</IsRequired><Value i:type="a:string" xmlns:a="http://www.w3.org/2001/XMLSchema"/></Attribute></Attributes><ChildElements><URDFElement z:Id="i628" i:type="Color"><Attributes><Attribute z:Id="i629"><AttributeType>rgba</AttributeType><IsRequired>true</IsRequired><Value i:type="a:ArrayOfdouble" xmlns:a="http://schemas.microsoft.com/2003/10/Serialization/Arrays"><a:double>1</a:double><a:double>1</a:double><a:double>1</a:double><a:double>1</a:double></Value></Attribute></Attributes><ChildElements/><ElementName>color</ElementName><required>false</required><RGBAAttribute z:Ref="i629"/></URDFElement><URDFElement z:Id="i630" i:type="Texture"><Attributes><Attribute z:Id="i631"><AttributeType>filename</AttributeType><IsRequired>true</IsRequired><Value i:nil="true"/></Attribute></Attributes><ChildElements/><ElementName>texture</ElementName><required>false</required><FilenameAttribute z:Ref="i631"/><wFilename/></URDFElement></ChildElements><ElementName>material</ElementName><required>false</required><Color z:Ref="i628"/><NameAttribute z:Ref="i627"/><Texture z:Ref="i630"/></URDFElement></ChildElements><ElementName>visual</ElementName><required>false</required><Geometry z:Ref="i623"/><Material z:Ref="i626"/><Origin z:Ref="i620"/></URDFElement><URDFElement z:Id="i632" i:type="Collision"><Attributes/><ChildElements><URDFElement z:Id="i633" i:type="Origin"><Attributes><Attribute z:Id="i634"><AttributeType>xyz</AttributeType><IsRequired>true</IsRequired><Value i:type="a:ArrayOfdouble" xmlns:a="http://schemas.microsoft.com/2003/10/Serialization/Arrays"><a:double>0</a:double><a:double>0</a:double><a:double>0</a:double></Value></Attribute><Attribute z:Id="i635"><AttributeType>rpy</AttributeType><IsRequired>true</IsRequired><Value i:type="a:ArrayOfdouble" xmlns:a="http://schemas.microsoft.com/2003/10/Serialization/Arrays"><a:double>0</a:double><a:double>0</a:double><a:double>0</a:double></Value></Attribute></Attributes><ChildElements/><ElementName>origin</ElementName><required>false</required><RPYAttribute z:Ref="i635"/><XYZAttribute z:Ref="i634"/><isCustomized>false</isCustomized></URDFElement><URDFElement z:Id="i636" i:type="Geometry"><Attributes/><ChildElements><URDFElement z:Id="i637" i:type="Mesh"><Attributes><Attribute z:Id="i638"><AttributeType>filename</AttributeType><IsRequired>true</IsRequired><Value i:nil="true"/></Attribute></Attributes><ChildElements/><ElementName>mesh</ElementName><required>false</required><FilenameAttribute z:Ref="i638"/></URDFElement></ChildElements><ElementName>geometry</ElementName><required>true</required><Mesh z:Ref="i637"/></URDFElement></ChildElements><ElementName>collision</ElementName><required>false</required><Geometry z:Ref="i636"/><Origin z:Ref="i633"/></URDFElement><URDFElement z:Id="i639" i:type="Joint"><Attributes><Attribute z:Id="i640"><AttributeType>name</AttributeType><IsRequired>true</IsRequired><Value i:type="a:string" xmlns:a="http://www.w3.org/2001/XMLSchema">Joint31</Value></Attribute><Attribute z:Id="i641"><AttributeType>type</AttributeType><IsRequired>true</IsRequired><Value i:type="a:string" xmlns:a="http://www.w3.org/2001/XMLSchema">revolute</Value></Attribute></Attributes><ChildElements><URDFElement z:Id="i642" i:type="Origin"><Attributes><Attribute z:Id="i643"><AttributeType>xyz</AttributeType><IsRequired>true</IsRequired><Value i:type="a:ArrayOfdouble" xmlns:a="http://schemas.microsoft.com/2003/10/Serialization/Arrays"><a:double>0</a:double><a:double>0</a:double><a:double>0</a:double></Value></Attribute><Attribute z:Id="i644"><AttributeType>rpy</AttributeType><IsRequired>true</IsRequired><Value i:type="a:ArrayOfdouble" xmlns:a="http://schemas.microsoft.com/2003/10/Serialization/Arrays"><a:double>0</a:double><a:double>0</a:double><a:double>0</a:double></Value></Attribute></Attributes><ChildElements/><ElementName>origin</ElementName><required>false</required><RPYAttribute z:Ref="i644"/><XYZAttribute z:Ref="i643"/><isCustomized>false</isCustomized></URDFElement><URDFElement z:Id="i645" i:type="ParentLink"><Attributes><Attribute z:Id="i646"><AttributeType>link</AttributeType><IsRequired>true</IsRequired><Value i:type="a:string" xmlns:a="http://www.w3.org/2001/XMLSchema"/></Attribute></Attributes><ChildElements/><ElementName>parent</ElementName><required>true</required><NameAttribute z:Ref="i646"/></URDFElement><URDFElement z:Id="i647" i:type="ChildLink"><Attributes><Attribute z:Id="i648"><AttributeType>link</AttributeType><IsRequired>true</IsRequired><Value i:type="a:string" xmlns:a="http://www.w3.org/2001/XMLSchema"/></Attribute></Attributes><ChildElements/><ElementName>child</ElementName><required>true</required><NameAttribute z:Ref="i648"/></URDFElement><URDFElement z:Id="i649" i:type="Axis"><Attributes><Attribute z:Id="i650"><AttributeType>xyz</AttributeType><IsRequired>true</IsRequired><Value i:type="a:ArrayOfdouble" xmlns:a="http://schemas.microsoft.com/2003/10/Serialization/Arrays"><a:double>0</a:double><a:double>0</a:double><a:double>0</a:double></Value></Attribute></Attributes><ChildElements/><ElementName>axis</ElementName><required>false</required><XYZAttribute z:Ref="i650"/></URDFElement><URDFElement z:Id="i651" i:type="Limit"><Attributes><Attribute z:Id="i652"><AttributeType>lower</AttributeType><IsRequired>false</IsRequired><Value i:nil="true"/></Attribute><Attribute z:Id="i653"><AttributeType>upper</AttributeType><IsRequired>false</IsRequired><Value i:nil="true"/></Attribute><Attribute z:Id="i654"><AttributeType>effort</AttributeType><IsRequired>true</IsRequired><Value i:nil="true"/></Attribute><Attribute z:Id="i655"><AttributeType>velocity</AttributeType><IsRequired>true</IsRequired><Value i:nil="true"/></Attribute></Attributes><ChildElements/><ElementName>limit</ElementName><required>false</required><EffortAttribute z:Ref="i654"/><LowerAttribute z:Ref="i652"/><UpperAttribute z:Ref="i653"/><VelocityAttribute z:Ref="i655"/></URDFElement><URDFElement z:Id="i656" i:type="Calibration"><Attributes><Attribute z:Id="i657"><AttributeType>rising</AttributeType><IsRequired>false</IsRequired><Value i:nil="true"/></Attribute><Attribute z:Id="i658"><AttributeType>falling</AttributeType><IsRequired>false</IsRequired><Value i:nil="true"/></Attribute></Attributes><ChildElements/><ElementName>calibration</ElementName><required>false</required><FallingAttribute z:Ref="i658"/><RisingAttribute z:Ref="i657"/></URDFElement><URDFElement z:Id="i659" i:type="Dynamics"><Attributes><Attribute z:Id="i660"><AttributeType>damping</AttributeType><IsRequired>false</IsRequired><Value i:nil="true"/></Attribute><Attribute z:Id="i661"><AttributeType>friction</AttributeType><IsRequired>false</IsRequired><Value i:nil="true"/></Attribute></Attributes><ChildElements/><ElementName>dynamics</ElementName><required>false</required><DampingAttribute z:Ref="i660"/><FrictionAttribute z:Ref="i661"/></URDFElement><URDFElement z:Id="i662" i:type="SafetyController"><Attributes><Attribute z:Id="i663"><AttributeType>soft_upper_limit</AttributeType><IsRequired>false</IsRequired><Value i:nil="true"/></Attribute><Attribute z:Id="i664"><AttributeType>soft_lower_limit</AttributeType><IsRequired>false</IsRequired><Value i:nil="true"/></Attribute><Attribute z:Id="i665"><AttributeType>k_position</AttributeType><IsRequired>false</IsRequired><Value i:nil="true"/></Attribute><Attribute z:Id="i666"><AttributeType>k_velocity</AttributeType><IsRequired>true</IsRequired><Value i:nil="true"/></Attribute></Attributes><ChildElements/><ElementName>safety_controller</ElementName><required>false</required><KPositionAttribute z:Ref="i665"/><KVelocityAttribute z:Ref="i666"/><SoftLowerAttribute z:Ref="i664"/><SoftUpperAttribute z:Ref="i663"/></URDFElement><URDFElement z:Id="i667" i:type="Mimic"><Attributes><Attribute z:Id="i668"><AttributeType>joint</AttributeType><IsRequired>true</IsRequired><Value i:nil="true"/></Attribute><Attribute z:Id="i669"><AttributeType>multiplier</AttributeType><IsRequired>false</IsRequired><Value i:nil="true"/></Attribute><Attribute z:Id="i670"><AttributeType>offset</AttributeType><IsRequired>false</IsRequired><Value i:nil="true"/></Attribute></Attributes><ChildElements/><ElementName>mimic</ElementName><required>false</required><JointNameAttribute z:Ref="i668"/><MultiplierAttribute z:Ref="i669"/><OffsetAttribute z:Ref="i670"/></URDFElement></ChildElements><ElementName>joint</ElementName><required>false</required><Axis z:Ref="i649"/><AxisName>?????????31</AxisName><Calibration z:Ref="i656"/><Child z:Ref="i647"/><CoordinateSystemName>?????????31</CoordinateSystemName><Dynamics z:Ref="i659"/><Limit z:Ref="i651"/><Mimic z:Ref="i667"/><NameAttribute z:Ref="i640"/><Origin z:Ref="i642"/><Parent z:Ref="i645"/><Safety z:Ref="i662"/><TypeAttribute z:Ref="i641"/></URDFElement></ChildElements><ElementName>link</ElementName><required>true</required><Children/><Collision z:Ref="i632"/><Inertial z:Ref="i606"/><Joint z:Ref="i639"/><NameAttribute z:Ref="i605"/><Parent z:Ref="i537"/><STLQualityFine>false</STLQualityFine><SWComponentPIDs xmlns:a="http://schemas.microsoft.com/2003/10/Serialization/Arrays"><a:base64Binary>sDYAAAUAAAD//v9VQwBUAEQASAAzAEYAMQAxADAALQBKADAAMQAtADAAMAAgAEtiB2PEfvZOLQAyADAAQABDAFQARABIADMARgAxADEAMAAgAAlOB2N1cOddS2IvAEMAVABEAEgAMwBGADEAMQAwAC0AMQA0ACAAS2IHY7qHHU5FePaAq1ctADcAQABDAFQARABIADMARgAxADEAMAAtAEoAMAAxAC0AMAAwACAAS2IHY8R+9k4EAAAAEAAAAAEAAAACAAAAngkAALAIAAA=</a:base64Binary><a:base64Binary>sDYAAAUAAAD//v9+QwBUAEQASAAzAEYAMQAxADAALQBKADAAMQAtADAAMAAgAEtiB2PEfvZOLQAyADAAQABDAFQARABIADMARgAxADEAMAAgAAlOB2N1cOddS2IvAEMAVABEAEgAMwBGADEAMQAwAC0ASgAwADEALQAwADMAIAAHY+96xH72Ti0AMQBAAEMAVABEAEgAMwBGADEAMQAwAC0ASgAwADEALQAwADAAIABLYgdjxH72Ti8AQwBUAEQASAAzAEYAMQAxADAALQAwADUAIAAHY+96LQAxAEAAQwBUAEQASAAzAEYAMQAxADAALQBKADAAMQAtADAAMwAgAAdj73rEfvZOBAAAABAAAAABAAAAAwAAAJ4JAABiCgAAUwcAAA==</a:base64Binary><a:base64Binary>sDYAAAUAAAD//v+BQwBUAEQASAAzAEYAMQAxADAALQBKADAAMQAtADAAMAAgAEtiB2PEfvZOLQAyADAAQABDAFQARABIADMARgAxADEAMAAgAAlOB2N1cOddS2IvAEMAVABEAEgAMwBGADEAMQAwAC0ASgAwADEALQAwADMAIAAHY+96xH72Ti0AMQBAAEMAVABEAEgAMwBGADEAMQAwAC0ASgAwADEALQAwADAAIABLYgdjxH72Ti8AQwBUAEQASAAzAEYAMQAxADAALQAwADkAIAAHY+96RXj2gKtXLQAxAEAAQwBUAEQASAAzAEYAMQAxADAALQBKADAAMQAtADAAMwAgAAdj73rEfvZOBAAAABAAAAABAAAAAwAAAJ4JAABiCgAAVAcAAA==</a:base64Binary><a:base64Binary>sDYAAAUAAAD//v9VQwBUAEQASAAzAEYAMQAxADAALQBKADAAMQAtADAAMAAgAEtiB2PEfvZOLQAyADAAQABDAFQARABIADMARgAxADEAMAAgAAlOB2N1cOddS2IvAEMAVABEAEgAMwBGADEAMQAwAC0AMQA0ACAAS2IHY7qHHU5FePaAq1ctADYAQABDAFQARABIADMARgAxADEAMAAtAEoAMAAxAC0AMAAwACAAS2IHY8R+9k4EAAAAEAAAAAEAAAACAAAAngkAAKwIAAA=</a:base64Binary></SWComponentPIDs><SWMainComponentPID i:nil="true"/><Visual z:Ref="i619"/><isFixedFrame>false</isFixedFrame><isIncomplete>false</isIncomplete></Link></Children><Collision z:Ref="i565"/><Inertial z:Ref="i539"/><Joint z:Ref="i572"/><NameAttribute z:Ref="i538"/><Parent z:Ref="i470"/><STLQualityFine>false</STLQualityFine><SWComponentPIDs xmlns:a="http://schemas.microsoft.com/2003/10/Serialization/Arrays"><a:base64Binary>sDYAAAUAAAD//v+BQwBUAEQASAAzAEYAMQAxADAALQBKADAAMQAtADAAMAAgAEtiB2PEfvZOLQAyADAAQABDAFQARABIADMARgAxADEAMAAgAAlOB2N1cOddS2IvAEMAVABEAEgAMwBGADEAMQAwAC0ASgAwADEALQAwADIAIAAHY3mBxH72Ti0AMQBAAEMAVABEAEgAMwBGADEAMQAwAC0ASgAwADEALQAwADAAIABLYgdjxH72Ti8AQwBUAEQASAAzAEYAMQAxADAALQAxADUAIAAHY3mBRXj2gKtXLQAxAEAAQwBUAEQASAAzAEYAMQAxADAALQBKADAAMQAtADAAMgAgAAdjeYHEfvZOBAAAABAAAAABAAAAAwAAAJ4JAACaBwAAAwgAAA==</a:base64Binary><a:base64Binary>sDYAAAUAAAD//v9+QwBUAEQASAAzAEYAMQAxADAALQBKADAAMQAtADAAMAAgAEtiB2PEfvZOLQAyADAAQABDAFQARABIADMARgAxADEAMAAgAAlOB2N1cOddS2IvAEMAVABEAEgAMwBGADEAMQAwAC0ASgAwADEALQAwADIAIAAHY3mBxH72Ti0AMQBAAEMAVABEAEgAMwBGADEAMQAwAC0ASgAwADEALQAwADAAIABLYgdjxH72Ti8AQwBUAEQASAAzAEYAMQAxADAALQAwADQAIAAHY3mBLQAyAEAAQwBUAEQASAAzAEYAMQAxADAALQBKADAAMQAtADAAMgAgAAdjeYHEfvZOBAAAABAAAAABAAAAAwAAAJ4JAACaBwAABwgAAA==</a:base64Binary><a:base64Binary>sDYAAAUAAAD//v+BQwBUAEQASAAzAEYAMQAxADAALQBKADAAMQAtADAAMAAgAEtiB2PEfvZOLQAyADAAQABDAFQARABIADMARgAxADEAMAAgAAlOB2N1cOddS2IvAEMAVABEAEgAMwBGADEAMQAwAC0ASgAwADEALQAwADIAIAAHY3mBxH72Ti0AMQBAAEMAVABEAEgAMwBGADEAMQAwAC0ASgAwADEALQAwADAAIABLYgdjxH72Ti8AQwBUAEQASAAzAEYAMQAxADAALQAwADcAIAAHY3mBCk7Wdn9nLQAxAEAAQwBUAEQASAAzAEYAMQAxADAALQBKADAAMQAtADAAMgAgAAdjeYHEfvZOBAAAABAAAAABAAAAAwAAAJ4JAACaBwAAdwcAAA==</a:base64Binary><a:base64Binary>sDYAAAUAAAD//v+BQwBUAEQASAAzAEYAMQAxADAALQBKADAAMQAtADAAMAAgAEtiB2PEfvZOLQAyADAAQABDAFQARABIADMARgAxADEAMAAgAAlOB2N1cOddS2IvAEMAVABEAEgAMwBGADEAMQAwAC0ASgAwADEALQAwADIAIAAHY3mBxH72Ti0AMQBAAEMAVABEAEgAMwBGADEAMQAwAC0ASgAwADEALQAwADAAIABLYgdjxH72Ti8AQwBUAEQASAAzAEYAMQAxADAALQAwADYAIAAHY3mBC07Wdn9nLQAxAEAAQwBUAEQASAAzAEYAMQAxADAALQBKADAAMQAtADAAMgAgAAdjeYHEfvZOBAAAABAAAAABAAAAAwAAAJ4JAACaBwAAcwcAAA==</a:base64Binary></SWComponentPIDs><SWMainComponentPID i:nil="true"/><Visual z:Ref="i552"/><isFixedFrame>false</isFixedFrame><isIncomplete>false</isIncomplete></Link></Children><Collision z:Ref="i498"/><Inertial z:Ref="i472"/><Joint z:Ref="i505"/><NameAttribute z:Ref="i471"/><Parent z:Ref="i1"/><STLQualityFine>false</STLQualityFine><SWComponentPIDs xmlns:a="http://schemas.microsoft.com/2003/10/Serialization/Arrays"><a:base64Binary>sDYAAAUAAAD//v+BQwBUAEQASAAzAEYAMQAxADAALQBKADAAMQAtADAAMAAgAEtiB2PEfvZOLQAyADAAQABDAFQARABIADMARgAxADEAMAAgAAlOB2N1cOddS2IvAEMAVABEAEgAMwBGADEAMQAwAC0ASgAwADEALQAwADEAIAAHYzloxH72Ti0AMQBAAEMAVABEAEgAMwBGADEAMQAwAC0ASgAwADEALQAwADAAIABLYgdjxH72Ti8AQwBUAEQASAAzAEYAMQAxADAALQAwADMAIAAHYzlo3o+lY1dXLQAxAEAAQwBUAEQASAAzAEYAMQAxADAALQBKADAAMQAtADAAMQAgAAdjOWjEfvZOBAAAABAAAAABAAAAAwAAAJ4JAABhBwAAXAgAAA==</a:base64Binary><a:base64Binary>sDYAAAUAAAD//v9VQwBUAEQASAAzAEYAMQAxADAALQBKADAAMQAtADAAMAAgAEtiB2PEfvZOLQAyADAAQABDAFQARABIADMARgAxADEAMAAgAAlOB2N1cOddS2IvAEMAVABEAEgAMwBGADEAMQAwAC0AMQA0ACAAS2IHY7qHHU5FePaAq1ctADgAQABDAFQARABIADMARgAxADEAMAAtAEoAMAAxAC0AMAAwACAAS2IHY8R+9k4EAAAAEAAAAAEAAAACAAAAngkAAH4IAAA=</a:base64Binary><a:base64Binary>sDYAAAUAAAD//v9VQwBUAEQASAAzAEYAMQAxADAALQBKADAAMQAtADAAMAAgAEtiB2PEfvZOLQAyADAAQABDAFQARABIADMARgAxADEAMAAgAAlOB2N1cOddS2IvAEMAVABEAEgAMwBGADEAMQAwAC0AMQA0ACAAS2IHY7qHHU5FePaAq1ctADMAQABDAFQARABIADMARgAxADEAMAAtAEoAMAAxAC0AMAAwACAAS2IHY8R+9k4EAAAAEAAAAAEAAAACAAAAngkAAIEIAAA=</a:base64Binary></SWComponentPIDs><SWMainComponentPID i:nil="true"/><Visual z:Ref="i485"/><isFixedFrame>false</isFixedFrame><isIncomplete>false</isIncomplete></Link></Children><Collision z:Ref="i29"/><Inertial z:Ref="i3"/><Joint z:Ref="i36"/><NameAttribute z:Ref="i2"/><Parent i:nil="true"/><STLQualityFine>false</STLQualityFine><SWComponentPIDs xmlns:a="http://schemas.microsoft.com/2003/10/Serialization/Arrays"><a:base64Binary>sDYAAAUAAAD//v8hQwBUAEQASAAzAEYAMQAxADAALQAyADUAIADVbHBRLQAxAEAAQwBUAEQASAAzAEYAMQAxADAAIAAJTgdjdXDnXUtiBAAAABAAAAABAAAAAQAAAIALAAA=</a:base64Binary><a:base64Binary>sDYAAAUAAAD//v9SQwBUAEQASAAzAEYAMQAxADAALQBKADAAMgAtADAAMAAgAJVep17EfvZOLQAxAEAAQwBUAEQASAAzAEYAMQAxADAAIAAJTgdjdXDnXUtiLwBDAFQARABIADMARgAxADEAMAAtADAAMAAgAAlOB2NLYpVep14tADEAQABDAFQARABIADMARgAxADEAMAAtAEoAMAAyAC0AMAAwACAAlV6nXsR+9k4EAAAAEAAAAAEAAAACAAAAcwkAAMgHAAA=</a:base64Binary><a:base64Binary>sDYAAAUAAAD//v9aQwBUAEQASAAzAEYAMQAxADAALQBKADAAMAAtADAAMAAgAEtiB2OJW8WIf2fEfvZOLQAyAEAAQwBUAEQASAAzAEYAMQAxADAAIAAJTgdjdXDnXUtiLwBDAFQARABIADMARgAxADEAMAAtADAAOAAgAAlOB2NLYktiB2P6V6deLQAxAEAAQwBUAEQASAAzAEYAMQAxADAALQBKADAAMAAtADAAMAAgAEtiB2OJW8WIf2fEfvZOBAAAABAAAAABAAAAAgAAAGkIAAAgCgAA</a:base64Binary><a:base64Binary>sDYAAAUAAAD//v8kQwBUAEQASAAzAEYAMQAxADAALQAxADEAIAAJTgdjS2IBXNZ2LQAxAEAAQwBUAEQASAAzAEYAMQAxADAAIAAJTgdjdXDnXUtiBAAAABAAAAABAAAAAQAAAAQLAAA=</a:base64Binary><a:base64Binary>sDYAAAUAAAD//v8nQwBUAEQASAAzAEYAMQAxADAALQAxADIAIAAJTgdjS2IBXNZ2RXj2gKtXLQAxAEAAQwBUAEQASAAzAEYAMQAxADAAIAAJTgdjdXDnXUtiBAAAABAAAAABAAAAAQAAAL0JAAA=</a:base64Binary><a:base64Binary>sDYAAAUAAAD//v+BQwBUAEQASAAzAEYAMQAxADAALQBKADAAMQAtADAAMAAgAEtiB2PEfvZOLQAyADAAQABDAFQARABIADMARgAxADEAMAAgAAlOB2N1cOddS2IvAEMAVABEAEgAMwBGADEAMQAwAC0ASgAwADEALQAwADEAIAAHYzloxH72Ti0AMQBAAEMAVABEAEgAMwBGADEAMQAwAC0ASgAwADEALQAwADAAIABLYgdjxH72Ti8AQwBUAEQASAAzAEYAMQAxADAALQAwADIAIAAHYzlobpAhY39nLQAxAEAAQwBUAEQASAAzAEYAMQAxADAALQBKADAAMQAtADAAMQAgAAdjOWjEfvZOBAAAABAAAAABAAAAAwAAAJ4JAABhBwAAKAgAAA==</a:base64Binary><a:base64Binary>sDYAAAUAAAD//v+BQwBUAEQASAAzAEYAMQAxADAALQBKADAAMQAtADAAMAAgAEtiB2PEfvZOLQAxADkAQABDAFQARABIADMARgAxADEAMAAgAAlOB2N1cOddS2IvAEMAVABEAEgAMwBGADEAMQAwAC0ASgAwADEALQAwADEAIAAHYzloxH72Ti0AMQBAAEMAVABEAEgAMwBGADEAMQAwAC0ASgAwADEALQAwADAAIABLYgdjxH72Ti8AQwBUAEQASAAzAEYAMQAxADAALQAwADIAIAAHYzlobpAhY39nLQAxAEAAQwBUAEQASAAzAEYAMQAxADAALQBKADAAMQAtADAAMQAgAAdjOWjEfvZOBAAAABAAAAABAAAAAwAAAJoJAABhBwAAKAgAAA==</a:base64Binary><a:base64Binary>sDYAAAUAAAD//v+BQwBUAEQASAAzAEYAMQAxADAALQBKADAAMQAtADAAMAAgAEtiB2PEfvZOLQAxADgAQABDAFQARABIADMARgAxADEAMAAgAAlOB2N1cOddS2IvAEMAVABEAEgAMwBGADEAMQAwAC0ASgAwADEALQAwADEAIAAHYzloxH72Ti0AMQBAAEMAVABEAEgAMwBGADEAMQAwAC0ASgAwADEALQAwADAAIABLYgdjxH72Ti8AQwBUAEQASAAzAEYAMQAxADAALQAwADIAIAAHYzlobpAhY39nLQAxAEAAQwBUAEQASAAzAEYAMQAxADAALQBKADAAMQAtADAAMQAgAAdjOWjEfvZOBAAAABAAAAABAAAAAwAAAJUJAABhBwAAKAgAAA==</a:base64Binary></SWComponentPIDs><SWMainComponentPID i:nil="true"/><Visual z:Ref="i16"/><isFixedFrame>false</isFixedFrame><isIncomplete>false</isIncomplete></Link>
2025-08-11 11:51:16,917 INFO  AssemblyExportForm.cs: 253 - Completing URDF export
2025-08-11 11:51:16,919 INFO  ConfigurationSerialization.cs: 276 - URDF Configuration found
<Link z:Id="i1" xmlns="http://schemas.datacontract.org/2004/07/SW2URDF" xmlns:i="http://www.w3.org/2001/XMLSchema-instance" xmlns:z="http://schemas.microsoft.com/2003/10/Serialization/"><Attributes><Attribute z:Id="i2"><AttributeType>name</AttributeType><IsRequired>true</IsRequired><Value i:type="a:string" xmlns:a="http://www.w3.org/2001/XMLSchema">base_link</Value></Attribute></Attributes><ChildElements><URDFElement z:Id="i3" i:type="Inertial"><Attributes/><ChildElements><URDFElement z:Id="i4" i:type="Origin"><Attributes><Attribute z:Id="i5"><AttributeType>xyz</AttributeType><IsRequired>true</IsRequired><Value i:type="a:ArrayOfdouble" xmlns:a="http://schemas.microsoft.com/2003/10/Serialization/Arrays"><a:double>-3.0002E-05</a:double><a:double>-4.9644E-05</a:double><a:double>0.066798</a:double></Value></Attribute><Attribute z:Id="i6"><AttributeType>rpy</AttributeType><IsRequired>true</IsRequired><Value i:type="a:ArrayOfdouble" xmlns:a="http://schemas.microsoft.com/2003/10/Serialization/Arrays"><a:double>0</a:double><a:double>0</a:double><a:double>0</a:double></Value></Attribute></Attributes><ChildElements/><ElementName>origin</ElementName><required>false</required><RPYAttribute z:Ref="i6"/><XYZAttribute z:Ref="i5"/><isCustomized>false</isCustomized></URDFElement><URDFElement z:Id="i7" i:type="Mass"><Attributes><Attribute z:Id="i8"><AttributeType>value</AttributeType><IsRequired>true</IsRequired><Value i:type="a:double" xmlns:a="http://www.w3.org/2001/XMLSchema">0.49713</Value></Attribute></Attributes><ChildElements/><ElementName>mass</ElementName><required>false</required><ValueAttribute z:Ref="i8"/></URDFElement><URDFElement z:Id="i9" i:type="Inertia"><Attributes><Attribute z:Id="i10"><AttributeType>ixx</AttributeType><IsRequired>true</IsRequired><Value i:type="a:double" xmlns:a="http://www.w3.org/2001/XMLSchema">0.00033383</Value></Attribute><Attribute z:Id="i11"><AttributeType>ixy</AttributeType><IsRequired>true</IsRequired><Value i:type="a:double" xmlns:a="http://www.w3.org/2001/XMLSchema">-3.4264E-07</Value></Attribute><Attribute z:Id="i12"><AttributeType>ixz</AttributeType><IsRequired>true</IsRequired><Value i:type="a:double" xmlns:a="http://www.w3.org/2001/XMLSchema">-2.8843E-07</Value></Attribute><Attribute z:Id="i13"><AttributeType>iyy</AttributeType><IsRequired>true</IsRequired><Value i:type="a:double" xmlns:a="http://www.w3.org/2001/XMLSchema">0.00033331</Value></Attribute><Attribute z:Id="i14"><AttributeType>iyz</AttributeType><IsRequired>true</IsRequired><Value i:type="a:double" xmlns:a="http://www.w3.org/2001/XMLSchema">-1.0343E-06</Value></Attribute><Attribute z:Id="i15"><AttributeType>izz</AttributeType><IsRequired>true</IsRequired><Value i:type="a:double" xmlns:a="http://www.w3.org/2001/XMLSchema">0.00031927</Value></Attribute></Attributes><ChildElements/><ElementName>inertia</ElementName><required>false</required><IxxAttribute z:Ref="i10"/><IxyAttribute z:Ref="i11"/><IxzAttribute z:Ref="i12"/><IyyAttribute z:Ref="i13"/><IyzAttribute z:Ref="i14"/><IzzAttribute z:Ref="i15"/></URDFElement></ChildElements><ElementName>inertial</ElementName><required>false</required><Inertia z:Ref="i9"/><Mass z:Ref="i7"/><Origin z:Ref="i4"/></URDFElement><URDFElement z:Id="i16" i:type="Visual"><Attributes/><ChildElements><URDFElement z:Id="i17" i:type="Origin"><Attributes><Attribute z:Id="i18"><AttributeType>xyz</AttributeType><IsRequired>true</IsRequired><Value i:type="a:ArrayOfdouble" xmlns:a="http://schemas.microsoft.com/2003/10/Serialization/Arrays"><a:double>0</a:double><a:double>0</a:double><a:double>0</a:double></Value></Attribute><Attribute z:Id="i19"><AttributeType>rpy</AttributeType><IsRequired>true</IsRequired><Value i:type="a:ArrayOfdouble" xmlns:a="http://schemas.microsoft.com/2003/10/Serialization/Arrays"><a:double>0</a:double><a:double>0</a:double><a:double>0</a:double></Value></Attribute></Attributes><ChildElements/><ElementName>origin</ElementName><required>false</required><RPYAttribute z:Ref="i19"/><XYZAttribute z:Ref="i18"/><isCustomized>false</isCustomized></URDFElement><URDFElement z:Id="i20" i:type="Geometry"><Attributes/><ChildElements><URDFElement z:Id="i21" i:type="Mesh"><Attributes><Attribute z:Id="i22"><AttributeType>filename</AttributeType><IsRequired>true</IsRequired><Value i:nil="true"/></Attribute></Attributes><ChildElements/><ElementName>mesh</ElementName><required>false</required><FilenameAttribute z:Ref="i22"/></URDFElement></ChildElements><ElementName>geometry</ElementName><required>true</required><Mesh z:Ref="i21"/></URDFElement><URDFElement z:Id="i23" i:type="Material"><Attributes><Attribute z:Id="i24"><AttributeType>name</AttributeType><IsRequired>true</IsRequired><Value i:type="a:string" xmlns:a="http://www.w3.org/2001/XMLSchema"/></Attribute></Attributes><ChildElements><URDFElement z:Id="i25" i:type="Color"><Attributes><Attribute z:Id="i26"><AttributeType>rgba</AttributeType><IsRequired>true</IsRequired><Value i:type="a:ArrayOfdouble" xmlns:a="http://schemas.microsoft.com/2003/10/Serialization/Arrays"><a:double>0.25098</a:double><a:double>0.25098</a:double><a:double>0.25098</a:double><a:double>1</a:double></Value></Attribute></Attributes><ChildElements/><ElementName>color</ElementName><required>false</required><RGBAAttribute z:Ref="i26"/></URDFElement><URDFElement z:Id="i27" i:type="Texture"><Attributes><Attribute z:Id="i28"><AttributeType>filename</AttributeType><IsRequired>true</IsRequired><Value i:nil="true"/></Attribute></Attributes><ChildElements/><ElementName>texture</ElementName><required>false</required><FilenameAttribute z:Ref="i28"/><wFilename/></URDFElement></ChildElements><ElementName>material</ElementName><required>false</required><Color z:Ref="i25"/><NameAttribute z:Ref="i24"/><Texture z:Ref="i27"/></URDFElement></ChildElements><ElementName>visual</ElementName><required>false</required><Geometry z:Ref="i20"/><Material z:Ref="i23"/><Origin z:Ref="i17"/></URDFElement><URDFElement z:Id="i29" i:type="Collision"><Attributes/><ChildElements><URDFElement z:Id="i30" i:type="Origin"><Attributes><Attribute z:Id="i31"><AttributeType>xyz</AttributeType><IsRequired>true</IsRequired><Value i:type="a:ArrayOfdouble" xmlns:a="http://schemas.microsoft.com/2003/10/Serialization/Arrays"><a:double>0</a:double><a:double>0</a:double><a:double>0</a:double></Value></Attribute><Attribute z:Id="i32"><AttributeType>rpy</AttributeType><IsRequired>true</IsRequired><Value i:type="a:ArrayOfdouble" xmlns:a="http://schemas.microsoft.com/2003/10/Serialization/Arrays"><a:double>0</a:double><a:double>0</a:double><a:double>0</a:double></Value></Attribute></Attributes><ChildElements/><ElementName>origin</ElementName><required>false</required><RPYAttribute z:Ref="i32"/><XYZAttribute z:Ref="i31"/><isCustomized>false</isCustomized></URDFElement><URDFElement z:Id="i33" i:type="Geometry"><Attributes/><ChildElements><URDFElement z:Id="i34" i:type="Mesh"><Attributes><Attribute z:Id="i35"><AttributeType>filename</AttributeType><IsRequired>true</IsRequired><Value i:nil="true"/></Attribute></Attributes><ChildElements/><ElementName>mesh</ElementName><required>false</required><FilenameAttribute z:Ref="i35"/></URDFElement></ChildElements><ElementName>geometry</ElementName><required>true</required><Mesh z:Ref="i34"/></URDFElement></ChildElements><ElementName>collision</ElementName><required>false</required><Geometry z:Ref="i33"/><Origin z:Ref="i30"/></URDFElement><URDFElement z:Id="i36" i:type="Joint"><Attributes><Attribute z:Id="i37"><AttributeType>name</AttributeType><IsRequired>true</IsRequired><Value i:type="a:string" xmlns:a="http://www.w3.org/2001/XMLSchema"/></Attribute><Attribute z:Id="i38"><AttributeType>type</AttributeType><IsRequired>true</IsRequired><Value i:type="a:string" xmlns:a="http://www.w3.org/2001/XMLSchema"/></Attribute></Attributes><ChildElements><URDFElement z:Id="i39" i:type="Origin"><Attributes><Attribute z:Id="i40"><AttributeType>xyz</AttributeType><IsRequired>true</IsRequired><Value i:type="a:ArrayOfdouble" xmlns:a="http://schemas.microsoft.com/2003/10/Serialization/Arrays"><a:double>0</a:double><a:double>0</a:double><a:double>0</a:double></Value></Attribute><Attribute z:Id="i41"><AttributeType>rpy</AttributeType><IsRequired>true</IsRequired><Value i:type="a:ArrayOfdouble" xmlns:a="http://schemas.microsoft.com/2003/10/Serialization/Arrays"><a:double>0</a:double><a:double>0</a:double><a:double>0</a:double></Value></Attribute></Attributes><ChildElements/><ElementName>origin</ElementName><required>false</required><RPYAttribute z:Ref="i41"/><XYZAttribute z:Ref="i40"/><isCustomized>false</isCustomized></URDFElement><URDFElement z:Id="i42" i:type="ParentLink"><Attributes><Attribute z:Id="i43"><AttributeType>link</AttributeType><IsRequired>true</IsRequired><Value i:type="a:string" xmlns:a="http://www.w3.org/2001/XMLSchema"/></Attribute></Attributes><ChildElements/><ElementName>parent</ElementName><required>true</required><NameAttribute z:Ref="i43"/></URDFElement><URDFElement z:Id="i44" i:type="ChildLink"><Attributes><Attribute z:Id="i45"><AttributeType>link</AttributeType><IsRequired>true</IsRequired><Value i:type="a:string" xmlns:a="http://www.w3.org/2001/XMLSchema"/></Attribute></Attributes><ChildElements/><ElementName>child</ElementName><required>true</required><NameAttribute z:Ref="i45"/></URDFElement><URDFElement z:Id="i46" i:type="Axis"><Attributes><Attribute z:Id="i47"><AttributeType>xyz</AttributeType><IsRequired>true</IsRequired><Value i:type="a:ArrayOfdouble" xmlns:a="http://schemas.microsoft.com/2003/10/Serialization/Arrays"><a:double>0</a:double><a:double>0</a:double><a:double>0</a:double></Value></Attribute></Attributes><ChildElements/><ElementName>axis</ElementName><required>false</required><XYZAttribute z:Ref="i47"/></URDFElement><URDFElement z:Id="i48" i:type="Limit"><Attributes><Attribute z:Id="i49"><AttributeType>lower</AttributeType><IsRequired>false</IsRequired><Value i:nil="true"/></Attribute><Attribute z:Id="i50"><AttributeType>upper</AttributeType><IsRequired>false</IsRequired><Value i:nil="true"/></Attribute><Attribute z:Id="i51"><AttributeType>effort</AttributeType><IsRequired>true</IsRequired><Value i:nil="true"/></Attribute><Attribute z:Id="i52"><AttributeType>velocity</AttributeType><IsRequired>true</IsRequired><Value i:nil="true"/></Attribute></Attributes><ChildElements/><ElementName>limit</ElementName><required>false</required><EffortAttribute z:Ref="i51"/><LowerAttribute z:Ref="i49"/><UpperAttribute z:Ref="i50"/><VelocityAttribute z:Ref="i52"/></URDFElement><URDFElement z:Id="i53" i:type="Calibration"><Attributes><Attribute z:Id="i54"><AttributeType>rising</AttributeType><IsRequired>false</IsRequired><Value i:nil="true"/></Attribute><Attribute z:Id="i55"><AttributeType>falling</AttributeType><IsRequired>false</IsRequired><Value i:nil="true"/></Attribute></Attributes><ChildElements/><ElementName>calibration</ElementName><required>false</required><FallingAttribute z:Ref="i55"/><RisingAttribute z:Ref="i54"/></URDFElement><URDFElement z:Id="i56" i:type="Dynamics"><Attributes><Attribute z:Id="i57"><AttributeType>damping</AttributeType><IsRequired>false</IsRequired><Value i:nil="true"/></Attribute><Attribute z:Id="i58"><AttributeType>friction</AttributeType><IsRequired>false</IsRequired><Value i:nil="true"/></Attribute></Attributes><ChildElements/><ElementName>dynamics</ElementName><required>false</required><DampingAttribute z:Ref="i57"/><FrictionAttribute z:Ref="i58"/></URDFElement><URDFElement z:Id="i59" i:type="SafetyController"><Attributes><Attribute z:Id="i60"><AttributeType>soft_upper_limit</AttributeType><IsRequired>false</IsRequired><Value i:nil="true"/></Attribute><Attribute z:Id="i61"><AttributeType>soft_lower_limit</AttributeType><IsRequired>false</IsRequired><Value i:nil="true"/></Attribute><Attribute z:Id="i62"><AttributeType>k_position</AttributeType><IsRequired>false</IsRequired><Value i:nil="true"/></Attribute><Attribute z:Id="i63"><AttributeType>k_velocity</AttributeType><IsRequired>true</IsRequired><Value i:nil="true"/></Attribute></Attributes><ChildElements/><ElementName>safety_controller</ElementName><required>false</required><KPositionAttribute z:Ref="i62"/><KVelocityAttribute z:Ref="i63"/><SoftLowerAttribute z:Ref="i61"/><SoftUpperAttribute z:Ref="i60"/></URDFElement><URDFElement z:Id="i64" i:type="Mimic"><Attributes><Attribute z:Id="i65"><AttributeType>joint</AttributeType><IsRequired>true</IsRequired><Value i:nil="true"/></Attribute><Attribute z:Id="i66"><AttributeType>multiplier</AttributeType><IsRequired>false</IsRequired><Value i:nil="true"/></Attribute><Attribute z:Id="i67"><AttributeType>offset</AttributeType><IsRequired>false</IsRequired><Value i:nil="true"/></Attribute></Attributes><ChildElements/><ElementName>mimic</ElementName><required>false</required><JointNameAttribute z:Ref="i65"/><MultiplierAttribute z:Ref="i66"/><OffsetAttribute z:Ref="i67"/></URDFElement></ChildElements><ElementName>joint</ElementName><required>false</required><Axis z:Ref="i46"/><AxisName/><Calibration z:Ref="i53"/><Child z:Ref="i44"/><CoordinateSystemName>?????????0</CoordinateSystemName><Dynamics z:Ref="i56"/><Limit z:Ref="i48"/><Mimic z:Ref="i64"/><NameAttribute z:Ref="i37"/><Origin z:Ref="i39"/><Parent z:Ref="i42"/><Safety z:Ref="i59"/><TypeAttribute z:Ref="i38"/></URDFElement></ChildElements><ElementName>link</ElementName><required>true</required><Children><Link z:Id="i68"><Attributes><Attribute z:Id="i69"><AttributeType>name</AttributeType><IsRequired>true</IsRequired><Value i:type="a:string" xmlns:a="http://www.w3.org/2001/XMLSchema">Link13</Value></Attribute></Attributes><ChildElements><URDFElement z:Id="i70" i:type="Inertial"><Attributes/><ChildElements><URDFElement z:Id="i71" i:type="Origin"><Attributes><Attribute z:Id="i72"><AttributeType>xyz</AttributeType><IsRequired>true</IsRequired><Value i:type="a:ArrayOfdouble" xmlns:a="http://schemas.microsoft.com/2003/10/Serialization/Arrays"><a:double>-0.0035312</a:double><a:double>0.022934</a:double><a:double>0.0086404</a:double></Value></Attribute><Attribute z:Id="i73"><AttributeType>rpy</AttributeType><IsRequired>true</IsRequired><Value i:type="a:ArrayOfdouble" xmlns:a="http://schemas.microsoft.com/2003/10/Serialization/Arrays"><a:double>0</a:double><a:double>0</a:double><a:double>0</a:double></Value></Attribute></Attributes><ChildElements/><ElementName>origin</ElementName><required>false</required><RPYAttribute z:Ref="i73"/><XYZAttribute z:Ref="i72"/><isCustomized>false</isCustomized></URDFElement><URDFElement z:Id="i74" i:type="Mass"><Attributes><Attribute z:Id="i75"><AttributeType>value</AttributeType><IsRequired>true</IsRequired><Value i:type="a:double" xmlns:a="http://www.w3.org/2001/XMLSchema">0.029181</Value></Attribute></Attributes><ChildElements/><ElementName>mass</ElementName><required>false</required><ValueAttribute z:Ref="i75"/></URDFElement><URDFElement z:Id="i76" i:type="Inertia"><Attributes><Attribute z:Id="i77"><AttributeType>ixx</AttributeType><IsRequired>true</IsRequired><Value i:type="a:double" xmlns:a="http://www.w3.org/2001/XMLSchema">1.3033E-05</Value></Attribute><Attribute z:Id="i78"><AttributeType>ixy</AttributeType><IsRequired>true</IsRequired><Value i:type="a:double" xmlns:a="http://www.w3.org/2001/XMLSchema">1.2869E-07</Value></Attribute><Attribute z:Id="i79"><AttributeType>ixz</AttributeType><IsRequired>true</IsRequired><Value i:type="a:double" xmlns:a="http://www.w3.org/2001/XMLSchema">4.6605E-07</Value></Attribute><Attribute z:Id="i80"><AttributeType>iyy</AttributeType><IsRequired>true</IsRequired><Value i:type="a:double" xmlns:a="http://www.w3.org/2001/XMLSchema">1.2182E-05</Value></Attribute><Attribute z:Id="i81"><AttributeType>iyz</AttributeType><IsRequired>true</IsRequired><Value i:type="a:double" xmlns:a="http://www.w3.org/2001/XMLSchema">-3.0251E-06</Value></Attribute><Attribute z:Id="i82"><AttributeType>izz</AttributeType><IsRequired>true</IsRequired><Value i:type="a:double" xmlns:a="http://www.w3.org/2001/XMLSchema">9.9366E-06</Value></Attribute></Attributes><ChildElements/><ElementName>inertia</ElementName><required>false</required><IxxAttribute z:Ref="i77"/><IxyAttribute z:Ref="i78"/><IxzAttribute z:Ref="i79"/><IyyAttribute z:Ref="i80"/><IyzAttribute z:Ref="i81"/><IzzAttribute z:Ref="i82"/></URDFElement></ChildElements><ElementName>inertial</ElementName><required>false</required><Inertia z:Ref="i76"/><Mass z:Ref="i74"/><Origin z:Ref="i71"/></URDFElement><URDFElement z:Id="i83" i:type="Visual"><Attributes/><ChildElements><URDFElement z:Id="i84" i:type="Origin"><Attributes><Attribute z:Id="i85"><AttributeType>xyz</AttributeType><IsRequired>true</IsRequired><Value i:type="a:ArrayOfdouble" xmlns:a="http://schemas.microsoft.com/2003/10/Serialization/Arrays"><a:double>0</a:double><a:double>0</a:double><a:double>0</a:double></Value></Attribute><Attribute z:Id="i86"><AttributeType>rpy</AttributeType><IsRequired>true</IsRequired><Value i:type="a:ArrayOfdouble" xmlns:a="http://schemas.microsoft.com/2003/10/Serialization/Arrays"><a:double>0</a:double><a:double>0</a:double><a:double>0</a:double></Value></Attribute></Attributes><ChildElements/><ElementName>origin</ElementName><required>false</required><RPYAttribute z:Ref="i86"/><XYZAttribute z:Ref="i85"/><isCustomized>false</isCustomized></URDFElement><URDFElement z:Id="i87" i:type="Geometry"><Attributes/><ChildElements><URDFElement z:Id="i88" i:type="Mesh"><Attributes><Attribute z:Id="i89"><AttributeType>filename</AttributeType><IsRequired>true</IsRequired><Value i:nil="true"/></Attribute></Attributes><ChildElements/><ElementName>mesh</ElementName><required>false</required><FilenameAttribute z:Ref="i89"/></URDFElement></ChildElements><ElementName>geometry</ElementName><required>true</required><Mesh z:Ref="i88"/></URDFElement><URDFElement z:Id="i90" i:type="Material"><Attributes><Attribute z:Id="i91"><AttributeType>name</AttributeType><IsRequired>true</IsRequired><Value i:type="a:string" xmlns:a="http://www.w3.org/2001/XMLSchema"/></Attribute></Attributes><ChildElements><URDFElement z:Id="i92" i:type="Color"><Attributes><Attribute z:Id="i93"><AttributeType>rgba</AttributeType><IsRequired>true</IsRequired><Value i:type="a:ArrayOfdouble" xmlns:a="http://schemas.microsoft.com/2003/10/Serialization/Arrays"><a:double>0.25098</a:double><a:double>0.25098</a:double><a:double>0.25098</a:double><a:double>1</a:double></Value></Attribute></Attributes><ChildElements/><ElementName>color</ElementName><required>false</required><RGBAAttribute z:Ref="i93"/></URDFElement><URDFElement z:Id="i94" i:type="Texture"><Attributes><Attribute z:Id="i95"><AttributeType>filename</AttributeType><IsRequired>true</IsRequired><Value i:nil="true"/></Attribute></Attributes><ChildElements/><ElementName>texture</ElementName><required>false</required><FilenameAttribute z:Ref="i95"/><wFilename/></URDFElement></ChildElements><ElementName>material</ElementName><required>false</required><Color z:Ref="i92"/><NameAttribute z:Ref="i91"/><Texture z:Ref="i94"/></URDFElement></ChildElements><ElementName>visual</ElementName><required>false</required><Geometry z:Ref="i87"/><Material z:Ref="i90"/><Origin z:Ref="i84"/></URDFElement><URDFElement z:Id="i96" i:type="Collision"><Attributes/><ChildElements><URDFElement z:Id="i97" i:type="Origin"><Attributes><Attribute z:Id="i98"><AttributeType>xyz</AttributeType><IsRequired>true</IsRequired><Value i:type="a:ArrayOfdouble" xmlns:a="http://schemas.microsoft.com/2003/10/Serialization/Arrays"><a:double>0</a:double><a:double>0</a:double><a:double>0</a:double></Value></Attribute><Attribute z:Id="i99"><AttributeType>rpy</AttributeType><IsRequired>true</IsRequired><Value i:type="a:ArrayOfdouble" xmlns:a="http://schemas.microsoft.com/2003/10/Serialization/Arrays"><a:double>0</a:double><a:double>0</a:double><a:double>0</a:double></Value></Attribute></Attributes><ChildElements/><ElementName>origin</ElementName><required>false</required><RPYAttribute z:Ref="i99"/><XYZAttribute z:Ref="i98"/><isCustomized>false</isCustomized></URDFElement><URDFElement z:Id="i100" i:type="Geometry"><Attributes/><ChildElements><URDFElement z:Id="i101" i:type="Mesh"><Attributes><Attribute z:Id="i102"><AttributeType>filename</AttributeType><IsRequired>true</IsRequired><Value i:nil="true"/></Attribute></Attributes><ChildElements/><ElementName>mesh</ElementName><required>false</required><FilenameAttribute z:Ref="i102"/></URDFElement></ChildElements><ElementName>geometry</ElementName><required>true</required><Mesh z:Ref="i101"/></URDFElement></ChildElements><ElementName>collision</ElementName><required>false</required><Geometry z:Ref="i100"/><Origin z:Ref="i97"/></URDFElement><URDFElement z:Id="i103" i:type="Joint"><Attributes><Attribute z:Id="i104"><AttributeType>name</AttributeType><IsRequired>true</IsRequired><Value i:type="a:string" xmlns:a="http://www.w3.org/2001/XMLSchema">Joint13</Value></Attribute><Attribute z:Id="i105"><AttributeType>type</AttributeType><IsRequired>true</IsRequired><Value i:type="a:string" xmlns:a="http://www.w3.org/2001/XMLSchema">revolute</Value></Attribute></Attributes><ChildElements><URDFElement z:Id="i106" i:type="Origin"><Attributes><Attribute z:Id="i107"><AttributeType>xyz</AttributeType><IsRequired>true</IsRequired><Value i:type="a:ArrayOfdouble" xmlns:a="http://schemas.microsoft.com/2003/10/Serialization/Arrays"><a:double>-0.029046</a:double><a:double>0.01677</a:double><a:double>0.1191</a:double></Value></Attribute><Attribute z:Id="i108"><AttributeType>rpy</AttributeType><IsRequired>true</IsRequired><Value i:type="a:ArrayOfdouble" xmlns:a="http://schemas.microsoft.com/2003/10/Serialization/Arrays"><a:double>0</a:double><a:double>0</a:double><a:double>0</a:double></Value></Attribute></Attributes><ChildElements/><ElementName>origin</ElementName><required>false</required><RPYAttribute z:Ref="i108"/><XYZAttribute z:Ref="i107"/><isCustomized>false</isCustomized></URDFElement><URDFElement z:Id="i109" i:type="ParentLink"><Attributes><Attribute z:Id="i110"><AttributeType>link</AttributeType><IsRequired>true</IsRequired><Value i:type="a:string" xmlns:a="http://www.w3.org/2001/XMLSchema">base_link</Value></Attribute></Attributes><ChildElements/><ElementName>parent</ElementName><required>true</required><NameAttribute z:Ref="i110"/></URDFElement><URDFElement z:Id="i111" i:type="ChildLink"><Attributes><Attribute z:Id="i112"><AttributeType>link</AttributeType><IsRequired>true</IsRequired><Value i:type="a:string" xmlns:a="http://www.w3.org/2001/XMLSchema">Link13</Value></Attribute></Attributes><ChildElements/><ElementName>child</ElementName><required>true</required><NameAttribute z:Ref="i112"/></URDFElement><URDFElement z:Id="i113" i:type="Axis"><Attributes><Attribute z:Id="i114"><AttributeType>xyz</AttributeType><IsRequired>true</IsRequired><Value i:type="a:ArrayOfdouble" xmlns:a="http://schemas.microsoft.com/2003/10/Serialization/Arrays"><a:double>0</a:double><a:double>0</a:double><a:double>-1</a:double></Value></Attribute></Attributes><ChildElements/><ElementName>axis</ElementName><required>false</required><XYZAttribute z:Ref="i114"/></URDFElement><URDFElement z:Id="i115" i:type="Limit"><Attributes><Attribute z:Id="i116"><AttributeType>lower</AttributeType><IsRequired>true</IsRequired><Value i:type="a:double" xmlns:a="http://www.w3.org/2001/XMLSchema">0</Value></Attribute><Attribute z:Id="i117"><AttributeType>upper</AttributeType><IsRequired>true</IsRequired><Value i:type="a:double" xmlns:a="http://www.w3.org/2001/XMLSchema">0</Value></Attribute><Attribute z:Id="i118"><AttributeType>effort</AttributeType><IsRequired>true</IsRequired><Value i:type="a:double" xmlns:a="http://www.w3.org/2001/XMLSchema">0</Value></Attribute><Attribute z:Id="i119"><AttributeType>velocity</AttributeType><IsRequired>true</IsRequired><Value i:type="a:double" xmlns:a="http://www.w3.org/2001/XMLSchema">0</Value></Attribute></Attributes><ChildElements/><ElementName>limit</ElementName><required>true</required><EffortAttribute z:Ref="i118"/><LowerAttribute z:Ref="i116"/><UpperAttribute z:Ref="i117"/><VelocityAttribute z:Ref="i119"/></URDFElement><URDFElement z:Id="i120" i:type="Calibration"><Attributes><Attribute z:Id="i121"><AttributeType>rising</AttributeType><IsRequired>false</IsRequired><Value i:nil="true"/></Attribute><Attribute z:Id="i122"><AttributeType>falling</AttributeType><IsRequired>false</IsRequired><Value i:nil="true"/></Attribute></Attributes><ChildElements/><ElementName>calibration</ElementName><required>false</required><FallingAttribute z:Ref="i122"/><RisingAttribute z:Ref="i121"/></URDFElement><URDFElement z:Id="i123" i:type="Dynamics"><Attributes><Attribute z:Id="i124"><AttributeType>damping</AttributeType><IsRequired>false</IsRequired><Value i:nil="true"/></Attribute><Attribute z:Id="i125"><AttributeType>friction</AttributeType><IsRequired>false</IsRequired><Value i:nil="true"/></Attribute></Attributes><ChildElements/><ElementName>dynamics</ElementName><required>false</required><DampingAttribute z:Ref="i124"/><FrictionAttribute z:Ref="i125"/></URDFElement><URDFElement z:Id="i126" i:type="SafetyController"><Attributes><Attribute z:Id="i127"><AttributeType>soft_upper_limit</AttributeType><IsRequired>false</IsRequired><Value i:nil="true"/></Attribute><Attribute z:Id="i128"><AttributeType>soft_lower_limit</AttributeType><IsRequired>false</IsRequired><Value i:nil="true"/></Attribute><Attribute z:Id="i129"><AttributeType>k_position</AttributeType><IsRequired>false</IsRequired><Value i:nil="true"/></Attribute><Attribute z:Id="i130"><AttributeType>k_velocity</AttributeType><IsRequired>true</IsRequired><Value i:nil="true"/></Attribute></Attributes><ChildElements/><ElementName>safety_controller</ElementName><required>false</required><KPositionAttribute z:Ref="i129"/><KVelocityAttribute z:Ref="i130"/><SoftLowerAttribute z:Ref="i128"/><SoftUpperAttribute z:Ref="i127"/></URDFElement><URDFElement z:Id="i131" i:type="Mimic"><Attributes><Attribute z:Id="i132"><AttributeType>joint</AttributeType><IsRequired>true</IsRequired><Value i:nil="true"/></Attribute><Attribute z:Id="i133"><AttributeType>multiplier</AttributeType><IsRequired>false</IsRequired><Value i:nil="true"/></Attribute><Attribute z:Id="i134"><AttributeType>offset</AttributeType><IsRequired>false</IsRequired><Value i:nil="true"/></Attribute></Attributes><ChildElements/><ElementName>mimic</ElementName><required>false</required><JointNameAttribute z:Ref="i132"/><MultiplierAttribute z:Ref="i133"/><OffsetAttribute z:Ref="i134"/></URDFElement></ChildElements><ElementName>joint</ElementName><required>false</required><Axis z:Ref="i113"/><AxisName>?????????13</AxisName><Calibration z:Ref="i120"/><Child z:Ref="i111"/><CoordinateSystemName>?????????13</CoordinateSystemName><Dynamics z:Ref="i123"/><Limit z:Ref="i115"/><Mimic z:Ref="i131"/><NameAttribute z:Ref="i104"/><Origin z:Ref="i106"/><Parent z:Ref="i109"/><Safety z:Ref="i126"/><TypeAttribute z:Ref="i105"/></URDFElement></ChildElements><ElementName>link</ElementName><required>true</required><Children><Link z:Id="i135"><Attributes><Attribute z:Id="i136"><AttributeType>name</AttributeType><IsRequired>true</IsRequired><Value i:type="a:string" xmlns:a="http://www.w3.org/2001/XMLSchema">Link12</Value></Attribute></Attributes><ChildElements><URDFElement z:Id="i137" i:type="Inertial"><Attributes/><ChildElements><URDFElement z:Id="i138" i:type="Origin"><Attributes><Attribute z:Id="i139"><AttributeType>xyz</AttributeType><IsRequired>true</IsRequired><Value i:type="a:ArrayOfdouble" xmlns:a="http://schemas.microsoft.com/2003/10/Serialization/Arrays"><a:double>0.020815242073667306</a:double><a:double>0.01532340488172021</a:double><a:double>3.4459913397691389E-05</a:double></Value></Attribute><Attribute z:Id="i140"><AttributeType>rpy</AttributeType><IsRequired>true</IsRequired><Value i:type="a:ArrayOfdouble" xmlns:a="http://schemas.microsoft.com/2003/10/Serialization/Arrays"><a:double>0</a:double><a:double>0</a:double><a:double>0</a:double></Value></Attribute></Attributes><ChildElements/><ElementName>origin</ElementName><required>false</required><RPYAttribute z:Ref="i140"/><XYZAttribute z:Ref="i139"/><isCustomized>false</isCustomized></URDFElement><URDFElement z:Id="i141" i:type="Mass"><Attributes><Attribute z:Id="i142"><AttributeType>value</AttributeType><IsRequired>true</IsRequired><Value i:type="a:double" xmlns:a="http://www.w3.org/2001/XMLSchema">0.030165175239362206</Value></Attribute></Attributes><ChildElements/><ElementName>mass</ElementName><required>false</required><ValueAttribute z:Ref="i142"/></URDFElement><URDFElement z:Id="i143" i:type="Inertia"><Attributes><Attribute z:Id="i144"><AttributeType>ixx</AttributeType><IsRequired>true</IsRequired><Value i:type="a:double" xmlns:a="http://www.w3.org/2001/XMLSchema">6.30130003493746E-06</Value></Attribute><Attribute z:Id="i145"><AttributeType>ixy</AttributeType><IsRequired>true</IsRequired><Value i:type="a:double" xmlns:a="http://www.w3.org/2001/XMLSchema">-2.0448053563060311E-07</Value></Attribute><Attribute z:Id="i146"><AttributeType>ixz</AttributeType><IsRequired>true</IsRequired><Value i:type="a:double" xmlns:a="http://www.w3.org/2001/XMLSchema">4.0540918320164332E-09</Value></Attribute><Attribute z:Id="i147"><AttributeType>iyy</AttributeType><IsRequired>true</IsRequired><Value i:type="a:double" xmlns:a="http://www.w3.org/2001/XMLSchema">6.4811635781836873E-06</Value></Attribute><Attribute z:Id="i148"><AttributeType>iyz</AttributeType><IsRequired>true</IsRequired><Value i:type="a:double" xmlns:a="http://www.w3.org/2001/XMLSchema">-1.2408117878548567E-08</Value></Attribute><Attribute z:Id="i149"><AttributeType>izz</AttributeType><IsRequired>true</IsRequired><Value i:type="a:double" xmlns:a="http://www.w3.org/2001/XMLSchema">5.8352906068380322E-06</Value></Attribute></Attributes><ChildElements/><ElementName>inertia</ElementName><required>false</required><IxxAttribute z:Ref="i144"/><IxyAttribute z:Ref="i145"/><IxzAttribute z:Ref="i146"/><IyyAttribute z:Ref="i147"/><IyzAttribute z:Ref="i148"/><IzzAttribute z:Ref="i149"/></URDFElement></ChildElements><ElementName>inertial</ElementName><required>false</required><Inertia z:Ref="i143"/><Mass z:Ref="i141"/><Origin z:Ref="i138"/></URDFElement><URDFElement z:Id="i150" i:type="Visual"><Attributes/><ChildElements><URDFElement z:Id="i151" i:type="Origin"><Attributes><Attribute z:Id="i152"><AttributeType>xyz</AttributeType><IsRequired>true</IsRequired><Value i:type="a:ArrayOfdouble" xmlns:a="http://schemas.microsoft.com/2003/10/Serialization/Arrays"><a:double>0</a:double><a:double>0</a:double><a:double>0</a:double></Value></Attribute><Attribute z:Id="i153"><AttributeType>rpy</AttributeType><IsRequired>true</IsRequired><Value i:type="a:ArrayOfdouble" xmlns:a="http://schemas.microsoft.com/2003/10/Serialization/Arrays"><a:double>0</a:double><a:double>0</a:double><a:double>0</a:double></Value></Attribute></Attributes><ChildElements/><ElementName>origin</ElementName><required>false</required><RPYAttribute z:Ref="i153"/><XYZAttribute z:Ref="i152"/><isCustomized>false</isCustomized></URDFElement><URDFElement z:Id="i154" i:type="Geometry"><Attributes/><ChildElements><URDFElement z:Id="i155" i:type="Mesh"><Attributes><Attribute z:Id="i156"><AttributeType>filename</AttributeType><IsRequired>true</IsRequired><Value i:nil="true"/></Attribute></Attributes><ChildElements/><ElementName>mesh</ElementName><required>false</required><FilenameAttribute z:Ref="i156"/></URDFElement></ChildElements><ElementName>geometry</ElementName><required>true</required><Mesh z:Ref="i155"/></URDFElement><URDFElement z:Id="i157" i:type="Material"><Attributes><Attribute z:Id="i158"><AttributeType>name</AttributeType><IsRequired>true</IsRequired><Value i:type="a:string" xmlns:a="http://www.w3.org/2001/XMLSchema"/></Attribute></Attributes><ChildElements><URDFElement z:Id="i159" i:type="Color"><Attributes><Attribute z:Id="i160"><AttributeType>rgba</AttributeType><IsRequired>true</IsRequired><Value i:type="a:ArrayOfdouble" xmlns:a="http://schemas.microsoft.com/2003/10/Serialization/Arrays"><a:double>0.69803921568627447</a:double><a:double>0.69803921568627447</a:double><a:double>0.69803921568627447</a:double><a:double>1</a:double></Value></Attribute></Attributes><ChildElements/><ElementName>color</ElementName><required>false</required><RGBAAttribute z:Ref="i160"/></URDFElement><URDFElement z:Id="i161" i:type="Texture"><Attributes><Attribute z:Id="i162"><AttributeType>filename</AttributeType><IsRequired>true</IsRequired><Value i:nil="true"/></Attribute></Attributes><ChildElements/><ElementName>texture</ElementName><required>false</required><FilenameAttribute z:Ref="i162"/><wFilename/></URDFElement></ChildElements><ElementName>material</ElementName><required>false</required><Color z:Ref="i159"/><NameAttribute z:Ref="i158"/><Texture z:Ref="i161"/></URDFElement></ChildElements><ElementName>visual</ElementName><required>false</required><Geometry z:Ref="i154"/><Material z:Ref="i157"/><Origin z:Ref="i151"/></URDFElement><URDFElement z:Id="i163" i:type="Collision"><Attributes/><ChildElements><URDFElement z:Id="i164" i:type="Origin"><Attributes><Attribute z:Id="i165"><AttributeType>xyz</AttributeType><IsRequired>true</IsRequired><Value i:type="a:ArrayOfdouble" xmlns:a="http://schemas.microsoft.com/2003/10/Serialization/Arrays"><a:double>0</a:double><a:double>0</a:double><a:double>0</a:double></Value></Attribute><Attribute z:Id="i166"><AttributeType>rpy</AttributeType><IsRequired>true</IsRequired><Value i:type="a:ArrayOfdouble" xmlns:a="http://schemas.microsoft.com/2003/10/Serialization/Arrays"><a:double>0</a:double><a:double>0</a:double><a:double>0</a:double></Value></Attribute></Attributes><ChildElements/><ElementName>origin</ElementName><required>false</required><RPYAttribute z:Ref="i166"/><XYZAttribute z:Ref="i165"/><isCustomized>false</isCustomized></URDFElement><URDFElement z:Id="i167" i:type="Geometry"><Attributes/><ChildElements><URDFElement z:Id="i168" i:type="Mesh"><Attributes><Attribute z:Id="i169"><AttributeType>filename</AttributeType><IsRequired>true</IsRequired><Value i:nil="true"/></Attribute></Attributes><ChildElements/><ElementName>mesh</ElementName><required>false</required><FilenameAttribute z:Ref="i169"/></URDFElement></ChildElements><ElementName>geometry</ElementName><required>true</required><Mesh z:Ref="i168"/></URDFElement></ChildElements><ElementName>collision</ElementName><required>false</required><Geometry z:Ref="i167"/><Origin z:Ref="i164"/></URDFElement><URDFElement z:Id="i170" i:type="Joint"><Attributes><Attribute z:Id="i171"><AttributeType>name</AttributeType><IsRequired>true</IsRequired><Value i:type="a:string" xmlns:a="http://www.w3.org/2001/XMLSchema">Joint12</Value></Attribute><Attribute z:Id="i172"><AttributeType>type</AttributeType><IsRequired>true</IsRequired><Value i:type="a:string" xmlns:a="http://www.w3.org/2001/XMLSchema">revolute</Value></Attribute></Attributes><ChildElements><URDFElement z:Id="i173" i:type="Origin"><Attributes><Attribute z:Id="i174"><AttributeType>xyz</AttributeType><IsRequired>true</IsRequired><Value i:type="a:ArrayOfdouble" xmlns:a="http://schemas.microsoft.com/2003/10/Serialization/Arrays"><a:double>-0.0063006</a:double><a:double>0.041019</a:double><a:double>0.030503</a:double></Value></Attribute><Attribute z:Id="i175"><AttributeType>rpy</AttributeType><IsRequired>true</IsRequired><Value i:type="a:ArrayOfdouble" xmlns:a="http://schemas.microsoft.com/2003/10/Serialization/Arrays"><a:double>1.5708</a:double><a:double>0</a:double><a:double>1.7232</a:double></Value></Attribute></Attributes><ChildElements/><ElementName>origin</ElementName><required>false</required><RPYAttribute z:Ref="i175"/><XYZAttribute z:Ref="i174"/><isCustomized>false</isCustomized></URDFElement><URDFElement z:Id="i176" i:type="ParentLink"><Attributes><Attribute z:Id="i177"><AttributeType>link</AttributeType><IsRequired>true</IsRequired><Value i:type="a:string" xmlns:a="http://www.w3.org/2001/XMLSchema">Link13</Value></Attribute></Attributes><ChildElements/><ElementName>parent</ElementName><required>true</required><NameAttribute z:Ref="i177"/></URDFElement><URDFElement z:Id="i178" i:type="ChildLink"><Attributes><Attribute z:Id="i179"><AttributeType>link</AttributeType><IsRequired>true</IsRequired><Value i:type="a:string" xmlns:a="http://www.w3.org/2001/XMLSchema">Link12</Value></Attribute></Attributes><ChildElements/><ElementName>child</ElementName><required>true</required><NameAttribute z:Ref="i179"/></URDFElement><URDFElement z:Id="i180" i:type="Axis"><Attributes><Attribute z:Id="i181"><AttributeType>xyz</AttributeType><IsRequired>true</IsRequired><Value i:type="a:ArrayOfdouble" xmlns:a="http://schemas.microsoft.com/2003/10/Serialization/Arrays"><a:double>0</a:double><a:double>0</a:double><a:double>-1</a:double></Value></Attribute></Attributes><ChildElements/><ElementName>axis</ElementName><required>false</required><XYZAttribute z:Ref="i181"/></URDFElement><URDFElement z:Id="i182" i:type="Limit"><Attributes><Attribute z:Id="i183"><AttributeType>lower</AttributeType><IsRequired>true</IsRequired><Value i:type="a:double" xmlns:a="http://www.w3.org/2001/XMLSchema">0</Value></Attribute><Attribute z:Id="i184"><AttributeType>upper</AttributeType><IsRequired>true</IsRequired><Value i:type="a:double" xmlns:a="http://www.w3.org/2001/XMLSchema">0</Value></Attribute><Attribute z:Id="i185"><AttributeType>effort</AttributeType><IsRequired>true</IsRequired><Value i:type="a:double" xmlns:a="http://www.w3.org/2001/XMLSchema">0</Value></Attribute><Attribute z:Id="i186"><AttributeType>velocity</AttributeType><IsRequired>true</IsRequired><Value i:type="a:double" xmlns:a="http://www.w3.org/2001/XMLSchema">0</Value></Attribute></Attributes><ChildElements/><ElementName>limit</ElementName><required>true</required><EffortAttribute z:Ref="i185"/><LowerAttribute z:Ref="i183"/><UpperAttribute z:Ref="i184"/><VelocityAttribute z:Ref="i186"/></URDFElement><URDFElement z:Id="i187" i:type="Calibration"><Attributes><Attribute z:Id="i188"><AttributeType>rising</AttributeType><IsRequired>false</IsRequired><Value i:nil="true"/></Attribute><Attribute z:Id="i189"><AttributeType>falling</AttributeType><IsRequired>false</IsRequired><Value i:nil="true"/></Attribute></Attributes><ChildElements/><ElementName>calibration</ElementName><required>false</required><FallingAttribute z:Ref="i189"/><RisingAttribute z:Ref="i188"/></URDFElement><URDFElement z:Id="i190" i:type="Dynamics"><Attributes><Attribute z:Id="i191"><AttributeType>damping</AttributeType><IsRequired>false</IsRequired><Value i:nil="true"/></Attribute><Attribute z:Id="i192"><AttributeType>friction</AttributeType><IsRequired>false</IsRequired><Value i:nil="true"/></Attribute></Attributes><ChildElements/><ElementName>dynamics</ElementName><required>false</required><DampingAttribute z:Ref="i191"/><FrictionAttribute z:Ref="i192"/></URDFElement><URDFElement z:Id="i193" i:type="SafetyController"><Attributes><Attribute z:Id="i194"><AttributeType>soft_upper_limit</AttributeType><IsRequired>false</IsRequired><Value i:nil="true"/></Attribute><Attribute z:Id="i195"><AttributeType>soft_lower_limit</AttributeType><IsRequired>false</IsRequired><Value i:nil="true"/></Attribute><Attribute z:Id="i196"><AttributeType>k_position</AttributeType><IsRequired>false</IsRequired><Value i:nil="true"/></Attribute><Attribute z:Id="i197"><AttributeType>k_velocity</AttributeType><IsRequired>true</IsRequired><Value i:nil="true"/></Attribute></Attributes><ChildElements/><ElementName>safety_controller</ElementName><required>false</required><KPositionAttribute z:Ref="i196"/><KVelocityAttribute z:Ref="i197"/><SoftLowerAttribute z:Ref="i195"/><SoftUpperAttribute z:Ref="i194"/></URDFElement><URDFElement z:Id="i198" i:type="Mimic"><Attributes><Attribute z:Id="i199"><AttributeType>joint</AttributeType><IsRequired>true</IsRequired><Value i:nil="true"/></Attribute><Attribute z:Id="i200"><AttributeType>multiplier</AttributeType><IsRequired>false</IsRequired><Value i:nil="true"/></Attribute><Attribute z:Id="i201"><AttributeType>offset</AttributeType><IsRequired>false</IsRequired><Value i:nil="true"/></Attribute></Attributes><ChildElements/><ElementName>mimic</ElementName><required>false</required><JointNameAttribute z:Ref="i199"/><MultiplierAttribute z:Ref="i200"/><OffsetAttribute z:Ref="i201"/></URDFElement></ChildElements><ElementName>joint</ElementName><required>false</required><Axis z:Ref="i180"/><AxisName>?????????12</AxisName><Calibration z:Ref="i187"/><Child z:Ref="i178"/><CoordinateSystemName>?????????12</CoordinateSystemName><Dynamics z:Ref="i190"/><Limit z:Ref="i182"/><Mimic z:Ref="i198"/><NameAttribute z:Ref="i171"/><Origin z:Ref="i173"/><Parent z:Ref="i176"/><Safety z:Ref="i193"/><TypeAttribute z:Ref="i172"/></URDFElement></ChildElements><ElementName>link</ElementName><required>true</required><Children><Link z:Id="i202"><Attributes><Attribute z:Id="i203"><AttributeType>name</AttributeType><IsRequired>true</IsRequired><Value i:type="a:string" xmlns:a="http://www.w3.org/2001/XMLSchema">Link11</Value></Attribute></Attributes><ChildElements><URDFElement z:Id="i204" i:type="Inertial"><Attributes/><ChildElements><URDFElement z:Id="i205" i:type="Origin"><Attributes><Attribute z:Id="i206"><AttributeType>xyz</AttributeType><IsRequired>true</IsRequired><Value i:type="a:ArrayOfdouble" xmlns:a="http://schemas.microsoft.com/2003/10/Serialization/Arrays"><a:double>0.022068284915263164</a:double><a:double>0.0053155114630325934</a:double><a:double>5.6919594320220535E-06</a:double></Value></Attribute><Attribute z:Id="i207"><AttributeType>rpy</AttributeType><IsRequired>true</IsRequired><Value i:type="a:ArrayOfdouble" xmlns:a="http://schemas.microsoft.com/2003/10/Serialization/Arrays"><a:double>0</a:double><a:double>0</a:double><a:double>0</a:double></Value></Attribute></Attributes><ChildElements/><ElementName>origin</ElementName><required>false</required><RPYAttribute z:Ref="i207"/><XYZAttribute z:Ref="i206"/><isCustomized>false</isCustomized></URDFElement><URDFElement z:Id="i208" i:type="Mass"><Attributes><Attribute z:Id="i209"><AttributeType>value</AttributeType><IsRequired>true</IsRequired><Value i:type="a:double" xmlns:a="http://www.w3.org/2001/XMLSchema">0.026874521838385502</Value></Attribute></Attributes><ChildElements/><ElementName>mass</ElementName><required>false</required><ValueAttribute z:Ref="i209"/></URDFElement><URDFElement z:Id="i210" i:type="Inertia"><Attributes><Attribute z:Id="i211"><AttributeType>ixx</AttributeType><IsRequired>true</IsRequired><Value i:type="a:double" xmlns:a="http://www.w3.org/2001/XMLSchema">4.4588911032199687E-06</Value></Attribute><Attribute z:Id="i212"><AttributeType>ixy</AttributeType><IsRequired>true</IsRequired><Value i:type="a:double" xmlns:a="http://www.w3.org/2001/XMLSchema">-1.2268938091811845E-06</Value></Attribute><Attribute z:Id="i213"><AttributeType>ixz</AttributeType><IsRequired>true</IsRequired><Value i:type="a:double" xmlns:a="http://www.w3.org/2001/XMLSchema">1.3497167641051636E-09</Value></Attribute><Attribute z:Id="i214"><AttributeType>iyy</AttributeType><IsRequired>true</IsRequired><Value i:type="a:double" xmlns:a="http://www.w3.org/2001/XMLSchema">8.6419976818250677E-06</Value></Attribute><Attribute z:Id="i215"><AttributeType>iyz</AttributeType><IsRequired>true</IsRequired><Value i:type="a:double" xmlns:a="http://www.w3.org/2001/XMLSchema">1.58995416269744E-09</Value></Attribute><Attribute z:Id="i216"><AttributeType>izz</AttributeType><IsRequired>true</IsRequired><Value i:type="a:double" xmlns:a="http://www.w3.org/2001/XMLSchema">7.4685876848857878E-06</Value></Attribute></Attributes><ChildElements/><ElementName>inertia</ElementName><required>false</required><IxxAttribute z:Ref="i211"/><IxyAttribute z:Ref="i212"/><IxzAttribute z:Ref="i213"/><IyyAttribute z:Ref="i214"/><IyzAttribute z:Ref="i215"/><IzzAttribute z:Ref="i216"/></URDFElement></ChildElements><ElementName>inertial</ElementName><required>false</required><Inertia z:Ref="i210"/><Mass z:Ref="i208"/><Origin z:Ref="i205"/></URDFElement><URDFElement z:Id="i217" i:type="Visual"><Attributes/><ChildElements><URDFElement z:Id="i218" i:type="Origin"><Attributes><Attribute z:Id="i219"><AttributeType>xyz</AttributeType><IsRequired>true</IsRequired><Value i:type="a:ArrayOfdouble" xmlns:a="http://schemas.microsoft.com/2003/10/Serialization/Arrays"><a:double>0</a:double><a:double>0</a:double><a:double>0</a:double></Value></Attribute><Attribute z:Id="i220"><AttributeType>rpy</AttributeType><IsRequired>true</IsRequired><Value i:type="a:ArrayOfdouble" xmlns:a="http://schemas.microsoft.com/2003/10/Serialization/Arrays"><a:double>0</a:double><a:double>0</a:double><a:double>0</a:double></Value></Attribute></Attributes><ChildElements/><ElementName>origin</ElementName><required>false</required><RPYAttribute z:Ref="i220"/><XYZAttribute z:Ref="i219"/><isCustomized>false</isCustomized></URDFElement><URDFElement z:Id="i221" i:type="Geometry"><Attributes/><ChildElements><URDFElement z:Id="i222" i:type="Mesh"><Attributes><Attribute z:Id="i223"><AttributeType>filename</AttributeType><IsRequired>true</IsRequired><Value i:nil="true"/></Attribute></Attributes><ChildElements/><ElementName>mesh</ElementName><required>false</required><FilenameAttribute z:Ref="i223"/></URDFElement></ChildElements><ElementName>geometry</ElementName><required>true</required><Mesh z:Ref="i222"/></URDFElement><URDFElement z:Id="i224" i:type="Material"><Attributes><Attribute z:Id="i225"><AttributeType>name</AttributeType><IsRequired>true</IsRequired><Value i:type="a:string" xmlns:a="http://www.w3.org/2001/XMLSchema"/></Attribute></Attributes><ChildElements><URDFElement z:Id="i226" i:type="Color"><Attributes><Attribute z:Id="i227"><AttributeType>rgba</AttributeType><IsRequired>true</IsRequired><Value i:type="a:ArrayOfdouble" xmlns:a="http://schemas.microsoft.com/2003/10/Serialization/Arrays"><a:double>0.69803921568627447</a:double><a:double>0.69803921568627447</a:double><a:double>0.69803921568627447</a:double><a:double>1</a:double></Value></Attribute></Attributes><ChildElements/><ElementName>color</ElementName><required>false</required><RGBAAttribute z:Ref="i227"/></URDFElement><URDFElement z:Id="i228" i:type="Texture"><Attributes><Attribute z:Id="i229"><AttributeType>filename</AttributeType><IsRequired>true</IsRequired><Value i:nil="true"/></Attribute></Attributes><ChildElements/><ElementName>texture</ElementName><required>false</required><FilenameAttribute z:Ref="i229"/><wFilename/></URDFElement></ChildElements><ElementName>material</ElementName><required>false</required><Color z:Ref="i226"/><NameAttribute z:Ref="i225"/><Texture z:Ref="i228"/></URDFElement></ChildElements><ElementName>visual</ElementName><required>false</required><Geometry z:Ref="i221"/><Material z:Ref="i224"/><Origin z:Ref="i218"/></URDFElement><URDFElement z:Id="i230" i:type="Collision"><Attributes/><ChildElements><URDFElement z:Id="i231" i:type="Origin"><Attributes><Attribute z:Id="i232"><AttributeType>xyz</AttributeType><IsRequired>true</IsRequired><Value i:type="a:ArrayOfdouble" xmlns:a="http://schemas.microsoft.com/2003/10/Serialization/Arrays"><a:double>0</a:double><a:double>0</a:double><a:double>0</a:double></Value></Attribute><Attribute z:Id="i233"><AttributeType>rpy</AttributeType><IsRequired>true</IsRequired><Value i:type="a:ArrayOfdouble" xmlns:a="http://schemas.microsoft.com/2003/10/Serialization/Arrays"><a:double>0</a:double><a:double>0</a:double><a:double>0</a:double></Value></Attribute></Attributes><ChildElements/><ElementName>origin</ElementName><required>false</required><RPYAttribute z:Ref="i233"/><XYZAttribute z:Ref="i232"/><isCustomized>false</isCustomized></URDFElement><URDFElement z:Id="i234" i:type="Geometry"><Attributes/><ChildElements><URDFElement z:Id="i235" i:type="Mesh"><Attributes><Attribute z:Id="i236"><AttributeType>filename</AttributeType><IsRequired>true</IsRequired><Value i:nil="true"/></Attribute></Attributes><ChildElements/><ElementName>mesh</ElementName><required>false</required><FilenameAttribute z:Ref="i236"/></URDFElement></ChildElements><ElementName>geometry</ElementName><required>true</required><Mesh z:Ref="i235"/></URDFElement></ChildElements><ElementName>collision</ElementName><required>false</required><Geometry z:Ref="i234"/><Origin z:Ref="i231"/></URDFElement><URDFElement z:Id="i237" i:type="Joint"><Attributes><Attribute z:Id="i238"><AttributeType>name</AttributeType><IsRequired>true</IsRequired><Value i:type="a:string" xmlns:a="http://www.w3.org/2001/XMLSchema">Joint11</Value></Attribute><Attribute z:Id="i239"><AttributeType>type</AttributeType><IsRequired>true</IsRequired><Value i:type="a:string" xmlns:a="http://www.w3.org/2001/XMLSchema">revolute</Value></Attribute></Attributes><ChildElements><URDFElement z:Id="i240" i:type="Origin"><Attributes><Attribute z:Id="i241"><AttributeType>xyz</AttributeType><IsRequired>true</IsRequired><Value i:type="a:ArrayOfdouble" xmlns:a="http://schemas.microsoft.com/2003/10/Serialization/Arrays"><a:double>0.04178</a:double><a:double>0.029248</a:double><a:double>0</a:double></Value></Attribute><Attribute z:Id="i242"><AttributeType>rpy</AttributeType><IsRequired>true</IsRequired><Value i:type="a:ArrayOfdouble" xmlns:a="http://schemas.microsoft.com/2003/10/Serialization/Arrays"><a:double>0</a:double><a:double>0</a:double><a:double>0</a:double></Value></Attribute></Attributes><ChildElements/><ElementName>origin</ElementName><required>false</required><RPYAttribute z:Ref="i242"/><XYZAttribute z:Ref="i241"/><isCustomized>false</isCustomized></URDFElement><URDFElement z:Id="i243" i:type="ParentLink"><Attributes><Attribute z:Id="i244"><AttributeType>link</AttributeType><IsRequired>true</IsRequired><Value i:type="a:string" xmlns:a="http://www.w3.org/2001/XMLSchema">Link12</Value></Attribute></Attributes><ChildElements/><ElementName>parent</ElementName><required>true</required><NameAttribute z:Ref="i244"/></URDFElement><URDFElement z:Id="i245" i:type="ChildLink"><Attributes><Attribute z:Id="i246"><AttributeType>link</AttributeType><IsRequired>true</IsRequired><Value i:type="a:string" xmlns:a="http://www.w3.org/2001/XMLSchema">Link11</Value></Attribute></Attributes><ChildElements/><ElementName>child</ElementName><required>true</required><NameAttribute z:Ref="i246"/></URDFElement><URDFElement z:Id="i247" i:type="Axis"><Attributes><Attribute z:Id="i248"><AttributeType>xyz</AttributeType><IsRequired>true</IsRequired><Value i:type="a:ArrayOfdouble" xmlns:a="http://schemas.microsoft.com/2003/10/Serialization/Arrays"><a:double>0</a:double><a:double>0</a:double><a:double>-1</a:double></Value></Attribute></Attributes><ChildElements/><ElementName>axis</ElementName><required>false</required><XYZAttribute z:Ref="i248"/></URDFElement><URDFElement z:Id="i249" i:type="Limit"><Attributes><Attribute z:Id="i250"><AttributeType>lower</AttributeType><IsRequired>true</IsRequired><Value i:type="a:double" xmlns:a="http://www.w3.org/2001/XMLSchema">0</Value></Attribute><Attribute z:Id="i251"><AttributeType>upper</AttributeType><IsRequired>true</IsRequired><Value i:type="a:double" xmlns:a="http://www.w3.org/2001/XMLSchema">0</Value></Attribute><Attribute z:Id="i252"><AttributeType>effort</AttributeType><IsRequired>true</IsRequired><Value i:type="a:double" xmlns:a="http://www.w3.org/2001/XMLSchema">0</Value></Attribute><Attribute z:Id="i253"><AttributeType>velocity</AttributeType><IsRequired>true</IsRequired><Value i:type="a:double" xmlns:a="http://www.w3.org/2001/XMLSchema">0</Value></Attribute></Attributes><ChildElements/><ElementName>limit</ElementName><required>true</required><EffortAttribute z:Ref="i252"/><LowerAttribute z:Ref="i250"/><UpperAttribute z:Ref="i251"/><VelocityAttribute z:Ref="i253"/></URDFElement><URDFElement z:Id="i254" i:type="Calibration"><Attributes><Attribute z:Id="i255"><AttributeType>rising</AttributeType><IsRequired>false</IsRequired><Value i:nil="true"/></Attribute><Attribute z:Id="i256"><AttributeType>falling</AttributeType><IsRequired>false</IsRequired><Value i:nil="true"/></Attribute></Attributes><ChildElements/><ElementName>calibration</ElementName><required>false</required><FallingAttribute z:Ref="i256"/><RisingAttribute z:Ref="i255"/></URDFElement><URDFElement z:Id="i257" i:type="Dynamics"><Attributes><Attribute z:Id="i258"><AttributeType>damping</AttributeType><IsRequired>false</IsRequired><Value i:nil="true"/></Attribute><Attribute z:Id="i259"><AttributeType>friction</AttributeType><IsRequired>false</IsRequired><Value i:nil="true"/></Attribute></Attributes><ChildElements/><ElementName>dynamics</ElementName><required>false</required><DampingAttribute z:Ref="i258"/><FrictionAttribute z:Ref="i259"/></URDFElement><URDFElement z:Id="i260" i:type="SafetyController"><Attributes><Attribute z:Id="i261"><AttributeType>soft_upper_limit</AttributeType><IsRequired>false</IsRequired><Value i:nil="true"/></Attribute><Attribute z:Id="i262"><AttributeType>soft_lower_limit</AttributeType><IsRequired>false</IsRequired><Value i:nil="true"/></Attribute><Attribute z:Id="i263"><AttributeType>k_position</AttributeType><IsRequired>false</IsRequired><Value i:nil="true"/></Attribute><Attribute z:Id="i264"><AttributeType>k_velocity</AttributeType><IsRequired>true</IsRequired><Value i:nil="true"/></Attribute></Attributes><ChildElements/><ElementName>safety_controller</ElementName><required>false</required><KPositionAttribute z:Ref="i263"/><KVelocityAttribute z:Ref="i264"/><SoftLowerAttribute z:Ref="i262"/><SoftUpperAttribute z:Ref="i261"/></URDFElement><URDFElement z:Id="i265" i:type="Mimic"><Attributes><Attribute z:Id="i266"><AttributeType>joint</AttributeType><IsRequired>true</IsRequired><Value i:nil="true"/></Attribute><Attribute z:Id="i267"><AttributeType>multiplier</AttributeType><IsRequired>false</IsRequired><Value i:nil="true"/></Attribute><Attribute z:Id="i268"><AttributeType>offset</AttributeType><IsRequired>false</IsRequired><Value i:nil="true"/></Attribute></Attributes><ChildElements/><ElementName>mimic</ElementName><required>false</required><JointNameAttribute z:Ref="i266"/><MultiplierAttribute z:Ref="i267"/><OffsetAttribute z:Ref="i268"/></URDFElement></ChildElements><ElementName>joint</ElementName><required>false</required><Axis z:Ref="i247"/><AxisName>?????????11</AxisName><Calibration z:Ref="i254"/><Child z:Ref="i245"/><CoordinateSystemName>?????????11</CoordinateSystemName><Dynamics z:Ref="i257"/><Limit z:Ref="i249"/><Mimic z:Ref="i265"/><NameAttribute z:Ref="i238"/><Origin z:Ref="i240"/><Parent z:Ref="i243"/><Safety z:Ref="i260"/><TypeAttribute z:Ref="i239"/></URDFElement></ChildElements><ElementName>link</ElementName><required>true</required><Children/><Collision z:Ref="i230"/><Inertial z:Ref="i204"/><Joint z:Ref="i237"/><NameAttribute z:Ref="i203"/><Parent z:Ref="i135"/><STLQualityFine>false</STLQualityFine><SWComponentPIDs xmlns:a="http://schemas.microsoft.com/2003/10/Serialization/Arrays"><a:base64Binary>sDYAAAUAAAD//v+BQwBUAEQASAAzAEYAMQAxADAALQBKADAAMQAtADAAMAAgAEtiB2PEfvZOLQAxADgAQABDAFQARABIADMARgAxADEAMAAgAAlOB2N1cOddS2IvAEMAVABEAEgAMwBGADEAMQAwAC0ASgAwADEALQAwADMAIAAHY+96xH72Ti0AMQBAAEMAVABEAEgAMwBGADEAMQAwAC0ASgAwADEALQAwADAAIABLYgdjxH72Ti8AQwBUAEQASAAzAEYAMQAxADAALQAwADkAIAAHY+96RXj2gKtXLQAxAEAAQwBUAEQASAAzAEYAMQAxADAALQBKADAAMQAtADAAMwAgAAdj73rEfvZOBAAAABAAAAABAAAAAwAAAJUJAABiCgAAVAcAAA==</a:base64Binary><a:base64Binary>sDYAAAUAAAD//v9+QwBUAEQASAAzAEYAMQAxADAALQBKADAAMQAtADAAMAAgAEtiB2PEfvZOLQAxADgAQABDAFQARABIADMARgAxADEAMAAgAAlOB2N1cOddS2IvAEMAVABEAEgAMwBGADEAMQAwAC0ASgAwADEALQAwADMAIAAHY+96xH72Ti0AMQBAAEMAVABEAEgAMwBGADEAMQAwAC0ASgAwADEALQAwADAAIABLYgdjxH72Ti8AQwBUAEQASAAzAEYAMQAxADAALQAwADUAIAAHY+96LQAxAEAAQwBUAEQASAAzAEYAMQAxADAALQBKADAAMQAtADAAMwAgAAdj73rEfvZOBAAAABAAAAABAAAAAwAAAJUJAABiCgAAUwcAAA==</a:base64Binary><a:base64Binary>sDYAAAUAAAD//v9VQwBUAEQASAAzAEYAMQAxADAALQBKADAAMQAtADAAMAAgAEtiB2PEfvZOLQAxADgAQABDAFQARABIADMARgAxADEAMAAgAAlOB2N1cOddS2IvAEMAVABEAEgAMwBGADEAMQAwAC0AMQA0ACAAS2IHY7qHHU5FePaAq1ctADcAQABDAFQARABIADMARgAxADEAMAAtAEoAMAAxAC0AMAAwACAAS2IHY8R+9k4EAAAAEAAAAAEAAAACAAAAlQkAALAIAAA=</a:base64Binary><a:base64Binary>sDYAAAUAAAD//v9VQwBUAEQASAAzAEYAMQAxADAALQBKADAAMQAtADAAMAAgAEtiB2PEfvZOLQAxADgAQABDAFQARABIADMARgAxADEAMAAgAAlOB2N1cOddS2IvAEMAVABEAEgAMwBGADEAMQAwAC0AMQA0ACAAS2IHY7qHHU5FePaAq1ctADYAQABDAFQARABIADMARgAxADEAMAAtAEoAMAAxAC0AMAAwACAAS2IHY8R+9k4EAAAAEAAAAAEAAAACAAAAlQkAAKwIAAA=</a:base64Binary></SWComponentPIDs><SWMainComponentPID i:nil="true"/><Visual z:Ref="i217"/><isFixedFrame>false</isFixedFrame><isIncomplete>false</isIncomplete></Link></Children><Collision z:Ref="i163"/><Inertial z:Ref="i137"/><Joint z:Ref="i170"/><NameAttribute z:Ref="i136"/><Parent z:Ref="i68"/><STLQualityFine>false</STLQualityFine><SWComponentPIDs xmlns:a="http://schemas.microsoft.com/2003/10/Serialization/Arrays"><a:base64Binary>sDYAAAUAAAD//v9+QwBUAEQASAAzAEYAMQAxADAALQBKADAAMQAtADAAMAAgAEtiB2PEfvZOLQAxADgAQABDAFQARABIADMARgAxADEAMAAgAAlOB2N1cOddS2IvAEMAVABEAEgAMwBGADEAMQAwAC0ASgAwADEALQAwADIAIAAHY3mBxH72Ti0AMQBAAEMAVABEAEgAMwBGADEAMQAwAC0ASgAwADEALQAwADAAIABLYgdjxH72Ti8AQwBUAEQASAAzAEYAMQAxADAALQAwADQAIAAHY3mBLQAyAEAAQwBUAEQASAAzAEYAMQAxADAALQBKADAAMQAtADAAMgAgAAdjeYHEfvZOBAAAABAAAAABAAAAAwAAAJUJAACaBwAABwgAAA==</a:base64Binary><a:base64Binary>sDYAAAUAAAD//v+BQwBUAEQASAAzAEYAMQAxADAALQBKADAAMQAtADAAMAAgAEtiB2PEfvZOLQAxADgAQABDAFQARABIADMARgAxADEAMAAgAAlOB2N1cOddS2IvAEMAVABEAEgAMwBGADEAMQAwAC0ASgAwADEALQAwADIAIAAHY3mBxH72Ti0AMQBAAEMAVABEAEgAMwBGADEAMQAwAC0ASgAwADEALQAwADAAIABLYgdjxH72Ti8AQwBUAEQASAAzAEYAMQAxADAALQAxADUAIAAHY3mBRXj2gKtXLQAxAEAAQwBUAEQASAAzAEYAMQAxADAALQBKADAAMQAtADAAMgAgAAdjeYHEfvZOBAAAABAAAAABAAAAAwAAAJUJAACaBwAAAwgAAA==</a:base64Binary><a:base64Binary>sDYAAAUAAAD//v+BQwBUAEQASAAzAEYAMQAxADAALQBKADAAMQAtADAAMAAgAEtiB2PEfvZOLQAxADgAQABDAFQARABIADMARgAxADEAMAAgAAlOB2N1cOddS2IvAEMAVABEAEgAMwBGADEAMQAwAC0ASgAwADEALQAwADIAIAAHY3mBxH72Ti0AMQBAAEMAVABEAEgAMwBGADEAMQAwAC0ASgAwADEALQAwADAAIABLYgdjxH72Ti8AQwBUAEQASAAzAEYAMQAxADAALQAwADcAIAAHY3mBCk7Wdn9nLQAxAEAAQwBUAEQASAAzAEYAMQAxADAALQBKADAAMQAtADAAMgAgAAdjeYHEfvZOBAAAABAAAAABAAAAAwAAAJUJAACaBwAAdwcAAA==</a:base64Binary><a:base64Binary>sDYAAAUAAAD//v+BQwBUAEQASAAzAEYAMQAxADAALQBKADAAMQAtADAAMAAgAEtiB2PEfvZOLQAxADgAQABDAFQARABIADMARgAxADEAMAAgAAlOB2N1cOddS2IvAEMAVABEAEgAMwBGADEAMQAwAC0ASgAwADEALQAwADIAIAAHY3mBxH72Ti0AMQBAAEMAVABEAEgAMwBGADEAMQAwAC0ASgAwADEALQAwADAAIABLYgdjxH72Ti8AQwBUAEQASAAzAEYAMQAxADAALQAwADYAIAAHY3mBC07Wdn9nLQAxAEAAQwBUAEQASAAzAEYAMQAxADAALQBKADAAMQAtADAAMgAgAAdjeYHEfvZOBAAAABAAAAABAAAAAwAAAJUJAACaBwAAcwcAAA==</a:base64Binary></SWComponentPIDs><SWMainComponentPID i:nil="true"/><Visual z:Ref="i150"/><isFixedFrame>false</isFixedFrame><isIncomplete>false</isIncomplete></Link></Children><Collision z:Ref="i96"/><Inertial z:Ref="i70"/><Joint z:Ref="i103"/><NameAttribute z:Ref="i69"/><Parent z:Ref="i1"/><STLQualityFine>false</STLQualityFine><SWComponentPIDs xmlns:a="http://schemas.microsoft.com/2003/10/Serialization/Arrays"><a:base64Binary>sDYAAAUAAAD//v+BQwBUAEQASAAzAEYAMQAxADAALQBKADAAMQAtADAAMAAgAEtiB2PEfvZOLQAxADgAQABDAFQARABIADMARgAxADEAMAAgAAlOB2N1cOddS2IvAEMAVABEAEgAMwBGADEAMQAwAC0ASgAwADEALQAwADEAIAAHYzloxH72Ti0AMQBAAEMAVABEAEgAMwBGADEAMQAwAC0ASgAwADEALQAwADAAIABLYgdjxH72Ti8AQwBUAEQASAAzAEYAMQAxADAALQAwADMAIAAHYzlo3o+lY1dXLQAxAEAAQwBUAEQASAAzAEYAMQAxADAALQBKADAAMQAtADAAMQAgAAdjOWjEfvZOBAAAABAAAAABAAAAAwAAAJUJAABhBwAAXAgAAA==</a:base64Binary><a:base64Binary>sDYAAAUAAAD//v9VQwBUAEQASAAzAEYAMQAxADAALQBKADAAMQAtADAAMAAgAEtiB2PEfvZOLQAxADgAQABDAFQARABIADMARgAxADEAMAAgAAlOB2N1cOddS2IvAEMAVABEAEgAMwBGADEAMQAwAC0AMQA0ACAAS2IHY7qHHU5FePaAq1ctADgAQABDAFQARABIADMARgAxADEAMAAtAEoAMAAxAC0AMAAwACAAS2IHY8R+9k4EAAAAEAAAAAEAAAACAAAAlQkAAH4IAAA=</a:base64Binary><a:base64Binary>sDYAAAUAAAD//v9VQwBUAEQASAAzAEYAMQAxADAALQBKADAAMQAtADAAMAAgAEtiB2PEfvZOLQAxADgAQABDAFQARABIADMARgAxADEAMAAgAAlOB2N1cOddS2IvAEMAVABEAEgAMwBGADEAMQAwAC0AMQA0ACAAS2IHY7qHHU5FePaAq1ctADMAQABDAFQARABIADMARgAxADEAMAAtAEoAMAAxAC0AMAAwACAAS2IHY8R+9k4EAAAAEAAAAAEAAAACAAAAlQkAAIEIAAA=</a:base64Binary></SWComponentPIDs><SWMainComponentPID i:nil="true"/><Visual z:Ref="i83"/><isFixedFrame>false</isFixedFrame><isIncomplete>false</isIncomplete></Link><Link z:Id="i269"><Attributes><Attribute z:Id="i270"><AttributeType>name</AttributeType><IsRequired>true</IsRequired><Value i:type="a:string" xmlns:a="http://www.w3.org/2001/XMLSchema">Link23</Value></Attribute></Attributes><ChildElements><URDFElement z:Id="i271" i:type="Inertial"><Attributes/><ChildElements><URDFElement z:Id="i272" i:type="Origin"><Attributes><Attribute z:Id="i273"><AttributeType>xyz</AttributeType><IsRequired>true</IsRequired><Value i:type="a:ArrayOfdouble" xmlns:a="http://schemas.microsoft.com/2003/10/Serialization/Arrays"><a:double>0.020099683085515775</a:double><a:double>-0.011594881466572837</a:double><a:double>0.0091404319824488975</a:double></Value></Attribute><Attribute z:Id="i274"><AttributeType>rpy</AttributeType><IsRequired>true</IsRequired><Value i:type="a:ArrayOfdouble" xmlns:a="http://schemas.microsoft.com/2003/10/Serialization/Arrays"><a:double>0</a:double><a:double>0</a:double><a:double>0</a:double></Value></Attribute></Attributes><ChildElements/><ElementName>origin</ElementName><required>false</required><RPYAttribute z:Ref="i274"/><XYZAttribute z:Ref="i273"/><isCustomized>false</isCustomized></URDFElement><URDFElement z:Id="i275" i:type="Mass"><Attributes><Attribute z:Id="i276"><AttributeType>value</AttributeType><IsRequired>true</IsRequired><Value i:type="a:double" xmlns:a="http://www.w3.org/2001/XMLSchema">0.029180814779360555</Value></Attribute></Attributes><ChildElements/><ElementName>mass</ElementName><required>false</required><ValueAttribute z:Ref="i276"/></URDFElement><URDFElement z:Id="i277" i:type="Inertia"><Attributes><Attribute z:Id="i278"><AttributeType>ixx</AttributeType><IsRequired>true</IsRequired><Value i:type="a:double" xmlns:a="http://www.w3.org/2001/XMLSchema">1.238848821117207E-05</Value></Attribute><Attribute z:Id="i279"><AttributeType>ixy</AttributeType><IsRequired>true</IsRequired><Value i:type="a:double" xmlns:a="http://www.w3.org/2001/XMLSchema">3.8778649705167923E-07</Value></Attribute><Attribute z:Id="i280"><AttributeType>ixz</AttributeType><IsRequired>true</IsRequired><Value i:type="a:double" xmlns:a="http://www.w3.org/2001/XMLSchema">-2.6516321931660362E-06</Value></Attribute><Attribute z:Id="i281"><AttributeType>iyy</AttributeType><IsRequired>true</IsRequired><Value i:type="a:double" xmlns:a="http://www.w3.org/2001/XMLSchema">1.2825401282653128E-05</Value></Attribute><Attribute z:Id="i282"><AttributeType>iyz</AttributeType><IsRequired>true</IsRequired><Value i:type="a:double" xmlns:a="http://www.w3.org/2001/XMLSchema">1.5285382189630765E-06</Value></Attribute><Attribute z:Id="i283"><AttributeType>izz</AttributeType><IsRequired>true</IsRequired><Value i:type="a:double" xmlns:a="http://www.w3.org/2001/XMLSchema">9.9366353034582234E-06</Value></Attribute></Attributes><ChildElements/><ElementName>inertia</ElementName><required>false</required><IxxAttribute z:Ref="i278"/><IxyAttribute z:Ref="i279"/><IxzAttribute z:Ref="i280"/><IyyAttribute z:Ref="i281"/><IyzAttribute z:Ref="i282"/><IzzAttribute z:Ref="i283"/></URDFElement></ChildElements><ElementName>inertial</ElementName><required>false</required><Inertia z:Ref="i277"/><Mass z:Ref="i275"/><Origin z:Ref="i272"/></URDFElement><URDFElement z:Id="i284" i:type="Visual"><Attributes/><ChildElements><URDFElement z:Id="i285" i:type="Origin"><Attributes><Attribute z:Id="i286"><AttributeType>xyz</AttributeType><IsRequired>true</IsRequired><Value i:type="a:ArrayOfdouble" xmlns:a="http://schemas.microsoft.com/2003/10/Serialization/Arrays"><a:double>0</a:double><a:double>0</a:double><a:double>0</a:double></Value></Attribute><Attribute z:Id="i287"><AttributeType>rpy</AttributeType><IsRequired>true</IsRequired><Value i:type="a:ArrayOfdouble" xmlns:a="http://schemas.microsoft.com/2003/10/Serialization/Arrays"><a:double>0</a:double><a:double>0</a:double><a:double>0</a:double></Value></Attribute></Attributes><ChildElements/><ElementName>origin</ElementName><required>false</required><RPYAttribute z:Ref="i287"/><XYZAttribute z:Ref="i286"/><isCustomized>false</isCustomized></URDFElement><URDFElement z:Id="i288" i:type="Geometry"><Attributes/><ChildElements><URDFElement z:Id="i289" i:type="Mesh"><Attributes><Attribute z:Id="i290"><AttributeType>filename</AttributeType><IsRequired>true</IsRequired><Value i:nil="true"/></Attribute></Attributes><ChildElements/><ElementName>mesh</ElementName><required>false</required><FilenameAttribute z:Ref="i290"/></URDFElement></ChildElements><ElementName>geometry</ElementName><required>true</required><Mesh z:Ref="i289"/></URDFElement><URDFElement z:Id="i291" i:type="Material"><Attributes><Attribute z:Id="i292"><AttributeType>name</AttributeType><IsRequired>true</IsRequired><Value i:type="a:string" xmlns:a="http://www.w3.org/2001/XMLSchema"/></Attribute></Attributes><ChildElements><URDFElement z:Id="i293" i:type="Color"><Attributes><Attribute z:Id="i294"><AttributeType>rgba</AttributeType><IsRequired>true</IsRequired><Value i:type="a:ArrayOfdouble" xmlns:a="http://schemas.microsoft.com/2003/10/Serialization/Arrays"><a:double>0.25098039215686274</a:double><a:double>0.25098039215686274</a:double><a:double>0.25098039215686274</a:double><a:double>1</a:double></Value></Attribute></Attributes><ChildElements/><ElementName>color</ElementName><required>false</required><RGBAAttribute z:Ref="i294"/></URDFElement><URDFElement z:Id="i295" i:type="Texture"><Attributes><Attribute z:Id="i296"><AttributeType>filename</AttributeType><IsRequired>true</IsRequired><Value i:nil="true"/></Attribute></Attributes><ChildElements/><ElementName>texture</ElementName><required>false</required><FilenameAttribute z:Ref="i296"/><wFilename/></URDFElement></ChildElements><ElementName>material</ElementName><required>false</required><Color z:Ref="i293"/><NameAttribute z:Ref="i292"/><Texture z:Ref="i295"/></URDFElement></ChildElements><ElementName>visual</ElementName><required>false</required><Geometry z:Ref="i288"/><Material z:Ref="i291"/><Origin z:Ref="i285"/></URDFElement><URDFElement z:Id="i297" i:type="Collision"><Attributes/><ChildElements><URDFElement z:Id="i298" i:type="Origin"><Attributes><Attribute z:Id="i299"><AttributeType>xyz</AttributeType><IsRequired>true</IsRequired><Value i:type="a:ArrayOfdouble" xmlns:a="http://schemas.microsoft.com/2003/10/Serialization/Arrays"><a:double>0</a:double><a:double>0</a:double><a:double>0</a:double></Value></Attribute><Attribute z:Id="i300"><AttributeType>rpy</AttributeType><IsRequired>true</IsRequired><Value i:type="a:ArrayOfdouble" xmlns:a="http://schemas.microsoft.com/2003/10/Serialization/Arrays"><a:double>0</a:double><a:double>0</a:double><a:double>0</a:double></Value></Attribute></Attributes><ChildElements/><ElementName>origin</ElementName><required>false</required><RPYAttribute z:Ref="i300"/><XYZAttribute z:Ref="i299"/><isCustomized>false</isCustomized></URDFElement><URDFElement z:Id="i301" i:type="Geometry"><Attributes/><ChildElements><URDFElement z:Id="i302" i:type="Mesh"><Attributes><Attribute z:Id="i303"><AttributeType>filename</AttributeType><IsRequired>true</IsRequired><Value i:nil="true"/></Attribute></Attributes><ChildElements/><ElementName>mesh</ElementName><required>false</required><FilenameAttribute z:Ref="i303"/></URDFElement></ChildElements><ElementName>geometry</ElementName><required>true</required><Mesh z:Ref="i302"/></URDFElement></ChildElements><ElementName>collision</ElementName><required>false</required><Geometry z:Ref="i301"/><Origin z:Ref="i298"/></URDFElement><URDFElement z:Id="i304" i:type="Joint"><Attributes><Attribute z:Id="i305"><AttributeType>name</AttributeType><IsRequired>true</IsRequired><Value i:type="a:string" xmlns:a="http://www.w3.org/2001/XMLSchema">Joint23</Value></Attribute><Attribute z:Id="i306"><AttributeType>type</AttributeType><IsRequired>true</IsRequired><Value i:type="a:string" xmlns:a="http://www.w3.org/2001/XMLSchema">revolute</Value></Attribute></Attributes><ChildElements><URDFElement z:Id="i307" i:type="Origin"><Attributes><Attribute z:Id="i308"><AttributeType>xyz</AttributeType><IsRequired>true</IsRequired><Value i:type="a:ArrayOfdouble" xmlns:a="http://schemas.microsoft.com/2003/10/Serialization/Arrays"><a:double>0.029046</a:double><a:double>0.01677</a:double><a:double>0.1186</a:double></Value></Attribute><Attribute z:Id="i309"><AttributeType>rpy</AttributeType><IsRequired>true</IsRequired><Value i:type="a:ArrayOfdouble" xmlns:a="http://schemas.microsoft.com/2003/10/Serialization/Arrays"><a:double>0</a:double><a:double>0</a:double><a:double>0</a:double></Value></Attribute></Attributes><ChildElements/><ElementName>origin</ElementName><required>false</required><RPYAttribute z:Ref="i309"/><XYZAttribute z:Ref="i308"/><isCustomized>false</isCustomized></URDFElement><URDFElement z:Id="i310" i:type="ParentLink"><Attributes><Attribute z:Id="i311"><AttributeType>link</AttributeType><IsRequired>true</IsRequired><Value i:type="a:string" xmlns:a="http://www.w3.org/2001/XMLSchema">base_link</Value></Attribute></Attributes><ChildElements/><ElementName>parent</ElementName><required>true</required><NameAttribute z:Ref="i311"/></URDFElement><URDFElement z:Id="i312" i:type="ChildLink"><Attributes><Attribute z:Id="i313"><AttributeType>link</AttributeType><IsRequired>true</IsRequired><Value i:type="a:string" xmlns:a="http://www.w3.org/2001/XMLSchema">Link23</Value></Attribute></Attributes><ChildElements/><ElementName>child</ElementName><required>true</required><NameAttribute z:Ref="i313"/></URDFElement><URDFElement z:Id="i314" i:type="Axis"><Attributes><Attribute z:Id="i315"><AttributeType>xyz</AttributeType><IsRequired>true</IsRequired><Value i:type="a:ArrayOfdouble" xmlns:a="http://schemas.microsoft.com/2003/10/Serialization/Arrays"><a:double>0</a:double><a:double>0</a:double><a:double>-1</a:double></Value></Attribute></Attributes><ChildElements/><ElementName>axis</ElementName><required>false</required><XYZAttribute z:Ref="i315"/></URDFElement><URDFElement z:Id="i316" i:type="Limit"><Attributes><Attribute z:Id="i317"><AttributeType>lower</AttributeType><IsRequired>true</IsRequired><Value i:type="a:double" xmlns:a="http://www.w3.org/2001/XMLSchema">0</Value></Attribute><Attribute z:Id="i318"><AttributeType>upper</AttributeType><IsRequired>true</IsRequired><Value i:type="a:double" xmlns:a="http://www.w3.org/2001/XMLSchema">0</Value></Attribute><Attribute z:Id="i319"><AttributeType>effort</AttributeType><IsRequired>true</IsRequired><Value i:type="a:double" xmlns:a="http://www.w3.org/2001/XMLSchema">0</Value></Attribute><Attribute z:Id="i320"><AttributeType>velocity</AttributeType><IsRequired>true</IsRequired><Value i:type="a:double" xmlns:a="http://www.w3.org/2001/XMLSchema">0</Value></Attribute></Attributes><ChildElements/><ElementName>limit</ElementName><required>true</required><EffortAttribute z:Ref="i319"/><LowerAttribute z:Ref="i317"/><UpperAttribute z:Ref="i318"/><VelocityAttribute z:Ref="i320"/></URDFElement><URDFElement z:Id="i321" i:type="Calibration"><Attributes><Attribute z:Id="i322"><AttributeType>rising</AttributeType><IsRequired>false</IsRequired><Value i:nil="true"/></Attribute><Attribute z:Id="i323"><AttributeType>falling</AttributeType><IsRequired>false</IsRequired><Value i:nil="true"/></Attribute></Attributes><ChildElements/><ElementName>calibration</ElementName><required>false</required><FallingAttribute z:Ref="i323"/><RisingAttribute z:Ref="i322"/></URDFElement><URDFElement z:Id="i324" i:type="Dynamics"><Attributes><Attribute z:Id="i325"><AttributeType>damping</AttributeType><IsRequired>false</IsRequired><Value i:nil="true"/></Attribute><Attribute z:Id="i326"><AttributeType>friction</AttributeType><IsRequired>false</IsRequired><Value i:nil="true"/></Attribute></Attributes><ChildElements/><ElementName>dynamics</ElementName><required>false</required><DampingAttribute z:Ref="i325"/><FrictionAttribute z:Ref="i326"/></URDFElement><URDFElement z:Id="i327" i:type="SafetyController"><Attributes><Attribute z:Id="i328"><AttributeType>soft_upper_limit</AttributeType><IsRequired>false</IsRequired><Value i:nil="true"/></Attribute><Attribute z:Id="i329"><AttributeType>soft_lower_limit</AttributeType><IsRequired>false</IsRequired><Value i:nil="true"/></Attribute><Attribute z:Id="i330"><AttributeType>k_position</AttributeType><IsRequired>false</IsRequired><Value i:nil="true"/></Attribute><Attribute z:Id="i331"><AttributeType>k_velocity</AttributeType><IsRequired>true</IsRequired><Value i:nil="true"/></Attribute></Attributes><ChildElements/><ElementName>safety_controller</ElementName><required>false</required><KPositionAttribute z:Ref="i330"/><KVelocityAttribute z:Ref="i331"/><SoftLowerAttribute z:Ref="i329"/><SoftUpperAttribute z:Ref="i328"/></URDFElement><URDFElement z:Id="i332" i:type="Mimic"><Attributes><Attribute z:Id="i333"><AttributeType>joint</AttributeType><IsRequired>true</IsRequired><Value i:nil="true"/></Attribute><Attribute z:Id="i334"><AttributeType>multiplier</AttributeType><IsRequired>false</IsRequired><Value i:nil="true"/></Attribute><Attribute z:Id="i335"><AttributeType>offset</AttributeType><IsRequired>false</IsRequired><Value i:nil="true"/></Attribute></Attributes><ChildElements/><ElementName>mimic</ElementName><required>false</required><JointNameAttribute z:Ref="i333"/><MultiplierAttribute z:Ref="i334"/><OffsetAttribute z:Ref="i335"/></URDFElement></ChildElements><ElementName>joint</ElementName><required>false</required><Axis z:Ref="i314"/><AxisName>?????????23</AxisName><Calibration z:Ref="i321"/><Child z:Ref="i312"/><CoordinateSystemName>?????????23</CoordinateSystemName><Dynamics z:Ref="i324"/><Limit z:Ref="i316"/><Mimic z:Ref="i332"/><NameAttribute z:Ref="i305"/><Origin z:Ref="i307"/><Parent z:Ref="i310"/><Safety z:Ref="i327"/><TypeAttribute z:Ref="i306"/></URDFElement></ChildElements><ElementName>link</ElementName><required>true</required><Children><Link z:Id="i336"><Attributes><Attribute z:Id="i337"><AttributeType>name</AttributeType><IsRequired>true</IsRequired><Value i:type="a:string" xmlns:a="http://www.w3.org/2001/XMLSchema">Link22</Value></Attribute></Attributes><ChildElements><URDFElement z:Id="i338" i:type="Inertial"><Attributes/><ChildElements><URDFElement z:Id="i339" i:type="Origin"><Attributes><Attribute z:Id="i340"><AttributeType>xyz</AttributeType><IsRequired>true</IsRequired><Value i:type="a:ArrayOfdouble" xmlns:a="http://schemas.microsoft.com/2003/10/Serialization/Arrays"><a:double>-0.020814972453469548</a:double><a:double>0.015326605209985619</a:double><a:double>-3.4480878842918505E-05</a:double></Value></Attribute><Attribute z:Id="i341"><AttributeType>rpy</AttributeType><IsRequired>true</IsRequired><Value i:type="a:ArrayOfdouble" xmlns:a="http://schemas.microsoft.com/2003/10/Serialization/Arrays"><a:double>0</a:double><a:double>0</a:double><a:double>0</a:double></Value></Attribute></Attributes><ChildElements/><ElementName>origin</ElementName><required>false</required><RPYAttribute z:Ref="i341"/><XYZAttribute z:Ref="i340"/><isCustomized>false</isCustomized></URDFElement><URDFElement z:Id="i342" i:type="Mass"><Attributes><Attribute z:Id="i343"><AttributeType>value</AttributeType><IsRequired>true</IsRequired><Value i:type="a:double" xmlns:a="http://www.w3.org/2001/XMLSchema">0.030165203187390438</Value></Attribute></Attributes><ChildElements/><ElementName>mass</ElementName><required>false</required><ValueAttribute z:Ref="i343"/></URDFElement><URDFElement z:Id="i344" i:type="Inertia"><Attributes><Attribute z:Id="i345"><AttributeType>ixx</AttributeType><IsRequired>true</IsRequired><Value i:type="a:double" xmlns:a="http://www.w3.org/2001/XMLSchema">6.3012925223745579E-06</Value></Attribute><Attribute z:Id="i346"><AttributeType>ixy</AttributeType><IsRequired>true</IsRequired><Value i:type="a:double" xmlns:a="http://www.w3.org/2001/XMLSchema">2.0447347075979281E-07</Value></Attribute><Attribute z:Id="i347"><AttributeType>ixz</AttributeType><IsRequired>true</IsRequired><Value i:type="a:double" xmlns:a="http://www.w3.org/2001/XMLSchema">4.0568813631825944E-09</Value></Attribute><Attribute z:Id="i348"><AttributeType>iyy</AttributeType><IsRequired>true</IsRequired><Value i:type="a:double" xmlns:a="http://www.w3.org/2001/XMLSchema">6.4811594178383461E-06</Value></Attribute><Attribute z:Id="i349"><AttributeType>iyz</AttributeType><IsRequired>true</IsRequired><Value i:type="a:double" xmlns:a="http://www.w3.org/2001/XMLSchema">1.2411535539939744E-08</Value></Attribute><Attribute z:Id="i350"><AttributeType>izz</AttributeType><IsRequired>true</IsRequired><Value i:type="a:double" xmlns:a="http://www.w3.org/2001/XMLSchema">5.8352848096767989E-06</Value></Attribute></Attributes><ChildElements/><ElementName>inertia</ElementName><required>false</required><IxxAttribute z:Ref="i345"/><IxyAttribute z:Ref="i346"/><IxzAttribute z:Ref="i347"/><IyyAttribute z:Ref="i348"/><IyzAttribute z:Ref="i349"/><IzzAttribute z:Ref="i350"/></URDFElement></ChildElements><ElementName>inertial</ElementName><required>false</required><Inertia z:Ref="i344"/><Mass z:Ref="i342"/><Origin z:Ref="i339"/></URDFElement><URDFElement z:Id="i351" i:type="Visual"><Attributes/><ChildElements><URDFElement z:Id="i352" i:type="Origin"><Attributes><Attribute z:Id="i353"><AttributeType>xyz</AttributeType><IsRequired>true</IsRequired><Value i:type="a:ArrayOfdouble" xmlns:a="http://schemas.microsoft.com/2003/10/Serialization/Arrays"><a:double>0</a:double><a:double>0</a:double><a:double>0</a:double></Value></Attribute><Attribute z:Id="i354"><AttributeType>rpy</AttributeType><IsRequired>true</IsRequired><Value i:type="a:ArrayOfdouble" xmlns:a="http://schemas.microsoft.com/2003/10/Serialization/Arrays"><a:double>0</a:double><a:double>0</a:double><a:double>0</a:double></Value></Attribute></Attributes><ChildElements/><ElementName>origin</ElementName><required>false</required><RPYAttribute z:Ref="i354"/><XYZAttribute z:Ref="i353"/><isCustomized>false</isCustomized></URDFElement><URDFElement z:Id="i355" i:type="Geometry"><Attributes/><ChildElements><URDFElement z:Id="i356" i:type="Mesh"><Attributes><Attribute z:Id="i357"><AttributeType>filename</AttributeType><IsRequired>true</IsRequired><Value i:nil="true"/></Attribute></Attributes><ChildElements/><ElementName>mesh</ElementName><required>false</required><FilenameAttribute z:Ref="i357"/></URDFElement></ChildElements><ElementName>geometry</ElementName><required>true</required><Mesh z:Ref="i356"/></URDFElement><URDFElement z:Id="i358" i:type="Material"><Attributes><Attribute z:Id="i359"><AttributeType>name</AttributeType><IsRequired>true</IsRequired><Value i:type="a:string" xmlns:a="http://www.w3.org/2001/XMLSchema"/></Attribute></Attributes><ChildElements><URDFElement z:Id="i360" i:type="Color"><Attributes><Attribute z:Id="i361"><AttributeType>rgba</AttributeType><IsRequired>true</IsRequired><Value i:type="a:ArrayOfdouble" xmlns:a="http://schemas.microsoft.com/2003/10/Serialization/Arrays"><a:double>0.69803921568627447</a:double><a:double>0.69803921568627447</a:double><a:double>0.69803921568627447</a:double><a:double>1</a:double></Value></Attribute></Attributes><ChildElements/><ElementName>color</ElementName><required>false</required><RGBAAttribute z:Ref="i361"/></URDFElement><URDFElement z:Id="i362" i:type="Texture"><Attributes><Attribute z:Id="i363"><AttributeType>filename</AttributeType><IsRequired>true</IsRequired><Value i:nil="true"/></Attribute></Attributes><ChildElements/><ElementName>texture</ElementName><required>false</required><FilenameAttribute z:Ref="i363"/><wFilename/></URDFElement></ChildElements><ElementName>material</ElementName><required>false</required><Color z:Ref="i360"/><NameAttribute z:Ref="i359"/><Texture z:Ref="i362"/></URDFElement></ChildElements><ElementName>visual</ElementName><required>false</required><Geometry z:Ref="i355"/><Material z:Ref="i358"/><Origin z:Ref="i352"/></URDFElement><URDFElement z:Id="i364" i:type="Collision"><Attributes/><ChildElements><URDFElement z:Id="i365" i:type="Origin"><Attributes><Attribute z:Id="i366"><AttributeType>xyz</AttributeType><IsRequired>true</IsRequired><Value i:type="a:ArrayOfdouble" xmlns:a="http://schemas.microsoft.com/2003/10/Serialization/Arrays"><a:double>0</a:double><a:double>0</a:double><a:double>0</a:double></Value></Attribute><Attribute z:Id="i367"><AttributeType>rpy</AttributeType><IsRequired>true</IsRequired><Value i:type="a:ArrayOfdouble" xmlns:a="http://schemas.microsoft.com/2003/10/Serialization/Arrays"><a:double>0</a:double><a:double>0</a:double><a:double>0</a:double></Value></Attribute></Attributes><ChildElements/><ElementName>origin</ElementName><required>false</required><RPYAttribute z:Ref="i367"/><XYZAttribute z:Ref="i366"/><isCustomized>false</isCustomized></URDFElement><URDFElement z:Id="i368" i:type="Geometry"><Attributes/><ChildElements><URDFElement z:Id="i369" i:type="Mesh"><Attributes><Attribute z:Id="i370"><AttributeType>filename</AttributeType><IsRequired>true</IsRequired><Value i:nil="true"/></Attribute></Attributes><ChildElements/><ElementName>mesh</ElementName><required>false</required><FilenameAttribute z:Ref="i370"/></URDFElement></ChildElements><ElementName>geometry</ElementName><required>true</required><Mesh z:Ref="i369"/></URDFElement></ChildElements><ElementName>collision</ElementName><required>false</required><Geometry z:Ref="i368"/><Origin z:Ref="i365"/></URDFElement><URDFElement z:Id="i371" i:type="Joint"><Attributes><Attribute z:Id="i372"><AttributeType>name</AttributeType><IsRequired>true</IsRequired><Value i:type="a:string" xmlns:a="http://www.w3.org/2001/XMLSchema">Joint22</Value></Attribute><Attribute z:Id="i373"><AttributeType>type</AttributeType><IsRequired>true</IsRequired><Value i:type="a:string" xmlns:a="http://www.w3.org/2001/XMLSchema">revolute</Value></Attribute></Attributes><ChildElements><URDFElement z:Id="i374" i:type="Origin"><Attributes><Attribute z:Id="i375"><AttributeType>xyz</AttributeType><IsRequired>true</IsRequired><Value i:type="a:ArrayOfdouble" xmlns:a="http://schemas.microsoft.com/2003/10/Serialization/Arrays"><a:double>0.03594</a:double><a:double>-0.02075</a:double><a:double>0.031</a:double></Value></Attribute><Attribute z:Id="i376"><AttributeType>rpy</AttributeType><IsRequired>true</IsRequired><Value i:type="a:ArrayOfdouble" xmlns:a="http://schemas.microsoft.com/2003/10/Serialization/Arrays"><a:double>1.5708</a:double><a:double>0</a:double><a:double>2.618</a:double></Value></Attribute></Attributes><ChildElements/><ElementName>origin</ElementName><required>false</required><RPYAttribute z:Ref="i376"/><XYZAttribute z:Ref="i375"/><isCustomized>false</isCustomized></URDFElement><URDFElement z:Id="i377" i:type="ParentLink"><Attributes><Attribute z:Id="i378"><AttributeType>link</AttributeType><IsRequired>true</IsRequired><Value i:type="a:string" xmlns:a="http://www.w3.org/2001/XMLSchema">Link23</Value></Attribute></Attributes><ChildElements/><ElementName>parent</ElementName><required>true</required><NameAttribute z:Ref="i378"/></URDFElement><URDFElement z:Id="i379" i:type="ChildLink"><Attributes><Attribute z:Id="i380"><AttributeType>link</AttributeType><IsRequired>true</IsRequired><Value i:type="a:string" xmlns:a="http://www.w3.org/2001/XMLSchema">Link22</Value></Attribute></Attributes><ChildElements/><ElementName>child</ElementName><required>true</required><NameAttribute z:Ref="i380"/></URDFElement><URDFElement z:Id="i381" i:type="Axis"><Attributes><Attribute z:Id="i382"><AttributeType>xyz</AttributeType><IsRequired>true</IsRequired><Value i:type="a:ArrayOfdouble" xmlns:a="http://schemas.microsoft.com/2003/10/Serialization/Arrays"><a:double>0</a:double><a:double>0</a:double><a:double>-1</a:double></Value></Attribute></Attributes><ChildElements/><ElementName>axis</ElementName><required>false</required><XYZAttribute z:Ref="i382"/></URDFElement><URDFElement z:Id="i383" i:type="Limit"><Attributes><Attribute z:Id="i384"><AttributeType>lower</AttributeType><IsRequired>true</IsRequired><Value i:type="a:double" xmlns:a="http://www.w3.org/2001/XMLSchema">0</Value></Attribute><Attribute z:Id="i385"><AttributeType>upper</AttributeType><IsRequired>true</IsRequired><Value i:type="a:double" xmlns:a="http://www.w3.org/2001/XMLSchema">0</Value></Attribute><Attribute z:Id="i386"><AttributeType>effort</AttributeType><IsRequired>true</IsRequired><Value i:type="a:double" xmlns:a="http://www.w3.org/2001/XMLSchema">0</Value></Attribute><Attribute z:Id="i387"><AttributeType>velocity</AttributeType><IsRequired>true</IsRequired><Value i:type="a:double" xmlns:a="http://www.w3.org/2001/XMLSchema">0</Value></Attribute></Attributes><ChildElements/><ElementName>limit</ElementName><required>true</required><EffortAttribute z:Ref="i386"/><LowerAttribute z:Ref="i384"/><UpperAttribute z:Ref="i385"/><VelocityAttribute z:Ref="i387"/></URDFElement><URDFElement z:Id="i388" i:type="Calibration"><Attributes><Attribute z:Id="i389"><AttributeType>rising</AttributeType><IsRequired>false</IsRequired><Value i:nil="true"/></Attribute><Attribute z:Id="i390"><AttributeType>falling</AttributeType><IsRequired>false</IsRequired><Value i:nil="true"/></Attribute></Attributes><ChildElements/><ElementName>calibration</ElementName><required>false</required><FallingAttribute z:Ref="i390"/><RisingAttribute z:Ref="i389"/></URDFElement><URDFElement z:Id="i391" i:type="Dynamics"><Attributes><Attribute z:Id="i392"><AttributeType>damping</AttributeType><IsRequired>false</IsRequired><Value i:nil="true"/></Attribute><Attribute z:Id="i393"><AttributeType>friction</AttributeType><IsRequired>false</IsRequired><Value i:nil="true"/></Attribute></Attributes><ChildElements/><ElementName>dynamics</ElementName><required>false</required><DampingAttribute z:Ref="i392"/><FrictionAttribute z:Ref="i393"/></URDFElement><URDFElement z:Id="i394" i:type="SafetyController"><Attributes><Attribute z:Id="i395"><AttributeType>soft_upper_limit</AttributeType><IsRequired>false</IsRequired><Value i:nil="true"/></Attribute><Attribute z:Id="i396"><AttributeType>soft_lower_limit</AttributeType><IsRequired>false</IsRequired><Value i:nil="true"/></Attribute><Attribute z:Id="i397"><AttributeType>k_position</AttributeType><IsRequired>false</IsRequired><Value i:nil="true"/></Attribute><Attribute z:Id="i398"><AttributeType>k_velocity</AttributeType><IsRequired>true</IsRequired><Value i:nil="true"/></Attribute></Attributes><ChildElements/><ElementName>safety_controller</ElementName><required>false</required><KPositionAttribute z:Ref="i397"/><KVelocityAttribute z:Ref="i398"/><SoftLowerAttribute z:Ref="i396"/><SoftUpperAttribute z:Ref="i395"/></URDFElement><URDFElement z:Id="i399" i:type="Mimic"><Attributes><Attribute z:Id="i400"><AttributeType>joint</AttributeType><IsRequired>true</IsRequired><Value i:nil="true"/></Attribute><Attribute z:Id="i401"><AttributeType>multiplier</AttributeType><IsRequired>false</IsRequired><Value i:nil="true"/></Attribute><Attribute z:Id="i402"><AttributeType>offset</AttributeType><IsRequired>false</IsRequired><Value i:nil="true"/></Attribute></Attributes><ChildElements/><ElementName>mimic</ElementName><required>false</required><JointNameAttribute z:Ref="i400"/><MultiplierAttribute z:Ref="i401"/><OffsetAttribute z:Ref="i402"/></URDFElement></ChildElements><ElementName>joint</ElementName><required>false</required><Axis z:Ref="i381"/><AxisName>?????????22</AxisName><Calibration z:Ref="i388"/><Child z:Ref="i379"/><CoordinateSystemName>?????????22</CoordinateSystemName><Dynamics z:Ref="i391"/><Limit z:Ref="i383"/><Mimic z:Ref="i399"/><NameAttribute z:Ref="i372"/><Origin z:Ref="i374"/><Parent z:Ref="i377"/><Safety z:Ref="i394"/><TypeAttribute z:Ref="i373"/></URDFElement></ChildElements><ElementName>link</ElementName><required>true</required><Children><Link z:Id="i403"><Attributes><Attribute z:Id="i404"><AttributeType>name</AttributeType><IsRequired>true</IsRequired><Value i:type="a:string" xmlns:a="http://www.w3.org/2001/XMLSchema">Link21</Value></Attribute></Attributes><ChildElements><URDFElement z:Id="i405" i:type="Inertial"><Attributes/><ChildElements><URDFElement z:Id="i406" i:type="Origin"><Attributes><Attribute z:Id="i407"><AttributeType>xyz</AttributeType><IsRequired>true</IsRequired><Value i:type="a:ArrayOfdouble" xmlns:a="http://schemas.microsoft.com/2003/10/Serialization/Arrays"><a:double>-0.022069022254514119</a:double><a:double>0.0053136374555528137</a:double><a:double>-5.62117962785158E-06</a:double></Value></Attribute><Attribute z:Id="i408"><AttributeType>rpy</AttributeType><IsRequired>true</IsRequired><Value i:type="a:ArrayOfdouble" xmlns:a="http://schemas.microsoft.com/2003/10/Serialization/Arrays"><a:double>0</a:double><a:double>0</a:double><a:double>0</a:double></Value></Attribute></Attributes><ChildElements/><ElementName>origin</ElementName><required>false</required><RPYAttribute z:Ref="i408"/><XYZAttribute z:Ref="i407"/><isCustomized>false</isCustomized></URDFElement><URDFElement z:Id="i409" i:type="Mass"><Attributes><Attribute z:Id="i410"><AttributeType>value</AttributeType><IsRequired>true</IsRequired><Value i:type="a:double" xmlns:a="http://www.w3.org/2001/XMLSchema">0.02687427000959737</Value></Attribute></Attributes><ChildElements/><ElementName>mass</ElementName><required>false</required><ValueAttribute z:Ref="i410"/></URDFElement><URDFElement z:Id="i411" i:type="Inertia"><Attributes><Attribute z:Id="i412"><AttributeType>ixx</AttributeType><IsRequired>true</IsRequired><Value i:type="a:double" xmlns:a="http://www.w3.org/2001/XMLSchema">4.4590544336569964E-06</Value></Attribute><Attribute z:Id="i413"><AttributeType>ixy</AttributeType><IsRequired>true</IsRequired><Value i:type="a:double" xmlns:a="http://www.w3.org/2001/XMLSchema">1.2263767715100533E-06</Value></Attribute><Attribute z:Id="i414"><AttributeType>ixz</AttributeType><IsRequired>true</IsRequired><Value i:type="a:double" xmlns:a="http://www.w3.org/2001/XMLSchema">1.0242519243520804E-09</Value></Attribute><Attribute z:Id="i415"><AttributeType>iyy</AttributeType><IsRequired>true</IsRequired><Value i:type="a:double" xmlns:a="http://www.w3.org/2001/XMLSchema">8.6408000409559543E-06</Value></Attribute><Attribute z:Id="i416"><AttributeType>iyz</AttributeType><IsRequired>true</IsRequired><Value i:type="a:double" xmlns:a="http://www.w3.org/2001/XMLSchema">-1.3428416241109959E-09</Value></Attribute><Attribute z:Id="i417"><AttributeType>izz</AttributeType><IsRequired>true</IsRequired><Value i:type="a:double" xmlns:a="http://www.w3.org/2001/XMLSchema">7.4676281205993815E-06</Value></Attribute></Attributes><ChildElements/><ElementName>inertia</ElementName><required>false</required><IxxAttribute z:Ref="i412"/><IxyAttribute z:Ref="i413"/><IxzAttribute z:Ref="i414"/><IyyAttribute z:Ref="i415"/><IyzAttribute z:Ref="i416"/><IzzAttribute z:Ref="i417"/></URDFElement></ChildElements><ElementName>inertial</ElementName><required>false</required><Inertia z:Ref="i411"/><Mass z:Ref="i409"/><Origin z:Ref="i406"/></URDFElement><URDFElement z:Id="i418" i:type="Visual"><Attributes/><ChildElements><URDFElement z:Id="i419" i:type="Origin"><Attributes><Attribute z:Id="i420"><AttributeType>xyz</AttributeType><IsRequired>true</IsRequired><Value i:type="a:ArrayOfdouble" xmlns:a="http://schemas.microsoft.com/2003/10/Serialization/Arrays"><a:double>0</a:double><a:double>0</a:double><a:double>0</a:double></Value></Attribute><Attribute z:Id="i421"><AttributeType>rpy</AttributeType><IsRequired>true</IsRequired><Value i:type="a:ArrayOfdouble" xmlns:a="http://schemas.microsoft.com/2003/10/Serialization/Arrays"><a:double>0</a:double><a:double>0</a:double><a:double>0</a:double></Value></Attribute></Attributes><ChildElements/><ElementName>origin</ElementName><required>false</required><RPYAttribute z:Ref="i421"/><XYZAttribute z:Ref="i420"/><isCustomized>false</isCustomized></URDFElement><URDFElement z:Id="i422" i:type="Geometry"><Attributes/><ChildElements><URDFElement z:Id="i423" i:type="Mesh"><Attributes><Attribute z:Id="i424"><AttributeType>filename</AttributeType><IsRequired>true</IsRequired><Value i:nil="true"/></Attribute></Attributes><ChildElements/><ElementName>mesh</ElementName><required>false</required><FilenameAttribute z:Ref="i424"/></URDFElement></ChildElements><ElementName>geometry</ElementName><required>true</required><Mesh z:Ref="i423"/></URDFElement><URDFElement z:Id="i425" i:type="Material"><Attributes><Attribute z:Id="i426"><AttributeType>name</AttributeType><IsRequired>true</IsRequired><Value i:type="a:string" xmlns:a="http://www.w3.org/2001/XMLSchema"/></Attribute></Attributes><ChildElements><URDFElement z:Id="i427" i:type="Color"><Attributes><Attribute z:Id="i428"><AttributeType>rgba</AttributeType><IsRequired>true</IsRequired><Value i:type="a:ArrayOfdouble" xmlns:a="http://schemas.microsoft.com/2003/10/Serialization/Arrays"><a:double>0.69803921568627447</a:double><a:double>0.69803921568627447</a:double><a:double>0.69803921568627447</a:double><a:double>1</a:double></Value></Attribute></Attributes><ChildElements/><ElementName>color</ElementName><required>false</required><RGBAAttribute z:Ref="i428"/></URDFElement><URDFElement z:Id="i429" i:type="Texture"><Attributes><Attribute z:Id="i430"><AttributeType>filename</AttributeType><IsRequired>true</IsRequired><Value i:nil="true"/></Attribute></Attributes><ChildElements/><ElementName>texture</ElementName><required>false</required><FilenameAttribute z:Ref="i430"/><wFilename/></URDFElement></ChildElements><ElementName>material</ElementName><required>false</required><Color z:Ref="i427"/><NameAttribute z:Ref="i426"/><Texture z:Ref="i429"/></URDFElement></ChildElements><ElementName>visual</ElementName><required>false</required><Geometry z:Ref="i422"/><Material z:Ref="i425"/><Origin z:Ref="i419"/></URDFElement><URDFElement z:Id="i431" i:type="Collision"><Attributes/><ChildElements><URDFElement z:Id="i432" i:type="Origin"><Attributes><Attribute z:Id="i433"><AttributeType>xyz</AttributeType><IsRequired>true</IsRequired><Value i:type="a:ArrayOfdouble" xmlns:a="http://schemas.microsoft.com/2003/10/Serialization/Arrays"><a:double>0</a:double><a:double>0</a:double><a:double>0</a:double></Value></Attribute><Attribute z:Id="i434"><AttributeType>rpy</AttributeType><IsRequired>true</IsRequired><Value i:type="a:ArrayOfdouble" xmlns:a="http://schemas.microsoft.com/2003/10/Serialization/Arrays"><a:double>0</a:double><a:double>0</a:double><a:double>0</a:double></Value></Attribute></Attributes><ChildElements/><ElementName>origin</ElementName><required>false</required><RPYAttribute z:Ref="i434"/><XYZAttribute z:Ref="i433"/><isCustomized>false</isCustomized></URDFElement><URDFElement z:Id="i435" i:type="Geometry"><Attributes/><ChildElements><URDFElement z:Id="i436" i:type="Mesh"><Attributes><Attribute z:Id="i437"><AttributeType>filename</AttributeType><IsRequired>true</IsRequired><Value i:nil="true"/></Attribute></Attributes><ChildElements/><ElementName>mesh</ElementName><required>false</required><FilenameAttribute z:Ref="i437"/></URDFElement></ChildElements><ElementName>geometry</ElementName><required>true</required><Mesh z:Ref="i436"/></URDFElement></ChildElements><ElementName>collision</ElementName><required>false</required><Geometry z:Ref="i435"/><Origin z:Ref="i432"/></URDFElement><URDFElement z:Id="i438" i:type="Joint"><Attributes><Attribute z:Id="i439"><AttributeType>name</AttributeType><IsRequired>true</IsRequired><Value i:type="a:string" xmlns:a="http://www.w3.org/2001/XMLSchema">Joint21</Value></Attribute><Attribute z:Id="i440"><AttributeType>type</AttributeType><IsRequired>true</IsRequired><Value i:type="a:string" xmlns:a="http://www.w3.org/2001/XMLSchema">revolute</Value></Attribute></Attributes><ChildElements><URDFElement z:Id="i441" i:type="Origin"><Attributes><Attribute z:Id="i442"><AttributeType>xyz</AttributeType><IsRequired>true</IsRequired><Value i:type="a:ArrayOfdouble" xmlns:a="http://schemas.microsoft.com/2003/10/Serialization/Arrays"><a:double>-0.04178</a:double><a:double>0.029254</a:double><a:double>0</a:double></Value></Attribute><Attribute z:Id="i443"><AttributeType>rpy</AttributeType><IsRequired>true</IsRequired><Value i:type="a:ArrayOfdouble" xmlns:a="http://schemas.microsoft.com/2003/10/Serialization/Arrays"><a:double>0</a:double><a:double>0</a:double><a:double>0</a:double></Value></Attribute></Attributes><ChildElements/><ElementName>origin</ElementName><required>false</required><RPYAttribute z:Ref="i443"/><XYZAttribute z:Ref="i442"/><isCustomized>false</isCustomized></URDFElement><URDFElement z:Id="i444" i:type="ParentLink"><Attributes><Attribute z:Id="i445"><AttributeType>link</AttributeType><IsRequired>true</IsRequired><Value i:type="a:string" xmlns:a="http://www.w3.org/2001/XMLSchema">Link22</Value></Attribute></Attributes><ChildElements/><ElementName>parent</ElementName><required>true</required><NameAttribute z:Ref="i445"/></URDFElement><URDFElement z:Id="i446" i:type="ChildLink"><Attributes><Attribute z:Id="i447"><AttributeType>link</AttributeType><IsRequired>true</IsRequired><Value i:type="a:string" xmlns:a="http://www.w3.org/2001/XMLSchema">Link21</Value></Attribute></Attributes><ChildElements/><ElementName>child</ElementName><required>true</required><NameAttribute z:Ref="i447"/></URDFElement><URDFElement z:Id="i448" i:type="Axis"><Attributes><Attribute z:Id="i449"><AttributeType>xyz</AttributeType><IsRequired>true</IsRequired><Value i:type="a:ArrayOfdouble" xmlns:a="http://schemas.microsoft.com/2003/10/Serialization/Arrays"><a:double>0</a:double><a:double>0</a:double><a:double>-1</a:double></Value></Attribute></Attributes><ChildElements/><ElementName>axis</ElementName><required>false</required><XYZAttribute z:Ref="i449"/></URDFElement><URDFElement z:Id="i450" i:type="Limit"><Attributes><Attribute z:Id="i451"><AttributeType>lower</AttributeType><IsRequired>true</IsRequired><Value i:type="a:double" xmlns:a="http://www.w3.org/2001/XMLSchema">0</Value></Attribute><Attribute z:Id="i452"><AttributeType>upper</AttributeType><IsRequired>true</IsRequired><Value i:type="a:double" xmlns:a="http://www.w3.org/2001/XMLSchema">0</Value></Attribute><Attribute z:Id="i453"><AttributeType>effort</AttributeType><IsRequired>true</IsRequired><Value i:type="a:double" xmlns:a="http://www.w3.org/2001/XMLSchema">0</Value></Attribute><Attribute z:Id="i454"><AttributeType>velocity</AttributeType><IsRequired>true</IsRequired><Value i:type="a:double" xmlns:a="http://www.w3.org/2001/XMLSchema">0</Value></Attribute></Attributes><ChildElements/><ElementName>limit</ElementName><required>true</required><EffortAttribute z:Ref="i453"/><LowerAttribute z:Ref="i451"/><UpperAttribute z:Ref="i452"/><VelocityAttribute z:Ref="i454"/></URDFElement><URDFElement z:Id="i455" i:type="Calibration"><Attributes><Attribute z:Id="i456"><AttributeType>rising</AttributeType><IsRequired>false</IsRequired><Value i:nil="true"/></Attribute><Attribute z:Id="i457"><AttributeType>falling</AttributeType><IsRequired>false</IsRequired><Value i:nil="true"/></Attribute></Attributes><ChildElements/><ElementName>calibration</ElementName><required>false</required><FallingAttribute z:Ref="i457"/><RisingAttribute z:Ref="i456"/></URDFElement><URDFElement z:Id="i458" i:type="Dynamics"><Attributes><Attribute z:Id="i459"><AttributeType>damping</AttributeType><IsRequired>false</IsRequired><Value i:nil="true"/></Attribute><Attribute z:Id="i460"><AttributeType>friction</AttributeType><IsRequired>false</IsRequired><Value i:nil="true"/></Attribute></Attributes><ChildElements/><ElementName>dynamics</ElementName><required>false</required><DampingAttribute z:Ref="i459"/><FrictionAttribute z:Ref="i460"/></URDFElement><URDFElement z:Id="i461" i:type="SafetyController"><Attributes><Attribute z:Id="i462"><AttributeType>soft_upper_limit</AttributeType><IsRequired>false</IsRequired><Value i:nil="true"/></Attribute><Attribute z:Id="i463"><AttributeType>soft_lower_limit</AttributeType><IsRequired>false</IsRequired><Value i:nil="true"/></Attribute><Attribute z:Id="i464"><AttributeType>k_position</AttributeType><IsRequired>false</IsRequired><Value i:nil="true"/></Attribute><Attribute z:Id="i465"><AttributeType>k_velocity</AttributeType><IsRequired>true</IsRequired><Value i:nil="true"/></Attribute></Attributes><ChildElements/><ElementName>safety_controller</ElementName><required>false</required><KPositionAttribute z:Ref="i464"/><KVelocityAttribute z:Ref="i465"/><SoftLowerAttribute z:Ref="i463"/><SoftUpperAttribute z:Ref="i462"/></URDFElement><URDFElement z:Id="i466" i:type="Mimic"><Attributes><Attribute z:Id="i467"><AttributeType>joint</AttributeType><IsRequired>true</IsRequired><Value i:nil="true"/></Attribute><Attribute z:Id="i468"><AttributeType>multiplier</AttributeType><IsRequired>false</IsRequired><Value i:nil="true"/></Attribute><Attribute z:Id="i469"><AttributeType>offset</AttributeType><IsRequired>false</IsRequired><Value i:nil="true"/></Attribute></Attributes><ChildElements/><ElementName>mimic</ElementName><required>false</required><JointNameAttribute z:Ref="i467"/><MultiplierAttribute z:Ref="i468"/><OffsetAttribute z:Ref="i469"/></URDFElement></ChildElements><ElementName>joint</ElementName><required>false</required><Axis z:Ref="i448"/><AxisName>?????????21</AxisName><Calibration z:Ref="i455"/><Child z:Ref="i446"/><CoordinateSystemName>?????????21</CoordinateSystemName><Dynamics z:Ref="i458"/><Limit z:Ref="i450"/><Mimic z:Ref="i466"/><NameAttribute z:Ref="i439"/><Origin z:Ref="i441"/><Parent z:Ref="i444"/><Safety z:Ref="i461"/><TypeAttribute z:Ref="i440"/></URDFElement></ChildElements><ElementName>link</ElementName><required>true</required><Children/><Collision z:Ref="i431"/><Inertial z:Ref="i405"/><Joint z:Ref="i438"/><NameAttribute z:Ref="i404"/><Parent z:Ref="i336"/><STLQualityFine>false</STLQualityFine><SWComponentPIDs xmlns:a="http://schemas.microsoft.com/2003/10/Serialization/Arrays"><a:base64Binary>sDYAAAUAAAD//v+BQwBUAEQASAAzAEYAMQAxADAALQBKADAAMQAtADAAMAAgAEtiB2PEfvZOLQAxADkAQABDAFQARABIADMARgAxADEAMAAgAAlOB2N1cOddS2IvAEMAVABEAEgAMwBGADEAMQAwAC0ASgAwADEALQAwADMAIAAHY+96xH72Ti0AMQBAAEMAVABEAEgAMwBGADEAMQAwAC0ASgAwADEALQAwADAAIABLYgdjxH72Ti8AQwBUAEQASAAzAEYAMQAxADAALQAwADkAIAAHY+96RXj2gKtXLQAxAEAAQwBUAEQASAAzAEYAMQAxADAALQBKADAAMQAtADAAMwAgAAdj73rEfvZOBAAAABAAAAABAAAAAwAAAJoJAABiCgAAVAcAAA==</a:base64Binary><a:base64Binary>sDYAAAUAAAD//v9+QwBUAEQASAAzAEYAMQAxADAALQBKADAAMQAtADAAMAAgAEtiB2PEfvZOLQAxADkAQABDAFQARABIADMARgAxADEAMAAgAAlOB2N1cOddS2IvAEMAVABEAEgAMwBGADEAMQAwAC0ASgAwADEALQAwADMAIAAHY+96xH72Ti0AMQBAAEMAVABEAEgAMwBGADEAMQAwAC0ASgAwADEALQAwADAAIABLYgdjxH72Ti8AQwBUAEQASAAzAEYAMQAxADAALQAwADUAIAAHY+96LQAxAEAAQwBUAEQASAAzAEYAMQAxADAALQBKADAAMQAtADAAMwAgAAdj73rEfvZOBAAAABAAAAABAAAAAwAAAJoJAABiCgAAUwcAAA==</a:base64Binary><a:base64Binary>sDYAAAUAAAD//v9VQwBUAEQASAAzAEYAMQAxADAALQBKADAAMQAtADAAMAAgAEtiB2PEfvZOLQAxADkAQABDAFQARABIADMARgAxADEAMAAgAAlOB2N1cOddS2IvAEMAVABEAEgAMwBGADEAMQAwAC0AMQA0ACAAS2IHY7qHHU5FePaAq1ctADYAQABDAFQARABIADMARgAxADEAMAAtAEoAMAAxAC0AMAAwACAAS2IHY8R+9k4EAAAAEAAAAAEAAAACAAAAmgkAAKwIAAA=</a:base64Binary><a:base64Binary>sDYAAAUAAAD//v9VQwBUAEQASAAzAEYAMQAxADAALQBKADAAMQAtADAAMAAgAEtiB2PEfvZOLQAxADkAQABDAFQARABIADMARgAxADEAMAAgAAlOB2N1cOddS2IvAEMAVABEAEgAMwBGADEAMQAwAC0AMQA0ACAAS2IHY7qHHU5FePaAq1ctADcAQABDAFQARABIADMARgAxADEAMAAtAEoAMAAxAC0AMAAwACAAS2IHY8R+9k4EAAAAEAAAAAEAAAACAAAAmgkAALAIAAA=</a:base64Binary></SWComponentPIDs><SWMainComponentPID i:nil="true"/><Visual z:Ref="i418"/><isFixedFrame>false</isFixedFrame><isIncomplete>false</isIncomplete></Link></Children><Collision z:Ref="i364"/><Inertial z:Ref="i338"/><Joint z:Ref="i371"/><NameAttribute z:Ref="i337"/><Parent z:Ref="i269"/><STLQualityFine>false</STLQualityFine><SWComponentPIDs xmlns:a="http://schemas.microsoft.com/2003/10/Serialization/Arrays"><a:base64Binary>sDYAAAUAAAD//v9+QwBUAEQASAAzAEYAMQAxADAALQBKADAAMQAtADAAMAAgAEtiB2PEfvZOLQAxADkAQABDAFQARABIADMARgAxADEAMAAgAAlOB2N1cOddS2IvAEMAVABEAEgAMwBGADEAMQAwAC0ASgAwADEALQAwADIAIAAHY3mBxH72Ti0AMQBAAEMAVABEAEgAMwBGADEAMQAwAC0ASgAwADEALQAwADAAIABLYgdjxH72Ti8AQwBUAEQASAAzAEYAMQAxADAALQAwADQAIAAHY3mBLQAyAEAAQwBUAEQASAAzAEYAMQAxADAALQBKADAAMQAtADAAMgAgAAdjeYHEfvZOBAAAABAAAAABAAAAAwAAAJoJAACaBwAABwgAAA==</a:base64Binary><a:base64Binary>sDYAAAUAAAD//v+BQwBUAEQASAAzAEYAMQAxADAALQBKADAAMQAtADAAMAAgAEtiB2PEfvZOLQAxADkAQABDAFQARABIADMARgAxADEAMAAgAAlOB2N1cOddS2IvAEMAVABEAEgAMwBGADEAMQAwAC0ASgAwADEALQAwADIAIAAHY3mBxH72Ti0AMQBAAEMAVABEAEgAMwBGADEAMQAwAC0ASgAwADEALQAwADAAIABLYgdjxH72Ti8AQwBUAEQASAAzAEYAMQAxADAALQAxADUAIAAHY3mBRXj2gKtXLQAxAEAAQwBUAEQASAAzAEYAMQAxADAALQBKADAAMQAtADAAMgAgAAdjeYHEfvZOBAAAABAAAAABAAAAAwAAAJoJAACaBwAAAwgAAA==</a:base64Binary><a:base64Binary>sDYAAAUAAAD//v+BQwBUAEQASAAzAEYAMQAxADAALQBKADAAMQAtADAAMAAgAEtiB2PEfvZOLQAxADkAQABDAFQARABIADMARgAxADEAMAAgAAlOB2N1cOddS2IvAEMAVABEAEgAMwBGADEAMQAwAC0ASgAwADEALQAwADIAIAAHY3mBxH72Ti0AMQBAAEMAVABEAEgAMwBGADEAMQAwAC0ASgAwADEALQAwADAAIABLYgdjxH72Ti8AQwBUAEQASAAzAEYAMQAxADAALQAwADYAIAAHY3mBC07Wdn9nLQAxAEAAQwBUAEQASAAzAEYAMQAxADAALQBKADAAMQAtADAAMgAgAAdjeYHEfvZOBAAAABAAAAABAAAAAwAAAJoJAACaBwAAcwcAAA==</a:base64Binary><a:base64Binary>sDYAAAUAAAD//v+BQwBUAEQASAAzAEYAMQAxADAALQBKADAAMQAtADAAMAAgAEtiB2PEfvZOLQAxADkAQABDAFQARABIADMARgAxADEAMAAgAAlOB2N1cOddS2IvAEMAVABEAEgAMwBGADEAMQAwAC0ASgAwADEALQAwADIAIAAHY3mBxH72Ti0AMQBAAEMAVABEAEgAMwBGADEAMQAwAC0ASgAwADEALQAwADAAIABLYgdjxH72Ti8AQwBUAEQASAAzAEYAMQAxADAALQAwADcAIAAHY3mBCk7Wdn9nLQAxAEAAQwBUAEQASAAzAEYAMQAxADAALQBKADAAMQAtADAAMgAgAAdjeYHEfvZOBAAAABAAAAABAAAAAwAAAJoJAACaBwAAdwcAAA==</a:base64Binary></SWComponentPIDs><SWMainComponentPID i:nil="true"/><Visual z:Ref="i351"/><isFixedFrame>false</isFixedFrame><isIncomplete>false</isIncomplete></Link></Children><Collision z:Ref="i297"/><Inertial z:Ref="i271"/><Joint z:Ref="i304"/><NameAttribute z:Ref="i270"/><Parent z:Ref="i1"/><STLQualityFine>false</STLQualityFine><SWComponentPIDs xmlns:a="http://schemas.microsoft.com/2003/10/Serialization/Arrays"><a:base64Binary>sDYAAAUAAAD//v+BQwBUAEQASAAzAEYAMQAxADAALQBKADAAMQAtADAAMAAgAEtiB2PEfvZOLQAxADkAQABDAFQARABIADMARgAxADEAMAAgAAlOB2N1cOddS2IvAEMAVABEAEgAMwBGADEAMQAwAC0ASgAwADEALQAwADEAIAAHYzloxH72Ti0AMQBAAEMAVABEAEgAMwBGADEAMQAwAC0ASgAwADEALQAwADAAIABLYgdjxH72Ti8AQwBUAEQASAAzAEYAMQAxADAALQAwADMAIAAHYzlo3o+lY1dXLQAxAEAAQwBUAEQASAAzAEYAMQAxADAALQBKADAAMQAtADAAMQAgAAdjOWjEfvZOBAAAABAAAAABAAAAAwAAAJoJAABhBwAAXAgAAA==</a:base64Binary><a:base64Binary>sDYAAAUAAAD//v9VQwBUAEQASAAzAEYAMQAxADAALQBKADAAMQAtADAAMAAgAEtiB2PEfvZOLQAxADkAQABDAFQARABIADMARgAxADEAMAAgAAlOB2N1cOddS2IvAEMAVABEAEgAMwBGADEAMQAwAC0AMQA0ACAAS2IHY7qHHU5FePaAq1ctADgAQABDAFQARABIADMARgAxADEAMAAtAEoAMAAxAC0AMAAwACAAS2IHY8R+9k4EAAAAEAAAAAEAAAACAAAAmgkAAH4IAAA=</a:base64Binary><a:base64Binary>sDYAAAUAAAD//v9VQwBUAEQASAAzAEYAMQAxADAALQBKADAAMQAtADAAMAAgAEtiB2PEfvZOLQAxADkAQABDAFQARABIADMARgAxADEAMAAgAAlOB2N1cOddS2IvAEMAVABEAEgAMwBGADEAMQAwAC0AMQA0ACAAS2IHY7qHHU5FePaAq1ctADMAQABDAFQARABIADMARgAxADEAMAAtAEoAMAAxAC0AMAAwACAAS2IHY8R+9k4EAAAAEAAAAAEAAAACAAAAmgkAAIEIAAA=</a:base64Binary></SWComponentPIDs><SWMainComponentPID i:nil="true"/><Visual z:Ref="i284"/><isFixedFrame>false</isFixedFrame><isIncomplete>false</isIncomplete></Link><Link z:Id="i470"><Attributes><Attribute z:Id="i471"><AttributeType>name</AttributeType><IsRequired>true</IsRequired><Value i:type="a:string" xmlns:a="http://www.w3.org/2001/XMLSchema">Link33</Value></Attribute></Attributes><ChildElements><URDFElement z:Id="i472" i:type="Inertial"><Attributes/><ChildElements><URDFElement z:Id="i473" i:type="Origin"><Attributes><Attribute z:Id="i474"><AttributeType>xyz</AttributeType><IsRequired>true</IsRequired><Value i:type="a:ArrayOfdouble" xmlns:a="http://schemas.microsoft.com/2003/10/Serialization/Arrays"><a:double>-0.020091362261372914</a:double><a:double>-0.011609344987736178</a:double><a:double>0.00864047673971273</a:double></Value></Attribute><Attribute z:Id="i475"><AttributeType>rpy</AttributeType><IsRequired>true</IsRequired><Value i:type="a:ArrayOfdouble" xmlns:a="http://schemas.microsoft.com/2003/10/Serialization/Arrays"><a:double>0</a:double><a:double>0</a:double><a:double>0</a:double></Value></Attribute></Attributes><ChildElements/><ElementName>origin</ElementName><required>false</required><RPYAttribute z:Ref="i475"/><XYZAttribute z:Ref="i474"/><isCustomized>false</isCustomized></URDFElement><URDFElement z:Id="i476" i:type="Mass"><Attributes><Attribute z:Id="i477"><AttributeType>value</AttributeType><IsRequired>true</IsRequired><Value i:type="a:double" xmlns:a="http://www.w3.org/2001/XMLSchema">0.02918082197458699</Value></Attribute></Attributes><ChildElements/><ElementName>mass</ElementName><required>false</required><ValueAttribute z:Ref="i477"/></URDFElement><URDFElement z:Id="i478" i:type="Inertia"><Attributes><Attribute z:Id="i479"><AttributeType>ixx</AttributeType><IsRequired>true</IsRequired><Value i:type="a:double" xmlns:a="http://www.w3.org/2001/XMLSchema">1.2380576926433356E-05</Value></Attribute><Attribute z:Id="i480"><AttributeType>ixy</AttributeType><IsRequired>true</IsRequired><Value i:type="a:double" xmlns:a="http://www.w3.org/2001/XMLSchema">-3.8281253670729142E-07</Value></Attribute><Attribute z:Id="i481"><AttributeType>ixz</AttributeType><IsRequired>true</IsRequired><Value i:type="a:double" xmlns:a="http://www.w3.org/2001/XMLSchema">2.6499562093816213E-06</Value></Attribute><Attribute z:Id="i482"><AttributeType>iyy</AttributeType><IsRequired>true</IsRequired><Value i:type="a:double" xmlns:a="http://www.w3.org/2001/XMLSchema">1.2834234911715339E-05</Value></Attribute><Attribute z:Id="i483"><AttributeType>iyz</AttributeType><IsRequired>true</IsRequired><Value i:type="a:double" xmlns:a="http://www.w3.org/2001/XMLSchema">1.5315419715214544E-06</Value></Attribute><Attribute z:Id="i484"><AttributeType>izz</AttributeType><IsRequired>true</IsRequired><Value i:type="a:double" xmlns:a="http://www.w3.org/2001/XMLSchema">9.9363155511979874E-06</Value></Attribute></Attributes><ChildElements/><ElementName>inertia</ElementName><required>false</required><IxxAttribute z:Ref="i479"/><IxyAttribute z:Ref="i480"/><IxzAttribute z:Ref="i481"/><IyyAttribute z:Ref="i482"/><IyzAttribute z:Ref="i483"/><IzzAttribute z:Ref="i484"/></URDFElement></ChildElements><ElementName>inertial</ElementName><required>false</required><Inertia z:Ref="i478"/><Mass z:Ref="i476"/><Origin z:Ref="i473"/></URDFElement><URDFElement z:Id="i485" i:type="Visual"><Attributes/><ChildElements><URDFElement z:Id="i486" i:type="Origin"><Attributes><Attribute z:Id="i487"><AttributeType>xyz</AttributeType><IsRequired>true</IsRequired><Value i:type="a:ArrayOfdouble" xmlns:a="http://schemas.microsoft.com/2003/10/Serialization/Arrays"><a:double>0</a:double><a:double>0</a:double><a:double>0</a:double></Value></Attribute><Attribute z:Id="i488"><AttributeType>rpy</AttributeType><IsRequired>true</IsRequired><Value i:type="a:ArrayOfdouble" xmlns:a="http://schemas.microsoft.com/2003/10/Serialization/Arrays"><a:double>0</a:double><a:double>0</a:double><a:double>0</a:double></Value></Attribute></Attributes><ChildElements/><ElementName>origin</ElementName><required>false</required><RPYAttribute z:Ref="i488"/><XYZAttribute z:Ref="i487"/><isCustomized>false</isCustomized></URDFElement><URDFElement z:Id="i489" i:type="Geometry"><Attributes/><ChildElements><URDFElement z:Id="i490" i:type="Mesh"><Attributes><Attribute z:Id="i491"><AttributeType>filename</AttributeType><IsRequired>true</IsRequired><Value i:nil="true"/></Attribute></Attributes><ChildElements/><ElementName>mesh</ElementName><required>false</required><FilenameAttribute z:Ref="i491"/></URDFElement></ChildElements><ElementName>geometry</ElementName><required>true</required><Mesh z:Ref="i490"/></URDFElement><URDFElement z:Id="i492" i:type="Material"><Attributes><Attribute z:Id="i493"><AttributeType>name</AttributeType><IsRequired>true</IsRequired><Value i:type="a:string" xmlns:a="http://www.w3.org/2001/XMLSchema"/></Attribute></Attributes><ChildElements><URDFElement z:Id="i494" i:type="Color"><Attributes><Attribute z:Id="i495"><AttributeType>rgba</AttributeType><IsRequired>true</IsRequired><Value i:type="a:ArrayOfdouble" xmlns:a="http://schemas.microsoft.com/2003/10/Serialization/Arrays"><a:double>0.25098039215686274</a:double><a:double>0.25098039215686274</a:double><a:double>0.25098039215686274</a:double><a:double>1</a:double></Value></Attribute></Attributes><ChildElements/><ElementName>color</ElementName><required>false</required><RGBAAttribute z:Ref="i495"/></URDFElement><URDFElement z:Id="i496" i:type="Texture"><Attributes><Attribute z:Id="i497"><AttributeType>filename</AttributeType><IsRequired>true</IsRequired><Value i:nil="true"/></Attribute></Attributes><ChildElements/><ElementName>texture</ElementName><required>false</required><FilenameAttribute z:Ref="i497"/><wFilename/></URDFElement></ChildElements><ElementName>material</ElementName><required>false</required><Color z:Ref="i494"/><NameAttribute z:Ref="i493"/><Texture z:Ref="i496"/></URDFElement></ChildElements><ElementName>visual</ElementName><required>false</required><Geometry z:Ref="i489"/><Material z:Ref="i492"/><Origin z:Ref="i486"/></URDFElement><URDFElement z:Id="i498" i:type="Collision"><Attributes/><ChildElements><URDFElement z:Id="i499" i:type="Origin"><Attributes><Attribute z:Id="i500"><AttributeType>xyz</AttributeType><IsRequired>true</IsRequired><Value i:type="a:ArrayOfdouble" xmlns:a="http://schemas.microsoft.com/2003/10/Serialization/Arrays"><a:double>0</a:double><a:double>0</a:double><a:double>0</a:double></Value></Attribute><Attribute z:Id="i501"><AttributeType>rpy</AttributeType><IsRequired>true</IsRequired><Value i:type="a:ArrayOfdouble" xmlns:a="http://schemas.microsoft.com/2003/10/Serialization/Arrays"><a:double>0</a:double><a:double>0</a:double><a:double>0</a:double></Value></Attribute></Attributes><ChildElements/><ElementName>origin</ElementName><required>false</required><RPYAttribute z:Ref="i501"/><XYZAttribute z:Ref="i500"/><isCustomized>false</isCustomized></URDFElement><URDFElement z:Id="i502" i:type="Geometry"><Attributes/><ChildElements><URDFElement z:Id="i503" i:type="Mesh"><Attributes><Attribute z:Id="i504"><AttributeType>filename</AttributeType><IsRequired>true</IsRequired><Value i:nil="true"/></Attribute></Attributes><ChildElements/><ElementName>mesh</ElementName><required>false</required><FilenameAttribute z:Ref="i504"/></URDFElement></ChildElements><ElementName>geometry</ElementName><required>true</required><Mesh z:Ref="i503"/></URDFElement></ChildElements><ElementName>collision</ElementName><required>false</required><Geometry z:Ref="i502"/><Origin z:Ref="i499"/></URDFElement><URDFElement z:Id="i505" i:type="Joint"><Attributes><Attribute z:Id="i506"><AttributeType>name</AttributeType><IsRequired>true</IsRequired><Value i:type="a:string" xmlns:a="http://www.w3.org/2001/XMLSchema">Joint33</Value></Attribute><Attribute z:Id="i507"><AttributeType>type</AttributeType><IsRequired>true</IsRequired><Value i:type="a:string" xmlns:a="http://www.w3.org/2001/XMLSchema">revolute</Value></Attribute></Attributes><ChildElements><URDFElement z:Id="i508" i:type="Origin"><Attributes><Attribute z:Id="i509"><AttributeType>xyz</AttributeType><IsRequired>true</IsRequired><Value i:type="a:ArrayOfdouble" xmlns:a="http://schemas.microsoft.com/2003/10/Serialization/Arrays"><a:double>0</a:double><a:double>-0.03354</a:double><a:double>0.1191</a:double></Value></Attribute><Attribute z:Id="i510"><AttributeType>rpy</AttributeType><IsRequired>true</IsRequired><Value i:type="a:ArrayOfdouble" xmlns:a="http://schemas.microsoft.com/2003/10/Serialization/Arrays"><a:double>0</a:double><a:double>0</a:double><a:double>0</a:double></Value></Attribute></Attributes><ChildElements/><ElementName>origin</ElementName><required>false</required><RPYAttribute z:Ref="i510"/><XYZAttribute z:Ref="i509"/><isCustomized>false</isCustomized></URDFElement><URDFElement z:Id="i511" i:type="ParentLink"><Attributes><Attribute z:Id="i512"><AttributeType>link</AttributeType><IsRequired>true</IsRequired><Value i:type="a:string" xmlns:a="http://www.w3.org/2001/XMLSchema">base_link</Value></Attribute></Attributes><ChildElements/><ElementName>parent</ElementName><required>true</required><NameAttribute z:Ref="i512"/></URDFElement><URDFElement z:Id="i513" i:type="ChildLink"><Attributes><Attribute z:Id="i514"><AttributeType>link</AttributeType><IsRequired>true</IsRequired><Value i:type="a:string" xmlns:a="http://www.w3.org/2001/XMLSchema">Link33</Value></Attribute></Attributes><ChildElements/><ElementName>child</ElementName><required>true</required><NameAttribute z:Ref="i514"/></URDFElement><URDFElement z:Id="i515" i:type="Axis"><Attributes><Attribute z:Id="i516"><AttributeType>xyz</AttributeType><IsRequired>true</IsRequired><Value i:type="a:ArrayOfdouble" xmlns:a="http://schemas.microsoft.com/2003/10/Serialization/Arrays"><a:double>0</a:double><a:double>0</a:double><a:double>-1</a:double></Value></Attribute></Attributes><ChildElements/><ElementName>axis</ElementName><required>false</required><XYZAttribute z:Ref="i516"/></URDFElement><URDFElement z:Id="i517" i:type="Limit"><Attributes><Attribute z:Id="i518"><AttributeType>lower</AttributeType><IsRequired>true</IsRequired><Value i:type="a:double" xmlns:a="http://www.w3.org/2001/XMLSchema">0</Value></Attribute><Attribute z:Id="i519"><AttributeType>upper</AttributeType><IsRequired>true</IsRequired><Value i:type="a:double" xmlns:a="http://www.w3.org/2001/XMLSchema">0</Value></Attribute><Attribute z:Id="i520"><AttributeType>effort</AttributeType><IsRequired>true</IsRequired><Value i:type="a:double" xmlns:a="http://www.w3.org/2001/XMLSchema">0</Value></Attribute><Attribute z:Id="i521"><AttributeType>velocity</AttributeType><IsRequired>true</IsRequired><Value i:type="a:double" xmlns:a="http://www.w3.org/2001/XMLSchema">0</Value></Attribute></Attributes><ChildElements/><ElementName>limit</ElementName><required>true</required><EffortAttribute z:Ref="i520"/><LowerAttribute z:Ref="i518"/><UpperAttribute z:Ref="i519"/><VelocityAttribute z:Ref="i521"/></URDFElement><URDFElement z:Id="i522" i:type="Calibration"><Attributes><Attribute z:Id="i523"><AttributeType>rising</AttributeType><IsRequired>false</IsRequired><Value i:nil="true"/></Attribute><Attribute z:Id="i524"><AttributeType>falling</AttributeType><IsRequired>false</IsRequired><Value i:nil="true"/></Attribute></Attributes><ChildElements/><ElementName>calibration</ElementName><required>false</required><FallingAttribute z:Ref="i524"/><RisingAttribute z:Ref="i523"/></URDFElement><URDFElement z:Id="i525" i:type="Dynamics"><Attributes><Attribute z:Id="i526"><AttributeType>damping</AttributeType><IsRequired>false</IsRequired><Value i:nil="true"/></Attribute><Attribute z:Id="i527"><AttributeType>friction</AttributeType><IsRequired>false</IsRequired><Value i:nil="true"/></Attribute></Attributes><ChildElements/><ElementName>dynamics</ElementName><required>false</required><DampingAttribute z:Ref="i526"/><FrictionAttribute z:Ref="i527"/></URDFElement><URDFElement z:Id="i528" i:type="SafetyController"><Attributes><Attribute z:Id="i529"><AttributeType>soft_upper_limit</AttributeType><IsRequired>false</IsRequired><Value i:nil="true"/></Attribute><Attribute z:Id="i530"><AttributeType>soft_lower_limit</AttributeType><IsRequired>false</IsRequired><Value i:nil="true"/></Attribute><Attribute z:Id="i531"><AttributeType>k_position</AttributeType><IsRequired>false</IsRequired><Value i:nil="true"/></Attribute><Attribute z:Id="i532"><AttributeType>k_velocity</AttributeType><IsRequired>true</IsRequired><Value i:nil="true"/></Attribute></Attributes><ChildElements/><ElementName>safety_controller</ElementName><required>false</required><KPositionAttribute z:Ref="i531"/><KVelocityAttribute z:Ref="i532"/><SoftLowerAttribute z:Ref="i530"/><SoftUpperAttribute z:Ref="i529"/></URDFElement><URDFElement z:Id="i533" i:type="Mimic"><Attributes><Attribute z:Id="i534"><AttributeType>joint</AttributeType><IsRequired>true</IsRequired><Value i:nil="true"/></Attribute><Attribute z:Id="i535"><AttributeType>multiplier</AttributeType><IsRequired>false</IsRequired><Value i:nil="true"/></Attribute><Attribute z:Id="i536"><AttributeType>offset</AttributeType><IsRequired>false</IsRequired><Value i:nil="true"/></Attribute></Attributes><ChildElements/><ElementName>mimic</ElementName><required>false</required><JointNameAttribute z:Ref="i534"/><MultiplierAttribute z:Ref="i535"/><OffsetAttribute z:Ref="i536"/></URDFElement></ChildElements><ElementName>joint</ElementName><required>false</required><Axis z:Ref="i515"/><AxisName>?????????33</AxisName><Calibration z:Ref="i522"/><Child z:Ref="i513"/><CoordinateSystemName>?????????33</CoordinateSystemName><Dynamics z:Ref="i525"/><Limit z:Ref="i517"/><Mimic z:Ref="i533"/><NameAttribute z:Ref="i506"/><Origin z:Ref="i508"/><Parent z:Ref="i511"/><Safety z:Ref="i528"/><TypeAttribute z:Ref="i507"/></URDFElement></ChildElements><ElementName>link</ElementName><required>true</required><Children><Link z:Id="i537"><Attributes><Attribute z:Id="i538"><AttributeType>name</AttributeType><IsRequired>true</IsRequired><Value i:type="a:string" xmlns:a="http://www.w3.org/2001/XMLSchema">Link32</Value></Attribute></Attributes><ChildElements><URDFElement z:Id="i539" i:type="Inertial"><Attributes/><ChildElements><URDFElement z:Id="i540" i:type="Origin"><Attributes><Attribute z:Id="i541"><AttributeType>xyz</AttributeType><IsRequired>true</IsRequired><Value i:type="a:ArrayOfdouble" xmlns:a="http://schemas.microsoft.com/2003/10/Serialization/Arrays"><a:double>-0.018934558321388961</a:double><a:double>0.015324844174912908</a:double><a:double>-3.4453756827187987E-05</a:double></Value></Attribute><Attribute z:Id="i542"><AttributeType>rpy</AttributeType><IsRequired>true</IsRequired><Value i:type="a:ArrayOfdouble" xmlns:a="http://schemas.microsoft.com/2003/10/Serialization/Arrays"><a:double>0</a:double><a:double>0</a:double><a:double>0</a:double></Value></Attribute></Attributes><ChildElements/><ElementName>origin</ElementName><required>false</required><RPYAttribute z:Ref="i542"/><XYZAttribute z:Ref="i541"/><isCustomized>false</isCustomized></URDFElement><URDFElement z:Id="i543" i:type="Mass"><Attributes><Attribute z:Id="i544"><AttributeType>value</AttributeType><IsRequired>true</IsRequired><Value i:type="a:double" xmlns:a="http://www.w3.org/2001/XMLSchema">0.030165199989468029</Value></Attribute></Attributes><ChildElements/><ElementName>mass</ElementName><required>false</required><ValueAttribute z:Ref="i544"/></URDFElement><URDFElement z:Id="i545" i:type="Inertia"><Attributes><Attribute z:Id="i546"><AttributeType>ixx</AttributeType><IsRequired>true</IsRequired><Value i:type="a:double" xmlns:a="http://www.w3.org/2001/XMLSchema">6.30129981313272E-06</Value></Attribute><Attribute z:Id="i547"><AttributeType>ixy</AttributeType><IsRequired>true</IsRequired><Value i:type="a:double" xmlns:a="http://www.w3.org/2001/XMLSchema">2.044787254096728E-07</Value></Attribute><Attribute z:Id="i548"><AttributeType>ixz</AttributeType><IsRequired>true</IsRequired><Value i:type="a:double" xmlns:a="http://www.w3.org/2001/XMLSchema">4.053675549132813E-09</Value></Attribute><Attribute z:Id="i549"><AttributeType>iyy</AttributeType><IsRequired>true</IsRequired><Value i:type="a:double" xmlns:a="http://www.w3.org/2001/XMLSchema">6.4811647179710823E-06</Value></Attribute><Attribute z:Id="i550"><AttributeType>iyz</AttributeType><IsRequired>true</IsRequired><Value i:type="a:double" xmlns:a="http://www.w3.org/2001/XMLSchema">1.2408360577715306E-08</Value></Attribute><Attribute z:Id="i551"><AttributeType>izz</AttributeType><IsRequired>true</IsRequired><Value i:type="a:double" xmlns:a="http://www.w3.org/2001/XMLSchema">5.8352896112880331E-06</Value></Attribute></Attributes><ChildElements/><ElementName>inertia</ElementName><required>false</required><IxxAttribute z:Ref="i546"/><IxyAttribute z:Ref="i547"/><IxzAttribute z:Ref="i548"/><IyyAttribute z:Ref="i549"/><IyzAttribute z:Ref="i550"/><IzzAttribute z:Ref="i551"/></URDFElement></ChildElements><ElementName>inertial</ElementName><required>false</required><Inertia z:Ref="i545"/><Mass z:Ref="i543"/><Origin z:Ref="i540"/></URDFElement><URDFElement z:Id="i552" i:type="Visual"><Attributes/><ChildElements><URDFElement z:Id="i553" i:type="Origin"><Attributes><Attribute z:Id="i554"><AttributeType>xyz</AttributeType><IsRequired>true</IsRequired><Value i:type="a:ArrayOfdouble" xmlns:a="http://schemas.microsoft.com/2003/10/Serialization/Arrays"><a:double>0</a:double><a:double>0</a:double><a:double>0</a:double></Value></Attribute><Attribute z:Id="i555"><AttributeType>rpy</AttributeType><IsRequired>true</IsRequired><Value i:type="a:ArrayOfdouble" xmlns:a="http://schemas.microsoft.com/2003/10/Serialization/Arrays"><a:double>0</a:double><a:double>0</a:double><a:double>0</a:double></Value></Attribute></Attributes><ChildElements/><ElementName>origin</ElementName><required>false</required><RPYAttribute z:Ref="i555"/><XYZAttribute z:Ref="i554"/><isCustomized>false</isCustomized></URDFElement><URDFElement z:Id="i556" i:type="Geometry"><Attributes/><ChildElements><URDFElement z:Id="i557" i:type="Mesh"><Attributes><Attribute z:Id="i558"><AttributeType>filename</AttributeType><IsRequired>true</IsRequired><Value i:nil="true"/></Attribute></Attributes><ChildElements/><ElementName>mesh</ElementName><required>false</required><FilenameAttribute z:Ref="i558"/></URDFElement></ChildElements><ElementName>geometry</ElementName><required>true</required><Mesh z:Ref="i557"/></URDFElement><URDFElement z:Id="i559" i:type="Material"><Attributes><Attribute z:Id="i560"><AttributeType>name</AttributeType><IsRequired>true</IsRequired><Value i:type="a:string" xmlns:a="http://www.w3.org/2001/XMLSchema"/></Attribute></Attributes><ChildElements><URDFElement z:Id="i561" i:type="Color"><Attributes><Attribute z:Id="i562"><AttributeType>rgba</AttributeType><IsRequired>true</IsRequired><Value i:type="a:ArrayOfdouble" xmlns:a="http://schemas.microsoft.com/2003/10/Serialization/Arrays"><a:double>0.69803921568627447</a:double><a:double>0.69803921568627447</a:double><a:double>0.69803921568627447</a:double><a:double>1</a:double></Value></Attribute></Attributes><ChildElements/><ElementName>color</ElementName><required>false</required><RGBAAttribute z:Ref="i562"/></URDFElement><URDFElement z:Id="i563" i:type="Texture"><Attributes><Attribute z:Id="i564"><AttributeType>filename</AttributeType><IsRequired>true</IsRequired><Value i:nil="true"/></Attribute></Attributes><ChildElements/><ElementName>texture</ElementName><required>false</required><FilenameAttribute z:Ref="i564"/><wFilename/></URDFElement></ChildElements><ElementName>material</ElementName><required>false</required><Color z:Ref="i561"/><NameAttribute z:Ref="i560"/><Texture z:Ref="i563"/></URDFElement></ChildElements><ElementName>visual</ElementName><required>false</required><Geometry z:Ref="i556"/><Material z:Ref="i559"/><Origin z:Ref="i553"/></URDFElement><URDFElement z:Id="i565" i:type="Collision"><Attributes/><ChildElements><URDFElement z:Id="i566" i:type="Origin"><Attributes><Attribute z:Id="i567"><AttributeType>xyz</AttributeType><IsRequired>true</IsRequired><Value i:type="a:ArrayOfdouble" xmlns:a="http://schemas.microsoft.com/2003/10/Serialization/Arrays"><a:double>0</a:double><a:double>0</a:double><a:double>0</a:double></Value></Attribute><Attribute z:Id="i568"><AttributeType>rpy</AttributeType><IsRequired>true</IsRequired><Value i:type="a:ArrayOfdouble" xmlns:a="http://schemas.microsoft.com/2003/10/Serialization/Arrays"><a:double>0</a:double><a:double>0</a:double><a:double>0</a:double></Value></Attribute></Attributes><ChildElements/><ElementName>origin</ElementName><required>false</required><RPYAttribute z:Ref="i568"/><XYZAttribute z:Ref="i567"/><isCustomized>false</isCustomized></URDFElement><URDFElement z:Id="i569" i:type="Geometry"><Attributes/><ChildElements><URDFElement z:Id="i570" i:type="Mesh"><Attributes><Attribute z:Id="i571"><AttributeType>filename</AttributeType><IsRequired>true</IsRequired><Value i:nil="true"/></Attribute></Attributes><ChildElements/><ElementName>mesh</ElementName><required>false</required><FilenameAttribute z:Ref="i571"/></URDFElement></ChildElements><ElementName>geometry</ElementName><required>true</required><Mesh z:Ref="i570"/></URDFElement></ChildElements><ElementName>collision</ElementName><required>false</required><Geometry z:Ref="i569"/><Origin z:Ref="i566"/></URDFElement><URDFElement z:Id="i572" i:type="Joint"><Attributes><Attribute z:Id="i573"><AttributeType>name</AttributeType><IsRequired>true</IsRequired><Value i:type="a:string" xmlns:a="http://www.w3.org/2001/XMLSchema">Joint32</Value></Attribute><Attribute z:Id="i574"><AttributeType>type</AttributeType><IsRequired>true</IsRequired><Value i:type="a:string" xmlns:a="http://www.w3.org/2001/XMLSchema">revolute</Value></Attribute></Attributes><ChildElements><URDFElement z:Id="i575" i:type="Origin"><Attributes><Attribute z:Id="i576"><AttributeType>xyz</AttributeType><IsRequired>true</IsRequired><Value i:type="a:ArrayOfdouble" xmlns:a="http://schemas.microsoft.com/2003/10/Serialization/Arrays"><a:double>-0.037569</a:double><a:double>-0.02169</a:double><a:double>0.030502</a:double></Value></Attribute><Attribute z:Id="i577"><AttributeType>rpy</AttributeType><IsRequired>true</IsRequired><Value i:type="a:ArrayOfdouble" xmlns:a="http://schemas.microsoft.com/2003/10/Serialization/Arrays"><a:double>1.5708</a:double><a:double>0</a:double><a:double>0.5236</a:double></Value></Attribute></Attributes><ChildElements/><ElementName>origin</ElementName><required>false</required><RPYAttribute z:Ref="i577"/><XYZAttribute z:Ref="i576"/><isCustomized>false</isCustomized></URDFElement><URDFElement z:Id="i578" i:type="ParentLink"><Attributes><Attribute z:Id="i579"><AttributeType>link</AttributeType><IsRequired>true</IsRequired><Value i:type="a:string" xmlns:a="http://www.w3.org/2001/XMLSchema">Link33</Value></Attribute></Attributes><ChildElements/><ElementName>parent</ElementName><required>true</required><NameAttribute z:Ref="i579"/></URDFElement><URDFElement z:Id="i580" i:type="ChildLink"><Attributes><Attribute z:Id="i581"><AttributeType>link</AttributeType><IsRequired>true</IsRequired><Value i:type="a:string" xmlns:a="http://www.w3.org/2001/XMLSchema">Link32</Value></Attribute></Attributes><ChildElements/><ElementName>child</ElementName><required>true</required><NameAttribute z:Ref="i581"/></URDFElement><URDFElement z:Id="i582" i:type="Axis"><Attributes><Attribute z:Id="i583"><AttributeType>xyz</AttributeType><IsRequired>true</IsRequired><Value i:type="a:ArrayOfdouble" xmlns:a="http://schemas.microsoft.com/2003/10/Serialization/Arrays"><a:double>0</a:double><a:double>0</a:double><a:double>-1</a:double></Value></Attribute></Attributes><ChildElements/><ElementName>axis</ElementName><required>false</required><XYZAttribute z:Ref="i583"/></URDFElement><URDFElement z:Id="i584" i:type="Limit"><Attributes><Attribute z:Id="i585"><AttributeType>lower</AttributeType><IsRequired>true</IsRequired><Value i:type="a:double" xmlns:a="http://www.w3.org/2001/XMLSchema">0</Value></Attribute><Attribute z:Id="i586"><AttributeType>upper</AttributeType><IsRequired>true</IsRequired><Value i:type="a:double" xmlns:a="http://www.w3.org/2001/XMLSchema">0</Value></Attribute><Attribute z:Id="i587"><AttributeType>effort</AttributeType><IsRequired>true</IsRequired><Value i:type="a:double" xmlns:a="http://www.w3.org/2001/XMLSchema">0</Value></Attribute><Attribute z:Id="i588"><AttributeType>velocity</AttributeType><IsRequired>true</IsRequired><Value i:type="a:double" xmlns:a="http://www.w3.org/2001/XMLSchema">0</Value></Attribute></Attributes><ChildElements/><ElementName>limit</ElementName><required>true</required><EffortAttribute z:Ref="i587"/><LowerAttribute z:Ref="i585"/><UpperAttribute z:Ref="i586"/><VelocityAttribute z:Ref="i588"/></URDFElement><URDFElement z:Id="i589" i:type="Calibration"><Attributes><Attribute z:Id="i590"><AttributeType>rising</AttributeType><IsRequired>false</IsRequired><Value i:nil="true"/></Attribute><Attribute z:Id="i591"><AttributeType>falling</AttributeType><IsRequired>false</IsRequired><Value i:nil="true"/></Attribute></Attributes><ChildElements/><ElementName>calibration</ElementName><required>false</required><FallingAttribute z:Ref="i591"/><RisingAttribute z:Ref="i590"/></URDFElement><URDFElement z:Id="i592" i:type="Dynamics"><Attributes><Attribute z:Id="i593"><AttributeType>damping</AttributeType><IsRequired>false</IsRequired><Value i:nil="true"/></Attribute><Attribute z:Id="i594"><AttributeType>friction</AttributeType><IsRequired>false</IsRequired><Value i:nil="true"/></Attribute></Attributes><ChildElements/><ElementName>dynamics</ElementName><required>false</required><DampingAttribute z:Ref="i593"/><FrictionAttribute z:Ref="i594"/></URDFElement><URDFElement z:Id="i595" i:type="SafetyController"><Attributes><Attribute z:Id="i596"><AttributeType>soft_upper_limit</AttributeType><IsRequired>false</IsRequired><Value i:nil="true"/></Attribute><Attribute z:Id="i597"><AttributeType>soft_lower_limit</AttributeType><IsRequired>false</IsRequired><Value i:nil="true"/></Attribute><Attribute z:Id="i598"><AttributeType>k_position</AttributeType><IsRequired>false</IsRequired><Value i:nil="true"/></Attribute><Attribute z:Id="i599"><AttributeType>k_velocity</AttributeType><IsRequired>true</IsRequired><Value i:nil="true"/></Attribute></Attributes><ChildElements/><ElementName>safety_controller</ElementName><required>false</required><KPositionAttribute z:Ref="i598"/><KVelocityAttribute z:Ref="i599"/><SoftLowerAttribute z:Ref="i597"/><SoftUpperAttribute z:Ref="i596"/></URDFElement><URDFElement z:Id="i600" i:type="Mimic"><Attributes><Attribute z:Id="i601"><AttributeType>joint</AttributeType><IsRequired>true</IsRequired><Value i:nil="true"/></Attribute><Attribute z:Id="i602"><AttributeType>multiplier</AttributeType><IsRequired>false</IsRequired><Value i:nil="true"/></Attribute><Attribute z:Id="i603"><AttributeType>offset</AttributeType><IsRequired>false</IsRequired><Value i:nil="true"/></Attribute></Attributes><ChildElements/><ElementName>mimic</ElementName><required>false</required><JointNameAttribute z:Ref="i601"/><MultiplierAttribute z:Ref="i602"/><OffsetAttribute z:Ref="i603"/></URDFElement></ChildElements><ElementName>joint</ElementName><required>false</required><Axis z:Ref="i582"/><AxisName>?????????32</AxisName><Calibration z:Ref="i589"/><Child z:Ref="i580"/><CoordinateSystemName>?????????32</CoordinateSystemName><Dynamics z:Ref="i592"/><Limit z:Ref="i584"/><Mimic z:Ref="i600"/><NameAttribute z:Ref="i573"/><Origin z:Ref="i575"/><Parent z:Ref="i578"/><Safety z:Ref="i595"/><TypeAttribute z:Ref="i574"/></URDFElement></ChildElements><ElementName>link</ElementName><required>true</required><Children><Link z:Id="i604"><Attributes><Attribute z:Id="i605"><AttributeType>name</AttributeType><IsRequired>true</IsRequired><Value i:type="a:string" xmlns:a="http://www.w3.org/2001/XMLSchema">Link31</Value></Attribute></Attributes><ChildElements><URDFElement z:Id="i606" i:type="Inertial"><Attributes/><ChildElements><URDFElement z:Id="i607" i:type="Origin"><Attributes><Attribute z:Id="i608"><AttributeType>xyz</AttributeType><IsRequired>true</IsRequired><Value i:type="a:ArrayOfdouble" xmlns:a="http://schemas.microsoft.com/2003/10/Serialization/Arrays"><a:double>-0.020425732121459289</a:double><a:double>0.0053145040190291232</a:double><a:double>-5.5176654571442718E-06</a:double></Value></Attribute><Attribute z:Id="i609"><AttributeType>rpy</AttributeType><IsRequired>true</IsRequired><Value i:type="a:ArrayOfdouble" xmlns:a="http://schemas.microsoft.com/2003/10/Serialization/Arrays"><a:double>0</a:double><a:double>0</a:double><a:double>0</a:double></Value></Attribute></Attributes><ChildElements/><ElementName>origin</ElementName><required>false</required><RPYAttribute z:Ref="i609"/><XYZAttribute z:Ref="i608"/><isCustomized>false</isCustomized></URDFElement><URDFElement z:Id="i610" i:type="Mass"><Attributes><Attribute z:Id="i611"><AttributeType>value</AttributeType><IsRequired>true</IsRequired><Value i:type="a:double" xmlns:a="http://www.w3.org/2001/XMLSchema">0.026874151996467456</Value></Attribute></Attributes><ChildElements/><ElementName>mass</ElementName><required>false</required><ValueAttribute z:Ref="i611"/></URDFElement><URDFElement z:Id="i612" i:type="Inertia"><Attributes><Attribute z:Id="i613"><AttributeType>ixx</AttributeType><IsRequired>true</IsRequired><Value i:type="a:double" xmlns:a="http://www.w3.org/2001/XMLSchema">4.4587547215428346E-06</Value></Attribute><Attribute z:Id="i614"><AttributeType>ixy</AttributeType><IsRequired>true</IsRequired><Value i:type="a:double" xmlns:a="http://www.w3.org/2001/XMLSchema">1.2267131922939916E-06</Value></Attribute><Attribute z:Id="i615"><AttributeType>ixz</AttributeType><IsRequired>true</IsRequired><Value i:type="a:double" xmlns:a="http://www.w3.org/2001/XMLSchema">1.2283800141212219E-09</Value></Attribute><Attribute z:Id="i616"><AttributeType>iyy</AttributeType><IsRequired>true</IsRequired><Value i:type="a:double" xmlns:a="http://www.w3.org/2001/XMLSchema">8.6417015451199422E-06</Value></Attribute><Attribute z:Id="i617"><AttributeType>iyz</AttributeType><IsRequired>true</IsRequired><Value i:type="a:double" xmlns:a="http://www.w3.org/2001/XMLSchema">-1.4318437679907782E-09</Value></Attribute><Attribute z:Id="i618"><AttributeType>izz</AttributeType><IsRequired>true</IsRequired><Value i:type="a:double" xmlns:a="http://www.w3.org/2001/XMLSchema">7.4682702647632655E-06</Value></Attribute></Attributes><ChildElements/><ElementName>inertia</ElementName><required>false</required><IxxAttribute z:Ref="i613"/><IxyAttribute z:Ref="i614"/><IxzAttribute z:Ref="i615"/><IyyAttribute z:Ref="i616"/><IyzAttribute z:Ref="i617"/><IzzAttribute z:Ref="i618"/></URDFElement></ChildElements><ElementName>inertial</ElementName><required>false</required><Inertia z:Ref="i612"/><Mass z:Ref="i610"/><Origin z:Ref="i607"/></URDFElement><URDFElement z:Id="i619" i:type="Visual"><Attributes/><ChildElements><URDFElement z:Id="i620" i:type="Origin"><Attributes><Attribute z:Id="i621"><AttributeType>xyz</AttributeType><IsRequired>true</IsRequired><Value i:type="a:ArrayOfdouble" xmlns:a="http://schemas.microsoft.com/2003/10/Serialization/Arrays"><a:double>0</a:double><a:double>0</a:double><a:double>0</a:double></Value></Attribute><Attribute z:Id="i622"><AttributeType>rpy</AttributeType><IsRequired>true</IsRequired><Value i:type="a:ArrayOfdouble" xmlns:a="http://schemas.microsoft.com/2003/10/Serialization/Arrays"><a:double>0</a:double><a:double>0</a:double><a:double>0</a:double></Value></Attribute></Attributes><ChildElements/><ElementName>origin</ElementName><required>false</required><RPYAttribute z:Ref="i622"/><XYZAttribute z:Ref="i621"/><isCustomized>false</isCustomized></URDFElement><URDFElement z:Id="i623" i:type="Geometry"><Attributes/><ChildElements><URDFElement z:Id="i624" i:type="Mesh"><Attributes><Attribute z:Id="i625"><AttributeType>filename</AttributeType><IsRequired>true</IsRequired><Value i:nil="true"/></Attribute></Attributes><ChildElements/><ElementName>mesh</ElementName><required>false</required><FilenameAttribute z:Ref="i625"/></URDFElement></ChildElements><ElementName>geometry</ElementName><required>true</required><Mesh z:Ref="i624"/></URDFElement><URDFElement z:Id="i626" i:type="Material"><Attributes><Attribute z:Id="i627"><AttributeType>name</AttributeType><IsRequired>true</IsRequired><Value i:type="a:string" xmlns:a="http://www.w3.org/2001/XMLSchema"/></Attribute></Attributes><ChildElements><URDFElement z:Id="i628" i:type="Color"><Attributes><Attribute z:Id="i629"><AttributeType>rgba</AttributeType><IsRequired>true</IsRequired><Value i:type="a:ArrayOfdouble" xmlns:a="http://schemas.microsoft.com/2003/10/Serialization/Arrays"><a:double>0.29803921568627451</a:double><a:double>0.29803921568627451</a:double><a:double>0.29803921568627451</a:double><a:double>1</a:double></Value></Attribute></Attributes><ChildElements/><ElementName>color</ElementName><required>false</required><RGBAAttribute z:Ref="i629"/></URDFElement><URDFElement z:Id="i630" i:type="Texture"><Attributes><Attribute z:Id="i631"><AttributeType>filename</AttributeType><IsRequired>true</IsRequired><Value i:nil="true"/></Attribute></Attributes><ChildElements/><ElementName>texture</ElementName><required>false</required><FilenameAttribute z:Ref="i631"/><wFilename/></URDFElement></ChildElements><ElementName>material</ElementName><required>false</required><Color z:Ref="i628"/><NameAttribute z:Ref="i627"/><Texture z:Ref="i630"/></URDFElement></ChildElements><ElementName>visual</ElementName><required>false</required><Geometry z:Ref="i623"/><Material z:Ref="i626"/><Origin z:Ref="i620"/></URDFElement><URDFElement z:Id="i632" i:type="Collision"><Attributes/><ChildElements><URDFElement z:Id="i633" i:type="Origin"><Attributes><Attribute z:Id="i634"><AttributeType>xyz</AttributeType><IsRequired>true</IsRequired><Value i:type="a:ArrayOfdouble" xmlns:a="http://schemas.microsoft.com/2003/10/Serialization/Arrays"><a:double>0</a:double><a:double>0</a:double><a:double>0</a:double></Value></Attribute><Attribute z:Id="i635"><AttributeType>rpy</AttributeType><IsRequired>true</IsRequired><Value i:type="a:ArrayOfdouble" xmlns:a="http://schemas.microsoft.com/2003/10/Serialization/Arrays"><a:double>0</a:double><a:double>0</a:double><a:double>0</a:double></Value></Attribute></Attributes><ChildElements/><ElementName>origin</ElementName><required>false</required><RPYAttribute z:Ref="i635"/><XYZAttribute z:Ref="i634"/><isCustomized>false</isCustomized></URDFElement><URDFElement z:Id="i636" i:type="Geometry"><Attributes/><ChildElements><URDFElement z:Id="i637" i:type="Mesh"><Attributes><Attribute z:Id="i638"><AttributeType>filename</AttributeType><IsRequired>true</IsRequired><Value i:nil="true"/></Attribute></Attributes><ChildElements/><ElementName>mesh</ElementName><required>false</required><FilenameAttribute z:Ref="i638"/></URDFElement></ChildElements><ElementName>geometry</ElementName><required>true</required><Mesh z:Ref="i637"/></URDFElement></ChildElements><ElementName>collision</ElementName><required>false</required><Geometry z:Ref="i636"/><Origin z:Ref="i633"/></URDFElement><URDFElement z:Id="i639" i:type="Joint"><Attributes><Attribute z:Id="i640"><AttributeType>name</AttributeType><IsRequired>true</IsRequired><Value i:type="a:string" xmlns:a="http://www.w3.org/2001/XMLSchema">Joint31</Value></Attribute><Attribute z:Id="i641"><AttributeType>type</AttributeType><IsRequired>true</IsRequired><Value i:type="a:string" xmlns:a="http://www.w3.org/2001/XMLSchema">revolute</Value></Attribute></Attributes><ChildElements><URDFElement z:Id="i642" i:type="Origin"><Attributes><Attribute z:Id="i643"><AttributeType>xyz</AttributeType><IsRequired>true</IsRequired><Value i:type="a:ArrayOfdouble" xmlns:a="http://schemas.microsoft.com/2003/10/Serialization/Arrays"><a:double>-0.041542</a:double><a:double>0.029251</a:double><a:double>0</a:double></Value></Attribute><Attribute z:Id="i644"><AttributeType>rpy</AttributeType><IsRequired>true</IsRequired><Value i:type="a:ArrayOfdouble" xmlns:a="http://schemas.microsoft.com/2003/10/Serialization/Arrays"><a:double>0</a:double><a:double>0</a:double><a:double>0</a:double></Value></Attribute></Attributes><ChildElements/><ElementName>origin</ElementName><required>false</required><RPYAttribute z:Ref="i644"/><XYZAttribute z:Ref="i643"/><isCustomized>false</isCustomized></URDFElement><URDFElement z:Id="i645" i:type="ParentLink"><Attributes><Attribute z:Id="i646"><AttributeType>link</AttributeType><IsRequired>true</IsRequired><Value i:type="a:string" xmlns:a="http://www.w3.org/2001/XMLSchema">Link32</Value></Attribute></Attributes><ChildElements/><ElementName>parent</ElementName><required>true</required><NameAttribute z:Ref="i646"/></URDFElement><URDFElement z:Id="i647" i:type="ChildLink"><Attributes><Attribute z:Id="i648"><AttributeType>link</AttributeType><IsRequired>true</IsRequired><Value i:type="a:string" xmlns:a="http://www.w3.org/2001/XMLSchema">Link31</Value></Attribute></Attributes><ChildElements/><ElementName>child</ElementName><required>true</required><NameAttribute z:Ref="i648"/></URDFElement><URDFElement z:Id="i649" i:type="Axis"><Attributes><Attribute z:Id="i650"><AttributeType>xyz</AttributeType><IsRequired>true</IsRequired><Value i:type="a:ArrayOfdouble" xmlns:a="http://schemas.microsoft.com/2003/10/Serialization/Arrays"><a:double>0</a:double><a:double>0</a:double><a:double>-1</a:double></Value></Attribute></Attributes><ChildElements/><ElementName>axis</ElementName><required>false</required><XYZAttribute z:Ref="i650"/></URDFElement><URDFElement z:Id="i651" i:type="Limit"><Attributes><Attribute z:Id="i652"><AttributeType>lower</AttributeType><IsRequired>true</IsRequired><Value i:type="a:double" xmlns:a="http://www.w3.org/2001/XMLSchema">0</Value></Attribute><Attribute z:Id="i653"><AttributeType>upper</AttributeType><IsRequired>true</IsRequired><Value i:type="a:double" xmlns:a="http://www.w3.org/2001/XMLSchema">0</Value></Attribute><Attribute z:Id="i654"><AttributeType>effort</AttributeType><IsRequired>true</IsRequired><Value i:type="a:double" xmlns:a="http://www.w3.org/2001/XMLSchema">0</Value></Attribute><Attribute z:Id="i655"><AttributeType>velocity</AttributeType><IsRequired>true</IsRequired><Value i:type="a:double" xmlns:a="http://www.w3.org/2001/XMLSchema">0</Value></Attribute></Attributes><ChildElements/><ElementName>limit</ElementName><required>true</required><EffortAttribute z:Ref="i654"/><LowerAttribute z:Ref="i652"/><UpperAttribute z:Ref="i653"/><VelocityAttribute z:Ref="i655"/></URDFElement><URDFElement z:Id="i656" i:type="Calibration"><Attributes><Attribute z:Id="i657"><AttributeType>rising</AttributeType><IsRequired>false</IsRequired><Value i:nil="true"/></Attribute><Attribute z:Id="i658"><AttributeType>falling</AttributeType><IsRequired>false</IsRequired><Value i:nil="true"/></Attribute></Attributes><ChildElements/><ElementName>calibration</ElementName><required>false</required><FallingAttribute z:Ref="i658"/><RisingAttribute z:Ref="i657"/></URDFElement><URDFElement z:Id="i659" i:type="Dynamics"><Attributes><Attribute z:Id="i660"><AttributeType>damping</AttributeType><IsRequired>false</IsRequired><Value i:nil="true"/></Attribute><Attribute z:Id="i661"><AttributeType>friction</AttributeType><IsRequired>false</IsRequired><Value i:nil="true"/></Attribute></Attributes><ChildElements/><ElementName>dynamics</ElementName><required>false</required><DampingAttribute z:Ref="i660"/><FrictionAttribute z:Ref="i661"/></URDFElement><URDFElement z:Id="i662" i:type="SafetyController"><Attributes><Attribute z:Id="i663"><AttributeType>soft_upper_limit</AttributeType><IsRequired>false</IsRequired><Value i:nil="true"/></Attribute><Attribute z:Id="i664"><AttributeType>soft_lower_limit</AttributeType><IsRequired>false</IsRequired><Value i:nil="true"/></Attribute><Attribute z:Id="i665"><AttributeType>k_position</AttributeType><IsRequired>false</IsRequired><Value i:nil="true"/></Attribute><Attribute z:Id="i666"><AttributeType>k_velocity</AttributeType><IsRequired>true</IsRequired><Value i:nil="true"/></Attribute></Attributes><ChildElements/><ElementName>safety_controller</ElementName><required>false</required><KPositionAttribute z:Ref="i665"/><KVelocityAttribute z:Ref="i666"/><SoftLowerAttribute z:Ref="i664"/><SoftUpperAttribute z:Ref="i663"/></URDFElement><URDFElement z:Id="i667" i:type="Mimic"><Attributes><Attribute z:Id="i668"><AttributeType>joint</AttributeType><IsRequired>true</IsRequired><Value i:nil="true"/></Attribute><Attribute z:Id="i669"><AttributeType>multiplier</AttributeType><IsRequired>false</IsRequired><Value i:nil="true"/></Attribute><Attribute z:Id="i670"><AttributeType>offset</AttributeType><IsRequired>false</IsRequired><Value i:nil="true"/></Attribute></Attributes><ChildElements/><ElementName>mimic</ElementName><required>false</required><JointNameAttribute z:Ref="i668"/><MultiplierAttribute z:Ref="i669"/><OffsetAttribute z:Ref="i670"/></URDFElement></ChildElements><ElementName>joint</ElementName><required>false</required><Axis z:Ref="i649"/><AxisName>?????????31</AxisName><Calibration z:Ref="i656"/><Child z:Ref="i647"/><CoordinateSystemName>?????????31</CoordinateSystemName><Dynamics z:Ref="i659"/><Limit z:Ref="i651"/><Mimic z:Ref="i667"/><NameAttribute z:Ref="i640"/><Origin z:Ref="i642"/><Parent z:Ref="i645"/><Safety z:Ref="i662"/><TypeAttribute z:Ref="i641"/></URDFElement></ChildElements><ElementName>link</ElementName><required>true</required><Children/><Collision z:Ref="i632"/><Inertial z:Ref="i606"/><Joint z:Ref="i639"/><NameAttribute z:Ref="i605"/><Parent z:Ref="i537"/><STLQualityFine>false</STLQualityFine><SWComponentPIDs xmlns:a="http://schemas.microsoft.com/2003/10/Serialization/Arrays"><a:base64Binary>sDYAAAUAAAD//v9VQwBUAEQASAAzAEYAMQAxADAALQBKADAAMQAtADAAMAAgAEtiB2PEfvZOLQAyADAAQABDAFQARABIADMARgAxADEAMAAgAAlOB2N1cOddS2IvAEMAVABEAEgAMwBGADEAMQAwAC0AMQA0ACAAS2IHY7qHHU5FePaAq1ctADcAQABDAFQARABIADMARgAxADEAMAAtAEoAMAAxAC0AMAAwACAAS2IHY8R+9k4EAAAAEAAAAAEAAAACAAAAngkAALAIAAA=</a:base64Binary><a:base64Binary>sDYAAAUAAAD//v9+QwBUAEQASAAzAEYAMQAxADAALQBKADAAMQAtADAAMAAgAEtiB2PEfvZOLQAyADAAQABDAFQARABIADMARgAxADEAMAAgAAlOB2N1cOddS2IvAEMAVABEAEgAMwBGADEAMQAwAC0ASgAwADEALQAwADMAIAAHY+96xH72Ti0AMQBAAEMAVABEAEgAMwBGADEAMQAwAC0ASgAwADEALQAwADAAIABLYgdjxH72Ti8AQwBUAEQASAAzAEYAMQAxADAALQAwADUAIAAHY+96LQAxAEAAQwBUAEQASAAzAEYAMQAxADAALQBKADAAMQAtADAAMwAgAAdj73rEfvZOBAAAABAAAAABAAAAAwAAAJ4JAABiCgAAUwcAAA==</a:base64Binary><a:base64Binary>sDYAAAUAAAD//v+BQwBUAEQASAAzAEYAMQAxADAALQBKADAAMQAtADAAMAAgAEtiB2PEfvZOLQAyADAAQABDAFQARABIADMARgAxADEAMAAgAAlOB2N1cOddS2IvAEMAVABEAEgAMwBGADEAMQAwAC0ASgAwADEALQAwADMAIAAHY+96xH72Ti0AMQBAAEMAVABEAEgAMwBGADEAMQAwAC0ASgAwADEALQAwADAAIABLYgdjxH72Ti8AQwBUAEQASAAzAEYAMQAxADAALQAwADkAIAAHY+96RXj2gKtXLQAxAEAAQwBUAEQASAAzAEYAMQAxADAALQBKADAAMQAtADAAMwAgAAdj73rEfvZOBAAAABAAAAABAAAAAwAAAJ4JAABiCgAAVAcAAA==</a:base64Binary><a:base64Binary>sDYAAAUAAAD//v9VQwBUAEQASAAzAEYAMQAxADAALQBKADAAMQAtADAAMAAgAEtiB2PEfvZOLQAyADAAQABDAFQARABIADMARgAxADEAMAAgAAlOB2N1cOddS2IvAEMAVABEAEgAMwBGADEAMQAwAC0AMQA0ACAAS2IHY7qHHU5FePaAq1ctADYAQABDAFQARABIADMARgAxADEAMAAtAEoAMAAxAC0AMAAwACAAS2IHY8R+9k4EAAAAEAAAAAEAAAACAAAAngkAAKwIAAA=</a:base64Binary></SWComponentPIDs><SWMainComponentPID i:nil="true"/><Visual z:Ref="i619"/><isFixedFrame>false</isFixedFrame><isIncomplete>false</isIncomplete></Link></Children><Collision z:Ref="i565"/><Inertial z:Ref="i539"/><Joint z:Ref="i572"/><NameAttribute z:Ref="i538"/><Parent z:Ref="i470"/><STLQualityFine>false</STLQualityFine><SWComponentPIDs xmlns:a="http://schemas.microsoft.com/2003/10/Serialization/Arrays"><a:base64Binary>sDYAAAUAAAD//v+BQwBUAEQASAAzAEYAMQAxADAALQBKADAAMQAtADAAMAAgAEtiB2PEfvZOLQAyADAAQABDAFQARABIADMARgAxADEAMAAgAAlOB2N1cOddS2IvAEMAVABEAEgAMwBGADEAMQAwAC0ASgAwADEALQAwADIAIAAHY3mBxH72Ti0AMQBAAEMAVABEAEgAMwBGADEAMQAwAC0ASgAwADEALQAwADAAIABLYgdjxH72Ti8AQwBUAEQASAAzAEYAMQAxADAALQAxADUAIAAHY3mBRXj2gKtXLQAxAEAAQwBUAEQASAAzAEYAMQAxADAALQBKADAAMQAtADAAMgAgAAdjeYHEfvZOBAAAABAAAAABAAAAAwAAAJ4JAACaBwAAAwgAAA==</a:base64Binary><a:base64Binary>sDYAAAUAAAD//v9+QwBUAEQASAAzAEYAMQAxADAALQBKADAAMQAtADAAMAAgAEtiB2PEfvZOLQAyADAAQABDAFQARABIADMARgAxADEAMAAgAAlOB2N1cOddS2IvAEMAVABEAEgAMwBGADEAMQAwAC0ASgAwADEALQAwADIAIAAHY3mBxH72Ti0AMQBAAEMAVABEAEgAMwBGADEAMQAwAC0ASgAwADEALQAwADAAIABLYgdjxH72Ti8AQwBUAEQASAAzAEYAMQAxADAALQAwADQAIAAHY3mBLQAyAEAAQwBUAEQASAAzAEYAMQAxADAALQBKADAAMQAtADAAMgAgAAdjeYHEfvZOBAAAABAAAAABAAAAAwAAAJ4JAACaBwAABwgAAA==</a:base64Binary><a:base64Binary>sDYAAAUAAAD//v+BQwBUAEQASAAzAEYAMQAxADAALQBKADAAMQAtADAAMAAgAEtiB2PEfvZOLQAyADAAQABDAFQARABIADMARgAxADEAMAAgAAlOB2N1cOddS2IvAEMAVABEAEgAMwBGADEAMQAwAC0ASgAwADEALQAwADIAIAAHY3mBxH72Ti0AMQBAAEMAVABEAEgAMwBGADEAMQAwAC0ASgAwADEALQAwADAAIABLYgdjxH72Ti8AQwBUAEQASAAzAEYAMQAxADAALQAwADcAIAAHY3mBCk7Wdn9nLQAxAEAAQwBUAEQASAAzAEYAMQAxADAALQBKADAAMQAtADAAMgAgAAdjeYHEfvZOBAAAABAAAAABAAAAAwAAAJ4JAACaBwAAdwcAAA==</a:base64Binary><a:base64Binary>sDYAAAUAAAD//v+BQwBUAEQASAAzAEYAMQAxADAALQBKADAAMQAtADAAMAAgAEtiB2PEfvZOLQAyADAAQABDAFQARABIADMARgAxADEAMAAgAAlOB2N1cOddS2IvAEMAVABEAEgAMwBGADEAMQAwAC0ASgAwADEALQAwADIAIAAHY3mBxH72Ti0AMQBAAEMAVABEAEgAMwBGADEAMQAwAC0ASgAwADEALQAwADAAIABLYgdjxH72Ti8AQwBUAEQASAAzAEYAMQAxADAALQAwADYAIAAHY3mBC07Wdn9nLQAxAEAAQwBUAEQASAAzAEYAMQAxADAALQBKADAAMQAtADAAMgAgAAdjeYHEfvZOBAAAABAAAAABAAAAAwAAAJ4JAACaBwAAcwcAAA==</a:base64Binary></SWComponentPIDs><SWMainComponentPID i:nil="true"/><Visual z:Ref="i552"/><isFixedFrame>false</isFixedFrame><isIncomplete>false</isIncomplete></Link></Children><Collision z:Ref="i498"/><Inertial z:Ref="i472"/><Joint z:Ref="i505"/><NameAttribute z:Ref="i471"/><Parent z:Ref="i1"/><STLQualityFine>false</STLQualityFine><SWComponentPIDs xmlns:a="http://schemas.microsoft.com/2003/10/Serialization/Arrays"><a:base64Binary>sDYAAAUAAAD//v+BQwBUAEQASAAzAEYAMQAxADAALQBKADAAMQAtADAAMAAgAEtiB2PEfvZOLQAyADAAQABDAFQARABIADMARgAxADEAMAAgAAlOB2N1cOddS2IvAEMAVABEAEgAMwBGADEAMQAwAC0ASgAwADEALQAwADEAIAAHYzloxH72Ti0AMQBAAEMAVABEAEgAMwBGADEAMQAwAC0ASgAwADEALQAwADAAIABLYgdjxH72Ti8AQwBUAEQASAAzAEYAMQAxADAALQAwADMAIAAHYzlo3o+lY1dXLQAxAEAAQwBUAEQASAAzAEYAMQAxADAALQBKADAAMQAtADAAMQAgAAdjOWjEfvZOBAAAABAAAAABAAAAAwAAAJ4JAABhBwAAXAgAAA==</a:base64Binary><a:base64Binary>sDYAAAUAAAD//v9VQwBUAEQASAAzAEYAMQAxADAALQBKADAAMQAtADAAMAAgAEtiB2PEfvZOLQAyADAAQABDAFQARABIADMARgAxADEAMAAgAAlOB2N1cOddS2IvAEMAVABEAEgAMwBGADEAMQAwAC0AMQA0ACAAS2IHY7qHHU5FePaAq1ctADgAQABDAFQARABIADMARgAxADEAMAAtAEoAMAAxAC0AMAAwACAAS2IHY8R+9k4EAAAAEAAAAAEAAAACAAAAngkAAH4IAAA=</a:base64Binary><a:base64Binary>sDYAAAUAAAD//v9VQwBUAEQASAAzAEYAMQAxADAALQBKADAAMQAtADAAMAAgAEtiB2PEfvZOLQAyADAAQABDAFQARABIADMARgAxADEAMAAgAAlOB2N1cOddS2IvAEMAVABEAEgAMwBGADEAMQAwAC0AMQA0ACAAS2IHY7qHHU5FePaAq1ctADMAQABDAFQARABIADMARgAxADEAMAAtAEoAMAAxAC0AMAAwACAAS2IHY8R+9k4EAAAAEAAAAAEAAAACAAAAngkAAIEIAAA=</a:base64Binary></SWComponentPIDs><SWMainComponentPID i:nil="true"/><Visual z:Ref="i485"/><isFixedFrame>false</isFixedFrame><isIncomplete>false</isIncomplete></Link></Children><Collision z:Ref="i29"/><Inertial z:Ref="i3"/><Joint z:Ref="i36"/><NameAttribute z:Ref="i2"/><Parent i:nil="true"/><STLQualityFine>false</STLQualityFine><SWComponentPIDs xmlns:a="http://schemas.microsoft.com/2003/10/Serialization/Arrays"><a:base64Binary>sDYAAAUAAAD//v8hQwBUAEQASAAzAEYAMQAxADAALQAyADUAIADVbHBRLQAxAEAAQwBUAEQASAAzAEYAMQAxADAAIAAJTgdjdXDnXUtiBAAAABAAAAABAAAAAQAAAIALAAA=</a:base64Binary><a:base64Binary>sDYAAAUAAAD//v9SQwBUAEQASAAzAEYAMQAxADAALQBKADAAMgAtADAAMAAgAJVep17EfvZOLQAxAEAAQwBUAEQASAAzAEYAMQAxADAAIAAJTgdjdXDnXUtiLwBDAFQARABIADMARgAxADEAMAAtADAAMAAgAAlOB2NLYpVep14tADEAQABDAFQARABIADMARgAxADEAMAAtAEoAMAAyAC0AMAAwACAAlV6nXsR+9k4EAAAAEAAAAAEAAAACAAAAcwkAAMgHAAA=</a:base64Binary><a:base64Binary>sDYAAAUAAAD//v9aQwBUAEQASAAzAEYAMQAxADAALQBKADAAMAAtADAAMAAgAEtiB2OJW8WIf2fEfvZOLQAyAEAAQwBUAEQASAAzAEYAMQAxADAAIAAJTgdjdXDnXUtiLwBDAFQARABIADMARgAxADEAMAAtADAAOAAgAAlOB2NLYktiB2P6V6deLQAxAEAAQwBUAEQASAAzAEYAMQAxADAALQBKADAAMAAtADAAMAAgAEtiB2OJW8WIf2fEfvZOBAAAABAAAAABAAAAAgAAAGkIAAAgCgAA</a:base64Binary><a:base64Binary>sDYAAAUAAAD//v8kQwBUAEQASAAzAEYAMQAxADAALQAxADEAIAAJTgdjS2IBXNZ2LQAxAEAAQwBUAEQASAAzAEYAMQAxADAAIAAJTgdjdXDnXUtiBAAAABAAAAABAAAAAQAAAAQLAAA=</a:base64Binary><a:base64Binary>sDYAAAUAAAD//v8nQwBUAEQASAAzAEYAMQAxADAALQAxADIAIAAJTgdjS2IBXNZ2RXj2gKtXLQAxAEAAQwBUAEQASAAzAEYAMQAxADAAIAAJTgdjdXDnXUtiBAAAABAAAAABAAAAAQAAAL0JAAA=</a:base64Binary><a:base64Binary>sDYAAAUAAAD//v+BQwBUAEQASAAzAEYAMQAxADAALQBKADAAMQAtADAAMAAgAEtiB2PEfvZOLQAyADAAQABDAFQARABIADMARgAxADEAMAAgAAlOB2N1cOddS2IvAEMAVABEAEgAMwBGADEAMQAwAC0ASgAwADEALQAwADEAIAAHYzloxH72Ti0AMQBAAEMAVABEAEgAMwBGADEAMQAwAC0ASgAwADEALQAwADAAIABLYgdjxH72Ti8AQwBUAEQASAAzAEYAMQAxADAALQAwADIAIAAHYzlobpAhY39nLQAxAEAAQwBUAEQASAAzAEYAMQAxADAALQBKADAAMQAtADAAMQAgAAdjOWjEfvZOBAAAABAAAAABAAAAAwAAAJ4JAABhBwAAKAgAAA==</a:base64Binary><a:base64Binary>sDYAAAUAAAD//v+BQwBUAEQASAAzAEYAMQAxADAALQBKADAAMQAtADAAMAAgAEtiB2PEfvZOLQAxADkAQABDAFQARABIADMARgAxADEAMAAgAAlOB2N1cOddS2IvAEMAVABEAEgAMwBGADEAMQAwAC0ASgAwADEALQAwADEAIAAHYzloxH72Ti0AMQBAAEMAVABEAEgAMwBGADEAMQAwAC0ASgAwADEALQAwADAAIABLYgdjxH72Ti8AQwBUAEQASAAzAEYAMQAxADAALQAwADIAIAAHYzlobpAhY39nLQAxAEAAQwBUAEQASAAzAEYAMQAxADAALQBKADAAMQAtADAAMQAgAAdjOWjEfvZOBAAAABAAAAABAAAAAwAAAJoJAABhBwAAKAgAAA==</a:base64Binary><a:base64Binary>sDYAAAUAAAD//v+BQwBUAEQASAAzAEYAMQAxADAALQBKADAAMQAtADAAMAAgAEtiB2PEfvZOLQAxADgAQABDAFQARABIADMARgAxADEAMAAgAAlOB2N1cOddS2IvAEMAVABEAEgAMwBGADEAMQAwAC0ASgAwADEALQAwADEAIAAHYzloxH72Ti0AMQBAAEMAVABEAEgAMwBGADEAMQAwAC0ASgAwADEALQAwADAAIABLYgdjxH72Ti8AQwBUAEQASAAzAEYAMQAxADAALQAwADIAIAAHYzlobpAhY39nLQAxAEAAQwBUAEQASAAzAEYAMQAxADAALQBKADAAMQAtADAAMQAgAAdjOWjEfvZOBAAAABAAAAABAAAAAwAAAJUJAABhBwAAKAgAAA==</a:base64Binary></SWComponentPIDs><SWMainComponentPID i:nil="true"/><Visual z:Ref="i16"/><isFixedFrame>false</isFixedFrame><isIncomplete>false</isIncomplete></Link>
2025-08-11 11:52:39,279 INFO  AssemblyExportForm.cs: 309 - Saving URDF package to C:\Users\shawn\Desktop\crt_ctdh3f110_gripper_visualization
2025-08-11 11:52:39,281 INFO  ExportHelper.cs: 147 - Beginning the export process
2025-08-11 11:52:39,282 INFO  ExportHelper.cs: 153 - Creating package directories with name crt_ctdh3f110_gripper_visualization and save path C:\Users\shawn\Desktop
2025-08-11 11:52:40,905 INFO  ExportHelper.cs: 162 - Creating CMakeLists.txt at C:\Users\shawn\Desktop\crt_ctdh3f110_gripper_visualization\CMakeLists.txt
2025-08-11 11:52:40,906 INFO  ExportHelper.cs: 166 - Creating joint names config at C:\Users\shawn\Desktop\crt_ctdh3f110_gripper_visualization\config\joint_names_crt_ctdh3f110_gripper_visualization.yaml
2025-08-11 11:52:40,907 INFO  ExportHelper.cs: 170 - Creating package.xml at C:\Users\shawn\Desktop\crt_ctdh3f110_gripper_visualization\package.xml
2025-08-11 11:52:40,908 INFO  PackageXMLWriter.cs: 21 - Creating package.xml at C:\Users\shawn\Desktop\crt_ctdh3f110_gripper_visualization\package.xml
2025-08-11 11:52:40,910 INFO  ExportHelper.cs: 177 - Creating RVIZ launch file in C:\Users\shawn\Desktop\crt_ctdh3f110_gripper_visualization\launch\
2025-08-11 11:52:40,912 INFO  ExportHelper.cs: 182 - Creating Gazebo launch file in C:\Users\shawn\Desktop\crt_ctdh3f110_gripper_visualization\launch\
2025-08-11 11:52:40,913 INFO  ExportHelper.cs: 187 - Saving existing STL preferences
2025-08-11 11:52:40,914 INFO  ExportHelper.cs: 450 - Saving users preferences
2025-08-11 11:52:40,915 INFO  ExportHelper.cs: 190 - Modifying STL preferences
2025-08-11 11:52:40,915 INFO  ExportHelper.cs: 464 - Setting STL preferences
2025-08-11 11:52:40,920 INFO  ExportHelper.cs: 196 - Found 0 hidden components 
2025-08-11 11:52:40,920 INFO  ExportHelper.cs: 197 - Hiding all components
2025-08-11 11:52:41,754 INFO  ExportHelper.cs: 204 - Beginning individual files export
2025-08-11 11:52:41,756 INFO  ExportHelper.cs: 270 - Exporting link: base_link
2025-08-11 11:52:41,756 INFO  ExportHelper.cs: 272 - Link base_link has 3 children
2025-08-11 11:52:41,758 INFO  ExportHelper.cs: 270 - Exporting link: Link13
2025-08-11 11:52:41,758 INFO  ExportHelper.cs: 272 - Link Link13 has 1 children
2025-08-11 11:52:41,759 INFO  ExportHelper.cs: 270 - Exporting link: Link12
2025-08-11 11:52:41,759 INFO  ExportHelper.cs: 272 - Link Link12 has 1 children
2025-08-11 11:52:41,760 INFO  ExportHelper.cs: 270 - Exporting link: Link11
2025-08-11 11:52:41,760 INFO  ExportHelper.cs: 272 - Link Link11 has 0 children
2025-08-11 11:52:41,761 INFO  ExportHelper.cs: 317 - Link11: Exporting STL with coordinate frame 坐标系11
2025-08-11 11:52:41,761 INFO  ExportHelper.cs: 322 - Link11: Reference geometry name 
2025-08-11 11:52:41,978 INFO  ExportHelper.cs: 330 - Saving STL to C:\Users\shawn\Desktop\crt_ctdh3f110_gripper_visualization\meshes\Link11.STL
2025-08-11 11:52:42,900 INFO  ExportHelper.cs: 405 - Removing SW header in STL file
2025-08-11 11:52:42,901 INFO  ExportHelper.cs: 317 - Link12: Exporting STL with coordinate frame 坐标系12
2025-08-11 11:52:42,901 INFO  ExportHelper.cs: 322 - Link12: Reference geometry name 
2025-08-11 11:52:42,990 INFO  ExportHelper.cs: 330 - Saving STL to C:\Users\shawn\Desktop\crt_ctdh3f110_gripper_visualization\meshes\Link12.STL
2025-08-11 11:52:43,735 INFO  ExportHelper.cs: 405 - Removing SW header in STL file
2025-08-11 11:52:43,736 INFO  ExportHelper.cs: 317 - Link13: Exporting STL with coordinate frame 坐标系13
2025-08-11 11:52:43,737 INFO  ExportHelper.cs: 322 - Link13: Reference geometry name 
2025-08-11 11:52:43,835 INFO  ExportHelper.cs: 330 - Saving STL to C:\Users\shawn\Desktop\crt_ctdh3f110_gripper_visualization\meshes\Link13.STL
2025-08-11 11:52:44,091 INFO  ExportHelper.cs: 405 - Removing SW header in STL file
2025-08-11 11:52:44,093 INFO  ExportHelper.cs: 270 - Exporting link: Link23
2025-08-11 11:52:44,093 INFO  ExportHelper.cs: 272 - Link Link23 has 1 children
2025-08-11 11:52:44,094 INFO  ExportHelper.cs: 270 - Exporting link: Link22
2025-08-11 11:52:44,094 INFO  ExportHelper.cs: 272 - Link Link22 has 1 children
2025-08-11 11:52:44,095 INFO  ExportHelper.cs: 270 - Exporting link: Link21
2025-08-11 11:52:44,095 INFO  ExportHelper.cs: 272 - Link Link21 has 0 children
2025-08-11 11:52:44,095 INFO  ExportHelper.cs: 317 - Link21: Exporting STL with coordinate frame 坐标系21
2025-08-11 11:52:44,095 INFO  ExportHelper.cs: 322 - Link21: Reference geometry name 
2025-08-11 11:52:44,399 INFO  ExportHelper.cs: 330 - Saving STL to C:\Users\shawn\Desktop\crt_ctdh3f110_gripper_visualization\meshes\Link21.STL
2025-08-11 11:52:45,192 INFO  ExportHelper.cs: 405 - Removing SW header in STL file
2025-08-11 11:52:45,193 INFO  ExportHelper.cs: 317 - Link22: Exporting STL with coordinate frame 坐标系22
2025-08-11 11:52:45,193 INFO  ExportHelper.cs: 322 - Link22: Reference geometry name 
2025-08-11 11:52:45,332 INFO  ExportHelper.cs: 330 - Saving STL to C:\Users\shawn\Desktop\crt_ctdh3f110_gripper_visualization\meshes\Link22.STL
2025-08-11 11:52:46,041 INFO  ExportHelper.cs: 405 - Removing SW header in STL file
2025-08-11 11:52:46,041 INFO  ExportHelper.cs: 317 - Link23: Exporting STL with coordinate frame 坐标系23
2025-08-11 11:52:46,042 INFO  ExportHelper.cs: 322 - Link23: Reference geometry name 
2025-08-11 11:52:46,190 INFO  ExportHelper.cs: 330 - Saving STL to C:\Users\shawn\Desktop\crt_ctdh3f110_gripper_visualization\meshes\Link23.STL
2025-08-11 11:52:46,456 INFO  ExportHelper.cs: 405 - Removing SW header in STL file
2025-08-11 11:52:46,458 INFO  ExportHelper.cs: 270 - Exporting link: Link33
2025-08-11 11:52:46,458 INFO  ExportHelper.cs: 272 - Link Link33 has 1 children
2025-08-11 11:52:46,459 INFO  ExportHelper.cs: 270 - Exporting link: Link32
2025-08-11 11:52:46,460 INFO  ExportHelper.cs: 272 - Link Link32 has 1 children
2025-08-11 11:52:46,460 INFO  ExportHelper.cs: 270 - Exporting link: Link31
2025-08-11 11:52:46,460 INFO  ExportHelper.cs: 272 - Link Link31 has 0 children
2025-08-11 11:52:46,461 INFO  ExportHelper.cs: 317 - Link31: Exporting STL with coordinate frame 坐标系31
2025-08-11 11:52:46,461 INFO  ExportHelper.cs: 322 - Link31: Reference geometry name 
2025-08-11 11:52:46,674 INFO  ExportHelper.cs: 330 - Saving STL to C:\Users\shawn\Desktop\crt_ctdh3f110_gripper_visualization\meshes\Link31.STL
2025-08-11 11:52:47,487 INFO  ExportHelper.cs: 405 - Removing SW header in STL file
2025-08-11 11:52:47,488 INFO  ExportHelper.cs: 317 - Link32: Exporting STL with coordinate frame 坐标系32
2025-08-11 11:52:47,488 INFO  ExportHelper.cs: 322 - Link32: Reference geometry name 
2025-08-11 11:52:47,617 INFO  ExportHelper.cs: 330 - Saving STL to C:\Users\shawn\Desktop\crt_ctdh3f110_gripper_visualization\meshes\Link32.STL
2025-08-11 11:52:48,333 INFO  ExportHelper.cs: 405 - Removing SW header in STL file
2025-08-11 11:52:48,334 INFO  ExportHelper.cs: 317 - Link33: Exporting STL with coordinate frame 坐标系33
2025-08-11 11:52:48,334 INFO  ExportHelper.cs: 322 - Link33: Reference geometry name 
2025-08-11 11:52:48,463 INFO  ExportHelper.cs: 330 - Saving STL to C:\Users\shawn\Desktop\crt_ctdh3f110_gripper_visualization\meshes\Link33.STL
2025-08-11 11:52:48,730 INFO  ExportHelper.cs: 405 - Removing SW header in STL file
2025-08-11 11:52:48,731 INFO  ExportHelper.cs: 317 - base_link: Exporting STL with coordinate frame 坐标系0
2025-08-11 11:52:48,731 INFO  ExportHelper.cs: 322 - base_link: Reference geometry name 
2025-08-11 11:52:49,020 INFO  ExportHelper.cs: 330 - Saving STL to C:\Users\shawn\Desktop\crt_ctdh3f110_gripper_visualization\meshes\base_link.STL
2025-08-11 11:52:50,246 INFO  ExportHelper.cs: 405 - Removing SW header in STL file
2025-08-11 11:52:50,246 INFO  ExportHelper.cs: 145 - Showing all components except previously hidden components
2025-08-11 11:52:52,327 INFO  ExportHelper.cs: 145 - Resetting STL preferences
2025-08-11 11:52:52,328 INFO  ExportHelper.cs: 478 - Returning STL preferences to user preferences
2025-08-11 11:52:52,330 INFO  ExportHelper.cs: 228 - Writing URDF file to C:\Users\shawn\Desktop\crt_ctdh3f110_gripper_visualization\urdf\crt_ctdh3f110_gripper_visualization.urdf
2025-08-11 11:52:52,336 INFO  CSVImportExport.cs: 32 - Writing CSV file C:\Users\shawn\Desktop\crt_ctdh3f110_gripper_visualization\urdf\crt_ctdh3f110_gripper_visualization.csv
2025-08-11 11:52:52,351 ERROR CSVImportExport.cs: 130 - The following columns were not written to the CSV: Link.Joint.ChildLink.link,
2025-08-11 11:52:52,352 ERROR CSVImportExport.cs: 130 - The following columns were not written to the CSV: Link.Joint.ChildLink.link,
2025-08-11 11:52:52,352 ERROR CSVImportExport.cs: 130 - The following columns were not written to the CSV: Link.Joint.ChildLink.link,
2025-08-11 11:52:52,353 ERROR CSVImportExport.cs: 130 - The following columns were not written to the CSV: Link.Joint.ChildLink.link,
2025-08-11 11:52:52,353 ERROR CSVImportExport.cs: 130 - The following columns were not written to the CSV: Link.Joint.ChildLink.link,
2025-08-11 11:52:52,353 ERROR CSVImportExport.cs: 130 - The following columns were not written to the CSV: Link.Joint.ChildLink.link,
2025-08-11 11:52:52,354 ERROR CSVImportExport.cs: 130 - The following columns were not written to the CSV: Link.Joint.ChildLink.link,
2025-08-11 11:52:52,354 ERROR CSVImportExport.cs: 130 - The following columns were not written to the CSV: Link.Joint.ChildLink.link,
2025-08-11 11:52:52,354 ERROR CSVImportExport.cs: 130 - The following columns were not written to the CSV: Link.Joint.ChildLink.link,
2025-08-11 11:52:52,355 ERROR CSVImportExport.cs: 130 - The following columns were not written to the CSV: Link.Joint.ChildLink.link,
2025-08-11 11:52:52,355 INFO  ExportHelper.cs: 234 - Copying log file
2025-08-11 11:52:52,357 INFO  ExportHelper.cs: 439 - Copying C:\Users\shawn\sw2urdf_logs\sw2urdf.log to C:\Users\shawn\Desktop\crt_ctdh3f110_gripper_visualization\export.log
